0,0,0,0,0,0, ,0,0
0,33,0,1,0.000273,1,Zealot Zealot Gateway Gateway Stargate Pylon FleetBeacon Stargate Tempest Adept Mothership Pylon Zealot Pylon TwilightCouncil Adept Stargate RoboticsFacility Tempest VoidRay Adept Nexus Zealot Adept Assimilator Assimilator Nexus Probe Probe Nexus Probe Pylon,22,39743.8
0,128,0,4,0.00094,4,Probe Gateway TwilightCouncil Stargate Zealot TemplarArchive Stalker RoboticsFacility Stalker Immortal Immortal FleetBeacon Nexus RoboticsFacility Mothership Probe Stalker Assimilator Nexus Adept Stargate Stargate Zealot Immortal Gateway Pylon Gateway Assimilator Pylon Zealot Assimilator Gateway Probe Probe,15,42247.2
0,191,0,6,0.001381,6,RoboticsFacility Pylon Zealot Zealot Adept Gateway RoboticsBay Colossus Adept RoboticsFacility Nexus Stalker Adept Assimilator Immortal Pylon RoboticsFacility TwilightCouncil Stalker TemplarArchive Nexus Gateway RoboticsFacility Assimilator Stalker RoboticsFacility Adept Gateway Zealot Stargate Probe,21,62014.5
0,398,0,12,0.002806,12,RoboticsFacility Immortal Stalker Stargate VoidRay Zealot Adept Stargate Gateway RoboticsFacility RoboticsBay VoidRay Stargate Adept Gateway Gateway RoboticsFacility RoboticsFacility Adept Pylon Stalker Zealot Probe Assimilator Probe FleetBeacon Stalker TwilightCouncil Gateway Pylon Assimilator RoboticsFacility Nexus Gateway Pylon Probe,21,63073.8
0,1154,0,37,0.016122,37,Adept Assimilator Adept Stargate Pylon TwilightCouncil TemplarArchive VoidRay Pylon Adept Stalker Zealot Stalker DarkShrine VoidRay Stargate RoboticsFacility Pylon FleetBeacon Assimilator Immortal Mothership Nexus Tempest,20,63576
0,1849,0,60,0.025923,60,Gateway Nexus Gateway Stalker Assimilator Stargate Zealot Probe Adept VoidRay Stalker Pylon Stargate VoidRay Pylon Adept Pylon FleetBeacon Pylon Stalker Stargate Stalker VoidRay Adept Nexus Gateway TwilightCouncil Tempest Stalker Probe,23.75,67293.5
0,2718,0,88,0.036126,88,Probe Adept Stargate Adept VoidRay Nexus Nexus VoidRay TwilightCouncil Stalker Gateway Gateway Pylon Assimilator VoidRay FleetBeacon Mothership Tempest Tempest Adept RoboticsFacility TemplarArchive Nexus Carrier,26,70152.5
0,2748,0,89,0.036343,89,Probe Stalker Gateway RoboticsFacility TwilightCouncil Stalker Zealot Immortal RoboticsBay Nexus Immortal Assimilator Assimilator Immortal Stalker Immortal Pylon Adept Adept Pylon Gateway DarkShrine Zealot Stalker Colossus Zealot Pylon Stargate Stalker,27.5,84986.8
1,6682,0,213,0.097885,213,Probe Assimilator RoboticsFacility Adept Stalker Immortal RoboticsBay RoboticsFacility Colossus Probe Pylon Zealot Immortal Pylon Adept Immortal Stargate RoboticsFacility Gateway Stalker Stalker Immortal Pylon FleetBeacon Zealot Assimilator TwilightCouncil Carrier Probe Probe RoboticsFacility Probe,29.75,92504.5
25,79819,0,2529,1.20437,2529,Probe RoboticsFacility Stalker Stalker Adept Immortal Nexus Stargate Pylon Stalker Stargate Adept VoidRay Immortal Immortal Assimilator Gateway FleetBeacon Adept Zealot Immortal VoidRay Gateway Stalker Probe RoboticsBay Stalker Nexus Pylon Adept Pylon,36.5,94382.2
63,201116,0,6363,3.06424,6363,Probe RoboticsFacility Stalker Adept Immortal RoboticsFacility Stalker Immortal Pylon Adept Gateway RoboticsFacility Zealot RoboticsFacility Nexus Adept Immortal Stargate Immortal Assimilator Zealot Immortal Immortal Pylon Assimilator TwilightCouncil DarkShrine Adept Adept Pylon Stargate TemplarArchive,31.75,98131
68,250443,0,7976,3.83499,7976,Probe RoboticsFacility Stalker Stalker Immortal Gateway Pylon Adept Immortal RoboticsBay Zealot Stargate Gateway VoidRay Probe Immortal Pylon Immortal TwilightCouncil Stalker Nexus Zealot VoidRay Assimilator TemplarArchive Colossus RoboticsFacility Gateway Adept DarkShrine Zealot Pylon Zealot Pylon Assimilator,31.5,98892.5
72,253031,0,8065,3.87234,8065,Probe RoboticsFacility Stalker Stalker Probe Immortal Pylon Gateway Zealot Pylon Probe Stalker Stargate Immortal Immortal Pylon Zealot VoidRay Immortal FleetBeacon Nexus Pylon Zealot Stargate RoboticsFacility Nexus Stalker Stalker Carrier Gateway Probe Nexus RoboticsBay Assimilator Pylon,30.75,100582
76,256988,0,8195,3.93418,8195,Probe RoboticsFacility Stalker Stalker Assimilator Gateway Stargate VoidRay Stargate Stalker VoidRay VoidRay Immortal Pylon Adept Pylon Adept Immortal VoidRay Adept FleetBeacon Gateway Adept Assimilator RoboticsBay TwilightCouncil Pylon Tempest Stargate Probe,33.75,103550
216,682866,0,27383,10.6092,27383,Probe RoboticsFacility Stalker Stalker Assimilator Gateway Stargate VoidRay Stargate Stalker VoidRay VoidRay Immortal Pylon Pylon Immortal VoidRay Stalker VoidRay Zealot RoboticsBay Stargate RoboticsFacility Nexus Nexus Stargate,35.5,105259
250,734700,0,30650,11.4356,30650,Probe RoboticsFacility Stalker Stalker Assimilator Gateway Stargate VoidRay Stargate Stalker VoidRay VoidRay Immortal Pylon Pylon VoidRay Probe Stalker Immortal Zealot Zealot Pylon VoidRay Adept TwilightCouncil Assimilator Pylon Stalker Nexus RoboticsFacility Zealot,39.5,106882
265,765336,0,32706,11.9308,32706,Probe RoboticsFacility Stalker Stalker Assimilator Gateway Stargate VoidRay Stargate Stalker VoidRay VoidRay Immortal Pylon Pylon VoidRay Immortal Stalker Zealot Pylon Immortal Stalker Zealot FleetBeacon VoidRay Pylon Immortal Zealot Probe,38,107511
265,772860,0,33240,12.0524,33240,Probe RoboticsFacility Stalker Stalker Assimilator Gateway Stargate VoidRay Stargate Stalker VoidRay VoidRay Immortal Pylon Pylon VoidRay VoidRay Adept Stalker Pylon VoidRay Probe Pylon VoidRay Assimilator Zealot RoboticsFacility Stargate RoboticsBay RoboticsFacility Gateway,41,108166
267,786724,0,34246,12.2733,34246,Probe RoboticsFacility Stalker Stalker Assimilator Gateway Stargate VoidRay Stargate Stalker VoidRay VoidRay Immortal Pylon Pylon VoidRay VoidRay Immortal Stalker Stalker TwilightCouncil Assimilator Pylon VoidRay Stalker Zealot Pylon Gateway DarkShrine Probe,43,109060
280,791797,0,34642,12.3538,34642,Probe RoboticsFacility Stalker Stalker Assimilator Gateway Stargate VoidRay Stargate Stalker VoidRay VoidRay Immortal Pylon Pylon VoidRay VoidRay Adept Stalker Immortal Pylon Stalker Assimilator Immortal Stargate RoboticsBay Probe Gateway RoboticsFacility Pylon,41.25,109484
280,801253,0,35382,12.502,35382,Probe RoboticsFacility Stalker Stalker Assimilator Gateway Stargate VoidRay Stargate Stalker VoidRay VoidRay Immortal Pylon Pylon VoidRay VoidRay Immortal VoidRay Pylon Zealot Stalker VoidRay Assimilator TwilightCouncil RoboticsFacility Pylon Immortal,43.5,109603
280,806525,0,35791,12.5876,35791,Probe RoboticsFacility Stalker Stalker Assimilator Gateway Stargate VoidRay Stargate Stalker VoidRay VoidRay Immortal Pylon Pylon VoidRay VoidRay Zealot Adept Pylon Stalker VoidRay Stalker Immortal TwilightCouncil Pylon Gateway Assimilator Pylon DarkShrine Pylon Probe,42.5,109946
325,865239,0,40719,13.5227,40719,Probe RoboticsFacility Stalker Stalker Assimilator Gateway Stargate VoidRay Stargate Stalker VoidRay VoidRay Immortal Pylon Pylon VoidRay VoidRay Zealot Adept Pylon Stalker VoidRay VoidRay Stalker RoboticsBay Assimilator FleetBeacon Pylon Stalker Probe,42.75,109992
327,882699,0,42287,13.8115,42287,Probe RoboticsFacility Stalker Stalker Assimilator Gateway Stargate VoidRay Stargate Stalker VoidRay VoidRay Immortal Pylon Pylon VoidRay VoidRay Zealot Adept Pylon Stalker VoidRay Stalker Stalker Zealot Assimilator Stargate RoboticsBay TwilightCouncil RoboticsFacility Pylon,41.5,110201
355,904804,0,44467,14.1658,44467,Probe RoboticsFacility Stalker Stalker Assimilator Gateway Stargate VoidRay Stargate Stalker VoidRay VoidRay Immortal Pylon Pylon VoidRay VoidRay Zealot Adept Pylon Stalker VoidRay Stalker Stalker Zealot RoboticsBay Assimilator Stargate RoboticsFacility FleetBeacon,41.5,110201
355,905332,0,44525,14.1746,44525,Probe RoboticsFacility Stalker Stalker Assimilator Gateway Stargate VoidRay Stargate Stalker VoidRay VoidRay Immortal Pylon Pylon VoidRay VoidRay Zealot Adept Pylon Stalker VoidRay Stalker Stalker Assimilator Adept Nexus FleetBeacon,41.75,110247
355,912099,0,45270,14.2806,45270,Probe RoboticsFacility Stalker Stalker Assimilator Gateway Stargate VoidRay Stargate Stalker VoidRay VoidRay Immortal Pylon Pylon VoidRay VoidRay Zealot Adept Pylon Stalker VoidRay Stalker Pylon Stalker Stargate Stalker Zealot VoidRay Zealot Stargate,43.25,110248
355,919062,0,46031,14.3923,46031,Probe RoboticsFacility Stalker Stalker Assimilator Gateway Stargate VoidRay Stargate Stalker VoidRay VoidRay Immortal Pylon Pylon VoidRay VoidRay Zealot Adept Pylon Stalker VoidRay Stalker Stalker Stalker FleetBeacon Stargate TwilightCouncil RoboticsFacility Gateway,42.25,110467
355,919804,0,46120,14.403,46120,Probe RoboticsFacility Stalker Stalker Assimilator Gateway Stargate VoidRay Stargate Stalker VoidRay VoidRay Immortal Pylon Pylon VoidRay VoidRay Zealot Adept Pylon Stalker VoidRay Stalker Stalker Stalker FleetBeacon TwilightCouncil Pylon VoidRay Assimilator,42.25,110467
355,920065,0,46150,14.41,46150,Probe RoboticsFacility Stalker Stalker Assimilator Gateway Stargate VoidRay Stargate Stalker VoidRay VoidRay Immortal Pylon Pylon VoidRay VoidRay Zealot Adept Pylon Stalker VoidRay Stalker Stalker Pylon Stalker Gateway VoidRay TwilightCouncil Adept RoboticsBay,42.25,110467
356,921431,0,46312,14.4295,46312,Probe RoboticsFacility Stalker Stalker Assimilator Gateway Stargate VoidRay Stargate Stalker VoidRay VoidRay Immortal Pylon Pylon VoidRay VoidRay Zealot Adept Pylon Stalker VoidRay Stalker Stalker Pylon Stalker Zealot Pylon FleetBeacon Stalker RoboticsFacility,43.25,110756
383,951953,0,50136,14.9057,50136,Probe RoboticsFacility Stalker Stalker Assimilator Gateway Stargate VoidRay Stargate Stalker VoidRay VoidRay Immortal Pylon Pylon VoidRay VoidRay Zealot Adept Pylon Stalker VoidRay Stalker Stalker Pylon Stalker Zealot Probe RoboticsBay Probe Nexus Assimilator,43.25,110756
398,953850,0,50404,14.94,50404,Probe RoboticsFacility Stalker Stalker Assimilator Gateway Stargate VoidRay Stargate Stalker VoidRay VoidRay Immortal Pylon Pylon VoidRay VoidRay Zealot Adept Pylon Stalker VoidRay Stalker Stalker Pylon Stalker Stalker Probe Adept Zealot Nexus Probe,44,110861
398,959605,0,51199,15.0348,51199,Probe RoboticsFacility Stalker Stalker Assimilator Gateway Stargate VoidRay Stargate Stalker VoidRay VoidRay Immortal Pylon Pylon VoidRay VoidRay Zealot Adept Pylon Stalker VoidRay Stalker Stalker Pylon Stalker Stalker Pylon Probe Stargate Immortal Stalker,44,110861
398,964437,0,51871,15.1079,51871,Probe RoboticsFacility Stalker Stalker Assimilator Gateway Stargate VoidRay Stargate Stalker VoidRay VoidRay Immortal Pylon Pylon VoidRay VoidRay Zealot Adept Pylon Stalker VoidRay Stalker Stalker Pylon Stalker Probe Probe Stalker TwilightCouncil Zealot Adept Pylon Assimilator Pylon,44,110861
413,967783,0,52366,15.1686,52366,Probe RoboticsFacility Stalker Stalker Assimilator Gateway Stargate VoidRay Stargate Stalker VoidRay VoidRay Immortal Pylon Pylon VoidRay VoidRay Zealot Adept Pylon Stalker VoidRay Stalker Stalker Pylon Stalker Probe Probe Stalker Gateway Stargate Probe Probe Stalker Assimilator,44,110861
443,996512,0,56788,15.6319,56788,Probe RoboticsFacility Stalker Stalker Assimilator Gateway Stargate VoidRay Stargate Stalker VoidRay VoidRay Immortal Pylon Pylon VoidRay VoidRay Zealot Adept Pylon Stalker VoidRay Stalker Stalker Pylon Stalker Probe Probe Stalker Probe RoboticsBay Probe Probe FleetBeacon Assimilator,44,110861
458,1006234,0,58368,15.7841,58368,Probe RoboticsFacility Stalker Stalker Assimilator Gateway Stargate VoidRay Stargate Stalker VoidRay VoidRay Immortal Pylon Pylon VoidRay VoidRay Zealot Adept Pylon Stalker VoidRay Stalker Stalker Pylon Stalker Probe Probe Stalker Probe Gateway Probe Probe Nexus,44,110861
458,1015396,0,60020,15.9224,60020,Probe RoboticsFacility Stalker Stalker Assimilator Gateway Stargate VoidRay Stargate Stalker VoidRay VoidRay Immortal Pylon Pylon VoidRay VoidRay Zealot Adept Pylon Stalker VoidRay Stalker Stalker Pylon Stalker Probe Probe Stalker Probe Probe Probe Pylon VoidRay Pylon Assimilator,44,110861
458,1016065,0,60141,15.9328,60141,Probe RoboticsFacility Stalker Stalker Assimilator Gateway Stargate VoidRay Stargate Stalker VoidRay VoidRay Immortal Pylon Pylon VoidRay VoidRay Zealot Adept Pylon Stalker VoidRay Stalker Stalker Pylon Stalker Probe Probe Stalker Probe Gateway Probe Probe Pylon Probe Pylon RoboticsBay,44,110861
486,1031705,2,63103,16.1719,63103,Probe RoboticsFacility Stalker Stalker Assimilator Gateway Stargate VoidRay Stargate Stalker VoidRay VoidRay Immortal Pylon Pylon VoidRay VoidRay Zealot Adept Pylon Stalker VoidRay Stalker Stalker Pylon Stalker Probe Probe Stalker Probe Gateway Probe Probe Probe TwilightCouncil RoboticsBay,44,110861
499,1038021,3,64516,16.2686,64516,Probe RoboticsFacility Stalker Stalker Assimilator Gateway Stargate VoidRay Stargate Stalker VoidRay VoidRay Immortal Pylon Pylon VoidRay VoidRay Zealot Adept Pylon Stalker VoidRay Stalker Stalker Pylon Stalker Probe Probe Stalker Probe Gateway Probe Probe Probe FleetBeacon,44,110861
499,1042971,3,65713,16.3397,65713,Probe RoboticsFacility Stalker Stalker Assimilator Gateway Stargate VoidRay Stargate Stalker VoidRay VoidRay Immortal Pylon Pylon VoidRay VoidRay Zealot Adept Pylon Stalker VoidRay Stalker Stalker Pylon Stalker Probe Probe Stalker Probe Gateway Probe Pylon Probe Probe VoidRay,44,110861
