0,0,0,0,0,0, ,0,0
0,37,0,1,0.000322,1,RoboticsFacility RoboticsFacility Stalker Probe RoboticsFacility Gateway RoboticsFacility Stalker Stargate RoboticsBay Pylon Pylon Zealot TwilightCouncil Immortal Stargate VoidRay RoboticsFacility Adept Immortal Assimilator DarkShrine Assimilator FleetBeacon Probe Pylon Adept Stalker Colossus Probe Pylon Nexus Probe Gateway Gateway Pylon,17.25,41100.8
0,69,0,2,0.000537,2,Zealot Zealot Adept Adept Nexus Pylon Assimilator Stalker Gateway Zealot TwilightCouncil Pylon Gateway Pylon Nexus Nexus Stalker Assimilator Stalker Stalker Gateway Zealot Pylon Pylon TemplarArchive Stalker DarkShrine Zealot Zealot Zealot Probe,15.25,44863
0,188,0,6,0.001371,6,Probe Nexus RoboticsFacility Adept Adept RoboticsBay Stalker Gateway Colossus Gateway Zealot Immortal Colossus Stargate Probe Colossus Pylon Stalker Adept VoidRay Adept Pylon Nexus Zealot Probe Stargate Assimilator Zealot Nexus Nexus Stargate Probe Probe,22,50803.2
0,371,0,12,0.002733,12,Probe RoboticsFacility Adept Zealot Stargate Assimilator Gateway Nexus RoboticsBay FleetBeacon Stalker VoidRay Adept Pylon Colossus Immortal Tempest Stalker Carrier Probe Pylon Pylon Adept Colossus Gateway Stargate Stalker Assimilator Stargate,25.25,63171.5
0,403,0,13,0.002961,13,Zealot Pylon Adept Stargate VoidRay VoidRay Gateway Stalker Stargate Stalker Pylon Gateway Probe Adept Assimilator Pylon Pylon Nexus Stalker FleetBeacon Carrier Carrier Stalker Adept Zealot Nexus Pylon Stargate Adept TwilightCouncil Probe,32.75,70190
0,1635,0,53,0.011835,53,Stalker Probe Zealot RoboticsFacility Stargate Probe VoidRay TwilightCouncil Assimilator Stalker Assimilator Pylon RoboticsBay Zealot DarkShrine TemplarArchive Probe Immortal VoidRay FleetBeacon Stalker Nexus VoidRay Nexus Stargate Stalker RoboticsFacility Zealot RoboticsFacility,24.75,71263.5
0,1666,0,54,0.012057,54,Stalker Stalker RoboticsFacility RoboticsFacility Pylon Immortal Stalker Probe RoboticsFacility Immortal Stalker Immortal Assimilator Stargate FleetBeacon TwilightCouncil Mothership Stargate Assimilator Gateway Probe Pylon Carrier Pylon Stargate Gateway RoboticsFacility Zealot Tempest Probe,18.25,76299.5
0,1889,0,61,0.013612,61,Gateway RoboticsFacility Stargate Nexus Immortal Stalker Stalker Probe Assimilator RoboticsBay Gateway Adept VoidRay Probe Colossus Gateway Pylon Colossus VoidRay Stalker Nexus VoidRay Immortal Immortal Gateway Pylon Stalker,36,78756
1,8095,0,261,0.071749,261,Gateway Gateway Adept Stargate RoboticsFacility Pylon Immortal VoidRay VoidRay Gateway Immortal TwilightCouncil Assimilator Immortal Immortal Stalker Assimilator Adept Stargate FleetBeacon RoboticsFacility Probe Gateway Pylon Carrier Stargate Adept,27.25,82761
11,18225,0,586,0.218651,586,Gateway Stalker Pylon RoboticsFacility Stalker Immortal Probe Immortal Zealot RoboticsBay Zealot Stalker Zealot Gateway Immortal Immortal RoboticsFacility Assimilator RoboticsFacility Assimilator Pylon Zealot Zealot Nexus Nexus Gateway Immortal TwilightCouncil RoboticsFacility Probe,25.25,85780.8
11,30720,0,991,0.455124,991,Stalker Probe Nexus Adept Gateway Stalker Pylon Stargate Stargate Gateway TwilightCouncil VoidRay VoidRay Zealot Pylon Stalker Zealot Probe VoidRay Pylon Zealot Probe Adept Nexus Pylon Stalker Stalker Stargate VoidRay Assimilator Nexus VoidRay RoboticsFacility VoidRay Stalker,30.25,86824.2
11,47643,0,1532,0.791304,1532,Stalker Probe RoboticsFacility Stalker Immortal Stargate Stalker Immortal Stalker Assimilator VoidRay RoboticsFacility Gateway Gateway Assimilator Gateway Adept Stargate Pylon VoidRay Gateway Probe Zealot FleetBeacon RoboticsFacility RoboticsFacility TwilightCouncil Stargate TemplarArchive RoboticsBay Probe,24.75,93042.2
17,51792,0,1663,0.867898,1663,Stalker Pylon Adept RoboticsFacility RoboticsFacility Immortal RoboticsBay Immortal Adept Immortal Nexus Immortal Immortal Pylon Colossus TwilightCouncil Probe Assimilator TemplarArchive Probe DarkShrine Nexus Colossus RoboticsFacility Colossus Pylon Probe Assimilator Probe,28,93292.8
22,73486,0,2362,1.29676,2362,Stalker RoboticsFacility Gateway Probe Adept RoboticsBay Zealot Gateway Immortal Gateway Immortal RoboticsFacility Zealot Pylon Zealot Probe Colossus Probe RoboticsFacility Pylon Immortal Adept Immortal Probe Pylon Zealot Pylon Probe Adept Pylon RoboticsFacility Immortal Colossus Colossus Nexus Pylon Nexus,38.25,96695.8
22,94949,0,3064,1.73939,3064,Stalker Gateway Probe Stargate RoboticsFacility Zealot Pylon Adept Pylon Assimilator Adept Assimilator Adept VoidRay VoidRay Immortal Immortal Stalker Probe Zealot VoidRay Pylon Zealot VoidRay Stalker Probe RoboticsFacility Stargate RoboticsFacility FleetBeacon,35.5,96879.8
40,127085,0,4119,2.30533,4119,Stalker Gateway Gateway Stalker RoboticsFacility Stalker Adept Stalker Immortal Zealot Probe TwilightCouncil Stalker Zealot Stalker RoboticsBay Pylon Immortal Immortal RoboticsFacility DarkShrine Gateway Assimilator Assimilator Gateway Pylon RoboticsFacility Zealot Stalker Gateway Pylon Stalker Nexus Probe,29.5,101012
110,395507,0,13615,5.93639,13615,Stalker Gateway Gateway Stalker RoboticsFacility Stalker Adept Stalker Stalker Pylon Immortal Probe Stalker Immortal Stalker Stalker RoboticsFacility Stalker TwilightCouncil Stargate Adept Stargate Assimilator Nexus Immortal FleetBeacon Zealot Assimilator Gateway Stargate Adept RoboticsBay Pylon Gateway,28,104624
110,396441,0,13650,5.94329,13650,Stalker Gateway Gateway Stalker RoboticsFacility Stalker Adept Immortal Pylon Stargate Adept Pylon Zealot Immortal Zealot Immortal Stalker Zealot VoidRay Zealot Stalker RoboticsFacility RoboticsFacility TwilightCouncil Pylon Assimilator Immortal Adept RoboticsFacility Nexus Gateway Probe Pylon Probe,35.5,109768
136,464538,0,16274,6.94138,16274,Stalker Gateway Gateway Stalker RoboticsFacility Stalker Adept Immortal Pylon Adept Stalker Stalker Stalker RoboticsBay Pylon RoboticsFacility Stalker Colossus Stalker Stalker Assimilator Immortal Gateway Stalker Pylon Assimilator TwilightCouncil TemplarArchive DarkShrine Zealot Stalker Pylon Zealot Stargate,35.25,110693
