0,0,0,0,0,0, ,0,0
0,29,0,1,0.000249,1,RoboticsFacility Nexus Stalker Probe Immortal Pylon Stargate Stalker TwilightCouncil RoboticsBay Assimilator Nexus Pylon Stalker Colossus Colossus VoidRay Colossus RoboticsFacility Immortal Stalker Probe FleetBeacon DarkShrine Pylon RoboticsFacility Probe Probe,23,62737.2
0,423,0,14,0.003,14,Stargate Gateway Stalker Adept Probe Stalker Zealot Assimilator Stargate Zealot TwilightCouncil Gateway Zealot Stalker VoidRay VoidRay FleetBeacon RoboticsFacility Nexus Adept VoidRay Immortal TemplarArchive Stargate VoidRay Assimilator DarkShrine Stargate RoboticsFacility Pylon,30.5,73601.5
0,873,0,29,0.006201,29,Adept RoboticsFacility Adept Immortal Stargate TwilightCouncil Gateway Pylon Adept Stargate DarkShrine Zealot Adept Pylon Assimilator Immortal Immortal DarkTemplar Stargate Adept RoboticsFacility Adept FleetBeacon DarkTemplar VoidRay Nexus Immortal Probe Stargate Assimilator,28.75,73736
0,2641,0,86,0.031864,86,Probe Stalker RoboticsFacility RoboticsBay Pylon Gateway Probe Immortal Zealot Colossus Nexus Nexus Stalker Colossus RoboticsFacility Adept Zealot TwilightCouncil RoboticsFacility Stalker Nexus Probe Stargate Colossus Stargate Pylon DarkShrine Adept Zealot Nexus Assimilator Assimilator Pylon Probe Assimilator Assimilator,27.25,76174.5
0,6297,0,205,0.083981,205,RoboticsFacility Zealot Stalker Nexus Zealot Gateway Immortal Pylon Immortal TwilightCouncil Adept Stargate VoidRay Pylon Zealot Immortal Zealot RoboticsFacility Adept Adept RoboticsBay Pylon Pylon RoboticsFacility Immortal Pylon Probe DarkShrine FleetBeacon Stalker RoboticsFacility Stalker Gateway Pylon,28.5,85598.8
11,14300,0,462,0.192349,462,Assimilator Probe RoboticsFacility Probe Pylon Probe Immortal Gateway Stalker Probe Gateway Immortal Stargate Stalker Pylon Immortal VoidRay Adept Probe Adept Stargate Pylon Zealot Stargate RoboticsBay Immortal Stargate Adept Adept Nexus Pylon Nexus VoidRay RoboticsFacility Gateway Gateway Probe,28.5,89744.5
15,61408,0,1986,0.850716,1986,Adept RoboticsFacility Stalker Gateway Probe Stalker Nexus RoboticsBay Immortal Adept Assimilator Stalker Zealot Colossus RoboticsFacility Adept Stalker RoboticsFacility Gateway Probe Immortal Zealot Gateway Stalker Probe Probe RoboticsFacility Nexus Assimilator TwilightCouncil Gateway Pylon Immortal Probe Probe,27,90404.2
26,106331,0,3456,1.47289,3456,Adept RoboticsFacility RoboticsFacility Gateway Zealot Immortal Pylon Immortal Probe Gateway Stalker Stalker RoboticsFacility RoboticsFacility RoboticsBay Gateway Assimilator Immortal Immortal Pylon Zealot Adept Adept Stalker Adept Stalker Zealot Pylon Nexus Stargate Pylon Probe Assimilator Adept Stargate Probe,30,94691.5
37,115766,0,3766,1.61917,3766,Adept RoboticsFacility Adept Stalker Nexus Probe Immortal Immortal Stargate Zealot Gateway Assimilator Pylon Stalker Probe Zealot Immortal Stalker VoidRay Pylon Zealot VoidRay Zealot RoboticsBay TwilightCouncil Stalker VoidRay Gateway Gateway TemplarArchive Gateway Assimilator DarkShrine Probe,36.75,97827.5
39,149084,0,4889,2.08824,4889,Adept RoboticsFacility Stalker Pylon RoboticsBay Stalker Gateway Immortal Immortal Stalker Stalker Immortal Nexus RoboticsFacility Adept Stalker Adept Colossus TwilightCouncil Immortal TemplarArchive Nexus Gateway Zealot Stargate Zealot Stargate Stalker Pylon Probe Assimilator Assimilator,34.5,98927
39,151982,0,4986,2.13481,4986,Adept RoboticsFacility Pylon RoboticsFacility Stalker Gateway Stalker Pylon Immortal Immortal TwilightCouncil Assimilator Stalker Immortal Zealot TemplarArchive Pylon Adept Adept Stargate Immortal Stalker Zealot VoidRay RoboticsFacility RoboticsBay Pylon FleetBeacon Colossus Probe,31.75,99018.8
67,242352,0,8095,3.44448,8095,Adept RoboticsFacility Pylon RoboticsFacility Immortal Gateway Zealot Immortal Zealot Stalker Gateway Immortal Adept Assimilator Immortal Stalker Stalker RoboticsFacility Probe RoboticsFacility Pylon Probe Probe Stargate Adept Stargate Adept TwilightCouncil Probe RoboticsBay Gateway Assimilator Probe DarkShrine Stargate Stargate Gateway Pylon,27.25,100146
68,243984,0,8154,3.46951,8154,Adept RoboticsFacility Pylon RoboticsFacility Immortal Probe Assimilator Stalker Immortal Stargate VoidRay Immortal Stalker Stalker VoidRay TwilightCouncil Adept Pylon Adept Assimilator Stargate Immortal RoboticsFacility Probe RoboticsBay RoboticsFacility DarkShrine FleetBeacon Gateway Pylon,32,101852
69,250333,0,8380,3.57425,8380,Adept RoboticsFacility Pylon RoboticsFacility Immortal Immortal Immortal Nexus Immortal Zealot Zealot Immortal Probe Immortal Stalker Pylon Pylon Stargate VoidRay Nexus Stalker RoboticsFacility Nexus Stargate VoidRay Immortal Assimilator,33.25,104051
83,298180,0,10082,4.27663,10082,Adept RoboticsFacility Pylon RoboticsFacility Immortal Immortal RoboticsBay Adept Stalker Probe Nexus Immortal Colossus Probe Pylon Immortal Pylon Stalker Immortal Adept Immortal RoboticsFacility Zealot TwilightCouncil Adept Gateway Nexus TemplarArchive DarkShrine Nexus Probe,37,105311
83,319854,0,10891,4.57823,10891,Adept RoboticsFacility Pylon RoboticsFacility Immortal Immortal Zealot Immortal Probe Stalker Stargate Immortal Zealot Adept Immortal Nexus Immortal TwilightCouncil Immortal VoidRay RoboticsBay Stalker Probe Gateway TemplarArchive Nexus Pylon Probe Zealot RoboticsFacility Pylon Assimilator,38.25,106019
99,358784,0,12363,5.15449,12363,Adept RoboticsFacility Pylon RoboticsFacility Immortal Immortal Immortal Adept Stalker Pylon Immortal Gateway Immortal Nexus Adept Immortal Probe RoboticsFacility Stargate Pylon Immortal Assimilator Pylon Adept Gateway RoboticsFacility Zealot RoboticsBay Stalker Assimilator Probe Stargate Probe,34,106641
100,401340,0,14053,5.77851,14053,Adept RoboticsFacility Pylon RoboticsFacility Immortal Immortal Immortal Stalker Immortal Adept RoboticsBay TwilightCouncil Pylon Probe Pylon Adept Gateway Pylon Adept Probe Immortal Colossus Zealot Immortal RoboticsFacility Immortal Assimilator Stalker Nexus Pylon Zealot Immortal Probe,40.75,107584
113,413583,0,14560,5.96288,14560,Adept RoboticsFacility Pylon RoboticsFacility Immortal Immortal Immortal RoboticsFacility Zealot Immortal Immortal TwilightCouncil Immortal Stalker Assimilator Pylon Immortal DarkShrine Assimilator Nexus Stalker Zealot Adept Gateway Probe Probe Pylon Probe Pylon,33,108176
113,444105,0,15825,6.39841,15825,Adept RoboticsFacility Pylon RoboticsFacility Immortal Immortal Immortal Zealot Immortal Immortal Pylon Immortal Immortal Zealot Stalker Nexus Pylon Adept TwilightCouncil RoboticsBay RoboticsFacility RoboticsFacility Nexus Nexus Probe TemplarArchive Stargate,32.5,110082
113,447063,0,15945,6.44591,15945,Adept RoboticsFacility Pylon RoboticsFacility Immortal Immortal Immortal Zealot Immortal RoboticsBay Immortal Nexus Pylon Immortal Stalker Adept Colossus Immortal Stalker Pylon Pylon Immortal Zealot Pylon Stalker TwilightCouncil RoboticsFacility Probe Probe Assimilator Pylon,43,112560
126,468325,0,16842,6.75726,16842,Adept RoboticsFacility Pylon RoboticsFacility Immortal Immortal Immortal Zealot Immortal Adept Pylon Pylon Probe RoboticsFacility Immortal Immortal Immortal RoboticsFacility Immortal Gateway Probe Adept Adept Probe TwilightCouncil Stalker Gateway RoboticsFacility TemplarArchive Pylon RoboticsBay Gateway Assimilator Probe Probe Gateway Pylon Assimilator,37.75,116008
152,583277,0,22009,8.41414,22009,Adept RoboticsFacility Pylon RoboticsFacility Immortal Immortal Immortal Zealot Immortal Adept Pylon Pylon Immortal Immortal Stalker Gateway Adept Stargate Gateway Stalker Immortal Stalker FleetBeacon RoboticsFacility RoboticsBay VoidRay Pylon Gateway Probe Assimilator Assimilator Gateway,36.25,116886
152,584406,0,22062,8.42256,22062,Adept RoboticsFacility Pylon RoboticsFacility Immortal Immortal Immortal Zealot Immortal Adept Pylon Stargate Pylon Immortal VoidRay Immortal Probe Adept VoidRay Gateway Immortal RoboticsBay FleetBeacon Stargate Probe Pylon Gateway Pylon Nexus Assimilator Assimilator,39,117628
195,699350,0,27806,10.1577,27806,Adept RoboticsFacility Pylon RoboticsFacility Immortal Immortal Immortal Zealot Immortal Adept Pylon Stargate Pylon Immortal Pylon Adept Stalker VoidRay Immortal Adept Immortal Immortal Gateway Assimilator FleetBeacon Stalker Tempest TwilightCouncil Assimilator,43.5,120532
198,704188,0,28069,10.2338,28069,Adept RoboticsFacility Pylon RoboticsFacility Immortal Immortal Immortal Zealot Immortal Adept Pylon Stargate Pylon Immortal Zealot Immortal Immortal VoidRay Stalker Immortal Pylon TwilightCouncil TemplarArchive FleetBeacon Nexus Zealot Assimilator Assimilator Pylon Probe,40.25,122191
225,769837,0,31829,11.2264,31829,Adept RoboticsFacility Pylon RoboticsFacility Immortal Immortal Immortal Zealot Immortal Adept Pylon Stargate Pylon Immortal Zealot VoidRay Immortal Immortal Immortal Gateway Pylon Stalker Immortal FleetBeacon VoidRay Probe Assimilator Pylon Assimilator Pylon,44,122821
240,806033,0,34086,11.7763,34086,Adept RoboticsFacility Pylon RoboticsFacility Immortal Immortal Immortal Zealot Immortal Adept Pylon Stargate Pylon Immortal Zealot VoidRay Immortal Immortal Pylon VoidRay Adept Immortal VoidRay FleetBeacon Probe Assimilator Assimilator Nexus,47.75,123412
255,828146,0,35612,12.1067,35612,Adept RoboticsFacility Pylon RoboticsFacility Immortal Immortal Immortal Zealot Immortal Adept Pylon Stargate Pylon Immortal Zealot VoidRay Immortal Immortal Adept Immortal Pylon VoidRay FleetBeacon Nexus RoboticsBay Gateway Zealot Probe,43.75,123844
255,835028,0,36096,12.2112,36096,Adept RoboticsFacility Pylon RoboticsFacility Immortal Immortal Immortal Zealot Immortal Adept Pylon Stargate Pylon Immortal Zealot VoidRay Immortal Immortal Immortal Pylon Stalker Immortal Zealot Probe Stargate Zealot RoboticsFacility RoboticsBay Assimilator Gateway Assimilator Gateway,45,124533
283,864400,0,38395,12.6426,38395,Adept RoboticsFacility Pylon RoboticsFacility Immortal Immortal Immortal Zealot Immortal Adept Pylon Stargate Pylon Immortal Zealot VoidRay Immortal Immortal Immortal Probe Stalker Pylon VoidRay Stalker Stalker Gateway Stargate TwilightCouncil Gateway Gateway Assimilator Assimilator,46,124539
305,907488,0,42175,13.2842,42175,Adept RoboticsFacility Pylon RoboticsFacility Immortal Immortal Immortal Zealot Immortal Adept Pylon Stargate Pylon Immortal Zealot VoidRay Immortal Immortal Immortal Probe Stalker Pylon Probe Immortal Stalker RoboticsFacility Pylon RoboticsFacility Zealot Assimilator Nexus,45.75,124626
305,918277,0,43230,13.4424,43230,Adept RoboticsFacility Pylon RoboticsFacility Immortal Immortal Immortal Zealot Immortal Adept Pylon Stargate Pylon Immortal Zealot VoidRay Immortal Immortal Immortal Probe Stalker Pylon Immortal Stalker Pylon RoboticsBay Zealot Nexus TwilightCouncil Pylon,46.75,124746
305,920549,0,43454,13.4722,43454,Adept RoboticsFacility Pylon RoboticsFacility Immortal Immortal Immortal Zealot Immortal Adept Pylon Stargate Pylon Immortal Zealot VoidRay Immortal Immortal Immortal Probe Stalker Pylon Immortal Stalker Adept Gateway Assimilator Pylon TwilightCouncil Gateway RoboticsBay Probe Probe,45.75,124746
305,926854,0,44063,13.5755,44063,Adept RoboticsFacility Pylon RoboticsFacility Immortal Immortal Immortal Zealot Immortal Adept Pylon Stargate Pylon Immortal Zealot VoidRay Immortal Immortal Immortal Probe Stalker Pylon Immortal Stalker Stalker Nexus Nexus Pylon,45.75,124746
305,928059,0,44180,13.5854,44180,Adept RoboticsFacility Pylon RoboticsFacility Immortal Immortal Immortal Zealot Immortal Adept Pylon Stargate Pylon Immortal Zealot VoidRay Immortal Immortal Immortal Probe Stalker Pylon Immortal Stalker Probe TwilightCouncil Gateway RoboticsFacility Gateway Pylon Stargate Pylon Probe,45.75,124746
320,930588,0,44423,13.6307,44423,Adept RoboticsFacility Pylon RoboticsFacility Immortal Immortal Immortal Zealot Immortal Adept Pylon Stargate Pylon Immortal Zealot VoidRay Immortal Immortal Immortal Probe Stalker Pylon Immortal Stalker Gateway RoboticsFacility Assimilator Probe Stargate Probe RoboticsFacility Assimilator Pylon,45.75,124746
320,947005,0,46007,13.8661,46007,Adept RoboticsFacility Pylon RoboticsFacility Immortal Immortal Immortal Zealot Immortal Adept Pylon Stargate Pylon Immortal Zealot VoidRay Immortal Immortal Immortal Probe Stalker Pylon Immortal Stalker Probe Pylon Stalker Gateway Probe RoboticsFacility RoboticsFacility Gateway Gateway,45.75,124746
335,961490,0,47668,14.0904,47668,Adept RoboticsFacility Pylon RoboticsFacility Immortal Immortal Immortal Zealot Immortal Adept Pylon Stargate Pylon Immortal Zealot VoidRay Immortal Immortal Immortal Probe Stalker Pylon Immortal Stalker Pylon Probe Stalker Stargate Probe Probe Assimilator Immortal Gateway Probe,45.75,124746
348,981684,0,50173,14.3824,50173,Adept RoboticsFacility Pylon RoboticsFacility Immortal Immortal Immortal Zealot Immortal Adept Pylon Stargate Pylon Immortal Zealot VoidRay Immortal Immortal Immortal Probe Stalker Pylon Immortal Stalker Pylon Stalker RoboticsBay Probe Probe Pylon Probe Immortal Gateway,45.75,124746
363,985887,0,50723,14.4544,50723,Adept RoboticsFacility Pylon RoboticsFacility Immortal Immortal Immortal Zealot Immortal Adept Pylon Stargate Pylon Immortal Zealot VoidRay Immortal Immortal Immortal Probe Stalker Pylon Immortal Stalker Pylon Probe VoidRay Stalker Probe Probe Probe Gateway RoboticsBay Pylon,45.75,124746
378,1004255,0,53163,14.734,53163,Adept RoboticsFacility Pylon RoboticsFacility Immortal Immortal Immortal Zealot Immortal Adept Pylon Stargate Pylon Immortal Zealot VoidRay Immortal Immortal Immortal Probe Stalker Pylon Immortal Stalker Pylon Probe Probe RoboticsBay Probe Stalker TwilightCouncil Probe Probe Gateway Gateway Probe,45.75,124746
393,1018009,0,55015,14.9434,55015,Adept RoboticsFacility Pylon RoboticsFacility Immortal Immortal Immortal Zealot Immortal Adept Pylon Stargate Pylon Immortal Zealot VoidRay Immortal Immortal Immortal Probe Stalker Pylon Immortal Stalker Pylon Probe Probe Probe Probe RoboticsBay Assimilator Probe VoidRay Assimilator Probe TwilightCouncil,45.75,124746
393,1025912,0,56090,15.0711,56090,Adept RoboticsFacility Pylon RoboticsFacility Immortal Immortal Immortal Zealot Immortal Adept Pylon Stargate Pylon Immortal Zealot VoidRay Immortal Immortal Immortal Probe Stalker Pylon Immortal Stalker Pylon Probe Probe Probe Stalker Probe Probe Probe RoboticsFacility Probe FleetBeacon Probe Assimilator,45.75,124746
393,1026202,0,56130,15.0735,56130,Adept RoboticsFacility Pylon RoboticsFacility Immortal Immortal Immortal Zealot Immortal Adept Pylon Stargate Pylon Immortal Zealot VoidRay Immortal Immortal Immortal Probe Stalker Pylon Immortal Stalker Pylon Probe Probe Probe Probe Probe Probe VoidRay TwilightCouncil Assimilator Pylon RoboticsFacility,45.75,124746
408,1032506,0,57026,15.1608,57026,Adept RoboticsFacility Pylon RoboticsFacility Immortal Immortal Immortal Zealot Immortal Adept Pylon Stargate Pylon Immortal Zealot VoidRay Immortal Immortal Immortal Probe Stalker Pylon Immortal Stalker Pylon Probe Probe Probe RoboticsFacility Probe TwilightCouncil Probe Probe VoidRay Gateway,45.75,124746
492,1092897,3,67501,16.0986,67501,Adept RoboticsFacility Pylon RoboticsFacility Immortal Immortal Immortal Zealot Immortal Adept Pylon Stargate Pylon Immortal Zealot VoidRay Immortal Immortal Immortal Probe Stalker Pylon Immortal Stalker Pylon Probe Probe Probe RoboticsFacility Probe TwilightCouncil Probe Probe VoidRay Gateway,45.75,124746
