0,0,0,0,0,0, ,0,0
0,30,0,1,0.000264,1,TwilightCouncil Nexus DarkShrine Stalker Assimilator Stargate RoboticsFacility FleetBeacon Stalker Pylon Mothership Probe DarkTemplar Zealot Tempest Gateway Stalker RoboticsBay VoidRay Stargate Probe Assimilator Gateway DarkTemplar Probe Immortal Tempest Stalker Probe,27.5,43294.8
0,99,0,3,0.000729,3,Stalker Gateway Pylon RoboticsFacility Adept Gateway Probe RoboticsBay Stargate Probe Probe Immortal VoidRay TwilightCouncil VoidRay VoidRay Gateway Colossus TemplarArchive DarkShrine Assimilator FleetBeacon RoboticsFacility Probe Gateway Nexus Gateway Assimilator Probe Gateway Gateway Gateway Pylon Gateway Pylon Nexus,23.75,67105.5
0,422,0,14,0.002923,14,RoboticsFacility Adept Pylon Stalker Immortal Adept Zealot RoboticsBay Pylon Immortal Adept RoboticsFacility Nexus Nexus Stalker Adept TwilightCouncil Colossus TemplarArchive Zealot DarkShrine Colossus Assimilator RoboticsFacility Stargate Assimilator Stargate Adept Pylon Nexus,28,79769.5
0,4443,0,143,0.070438,143,Stalker RoboticsFacility Adept Nexus RoboticsBay Immortal RoboticsFacility Zealot Colossus Assimilator Stargate Immortal TwilightCouncil TemplarArchive Assimilator Stalker Immortal Stalker Adept Colossus Adept DarkShrine Pylon Colossus Pylon Probe Probe,30,79914.8
0,6687,0,217,0.099111,217,RoboticsFacility Adept Pylon Immortal Zealot RoboticsBay Adept Stalker Pylon Colossus RoboticsFacility Assimilator Assimilator Zealot Colossus Immortal Colossus Nexus TwilightCouncil Colossus Probe RoboticsFacility Colossus Probe,28.75,86833.5
11,18618,0,596,0.24735,596,RoboticsFacility Zealot Stalker Pylon Stargate Pylon Stalker Zealot Assimilator Immortal VoidRay Assimilator Probe Zealot Immortal Zealot RoboticsBay Stalker Colossus Probe Gateway FleetBeacon Stargate Stalker Gateway Zealot RoboticsFacility Pylon RoboticsFacility Pylon Stalker,28.5,87520.2
11,24960,0,802,0.342975,802,RoboticsFacility Adept TwilightCouncil Immortal Stalker Zealot Pylon RoboticsFacility Gateway Adept Pylon Adept Zealot Probe Immortal Assimilator Zealot Stalker DarkShrine TemplarArchive Immortal Immortal Immortal Nexus RoboticsFacility Pylon Adept Pylon Nexus Stargate Adept,30.25,89023.5
14,55246,0,1779,0.772745,1779,RoboticsFacility Gateway Stalker Immortal Zealot RoboticsFacility Stalker Immortal RoboticsBay Assimilator Zealot Adept RoboticsFacility RoboticsFacility Immortal Stargate Pylon Colossus Stalker Pylon Stargate RoboticsFacility Gateway Assimilator Stalker Nexus Stargate Zealot Probe,26.5,89658
24,79409,0,2572,1.10219,2572,RoboticsFacility Probe Stargate Immortal Pylon Assimilator Zealot RoboticsBay Immortal VoidRay RoboticsFacility Immortal VoidRay Stalker Nexus Immortal VoidRay Assimilator Immortal Immortal Pylon Stalker Immortal Stargate Zealot,39,94341.8
24,96986,0,3152,1.35982,3152,RoboticsFacility Stalker Immortal Pylon RoboticsFacility Adept Probe Adept Immortal Stalker Immortal RoboticsBay Immortal Immortal Nexus Stalker Adept Stargate Adept Stargate FleetBeacon Immortal Pylon Assimilator Zealot Assimilator Immortal Pylon Probe VoidRay Probe Assimilator Probe Gateway Probe,29,101286
59,194246,0,6467,2.76361,6467,RoboticsFacility Stalker Immortal Nexus Stalker Immortal Stargate Zealot Adept Immortal Immortal Assimilator VoidRay Stalker Assimilator Stalker Gateway Immortal Stalker RoboticsBay Gateway Pylon Adept Nexus Gateway Probe,35,102333
115,405692,0,14765,5.85405,14765,RoboticsFacility Stalker Immortal Nexus Stalker Immortal Stargate Stalker VoidRay Immortal Stalker Probe VoidRay TwilightCouncil Nexus Adept Stalker RoboticsFacility Stalker Immortal RoboticsFacility Probe VoidRay Probe Gateway DarkShrine Adept Pylon Nexus Pylon Probe,34.75,102532
115,427760,0,15746,6.19011,15746,RoboticsFacility Stalker Immortal Nexus Stalker Immortal Stargate Stalker Immortal VoidRay Stalker Immortal Stalker Nexus Adept Stalker Gateway Stargate Probe Gateway Probe Immortal FleetBeacon Pylon Zealot Pylon Carrier Probe RoboticsFacility Probe,35.5,105382
130,452631,0,16882,6.56578,16882,RoboticsFacility Stalker Immortal Nexus Stalker Immortal Stargate Stalker Immortal VoidRay Probe Adept Nexus Immortal VoidRay Immortal RoboticsBay Colossus Stargate RoboticsFacility Pylon Gateway Zealot TwilightCouncil Probe Gateway Nexus,33.25,105846
130,455902,0,17037,6.61674,17037,RoboticsFacility Stalker Immortal Nexus Stalker Immortal Stargate Stalker Immortal VoidRay TwilightCouncil Zealot Immortal Stalker Nexus VoidRay Gateway Adept Stalker RoboticsBay FleetBeacon Adept Tempest Zealot Assimilator Adept Gateway Assimilator Pylon,35.25,106141
130,459643,0,17206,6.67166,17206,RoboticsFacility Stalker Immortal Nexus Stalker Immortal Stargate Stalker Immortal VoidRay Zealot Zealot RoboticsBay VoidRay Pylon Immortal Colossus Stalker RoboticsFacility Adept Probe Probe Stargate Pylon Gateway Probe Zealot Pylon TwilightCouncil Probe Nexus Pylon,38.25,106199
145,487022,0,18486,7.09061,18486,RoboticsFacility Stalker Immortal Nexus Stalker Immortal Stargate Stalker Immortal Pylon VoidRay Immortal Nexus VoidRay Stalker Immortal Immortal Adept Stalker RoboticsBay Pylon Immortal Assimilator FleetBeacon Probe Assimilator Pylon,38.75,107578
145,500516,0,19149,7.29559,19149,RoboticsFacility Stalker Immortal Nexus Stalker Immortal Stargate Stalker Immortal VoidRay Immortal VoidRay Stalker Immortal Stalker RoboticsFacility Stargate FleetBeacon Nexus RoboticsBay Assimilator Nexus Gateway Gateway Pylon,35.5,108918
159,524263,0,20334,7.6573,20334,RoboticsFacility Stalker Immortal Nexus Stalker Immortal Stargate Stalker Immortal VoidRay Zealot Immortal Stalker Pylon VoidRay VoidRay Assimilator Probe FleetBeacon Adept TwilightCouncil VoidRay TemplarArchive Pylon Stargate Gateway Probe Pylon Pylon Pylon,36.25,109957
160,547552,0,21546,8.00146,21546,RoboticsFacility Stalker Immortal Nexus Stalker Immortal Stargate Stalker Immortal VoidRay Stalker Pylon Immortal VoidRay TwilightCouncil Adept Pylon Immortal Gateway Probe Zealot Zealot Gateway Pylon Immortal Zealot Gateway Immortal Probe TemplarArchive Zealot,41.75,112910
175,581133,0,23339,8.52352,23339,RoboticsFacility Stalker Immortal Nexus Stalker Immortal Stargate Stalker Immortal VoidRay Stalker Pylon Immortal Probe VoidRay Nexus Immortal Adept VoidRay RoboticsBay RoboticsFacility Assimilator Pylon Gateway Stalker VoidRay TwilightCouncil Zealot Probe,40.75,113072
175,592477,0,23947,8.68571,23947,RoboticsFacility Stalker Immortal Nexus Stalker Immortal Stargate Stalker Immortal VoidRay Stalker Immortal Stalker VoidRay Zealot Pylon VoidRay Stalker Gateway Pylon Assimilator Stargate RoboticsBay FleetBeacon Gateway Probe Gateway Adept Assimilator Probe Probe,38.5,113794
188,598768,0,24312,8.78666,24312,RoboticsFacility Stalker Immortal Nexus Stalker Immortal Stargate Stalker Immortal VoidRay Stalker Immortal Gateway Zealot Pylon VoidRay Immortal Zealot RoboticsBay Adept Zealot TwilightCouncil Pylon Adept Probe Stargate Colossus Nexus Assimilator Probe,39.25,114836
190,613876,0,25189,9.01551,25189,RoboticsFacility Stalker Immortal Nexus Stalker Immortal Stargate Stalker Immortal VoidRay Stalker Immortal Adept VoidRay Pylon RoboticsFacility Immortal Stalker VoidRay Adept RoboticsBay Stargate Nexus Gateway Assimilator Pylon Gateway Assimilator Assimilator,42,115073
203,633027,0,26319,9.30217,26319,RoboticsFacility Stalker Immortal Nexus Stalker Immortal Stargate Stalker Immortal VoidRay Stalker Immortal Adept VoidRay Pylon Zealot Pylon VoidRay Immortal TwilightCouncil Gateway TemplarArchive Pylon Zealot Probe FleetBeacon Assimilator Gateway Zealot Zealot Assimilator,41,115344
205,661727,0,28049,9.72813,28049,RoboticsFacility Stalker Immortal Nexus Stalker Immortal Stargate Stalker Immortal VoidRay Stalker Immortal Adept VoidRay Pylon Assimilator Immortal Adept VoidRay Stargate FleetBeacon Stargate TwilightCouncil RoboticsFacility Zealot Assimilator Pylon,40.25,116350
219,665661,0,28304,9.78467,28304,RoboticsFacility Stalker Immortal Nexus Stalker Immortal Stargate Stalker Immortal VoidRay Stalker Immortal Adept VoidRay Pylon Immortal Adept VoidRay Stargate Zealot RoboticsFacility RoboticsFacility Assimilator Pylon Stalker Pylon Probe Probe Pylon Pylon Gateway Assimilator Assimilator,41.25,116774
220,670963,0,28654,9.86235,28654,RoboticsFacility Stalker Immortal Nexus Stalker Immortal Stargate Stalker Immortal VoidRay Stalker Immortal Adept VoidRay Assimilator Pylon Zealot Immortal VoidRay Stargate Zealot TwilightCouncil TemplarArchive Stargate DarkShrine Gateway Gateway,41,117221
220,673302,0,28808,9.89215,28808,RoboticsFacility Stalker Immortal Nexus Stalker Immortal Stargate Stalker Immortal VoidRay Stalker Immortal Adept VoidRay Immortal Pylon Gateway VoidRay Stalker Assimilator Pylon Probe Immortal Stargate VoidRay Nexus,44.5,117250
229,712854,0,31614,10.4658,31614,RoboticsFacility Stalker Immortal Nexus Stalker Immortal Stargate Stalker Immortal VoidRay Stalker Immortal Adept VoidRay Immortal Pylon Zealot Pylon VoidRay Immortal Adept Assimilator Gateway TwilightCouncil RoboticsBay Immortal Pylon Assimilator,45,117254
259,761515,0,35319,11.1903,35319,RoboticsFacility Stalker Immortal Nexus Stalker Immortal Stargate Stalker Immortal VoidRay Stalker Immortal Adept VoidRay Immortal Pylon Zealot Pylon VoidRay Immortal Stalker Stalker RoboticsFacility TwilightCouncil Probe RoboticsFacility Nexus Assimilator,45.5,117494
289,800797,0,38529,11.7886,38529,RoboticsFacility Stalker Immortal Nexus Stalker Immortal Stargate Stalker Immortal VoidRay Stalker Immortal Adept VoidRay Immortal Pylon Zealot Pylon VoidRay Immortal Stalker Stalker Probe RoboticsBay Pylon Assimilator Probe Immortal Pylon Probe Probe Assimilator,45.5,117494
289,818413,0,40152,12.0529,40152,RoboticsFacility Stalker Immortal Nexus Stalker Immortal Stargate Stalker Immortal VoidRay Stalker Immortal Adept VoidRay Immortal Pylon Zealot Pylon VoidRay Immortal Probe Stalker RoboticsBay Probe TwilightCouncil Probe Probe Gateway Nexus Assimilator,45.5,117494
304,826334,0,40995,12.178,40995,RoboticsFacility Stalker Immortal Nexus Stalker Immortal Stargate Stalker Immortal VoidRay Stalker Immortal Adept VoidRay Immortal Pylon Zealot Pylon VoidRay Immortal Probe Stalker Probe Pylon TwilightCouncil Adept Pylon Probe Immortal Probe Pylon Assimilator Assimilator,45.5,117494
332,858402,0,44446,12.6523,44446,RoboticsFacility Stalker Immortal Nexus Stalker Immortal Stargate Stalker Immortal VoidRay Stalker Immortal Adept VoidRay Immortal Pylon Zealot Pylon VoidRay Immortal Probe Stalker Probe Probe Pylon Adept Immortal Pylon Stargate Probe Probe Assimilator Pylon Assimilator,45.5,117494
332,872974,0,46115,12.8646,46115,RoboticsFacility Stalker Immortal Nexus Stalker Immortal Stargate Stalker Immortal VoidRay Stalker Immortal Adept VoidRay Immortal Pylon Zealot Pylon VoidRay Immortal Probe Stalker Probe Probe Pylon Probe Gateway Probe Adept Immortal RoboticsFacility Gateway Assimilator,45.5,117494
345,887237,0,47828,13.0738,47828,RoboticsFacility Stalker Immortal Nexus Stalker Immortal Stargate Stalker Immortal VoidRay Stalker Immortal Adept VoidRay Immortal Pylon Zealot Pylon VoidRay Immortal Probe Stalker Probe RoboticsBay Probe Probe Pylon Stalker Gateway Assimilator Pylon Probe Immortal,45.5,117494
366,905484,0,50223,13.354,50223,RoboticsFacility Stalker Immortal Nexus Stalker Immortal Stargate Stalker Immortal VoidRay Stalker Immortal Adept VoidRay Immortal Pylon Zealot Pylon VoidRay Immortal Probe Stalker Probe RoboticsBay Probe Pylon Probe Probe Pylon Probe Immortal Assimilator Assimilator Zealot Probe,45.5,117494
401,922894,0,52590,13.6145,52590,RoboticsFacility Stalker Immortal Nexus Stalker Immortal Stargate Stalker Immortal VoidRay Stalker Immortal Adept VoidRay Immortal Pylon Zealot Pylon VoidRay Immortal Probe Stalker Probe RoboticsBay Probe Pylon Probe Adept TwilightCouncil Probe Probe Assimilator Probe Gateway Assimilator Probe,45.5,117494
415,936337,0,54499,13.8231,54499,RoboticsFacility Stalker Immortal Nexus Stalker Immortal Stargate Stalker Immortal VoidRay Stalker Immortal Adept VoidRay Immortal Pylon Zealot Pylon VoidRay Immortal Probe Stalker Probe RoboticsBay Probe Pylon Probe RoboticsFacility Assimilator Adept Probe Probe Probe Gateway Gateway,45.5,117494
415,939466,0,54952,13.873,54952,RoboticsFacility Stalker Immortal Nexus Stalker Immortal Stargate Stalker Immortal VoidRay Stalker Immortal Adept VoidRay Immortal Pylon Zealot Pylon VoidRay Immortal Probe Stalker Probe RoboticsBay Probe Pylon Probe Pylon Stalker Probe Probe Assimilator Probe VoidRay Assimilator,45.5,117494
497,981241,6,62102,14.5195,62102,RoboticsFacility Stalker Immortal Nexus Stalker Immortal Stargate Stalker Immortal VoidRay Stalker Immortal Adept VoidRay Immortal Pylon Zealot Pylon VoidRay Immortal Probe Stalker Probe RoboticsBay Probe Pylon Probe Pylon Stalker Probe Probe Probe VoidRay Gateway,45.5,117494
557,996376,11,65390,14.749,65390,RoboticsFacility Stalker Immortal Nexus Stalker Immortal Stargate Stalker Immortal VoidRay Stalker Immortal Adept VoidRay Immortal Pylon Zealot Pylon VoidRay Immortal Probe Stalker Probe RoboticsBay Probe Pylon Probe Pylon Stalker Probe Probe Probe VoidRay Gateway,45.5,117494
