0,0,0,0,0,0, ,0,0
0,34,0,1,0.0003,1,Adept Stargate Stargate Stargate Zealot Nexus FleetBeacon Gateway TwilightCouncil Tempest TemplarArchive Probe VoidRay Zealot Stalker Stargate Nexus Pylon Nexus Tempest Gateway RoboticsFacility Adept RoboticsFacility Gateway Probe Gateway Probe Adept Assimilator Gateway Assimilator Assimilator,17.5,34162.8
0,72,0,2,0.000586,2,RoboticsFacility Nexus RoboticsBay Adept Probe Probe Stalker Probe Adept RoboticsFacility Stargate VoidRay Adept Stalker Zealot Immortal Probe Stargate FleetBeacon Zealot Adept Colossus Nexus Immortal Stargate Stargate Pylon Nexus Nexus Assimilator Pylon Assimilator Pylon Pylon Assimilator Assimilator Gateway,18.25,41768
0,107,0,3,0.017847,3,Probe RoboticsFacility Zealot Zealot Adept Immortal Gateway Probe Stalker RoboticsFacility Stalker TwilightCouncil Adept Nexus DarkShrine Stargate Zealot Nexus Pylon Assimilator Immortal RoboticsBay Assimilator Colossus Pylon TemplarArchive Pylon Probe Gateway Pylon VoidRay DarkTemplar Stargate Stalker,21.5,65484
0,444,0,14,0.0202,14,Zealot Stargate Pylon Zealot Adept Gateway Probe Pylon VoidRay Gateway RoboticsFacility VoidRay Zealot Stalker Adept Probe FleetBeacon Mothership Immortal Adept Probe Adept RoboticsBay Gateway Gateway Nexus Gateway TwilightCouncil RoboticsFacility Stargate Pylon Nexus Assimilator Gateway Gateway Assimilator,29.5,73694.5
0,5144,0,164,0.078668,164,Stalker Probe RoboticsFacility Stalker Gateway Pylon Zealot Probe Immortal Stargate Probe Probe VoidRay Assimilator Probe RoboticsFacility TwilightCouncil Probe Adept Adept DarkShrine Stalker RoboticsFacility Zealot Stargate Stalker Probe RoboticsFacility Gateway Nexus TemplarArchive FleetBeacon DarkTemplar Stalker Assimilator Immortal Stargate DarkTemplar Probe Immortal Assimilator Nexus,21,75451
0,7683,0,248,0.122038,248,RoboticsFacility Stalker Immortal Zealot RoboticsBay Assimilator Zealot Nexus Pylon Adept Zealot RoboticsFacility Assimilator Colossus Immortal Stalker Colossus Gateway Adept TwilightCouncil DarkShrine Gateway Probe Stargate Immortal Probe,26.5,77726.8
0,7853,0,253,0.123216,253,RoboticsFacility Zealot Pylon Gateway Stalker Zealot Adept RoboticsBay Nexus Zealot Immortal RoboticsFacility Stalker Zealot Colossus Stargate Colossus Probe Probe Probe FleetBeacon Zealot Adept Colossus Zealot Pylon VoidRay Assimilator Zealot Pylon Adept Stargate RoboticsFacility Zealot Probe Gateway Gateway Pylon,33,82558.5
11,14967,0,480,0.210562,480,RoboticsFacility Nexus Immortal Zealot Stargate Immortal VoidRay Zealot Stalker VoidRay VoidRay Stargate Immortal RoboticsBay Immortal TwilightCouncil Pylon Stargate VoidRay Stalker Gateway Probe Pylon Nexus Nexus Pylon Probe,30.75,90334.5
11,30302,0,977,0.418307,977,RoboticsFacility Stalker Immortal Probe RoboticsFacility Stargate Immortal Gateway Zealot Pylon VoidRay Nexus Adept Stalker VoidRay FleetBeacon Zealot VoidRay Zealot Zealot Zealot TwilightCouncil Stargate DarkShrine Pylon Assimilator RoboticsFacility RoboticsFacility Probe Adept Adept Probe Probe Nexus Assimilator,29.25,92402
14,45219,0,1459,0.623912,1459,RoboticsFacility Nexus Gateway Zealot Immortal Adept Pylon RoboticsBay RoboticsFacility Stalker Immortal Colossus Immortal Stalker Immortal Assimilator Zealot Gateway Colossus Immortal Pylon Probe Colossus Adept Assimilator TwilightCouncil Gateway Stargate,36.75,94451.5
91,307707,0,10915,4.42061,10915,RoboticsFacility Nexus Gateway Zealot Immortal Stalker RoboticsBay Zealot Immortal RoboticsFacility Zealot Pylon Immortal Stalker Adept Stargate Adept Immortal VoidRay Immortal Adept VoidRay TwilightCouncil Assimilator TemplarArchive Zealot RoboticsFacility DarkShrine Gateway Assimilator Pylon,37,98076.5
108,380360,0,13838,5.49233,13838,RoboticsFacility Nexus Gateway Zealot Immortal Stalker Stargate VoidRay Assimilator Pylon Immortal Stalker Adept Stalker Immortal Zealot Immortal RoboticsBay Adept VoidRay Immortal Stalker Stargate Probe TwilightCouncil FleetBeacon Pylon Probe,38.25,98981.2
213,626118,0,26960,9.24476,26960,RoboticsFacility Nexus Gateway Zealot Immortal Stalker Stargate VoidRay Assimilator Pylon Immortal Stalker Adept Immortal VoidRay Stalker Immortal Adept Probe Stargate Pylon Adept Adept Adept Probe RoboticsFacility Pylon Stargate VoidRay Gateway Adept,35.5,100081
213,642352,0,28028,9.49652,28028,RoboticsFacility Nexus Gateway Zealot Immortal Stalker Stargate VoidRay Assimilator Pylon Immortal Stalker Adept Immortal Adept Stalker VoidRay Probe Stalker VoidRay Stalker Nexus TwilightCouncil Probe TemplarArchive Stargate RoboticsBay Assimilator Gateway,35.5,100135
228,652491,0,28761,9.63922,28761,RoboticsFacility Nexus Gateway Zealot Immortal Stalker Stargate VoidRay Assimilator Pylon Immortal Stalker Adept Immortal Adept Probe Stalker Adept Adept VoidRay Pylon Immortal Stalker Adept RoboticsBay FleetBeacon Gateway VoidRay Assimilator Probe,37.25,101018
243,674643,0,30365,9.97545,30365,RoboticsFacility Nexus Gateway Zealot Immortal Stalker Stargate VoidRay Assimilator Pylon Immortal Stalker Adept Immortal Adept VoidRay Zealot Immortal Zealot Stalker Immortal FleetBeacon Zealot Nexus Assimilator,38.5,102258
258,700428,0,32330,10.3505,32330,RoboticsFacility Nexus Gateway Zealot Immortal Stalker Stargate VoidRay Assimilator Pylon Immortal Stalker Adept Immortal Adept VoidRay Zealot Stalker Immortal Adept VoidRay Pylon RoboticsBay VoidRay TwilightCouncil RoboticsFacility Pylon Assimilator,38,102583
258,702292,0,32487,10.3903,32487,RoboticsFacility Nexus Gateway Zealot Immortal Stalker Stargate VoidRay Assimilator Pylon Immortal Stalker Adept Immortal Adept VoidRay Immortal Adept Stalker Zealot Immortal Zealot TwilightCouncil Gateway DarkShrine Nexus,38.75,103098
258,718950,0,33873,10.6302,33873,RoboticsFacility Nexus Gateway Zealot Immortal Stalker Stargate VoidRay Assimilator Pylon Immortal Stalker Adept Immortal Adept VoidRay Immortal Stalker Stalker VoidRay Zealot Nexus Probe Assimilator Pylon Immortal Probe,38.5,103376
273,729844,0,34884,10.7898,34884,RoboticsFacility Nexus Gateway Zealot Immortal Stalker Stargate VoidRay Assimilator Pylon Immortal Stalker Adept Immortal Adept VoidRay Immortal Adept Stalker VoidRay Immortal Nexus FleetBeacon Assimilator,40.75,103514
273,744185,0,36250,11.0002,36250,RoboticsFacility Nexus Gateway Zealot Immortal Stalker Stargate VoidRay Assimilator Pylon Immortal Stalker Adept Immortal Adept VoidRay Immortal Adept Stalker VoidRay Zealot RoboticsBay Stalker FleetBeacon Assimilator Gateway Gateway,39.75,103712
288,756862,0,37500,11.1973,37500,RoboticsFacility Nexus Gateway Zealot Immortal Stalker Stargate VoidRay Assimilator Pylon Immortal Stalker Adept Immortal Adept VoidRay Immortal Adept Adept VoidRay Zealot Stalker RoboticsFacility RoboticsFacility Assimilator Pylon Zealot TwilightCouncil Pylon,39.25,103716
288,762628,0,38079,11.2789,38079,RoboticsFacility Nexus Gateway Zealot Immortal Stalker Stargate VoidRay Assimilator Pylon Immortal Stalker Adept Immortal Adept VoidRay Immortal Adept Adept VoidRay Adept Stalker Gateway Nexus FleetBeacon,39.5,103895
303,766225,0,38462,11.3325,38462,RoboticsFacility Nexus Gateway Zealot Immortal Stalker Stargate VoidRay Assimilator Pylon Immortal Stalker Adept Immortal Adept VoidRay Immortal Adept Adept VoidRay Stalker Adept Assimilator RoboticsFacility Pylon Nexus,39.5,103925
303,770483,0,38912,11.389,38912,RoboticsFacility Nexus Gateway Zealot Immortal Stalker Stargate VoidRay Assimilator Pylon Immortal Stalker Adept Immortal Adept VoidRay Immortal Adept Adept VoidRay Stalker Stalker Gateway Gateway FleetBeacon Assimilator Gateway,40,104237
316,783381,0,40325,11.5868,40325,RoboticsFacility Nexus Gateway Zealot Immortal Stalker Stargate VoidRay Assimilator Pylon Immortal Stalker Adept Immortal Adept VoidRay Immortal Adept Adept VoidRay Stalker Stalker RoboticsFacility Pylon Immortal Stargate Assimilator Pylon,40,104237
318,787785,0,40867,11.6424,40867,RoboticsFacility Nexus Gateway Zealot Immortal Stalker Stargate VoidRay Assimilator Pylon Immortal Stalker Adept Immortal Adept VoidRay Immortal Adept Adept VoidRay Stalker Stalker Pylon VoidRay TwilightCouncil Zealot Gateway Adept,40,104237
318,788813,0,40993,11.6495,40993,RoboticsFacility Nexus Gateway Zealot Immortal Stalker Stargate VoidRay Assimilator Pylon Immortal Stalker Adept Immortal Adept VoidRay Immortal Adept Adept VoidRay Stalker Pylon Stalker Adept RoboticsFacility Pylon Gateway Pylon Zealot Probe,41.25,104276
318,796565,0,41961,11.7683,41961,RoboticsFacility Nexus Gateway Zealot Immortal Stalker Stargate VoidRay Assimilator Pylon Immortal Stalker Adept Immortal Adept VoidRay Immortal Adept Adept VoidRay Stalker Stalker Pylon Adept Pylon Nexus Gateway,41.25,104442
331,802152,0,42723,11.8476,42723,RoboticsFacility Nexus Gateway Zealot Immortal Stalker Stargate VoidRay Assimilator Pylon Immortal Stalker Adept Immortal Adept VoidRay Immortal Adept Adept VoidRay Stalker Stalker Pylon Adept TwilightCouncil Adept RoboticsBay VoidRay,41.25,104442
331,802940,0,42832,11.8529,42832,RoboticsFacility Nexus Gateway Zealot Immortal Stalker Stargate VoidRay Assimilator Pylon Immortal Stalker Adept Immortal Adept VoidRay Immortal Adept Adept VoidRay Stalker Stalker Pylon Stalker Zealot RoboticsBay Immortal Pylon,42.75,104643
340,816376,0,44797,12.0372,44797,RoboticsFacility Nexus Gateway Zealot Immortal Stalker Stargate VoidRay Assimilator Pylon Immortal Stalker Adept Immortal Adept VoidRay Immortal Adept Adept VoidRay Stalker Stalker Pylon Stalker Zealot Probe Gateway Assimilator Zealot RoboticsBay,42.75,104643
355,826927,0,46508,12.1899,46508,RoboticsFacility Nexus Gateway Zealot Immortal Stalker Stargate VoidRay Assimilator Pylon Immortal Stalker Adept Immortal Adept VoidRay Immortal Adept Adept VoidRay Stalker Stalker Pylon Stalker Probe Zealot FleetBeacon Zealot Assimilator,42.75,104643
355,828013,0,46686,12.2126,46686,RoboticsFacility Nexus Gateway Zealot Immortal Stalker Stargate VoidRay Assimilator Pylon Immortal Stalker Adept Immortal Adept VoidRay Immortal Adept Adept VoidRay Stalker Stalker Pylon Stalker Probe Zealot Assimilator Stalker RoboticsFacility Pylon,42.75,104643
355,836475,0,48049,12.3248,48049,RoboticsFacility Nexus Gateway Zealot Immortal Stalker Stargate VoidRay Assimilator Pylon Immortal Stalker Adept Immortal Adept VoidRay Immortal Adept Adept VoidRay Stalker Stalker Pylon Stalker Zealot Probe Stalker FleetBeacon Assimilator,42.75,104643
355,837621,0,48257,12.3471,48257,RoboticsFacility Nexus Gateway Zealot Immortal Stalker Stargate VoidRay Assimilator Pylon Immortal Stalker Adept Immortal Adept VoidRay Immortal Adept Adept VoidRay Stalker Stalker Pylon Stalker Probe Zealot Probe RoboticsBay Zealot Gateway Assimilator,42.75,104643
385,849510,0,50429,12.5106,50429,RoboticsFacility Nexus Gateway Zealot Immortal Stalker Stargate VoidRay Assimilator Pylon Immortal Stalker Adept Immortal Adept VoidRay Immortal Adept Adept VoidRay Stalker Stalker Pylon Stalker Probe Zealot Probe Stalker FleetBeacon,42.75,104643
385,858258,0,52071,12.6439,52071,RoboticsFacility Nexus Gateway Zealot Immortal Stalker Stargate VoidRay Assimilator Pylon Immortal Stalker Adept Immortal Adept VoidRay Immortal Adept Adept VoidRay Stalker Stalker Pylon Stalker Probe Zealot Probe Probe Gateway Assimilator Gateway Probe,42.75,104643
385,858444,0,52108,12.6454,52108,RoboticsFacility Nexus Gateway Zealot Immortal Stalker Stargate VoidRay Assimilator Pylon Immortal Stalker Adept Immortal Adept VoidRay Immortal Adept Adept VoidRay Stalker Stalker Pylon Stalker Probe Zealot RoboticsFacility Probe Probe TwilightCouncil Probe,42.75,104643
398,861418,0,52721,12.6925,52721,RoboticsFacility Nexus Gateway Zealot Immortal Stalker Stargate VoidRay Assimilator Pylon Immortal Stalker Adept Immortal Adept VoidRay Immortal Adept Adept VoidRay Stalker Stalker Pylon Stalker Probe Zealot Probe TwilightCouncil Probe Probe Stargate Assimilator,42.75,104643
411,869081,0,54310,12.7972,54310,RoboticsFacility Nexus Gateway Zealot Immortal Stalker Stargate VoidRay Assimilator Pylon Immortal Stalker Adept Immortal Adept VoidRay Immortal Adept Adept VoidRay Stalker Stalker Pylon Stalker Probe Zealot Probe Probe Probe FleetBeacon Pylon,42.75,104643
411,870684,0,54661,12.8209,54661,RoboticsFacility Nexus Gateway Zealot Immortal Stalker Stargate VoidRay Assimilator Pylon Immortal Stalker Adept Immortal Adept VoidRay Immortal Adept Adept VoidRay Stalker Stalker Pylon Stalker Probe Zealot Probe Probe Pylon Probe Stalker RoboticsFacility,42.75,104643
413,876871,2,56027,12.9006,56027,RoboticsFacility Nexus Gateway Zealot Immortal Stalker Stargate VoidRay Assimilator Pylon Immortal Stalker Adept Immortal Adept VoidRay Immortal Adept Adept VoidRay Stalker Stalker Pylon Stalker Probe Zealot Probe Probe Pylon Probe VoidRay,42.75,104643
