0,0,0,0,0,0, ,0,0
0,26,0,1,0.004229,1,Assimilator Pylon Stargate Nexus Stalker Nexus Gateway Stalker Zealot FleetBeacon Gateway Carrier Carrier Zealot Stargate Probe VoidRay RoboticsFacility Stargate Probe TwilightCouncil Tempest Pylon Stargate RoboticsFacility,17.5,31395.8
0,55,0,2,0.004461,2,Adept Zealot Stargate RoboticsFacility TwilightCouncil Gateway Assimilator Stalker Adept Probe TemplarArchive VoidRay Nexus Stargate Immortal RoboticsFacility Adept RoboticsBay VoidRay Nexus Stargate RoboticsFacility Assimilator RoboticsFacility Pylon Stargate Immortal Adept,18.25,60789.8
0,383,0,13,0.006879,13,RoboticsFacility Gateway Immortal Adept RoboticsBay Immortal TwilightCouncil Gateway Adept Probe Gateway Pylon Nexus Adept Stargate Stargate Colossus Zealot Stargate Assimilator Pylon TemplarArchive Probe Nexus Stalker Gateway Gateway Stargate Pylon RoboticsFacility Gateway VoidRay Assimilator,19,61580
0,489,0,16,0.007606,16,Pylon Gateway Adept Pylon Stalker Gateway Probe Adept TwilightCouncil Gateway Assimilator Adept Zealot Probe Stalker Stargate Gateway VoidRay RoboticsFacility Zealot Zealot DarkShrine Immortal Stalker Adept VoidRay Assimilator Immortal Gateway TemplarArchive Gateway Stargate FleetBeacon Probe,28.75,78382
0,6015,0,195,0.09608,195,Assimilator Probe Stargate Stalker Stargate RoboticsFacility Stalker TwilightCouncil Stalker VoidRay VoidRay Pylon VoidRay Zealot VoidRay Immortal RoboticsBay Nexus RoboticsFacility Nexus Immortal FleetBeacon VoidRay Assimilator Pylon,26,90843
18,50591,0,1659,0.78163,1659,RoboticsFacility Zealot Pylon Stalker Immortal RoboticsFacility RoboticsBay Pylon Colossus Immortal Pylon Adept Immortal Adept Nexus Colossus Adept Immortal Assimilator Gateway Pylon Colossus Probe Probe Immortal Immortal TwilightCouncil Immortal,40.25,98164.8
23,59014,0,1931,0.915084,1931,RoboticsFacility Stalker Assimilator Immortal RoboticsBay Pylon Probe RoboticsFacility Immortal Stalker Colossus Zealot Pylon Colossus Colossus Pylon RoboticsFacility Stargate Stargate Immortal Stalker RoboticsFacility Zealot TwilightCouncil VoidRay DarkShrine RoboticsFacility TemplarArchive,33.5,98284.5
53,140892,0,4687,2.21702,4687,RoboticsFacility Stalker RoboticsFacility Stalker Immortal Zealot Immortal Immortal RoboticsBay Immortal Assimilator RoboticsFacility Assimilator Pylon Stalker Colossus RoboticsFacility TwilightCouncil TemplarArchive Probe Nexus Nexus Pylon Adept RoboticsFacility,26.25,99140
69,193057,0,6502,3.03761,6502,RoboticsFacility Stalker RoboticsFacility Immortal Immortal Gateway Pylon Probe Immortal Zealot Gateway Immortal Probe Pylon Immortal RoboticsFacility Immortal Pylon Stargate Stargate Stargate Assimilator Zealot Assimilator VoidRay Stargate Stargate Stargate Nexus RoboticsBay Adept Adept,30.25,99475
69,221022,0,7477,3.49426,7477,RoboticsFacility Stalker RoboticsFacility Probe Adept Nexus Adept Immortal Pylon Immortal Probe Stalker Immortal Gateway Stalker RoboticsBay Adept Nexus Stalker Stalker Immortal Zealot TwilightCouncil Adept DarkShrine Adept Colossus Colossus Stargate Assimilator Pylon Zealot Probe Gateway Gateway Assimilator,36,100050
99,307709,0,10411,4.90888,10411,RoboticsFacility Stalker RoboticsFacility Probe Adept Gateway Immortal Immortal RoboticsBay Zealot Nexus Immortal Pylon Adept Immortal Immortal Gateway Immortal Zealot Pylon Adept Immortal Adept Colossus Stargate Gateway Zealot RoboticsFacility RoboticsFacility Gateway Stargate Assimilator Probe,41,108725
126,429061,0,14669,6.87434,14669,RoboticsFacility Stalker RoboticsFacility Probe Adept Gateway Immortal Immortal Adept RoboticsFacility Stalker Probe Pylon Immortal Pylon Adept Adept Immortal Zealot Zealot Adept Stalker RoboticsBay Nexus Gateway Assimilator Pylon Stalker Zealot Adept Gateway TwilightCouncil Gateway Nexus Pylon DarkShrine Probe,32.5,111406
148,473620,0,16333,7.58819,16333,RoboticsFacility Stalker RoboticsFacility Probe Adept Gateway Immortal Immortal Stalker Immortal Immortal RoboticsFacility Pylon Stalker Stalker Pylon Probe Gateway RoboticsBay Immortal Immortal Stalker Probe Gateway Nexus Stalker RoboticsFacility Pylon Pylon Probe Stalker Gateway Stargate Colossus Pylon Pylon Pylon,32.5,113852
166,525081,0,18351,8.40099,18351,RoboticsFacility Stalker RoboticsFacility Probe Adept Gateway Immortal Immortal Stalker Immortal Adept Pylon Stalker Immortal Assimilator Adept RoboticsFacility Stalker TwilightCouncil Pylon Stalker Pylon Immortal Stargate Assimilator VoidRay Gateway Stalker Stalker DarkShrine Gateway TemplarArchive,38.75,117834
193,615763,0,22130,10.017,22130,RoboticsFacility Stalker RoboticsFacility Probe Adept Gateway Immortal Immortal Stalker Immortal Adept Pylon Immortal Stalker Immortal RoboticsBay RoboticsFacility Gateway Pylon Gateway Adept Pylon Zealot Gateway Zealot Colossus Stalker Stargate Stargate Pylon FleetBeacon Zealot Probe Gateway Assimilator Probe Pylon,36.5,117988
196,656617,0,23914,10.8648,23914,RoboticsFacility Stalker RoboticsFacility Probe Adept Gateway Immortal Immortal Stalker Immortal Adept Pylon Immortal Immortal Probe Pylon Stalker Gateway Nexus Zealot Immortal Immortal Stalker Gateway Adept Gateway Stalker Stalker Probe Pylon Pylon RoboticsBay Stalker TwilightCouncil Adept Stalker Probe,39.75,119646
209,664001,0,24238,10.9981,24238,RoboticsFacility Stalker RoboticsFacility Probe Adept Gateway Immortal Immortal Stalker Immortal Adept Pylon Pylon Probe Stalker Stalker Zealot Probe Immortal Immortal Assimilator Pylon Immortal Nexus Assimilator Stargate Gateway Immortal Gateway TwilightCouncil Stalker VoidRay Probe,36.75,120712
209,676727,0,24796,11.2603,24796,RoboticsFacility Stalker RoboticsFacility Probe Adept Gateway Immortal Immortal Stalker Immortal Adept Pylon Immortal Immortal Stalker Pylon Stargate Immortal Immortal Nexus Stalker RoboticsBay Assimilator RoboticsFacility Zealot TwilightCouncil Zealot Nexus VoidRay Gateway Probe,35,122069
222,714429,0,26494,12.0865,26494,RoboticsFacility Stalker RoboticsFacility Probe Adept Gateway Immortal Immortal Stalker Immortal Adept Pylon Immortal Immortal Probe Probe Pylon Immortal Pylon Immortal Stalker RoboticsFacility Gateway RoboticsBay Probe Immortal Nexus Nexus Assimilator Gateway Probe Stargate Gateway Pylon Pylon Assimilator,37.75,126192
222,715140,0,26528,12.1065,26528,RoboticsFacility Stalker RoboticsFacility Probe Adept Gateway Immortal Immortal Stalker Immortal Adept Pylon Immortal Immortal Adept Pylon Stalker Zealot Immortal Gateway Pylon Stalker Stalker Probe Pylon Assimilator Stargate Adept Pylon Nexus Zealot Pylon Assimilator Pylon RoboticsFacility Probe RoboticsBay,38.25,128846
238,782465,0,29855,12.8484,29855,RoboticsFacility Stalker RoboticsFacility Probe Adept Gateway Immortal Immortal Stalker Immortal Adept Pylon Immortal Immortal Adept Pylon Pylon Adept Stalker Immortal Stalker Immortal Gateway RoboticsBay Probe Stargate Pylon Colossus Zealot Nexus Probe Pylon FleetBeacon Pylon,39.25,130650
249,813497,0,31532,13.0649,31532,RoboticsFacility Stalker RoboticsFacility Probe Adept Gateway Immortal Immortal Stalker Immortal Adept Pylon Immortal Immortal Adept Pylon Pylon Stalker Immortal Zealot Assimilator Immortal Immortal TwilightCouncil Gateway Nexus RoboticsBay Gateway Stargate Stargate,40,131423
279,865884,0,34342,13.6135,34342,RoboticsFacility Stalker RoboticsFacility Probe Adept Gateway Immortal Immortal Stalker Immortal Adept Pylon Immortal Immortal Adept Pylon Pylon Adept Immortal Stalker Immortal Probe RoboticsFacility Pylon Immortal Adept RoboticsFacility Zealot TwilightCouncil Assimilator Pylon RoboticsBay Assimilator Nexus Probe,42.5,133183
279,876428,0,34926,13.7818,34926,RoboticsFacility Stalker RoboticsFacility Probe Adept Gateway Immortal Immortal Stalker Immortal Adept Pylon Immortal Immortal Adept Pylon Pylon Immortal Stalker Immortal Stalker Immortal TwilightCouncil Pylon Adept Assimilator Stargate Stalker Immortal Assimilator FleetBeacon RoboticsFacility,47.5,135806
305,947745,0,39132,14.9448,39132,RoboticsFacility Stalker RoboticsFacility Probe Adept Gateway Immortal Immortal Stalker Immortal Adept Pylon Immortal Immortal Adept Pylon Pylon Immortal Stalker Stalker Zealot Immortal Assimilator Pylon Stalker Adept Immortal RoboticsFacility Assimilator Stargate Zealot Pylon Pylon RoboticsBay,45.75,136023
305,960172,0,39907,15.1417,39907,RoboticsFacility Stalker RoboticsFacility Probe Adept Gateway Immortal Immortal Stalker Immortal Adept Pylon Immortal Immortal Adept Pylon Pylon Immortal Stalker Immortal RoboticsBay Stalker Immortal Pylon Immortal Stalker Adept Assimilator Assimilator Nexus TwilightCouncil,47.5,136380
305,962281,0,40041,15.1762,40041,RoboticsFacility Stalker RoboticsFacility Probe Adept Gateway Immortal Immortal Stalker Immortal Adept Pylon Immortal Immortal Adept Pylon Pylon Immortal Stalker Immortal Stalker Immortal Pylon Immortal RoboticsBay Stargate Zealot Zealot Pylon Nexus Pylon Probe Pylon Probe,46.5,137294
318,974253,0,40870,15.3673,40870,RoboticsFacility Stalker RoboticsFacility Probe Adept Gateway Immortal Immortal Stalker Immortal Adept Pylon Immortal Immortal Adept Pylon Pylon Immortal Stalker Immortal Pylon Stalker Immortal Immortal Stalker RoboticsBay Assimilator TwilightCouncil DarkShrine Assimilator RoboticsFacility Pylon RoboticsFacility Probe,46.25,137490
318,985036,0,41616,15.5354,41616,RoboticsFacility Stalker RoboticsFacility Probe Adept Gateway Immortal Immortal Stalker Immortal Adept Pylon Immortal Immortal Adept Pylon Pylon Immortal Stalker Immortal Adept Immortal Pylon Pylon Immortal Adept Stalker Adept Adept RoboticsFacility Immortal RoboticsBay TwilightCouncil Assimilator,48.25,137786
339,1020081,0,44168,16.2398,44168,RoboticsFacility Stalker RoboticsFacility Probe Adept Gateway Immortal Immortal Stalker Immortal Adept Pylon Immortal Immortal Adept Pylon Pylon Immortal Stalker Immortal Adept Immortal Pylon Immortal Stalker Adept Gateway Stargate TwilightCouncil RoboticsBay RoboticsFacility Pylon Pylon Assimilator Assimilator,47,138345
368,1041465,0,46020,16.7038,46020,RoboticsFacility Stalker RoboticsFacility Probe Adept Gateway Immortal Immortal Stalker Immortal Adept Pylon Immortal Immortal Adept Pylon Pylon Immortal Stalker Immortal Adept Immortal Pylon Immortal Stalker Adept Gateway Assimilator Stargate TwilightCouncil Stargate Assimilator Stargate Pylon,47,138345
381,1044059,0,46239,16.7676,46239,RoboticsFacility Stalker RoboticsFacility Probe Adept Gateway Immortal Immortal Stalker Immortal Adept Pylon Immortal Immortal Adept Pylon Pylon Immortal Stalker Immortal Adept Immortal Pylon Stalker Immortal Adept Pylon RoboticsBay Zealot TwilightCouncil Probe RoboticsFacility Stalker Assimilator Pylon Probe Probe,48,138410
381,1057595,0,47382,17.0436,47382,RoboticsFacility Stalker RoboticsFacility Probe Adept Gateway Immortal Immortal Stalker Immortal Adept Pylon Immortal Immortal Adept Pylon Pylon Immortal Stalker Immortal Adept Immortal Pylon Immortal Stalker Stalker Gateway RoboticsFacility RoboticsFacility Nexus RoboticsBay Assimilator,47.5,138662
381,1066584,0,48177,17.1898,48177,RoboticsFacility Stalker RoboticsFacility Probe Adept Gateway Immortal Immortal Stalker Immortal Adept Pylon Immortal Immortal Adept Pylon Pylon Immortal Stalker Immortal Adept Immortal Pylon Immortal Stalker Stalker Stargate Gateway Pylon Gateway RoboticsFacility Adept Adept Stargate,47.5,138662
394,1068047,0,48327,17.2096,48327,RoboticsFacility Stalker RoboticsFacility Probe Adept Gateway Immortal Immortal Stalker Immortal Adept Pylon Immortal Immortal Adept Pylon Pylon Immortal Stalker Immortal Adept Immortal Pylon Immortal Stalker Stalker Assimilator Assimilator Gateway Pylon TwilightCouncil Zealot Probe Adept Probe,47.5,138662
394,1070026,0,48528,17.2436,48528,RoboticsFacility Stalker RoboticsFacility Probe Adept Gateway Immortal Immortal Stalker Immortal Adept Pylon Immortal Immortal Adept Pylon Pylon Immortal Stalker Immortal Adept Immortal Pylon Immortal Stalker Stalker Pylon Zealot Assimilator Nexus Pylon RoboticsBay Pylon,48.5,138911
394,1085320,0,50059,17.4816,50059,RoboticsFacility Stalker RoboticsFacility Probe Adept Gateway Immortal Immortal Stalker Immortal Adept Pylon Immortal Immortal Adept Pylon Pylon Immortal Stalker Immortal Adept Immortal Pylon Immortal Stalker Stalker Pylon Stalker Stalker RoboticsFacility Adept Nexus Assimilator,51,139056
406,1094531,0,51050,17.6234,51050,RoboticsFacility Stalker RoboticsFacility Probe Adept Gateway Immortal Immortal Stalker Immortal Adept Pylon Immortal Immortal Adept Pylon Pylon Immortal Stalker Immortal Adept Immortal Pylon Immortal Stalker Stalker Pylon Stalker Stargate Zealot Adept Pylon RoboticsFacility Stargate Assimilator,50.25,139090
414,1110499,0,52904,17.8692,52904,RoboticsFacility Stalker RoboticsFacility Probe Adept Gateway Immortal Immortal Stalker Immortal Adept Pylon Immortal Immortal Adept Pylon Pylon Immortal Stalker Immortal Adept Immortal Pylon Immortal Stalker Stalker Pylon Stalker Zealot Assimilator Stargate RoboticsBay Zealot Assimilator Adept,50.25,139090
461,1121161,0,54237,18.036,54237,RoboticsFacility Stalker RoboticsFacility Probe Adept Gateway Immortal Immortal Stalker Immortal Adept Pylon Immortal Immortal Adept Pylon Pylon Immortal Stalker Immortal Adept Immortal Pylon Immortal Stalker Stalker Pylon Stalker Zealot Immortal TwilightCouncil Assimilator Gateway Pylon,50.25,139090
461,1121805,0,54315,18.0446,54315,RoboticsFacility Stalker RoboticsFacility Probe Adept Gateway Immortal Immortal Stalker Immortal Adept Pylon Immortal Immortal Adept Pylon Pylon Immortal Stalker Immortal Adept Immortal Pylon Immortal Stalker Stalker Pylon Stalker Zealot Nexus Probe Gateway Pylon Probe,50.25,139090
461,1121884,0,54324,18.0451,54324,RoboticsFacility Stalker RoboticsFacility Probe Adept Gateway Immortal Immortal Stalker Immortal Adept Pylon Immortal Immortal Adept Pylon Pylon Immortal Stalker Immortal Adept Immortal Pylon Immortal Stalker Stalker Pylon Gateway Stalker Zealot Probe RoboticsBay Stalker Stargate Gateway,50.25,139090
461,1121937,0,54330,18.0455,54330,RoboticsFacility Stalker RoboticsFacility Probe Adept Gateway Immortal Immortal Stalker Immortal Adept Pylon Immortal Immortal Adept Pylon Pylon Immortal Stalker Immortal Adept Immortal Pylon Immortal Stalker Stalker Pylon Pylon Stalker Zealot Probe Probe Pylon Stalker Gateway Adept Assimilator Probe,50.25,139090
474,1146458,0,57453,18.4357,57453,RoboticsFacility Stalker RoboticsFacility Probe Adept Gateway Immortal Immortal Stalker Immortal Adept Pylon Immortal Immortal Adept Pylon Pylon Immortal Stalker Immortal Adept Immortal Pylon Immortal Stalker Stalker Pylon Pylon Stalker Probe Probe Zealot TwilightCouncil Immortal Gateway,50.25,139090
487,1159135,0,59272,18.641,59272,RoboticsFacility Stalker RoboticsFacility Probe Adept Gateway Immortal Immortal Stalker Immortal Adept Pylon Immortal Immortal Adept Pylon Pylon Immortal Stalker Immortal Adept Immortal Pylon Immortal Stalker Stalker Pylon Pylon Stalker Zealot Probe TwilightCouncil Probe Probe Immortal Pylon,50.25,139090
487,1161391,0,59610,18.6757,59610,RoboticsFacility Stalker RoboticsFacility Probe Adept Gateway Immortal Immortal Stalker Immortal Adept Pylon Immortal Immortal Adept Pylon Pylon Immortal Stalker Immortal Adept Immortal Pylon Immortal Stalker Stalker Pylon Pylon Stalker Zealot Probe Probe Probe Probe Zealot TwilightCouncil RoboticsBay Probe Probe,50.25,139090
513,1180544,0,62763,18.9746,62763,RoboticsFacility Stalker RoboticsFacility Probe Adept Gateway Immortal Immortal Stalker Immortal Adept Pylon Immortal Immortal Adept Pylon Pylon Immortal Stalker Immortal Adept Immortal Pylon Immortal Stalker Stalker Pylon Pylon Stalker Zealot Probe Probe Probe Probe Immortal Zealot Stalker,50.25,139090
539,1204001,0,66906,19.3472,66906,RoboticsFacility Stalker RoboticsFacility Probe Adept Gateway Immortal Immortal Stalker Immortal Adept Pylon Immortal Immortal Adept Pylon Pylon Immortal Stalker Immortal Adept Immortal Pylon Immortal Stalker Stalker Pylon Pylon Stalker Zealot Probe Probe Probe Probe Immortal Stalker Adept,50.25,139090
