0,0,0,0,0,0, ,0,0
0,35,0,1,0.000307,1,Nexus Nexus Adept TwilightCouncil TemplarArchive Zealot Stalker Probe RoboticsFacility Stargate RoboticsFacility Nexus Gateway Pylon Stalker Stargate FleetBeacon Gateway RoboticsFacility Mothership Tempest Stalker Pylon Pylon Gateway Zealot Probe Assimilator Adept Assimilator Pylon Pylon Gateway Assimilator,5.75,21629
0,67,0,2,0.000543,2,Probe Gateway Nexus Adept Gateway Pylon Assimilator Pylon Adept Pylon Adept Stalker Zealot Stargate RoboticsFacility TwilightCouncil Assimilator TemplarArchive VoidRay Nexus Pylon Gateway RoboticsFacility Probe Nexus Stargate Probe Pylon Zealot Probe DarkShrine,10.5,39435.8
0,105,0,3,0.000812,3,Zealot Nexus Pylon Pylon Gateway Gateway Gateway Nexus Zealot Stalker Pylon Adept TwilightCouncil Stalker Probe Stalker Pylon Adept Assimilator TemplarArchive DarkShrine Stalker Stalker Assimilator Stargate Pylon DarkTemplar Gateway Stargate Probe DarkTemplar Probe Gateway DarkTemplar Stalker Probe Stalker,18.25,45793.5
0,140,0,4,0.001065,4,Gateway TwilightCouncil TemplarArchive DarkShrine Assimilator Zealot Probe Zealot Probe Gateway RoboticsFacility DarkTemplar Zealot Stalker Nexus DarkTemplar Nexus DarkTemplar Assimilator Adept Probe Stalker Immortal Nexus RoboticsFacility Zealot Probe RoboticsFacility Stargate RoboticsBay Pylon Probe Stargate Probe,20,50743
0,231,0,7,0.001706,7,RoboticsFacility Assimilator Stalker TwilightCouncil Pylon Probe Probe Adept RoboticsFacility Probe Immortal Gateway Gateway RoboticsFacility RoboticsBay Assimilator Colossus RoboticsFacility Stalker Pylon RoboticsFacility Gateway Nexus Zealot Adept Gateway Pylon Gateway Pylon Immortal Zealot Stargate Probe,15.75,51362
0,314,0,10,0.002275,10,Adept Zealot TwilightCouncil Assimilator TemplarArchive RoboticsFacility RoboticsBay Adept Assimilator Gateway Gateway Stargate Immortal RoboticsFacility Adept DarkShrine Colossus Zealot Adept RoboticsFacility Pylon VoidRay DarkTemplar Zealot FleetBeacon Stargate Pylon Probe,23.25,53487.8
0,347,0,11,0.002538,11,Stargate Stalker VoidRay Stalker Adept RoboticsFacility Stalker Adept Gateway Nexus FleetBeacon Probe Carrier TwilightCouncil Nexus Probe Tempest Stalker Adept Stargate Adept Stargate Nexus Adept VoidRay Probe Nexus Assimilator Probe Assimilator Gateway Assimilator,25,63938.2
0,491,0,16,0.003562,16,Stalker TwilightCouncil Probe Assimilator Adept RoboticsFacility DarkShrine TemplarArchive Stalker Gateway Pylon Probe Immortal Assimilator Probe Immortal RoboticsFacility Immortal Probe Pylon Gateway Zealot Stalker Probe RoboticsFacility Pylon Gateway Pylon Stargate Immortal FleetBeacon Stargate Adept Stalker Stalker,22.5,64451.2
0,523,0,17,0.003794,17,Zealot Assimilator Probe TwilightCouncil RoboticsFacility Probe Adept Zealot Immortal Pylon Immortal Stargate TemplarArchive Adept Adept FleetBeacon Tempest Pylon Nexus Adept Carrier VoidRay DarkShrine Stalker Assimilator RoboticsFacility Immortal RoboticsFacility RoboticsFacility Gateway Probe,24.75,65210
0,1421,0,45,0.01018,45,Assimilator Stalker Probe Stargate Gateway Probe VoidRay Zealot RoboticsFacility Stargate Immortal Adept Stargate Gateway Pylon Zealot RoboticsBay Stalker Immortal Zealot Stalker Stargate Stalker TwilightCouncil Pylon Gateway Gateway Assimilator Stargate Gateway Immortal Nexus,22.75,78909.2
0,2300,0,74,0.016303,74,Gateway Probe Zealot Stargate VoidRay Zealot Gateway Zealot RoboticsFacility Adept Adept Pylon Assimilator Probe RoboticsBay VoidRay Adept Immortal Adept Stargate Pylon VoidRay FleetBeacon Adept Pylon Immortal TwilightCouncil TemplarArchive Stargate Stalker DarkShrine Immortal Stalker Probe Stargate,30.5,92603
26,112606,0,3647,1.60064,3647,Gateway Adept Stargate VoidRay Stalker Stalker VoidRay Stalker Adept Adept Zealot Assimilator Pylon Stalker VoidRay Gateway Adept Stargate RoboticsFacility Nexus Stargate Pylon Adept Immortal Gateway Nexus VoidRay Immortal,30,98138.5
57,222906,0,7428,3.23564,7428,Gateway Adept Stargate Stalker Stalker Adept Probe Pylon RoboticsFacility VoidRay Stalker Assimilator Stargate Pylon Gateway Stalker Probe Immortal Stalker Gateway Immortal Stalker VoidRay FleetBeacon Stargate Immortal Assimilator Nexus RoboticsBay Stargate Pylon,32.25,98472
65,246358,0,8263,3.5121,8263,Gateway Adept Stargate Stalker VoidRay Gateway Stalker Zealot Pylon VoidRay Adept TwilightCouncil Adept Stalker Nexus VoidRay Stalker Stalker Stargate Adept Assimilator Stargate DarkShrine Zealot Adept Zealot Stalker RoboticsFacility Immortal Assimilator RoboticsFacility Gateway Adept Gateway,31.75,103800
109,446944,0,15905,7.49248,15905,Gateway Adept Stargate Stalker VoidRay Gateway Stalker Stalker Gateway Probe VoidRay Zealot Adept RoboticsFacility Pylon Pylon Adept Adept VoidRay Adept Adept Probe Nexus RoboticsFacility Immortal Probe FleetBeacon Carrier Zealot Zealot Adept Pylon Probe Zealot Immortal Nexus Probe,33.75,106575
122,487803,0,17568,8.15687,17568,Gateway Adept Stargate Stalker VoidRay Gateway Stalker Stalker Adept Pylon Probe VoidRay Probe Stalker Nexus Zealot Zealot Gateway VoidRay Zealot Adept Adept Gateway VoidRay Zealot Probe Probe Probe FleetBeacon Gateway Probe TwilightCouncil RoboticsFacility Nexus Stargate Assimilator Gateway TemplarArchive Assimilator Assimilator Stargate Assimilator,32,107817
135,539586,0,19721,9.18291,19721,Gateway Adept Stargate Stalker VoidRay Gateway Stalker Stalker Adept Stalker Pylon Zealot VoidRay Adept Zealot Stalker Adept Assimilator Pylon Pylon Assimilator Zealot Stalker Adept TwilightCouncil FleetBeacon Carrier Probe Stargate Adept Probe Pylon Stargate Zealot,29,108543
135,541527,0,19802,9.2159,19802,Gateway Adept Stargate Stalker VoidRay Gateway Stalker Stalker Adept Stalker VoidRay Pylon Stalker Pylon Adept Adept Zealot Stalker Assimilator Adept Nexus TwilightCouncil Stalker Pylon Probe Adept VoidRay VoidRay Stargate Zealot Gateway Zealot Zealot Adept Assimilator Probe Probe,34.75,113656
160,614723,0,23008,10.2377,23008,Gateway Adept Stargate Stalker VoidRay Gateway Stalker Stalker Adept Stalker VoidRay Pylon Pylon Adept Pylon Stalker Adept VoidRay Assimilator Adept Nexus Zealot Pylon VoidRay Gateway FleetBeacon Assimilator VoidRay Probe TwilightCouncil Probe Probe Pylon,32,113728
160,618215,0,23169,10.3014,23169,Gateway Adept Stargate Stalker VoidRay Gateway Stalker Stalker Adept Stalker VoidRay Pylon Probe Pylon Stalker Nexus Stalker VoidRay Zealot Zealot Assimilator VoidRay Zealot Adept Zealot Stalker Nexus FleetBeacon TwilightCouncil Nexus Assimilator,36,117163
162,629424,0,23673,10.4114,23673,Gateway Adept Stargate Stalker VoidRay Gateway Stalker Stalker Adept Stalker VoidRay Stalker Pylon Pylon Zealot Pylon Zealot Stalker Adept VoidRay Zealot Stargate VoidRay Stargate FleetBeacon Pylon Tempest Gateway Pylon Probe Stalker Nexus Probe Pylon Pylon Zealot,33.25,118227
175,667892,0,25503,10.841,25503,Gateway Adept Stargate Stalker VoidRay Gateway Stalker Stalker Adept Stalker VoidRay Stalker Pylon Stalker Assimilator Adept Stalker Pylon Stalker Stalker VoidRay TwilightCouncil Stalker DarkShrine Pylon Adept Adept Pylon Stargate Nexus Adept Assimilator DarkTemplar DarkTemplar Probe,35.75,123663
190,677850,0,25958,10.9836,25958,Gateway Adept Stargate Stalker VoidRay Gateway Stalker Stalker Adept Stalker VoidRay Stalker Pylon Assimilator Pylon Stalker Stalker VoidRay VoidRay Pylon Assimilator Zealot Pylon Zealot Zealot Stalker Adept Zealot Stalker TwilightCouncil Stargate Zealot Zealot Probe Probe,39.5,124028
229,795646,0,32439,12.396,32439,Gateway Adept Stargate Stalker VoidRay Gateway Stalker Stalker Adept Stalker VoidRay Stalker Pylon Assimilator Pylon Stalker VoidRay Adept Probe Stalker Zealot VoidRay Pylon Stalker RoboticsFacility TwilightCouncil Zealot Stargate Zealot Zealot Gateway Assimilator Gateway DarkShrine Pylon Pylon,37.75,124153
255,854071,0,36246,13.3364,36246,Gateway Adept Stargate Stalker VoidRay Gateway Stalker Stalker Adept Stalker VoidRay Stalker Pylon Assimilator Pylon Stalker VoidRay Adept Zealot Stalker Stalker Pylon Stalker VoidRay FleetBeacon Adept Pylon RoboticsFacility Stargate Nexus Assimilator Probe,37.75,125739
255,861925,0,36791,13.4735,36791,Gateway Adept Stargate Stalker VoidRay Gateway Stalker Stalker Adept Stalker VoidRay Stalker Pylon Assimilator Pylon Stalker VoidRay Adept Zealot Stalker Adept Pylon VoidRay Zealot Stalker Gateway Zealot Pylon Stalker FleetBeacon Probe Stargate TwilightCouncil Adept Assimilator,39.75,127135
293,942423,0,42771,14.913,42771,Gateway Adept Stargate Stalker VoidRay Gateway Stalker Stalker Adept Stalker VoidRay Stalker Pylon Assimilator Pylon Stalker VoidRay Adept Zealot Stalker Adept Stalker Pylon Stalker Stalker Adept Adept Gateway Probe Nexus Nexus TwilightCouncil Assimilator,38,127202
293,955213,0,43798,15.1397,43798,Gateway Adept Stargate Stalker VoidRay Gateway Stalker Stalker Adept Stalker VoidRay Stalker Pylon Assimilator Pylon Stalker VoidRay Adept Zealot Stalker Adept Zealot Pylon VoidRay Adept Zealot Pylon Pylon Zealot Zealot Probe VoidRay FleetBeacon TwilightCouncil Zealot,39.5,127322
323,988052,0,46604,15.7089,46604,Gateway Adept Stargate Stalker VoidRay Gateway Stalker Stalker Adept Stalker VoidRay Stalker Pylon Assimilator Pylon Stalker VoidRay Adept Zealot Stalker Adept Zealot Pylon VoidRay Pylon Stalker Adept Gateway Zealot Pylon Zealot Stargate Gateway TwilightCouncil Stargate,40.25,127372
323,988168,0,46614,15.7097,46614,Gateway Adept Stargate Stalker VoidRay Gateway Stalker Stalker Adept Stalker VoidRay Stalker Pylon Assimilator Pylon Stalker VoidRay Adept Zealot Stalker Adept Zealot Pylon Stalker Probe VoidRay Stalker Pylon Zealot Pylon Adept TwilightCouncil FleetBeacon Adept DarkShrine Adept,41,127708
323,999950,0,47650,15.9183,47650,Gateway Adept Stargate Stalker VoidRay Gateway Stalker Stalker Adept Stalker VoidRay Stalker Pylon Assimilator Pylon Stalker VoidRay Adept Zealot Stalker Adept Zealot Pylon VoidRay Adept Adept Pylon Zealot Adept Stalker RoboticsFacility Assimilator Stargate Pylon RoboticsBay Probe Probe,41.75,128868
323,1005142,0,48121,16.0037,48121,Gateway Adept Stargate Stalker VoidRay Gateway Stalker Stalker Adept Stalker VoidRay Stalker Pylon Assimilator Pylon Stalker VoidRay Adept Zealot Stalker Adept Zealot Pylon VoidRay Stalker Adept Pylon VoidRay Adept Stalker Pylon Adept Probe Stargate Gateway Probe,45.25,129445
348,1033462,0,51016,16.4608,51016,Gateway Adept Stargate Stalker VoidRay Gateway Stalker Stalker Adept Stalker VoidRay Stalker Pylon Assimilator Pylon Stalker VoidRay Adept Zealot Stalker Adept Zealot Pylon VoidRay Stalker Stalker Pylon Stalker Stalker Assimilator Nexus Stalker Pylon,42.25,129533
348,1036615,0,51355,16.5064,51355,Gateway Adept Stargate Stalker VoidRay Gateway Stalker Stalker Adept Stalker VoidRay Stalker Pylon Assimilator Pylon Stalker VoidRay Adept Zealot Stalker Adept Zealot Pylon VoidRay Stalker Pylon Stalker Stalker Stalker TwilightCouncil TemplarArchive FleetBeacon Stargate Probe,42.25,129592
348,1041811,0,51914,16.5851,51914,Gateway Adept Stargate Stalker VoidRay Gateway Stalker Stalker Adept Stalker VoidRay Stalker Pylon Assimilator Pylon Stalker VoidRay Adept Zealot Stalker Adept Zealot Pylon VoidRay Stalker Pylon Zealot Stalker Stalker Stalker Adept TwilightCouncil Gateway RoboticsFacility Assimilator Probe,44.5,130084
374,1071170,0,55323,17.0704,55323,Gateway Adept Stargate Stalker VoidRay Gateway Stalker Stalker Adept Stalker VoidRay Stalker Pylon Assimilator Pylon Stalker VoidRay Adept Zealot Stalker Adept Zealot Pylon VoidRay Stalker Pylon Zealot Stalker Stalker Stalker Stalker Nexus TwilightCouncil,45,130181
387,1092752,0,58141,17.414,58141,Gateway Adept Stargate Stalker VoidRay Gateway Stalker Stalker Adept Stalker VoidRay Stalker Pylon Assimilator Pylon Stalker VoidRay Adept Zealot Stalker Adept Zealot Pylon VoidRay Stalker Pylon Zealot Stalker Stalker Stalker Stalker RoboticsFacility Pylon Pylon Zealot Pylon,45,130181
400,1094918,0,58459,17.4495,58459,Gateway Adept Stargate Stalker VoidRay Gateway Stalker Stalker Adept Stalker VoidRay Stalker Pylon Assimilator Pylon Stalker VoidRay Adept Zealot Stalker Adept Zealot Pylon VoidRay Stalker Pylon Zealot Stalker Stalker Stalker Probe Stalker Assimilator Gateway FleetBeacon,45,130181
400,1096558,0,58700,17.4697,58700,Gateway Adept Stargate Stalker VoidRay Gateway Stalker Stalker Adept Stalker VoidRay Stalker Pylon Assimilator Pylon Stalker VoidRay Adept Zealot Stalker Adept Zealot Pylon VoidRay Stalker Pylon Zealot Stalker Stalker Stalker Probe Stalker Pylon Stargate Probe Gateway Assimilator Probe,45,130181
424,1121251,0,62691,17.8437,62691,Gateway Adept Stargate Stalker VoidRay Gateway Stalker Stalker Adept Stalker VoidRay Stalker Pylon Assimilator Pylon Stalker VoidRay Adept Zealot Stalker Adept Zealot Pylon VoidRay Stalker Pylon Zealot Stalker Stalker Stalker Probe Stalker Pylon Probe Zealot Probe Zealot Gateway,45,130181
444,1135840,6,65585,18.075,65585,Gateway Adept Stargate Stalker VoidRay Gateway Stalker Stalker Adept Stalker VoidRay Stalker Pylon Assimilator Pylon Stalker VoidRay Adept Zealot Stalker Adept Zealot Pylon VoidRay Stalker Pylon Zealot Stalker Stalker Stalker Probe Stalker Pylon Stalker Probe Probe Stargate Adept,45,130181
493,1145228,9,67673,18.28,67673,Gateway Adept Stargate Stalker VoidRay Gateway Stalker Stalker Adept Stalker VoidRay Stalker Pylon Assimilator Pylon Stalker VoidRay Adept Zealot Stalker Adept Zealot Pylon VoidRay Stalker Pylon Zealot Stalker Stalker Stalker Probe Stalker Pylon Probe Probe VoidRay Zealot,45,130181
493,1147034,9,68079,18.3196,68079,Gateway Adept Stargate Stalker VoidRay Gateway Stalker Stalker Adept Stalker VoidRay Stalker Pylon Assimilator Pylon Stalker VoidRay Adept Zealot Stalker Adept Zealot Pylon VoidRay Stalker Pylon Zealot Stalker Stalker Stalker Probe Stalker Pylon Probe Probe VoidRay Adept,45,130181
506,1147758,9,68248,18.3345,68248,Gateway Adept Stargate Stalker VoidRay Gateway Stalker Stalker Adept Stalker VoidRay Stalker Pylon Assimilator Pylon Stalker VoidRay Adept Zealot Stalker Adept Zealot Pylon VoidRay Stalker Pylon Zealot Stalker Stalker Stalker Probe Stalker Pylon Probe Probe Stalker VoidRay,45,130181
