0,0,0,0,0,0, ,0,0
0,28,0,1,0.000235,1,Nexus Nexus Pylon TwilightCouncil Pylon Stargate Zealot VoidRay TemplarArchive FleetBeacon DarkShrine Gateway DarkTemplar DarkTemplar Zealot VoidRay DarkTemplar Tempest Pylon RoboticsFacility Nexus Nexus Nexus Zealot Probe Adept Stargate,17.5,26246.5
0,69,0,2,0.000574,2,Probe RoboticsFacility RoboticsFacility Pylon Stargate Pylon Stalker VoidRay Stargate TwilightCouncil RoboticsBay Gateway Probe Immortal TemplarArchive DarkShrine Zealot VoidRay FleetBeacon Pylon Stalker Adept RoboticsFacility Pylon Probe Probe Gateway Gateway Nexus Gateway Gateway Pylon Assimilator Pylon Pylon Assimilator Gateway Pylon Gateway Pylon,14.5,37193.8
0,106,0,3,0.000862,3,Gateway Zealot Gateway TwilightCouncil Gateway DarkShrine Probe Pylon Stargate Pylon Probe Assimilator Gateway TemplarArchive Gateway Stargate Assimilator Stalker RoboticsFacility DarkTemplar VoidRay Zealot VoidRay Stalker Gateway VoidRay Probe Pylon Probe Adept FleetBeacon RoboticsFacility Zealot Probe Zealot Probe,21.25,44405.5
0,136,0,4,0.001107,4,Adept RoboticsFacility Stargate Gateway Gateway FleetBeacon Stalker Nexus Probe Carrier Carrier RoboticsBay Nexus Immortal Adept Carrier Colossus Probe Nexus Assimilator Assimilator Nexus Assimilator Probe Zealot Probe Assimilator Probe Zealot,20,48750.2
0,208,0,6,0.001619,6,TwilightCouncil Probe Zealot RoboticsFacility Zealot Probe Gateway Stalker DarkShrine Assimilator TemplarArchive Stalker Assimilator RoboticsFacility Pylon Zealot Zealot Pylon DarkTemplar Pylon Stalker DarkTemplar DarkTemplar Stargate Stargate Pylon Stalker Immortal Adept Nexus Immortal Pylon Gateway Zealot,23.5,65037.8
0,279,0,8,0.007135,8,Stalker Stargate VoidRay Gateway Nexus Stargate VoidRay Probe Assimilator TwilightCouncil Stalker VoidRay Zealot Pylon Assimilator DarkShrine Pylon Gateway Probe Probe Stargate Nexus RoboticsFacility Adept Stalker DarkTemplar Gateway Adept RoboticsFacility Probe Stalker TemplarArchive,23.25,67214.5
0,1080,0,34,0.017769,34,TwilightCouncil Stalker RoboticsFacility Probe Zealot Immortal Stalker Zealot Gateway DarkShrine Stargate Pylon Stalker DarkTemplar RoboticsFacility DarkTemplar VoidRay Stalker Gateway RoboticsBay FleetBeacon Tempest Gateway Nexus Pylon Gateway Gateway Assimilator Probe Assimilator Pylon Pylon RoboticsFacility Gateway Nexus,21.75,69010.5
0,1226,0,39,0.018815,39,Probe RoboticsFacility Pylon Adept RoboticsBay Immortal TwilightCouncil Probe RoboticsFacility Colossus Colossus Immortal Stalker DarkShrine Assimilator Nexus Adept Probe Adept Stalker Adept Colossus Nexus Immortal TemplarArchive Stargate Gateway Pylon Assimilator Assimilator Stargate Nexus Probe,24.75,69038.2
0,2110,0,70,0.035016,70,RoboticsFacility Immortal Immortal Assimilator Stalker Nexus Stalker Probe Probe RoboticsFacility Nexus TwilightCouncil Immortal Stalker Immortal Gateway Stargate TemplarArchive VoidRay Assimilator RoboticsBay Colossus RoboticsFacility Adept Colossus Stargate,24.25,71303.5
0,2842,0,94,0.044241,94,Probe RoboticsFacility Stalker Nexus Adept Immortal Immortal Gateway Probe Immortal TwilightCouncil Stargate FleetBeacon VoidRay Adept Nexus Tempest RoboticsBay Pylon Stalker Gateway Carrier Assimilator Zealot Gateway RoboticsFacility Probe Zealot Stargate Zealot Pylon Pylon Assimilator Probe Pylon,26.5,76565.5
0,6596,0,217,0.104332,217,RoboticsFacility Adept Immortal Probe Stalker RoboticsBay Assimilator Zealot Pylon Pylon Pylon RoboticsFacility Colossus Immortal Immortal Immortal Nexus Gateway Adept Assimilator Stalker RoboticsFacility Zealot Pylon Stargate Zealot Zealot RoboticsFacility Pylon Zealot Probe,30,90030.8
11,27734,0,898,0.557582,898,RoboticsFacility Stalker Gateway Immortal Stargate Zealot Adept Immortal Pylon RoboticsFacility Pylon Adept Immortal Adept TwilightCouncil RoboticsFacility RoboticsBay Zealot Probe Immortal Zealot Gateway Adept DarkShrine Probe Immortal Assimilator FleetBeacon Stargate Probe Assimilator Stargate RoboticsFacility Gateway Gateway Pylon,28.5,90711.8
27,122596,0,4001,1.94102,4001,RoboticsFacility Stalker Gateway Adept Pylon Probe Immortal Adept Gateway Stalker RoboticsFacility RoboticsBay Immortal Colossus RoboticsFacility Probe Immortal Stalker RoboticsFacility Nexus Pylon Stalker RoboticsFacility Colossus Nexus Stargate Pylon Pylon Probe Pylon Nexus Probe TwilightCouncil Assimilator,30.75,91285
40,152298,0,5023,2.31758,5023,RoboticsFacility Stalker Nexus Immortal RoboticsFacility Immortal Zealot Probe Immortal Immortal Assimilator Adept Stalker TwilightCouncil Immortal Zealot Nexus Nexus Stalker Stargate FleetBeacon Stalker Pylon Nexus Probe,27.25,93625
53,193215,0,6467,3.05298,6467,RoboticsFacility Stalker Nexus Immortal RoboticsFacility Adept RoboticsBay Immortal Immortal Gateway Immortal Pylon Pylon Immortal Colossus Immortal Probe Pylon Pylon Probe Assimilator Adept Pylon RoboticsFacility Pylon Stargate Adept Immortal VoidRay Adept Pylon,33,98685.5
68,237865,0,8108,3.82556,8108,RoboticsFacility Stalker Nexus Immortal Stalker Stargate Probe Probe Immortal Immortal VoidRay Nexus Pylon Stalker Stalker Pylon Immortal Immortal VoidRay FleetBeacon VoidRay Stargate TwilightCouncil Adept Nexus Assimilator Gateway Probe Gateway Probe Probe,37.75,99157
85,303111,0,10642,4.74715,10642,RoboticsFacility Stalker Nexus Immortal Stalker Pylon Gateway RoboticsBay Gateway Stalker Immortal Adept Stalker Immortal Stalker Pylon Stalker Gateway Adept Zealot Immortal Adept Stalker TwilightCouncil DarkShrine Pylon Probe Nexus Assimilator Stargate Immortal Adept,32,100178
98,364220,0,13091,5.74782,13091,RoboticsFacility Stalker Nexus Immortal Stalker Pylon Stargate Probe Immortal Stalker RoboticsFacility Adept VoidRay Probe Stalker Immortal VoidRay RoboticsFacility Stalker Pylon VoidRay RoboticsBay Adept Probe Nexus Adept Gateway VoidRay Probe RoboticsFacility Assimilator Pylon Probe Gateway Pylon Probe Assimilator,34.5,102474
99,376435,0,13583,5.98188,13583,RoboticsFacility Stalker Nexus Immortal Stalker Pylon Stargate Immortal Stalker Adept VoidRay Immortal Immortal Adept VoidRay Immortal TwilightCouncil Nexus VoidRay Nexus Zealot RoboticsBay Probe Zealot DarkShrine Pylon Pylon,39.5,112553
182,602966,0,24142,9.63943,24142,RoboticsFacility Stalker Nexus Immortal Stalker Pylon Stargate Immortal Stalker Adept VoidRay Immortal Immortal Assimilator VoidRay Stalker VoidRay Assimilator Stargate Zealot Stalker Pylon Zealot FleetBeacon RoboticsFacility Adept Pylon Probe,39,113260
197,611979,0,24638,9.76811,24638,RoboticsFacility Stalker Nexus Immortal Stalker Pylon Stargate Immortal Stalker Adept VoidRay Immortal Immortal Pylon VoidRay Zealot Gateway Adept Immortal Zealot Adept Gateway Pylon Zealot Immortal Nexus FleetBeacon Pylon,42.5,114631
214,675059,0,28266,10.7822,28266,RoboticsFacility Stalker Nexus Immortal Stalker Pylon Stargate Immortal Stalker Adept VoidRay Immortal Immortal Pylon VoidRay Stalker Assimilator Stalker Immortal VoidRay Adept Stargate TwilightCouncil Immortal Stargate Zealot Pylon Assimilator,42,117889
257,746626,0,32927,11.8372,32927,RoboticsFacility Stalker Nexus Immortal Stalker Pylon Stargate Immortal Stalker Adept VoidRay Immortal Immortal Pylon VoidRay Stalker Zealot Immortal Stalker VoidRay Immortal Zealot Pylon RoboticsBay Probe Adept Pylon Stargate Assimilator Pylon Gateway Probe,46.5,117978
272,771297,0,34670,12.3117,34670,RoboticsFacility Stalker Nexus Immortal Stalker Pylon Stargate Immortal Stalker Adept VoidRay Immortal Immortal Pylon VoidRay Stalker Zealot Immortal VoidRay Immortal Gateway Zealot Pylon Stalker Assimilator Probe Adept Assimilator RoboticsBay Immortal,44.75,118172
272,774312,0,34884,12.3639,34884,RoboticsFacility Stalker Nexus Immortal Stalker Pylon Stargate Immortal Stalker Adept VoidRay Immortal Immortal Pylon VoidRay Stalker Zealot Immortal Pylon VoidRay Zealot Immortal TwilightCouncil RoboticsFacility RoboticsFacility Pylon Zealot Gateway RoboticsFacility Probe,44.75,118384
287,798397,0,36704,12.7702,36704,RoboticsFacility Stalker Nexus Immortal Stalker Pylon Stargate Immortal Stalker Adept VoidRay Immortal Immortal Pylon VoidRay Stalker Zealot Immortal VoidRay Assimilator Zealot Immortal Gateway Adept Zealot Nexus Assimilator,46,118861
287,815561,0,38110,13.0586,38110,RoboticsFacility Stalker Nexus Immortal Stalker Pylon Stargate Immortal Stalker Adept VoidRay Immortal Immortal Pylon VoidRay Stalker Zealot Immortal VoidRay Probe Stalker Immortal RoboticsBay Stalker Stargate Gateway Nexus Probe Assimilator,45.5,119112
287,817450,0,38277,13.093,38277,RoboticsFacility Stalker Nexus Immortal Stalker Pylon Stargate Immortal Stalker Adept VoidRay Immortal Immortal Pylon VoidRay Stalker Zealot Immortal VoidRay Stalker Immortal Nexus Assimilator Zealot Stargate Stargate Stalker,46.5,119214
302,822510,0,38738,13.1795,38738,RoboticsFacility Stalker Nexus Immortal Stalker Pylon Stargate Immortal Stalker Adept VoidRay Immortal Immortal Pylon VoidRay Stalker Zealot Immortal VoidRay Stalker Immortal Adept Assimilator Adept FleetBeacon Stargate Pylon Gateway,46.75,119384
302,822928,0,38774,13.1877,38774,RoboticsFacility Stalker Nexus Immortal Stalker Pylon Stargate Immortal Stalker Adept VoidRay Immortal Immortal Pylon VoidRay Stalker Zealot Immortal VoidRay Stalker Probe Immortal Zealot RoboticsBay Stargate Assimilator Assimilator Probe Nexus Assimilator,46.5,119394
302,837638,0,40121,13.4329,40121,RoboticsFacility Stalker Nexus Immortal Stalker Pylon Stargate Immortal Stalker Adept VoidRay Immortal Immortal Pylon VoidRay Stalker Zealot Immortal VoidRay Stalker Immortal Probe RoboticsFacility Zealot Assimilator FleetBeacon RoboticsFacility Probe Gateway,46.5,119394
302,838711,0,40226,13.4516,40226,RoboticsFacility Stalker Nexus Immortal Stalker Pylon Stargate Immortal Stalker Adept VoidRay Immortal Immortal Pylon VoidRay Stalker Zealot Immortal VoidRay Stalker Immortal Stalker Assimilator Pylon Assimilator RoboticsFacility Gateway Gateway RoboticsFacility,47.25,119494
310,839715,0,40325,13.4698,40325,RoboticsFacility Stalker Nexus Immortal Stalker Pylon Stargate Immortal Stalker Adept VoidRay Immortal Immortal Pylon VoidRay Stalker Zealot Immortal VoidRay Stalker Assimilator Immortal Stalker Nexus Adept TwilightCouncil Assimilator,47.25,119494
317,841067,0,40456,13.4891,40456,RoboticsFacility Stalker Nexus Immortal Stalker Pylon Stargate Immortal Stalker Adept VoidRay Immortal Immortal Pylon VoidRay Stalker Zealot Immortal VoidRay Stalker Immortal Stalker RoboticsFacility Probe Nexus TwilightCouncil RoboticsFacility Assimilator,47.25,119494
317,841736,0,40520,13.5042,40520,RoboticsFacility Stalker Nexus Immortal Stalker Pylon Stargate Immortal Stalker Adept VoidRay Immortal Immortal Pylon VoidRay Stalker Zealot Immortal VoidRay Stalker Pylon Immortal Stalker Probe Gateway RoboticsBay Stalker Assimilator Gateway Probe Gateway,47.25,119494
317,846233,0,40967,13.5757,40967,RoboticsFacility Stalker Nexus Immortal Stalker Pylon Stargate Immortal Stalker Adept VoidRay Immortal Immortal Pylon VoidRay Stalker Zealot Immortal VoidRay Stalker Probe Immortal Stalker Probe RoboticsBay RoboticsFacility Pylon Pylon Assimilator Pylon Pylon Assimilator Pylon,47.25,119494
332,860448,0,42349,13.8148,42349,RoboticsFacility Stalker Nexus Immortal Stalker Pylon Stargate Immortal Stalker Adept VoidRay Immortal Immortal Pylon VoidRay Stalker Zealot Immortal VoidRay Stalker Probe Pylon Immortal Stalker Stargate Probe Stargate Pylon Zealot Assimilator Gateway Assimilator Probe,47.25,119494
332,862514,0,42550,13.8496,42550,RoboticsFacility Stalker Nexus Immortal Stalker Pylon Stargate Immortal Stalker Adept VoidRay Immortal Immortal Pylon VoidRay Stalker Zealot Immortal VoidRay Stalker Probe Assimilator Immortal Stalker TwilightCouncil Pylon Pylon Pylon Probe Zealot TemplarArchive,47.25,119494
332,864733,0,42763,13.8853,42763,RoboticsFacility Stalker Nexus Immortal Stalker Pylon Stargate Immortal Stalker Adept VoidRay Immortal Immortal Pylon VoidRay Stalker Zealot Immortal VoidRay Stalker Probe Probe Immortal Pylon Stalker Nexus TwilightCouncil Probe VoidRay,47.25,119494
347,897928,0,45998,14.4406,45998,RoboticsFacility Stalker Nexus Immortal Stalker Pylon Stargate Immortal Stalker Adept VoidRay Immortal Immortal Pylon VoidRay Stalker Zealot Immortal VoidRay Stalker Probe Probe Immortal Stalker TwilightCouncil Pylon Probe Nexus Probe Stalker Probe Probe,47.25,119494
360,906859,0,47049,14.5888,47049,RoboticsFacility Stalker Nexus Immortal Stalker Pylon Stargate Immortal Stalker Adept VoidRay Immortal Immortal Pylon VoidRay Stalker Zealot Immortal VoidRay Stalker Probe Probe Immortal Pylon Gateway Stalker Probe RoboticsFacility Probe Assimilator Gateway Stalker Probe Zealot,47.25,119494
375,923159,0,48991,14.8625,48991,RoboticsFacility Stalker Nexus Immortal Stalker Pylon Stargate Immortal Stalker Adept VoidRay Immortal Immortal Pylon VoidRay Stalker Zealot Immortal VoidRay Stalker Probe Probe Immortal Pylon Stalker Probe VoidRay Probe TwilightCouncil Stalker Assimilator Assimilator Pylon,47.25,119494
375,926802,0,49434,14.9243,49434,RoboticsFacility Stalker Nexus Immortal Stalker Pylon Stargate Immortal Stalker Adept VoidRay Immortal Immortal Pylon VoidRay Stalker Zealot Immortal VoidRay Stalker Probe Probe Immortal Pylon Gateway Stalker Probe Probe Gateway RoboticsBay Probe Adept Probe Stalker,47.25,119494
405,950570,0,52743,15.3349,52743,RoboticsFacility Stalker Nexus Immortal Stalker Pylon Stargate Immortal Stalker Adept VoidRay Immortal Immortal Pylon VoidRay Stalker Zealot Immortal VoidRay Stalker Probe Probe Immortal Pylon Gateway Stalker Probe VoidRay Probe Probe Probe Assimilator Gateway Assimilator,47.25,119494
447,982872,2,58407,15.8559,58407,RoboticsFacility Stalker Nexus Immortal Stalker Pylon Stargate Immortal Stalker Adept VoidRay Immortal Immortal Pylon VoidRay Stalker Zealot Immortal VoidRay Stalker Probe Probe Immortal Pylon Gateway Stalker Probe VoidRay Probe Probe Probe TwilightCouncil Gateway,47.25,119494
526,1001273,6,62640,16.135,62640,RoboticsFacility Stalker Nexus Immortal Stalker Pylon Stargate Immortal Stalker Adept VoidRay Immortal Immortal Pylon VoidRay Stalker Zealot Immortal VoidRay Stalker Probe Probe Immortal Pylon Gateway Stalker Probe VoidRay Probe Probe Probe TwilightCouncil Gateway,47.25,119494
