0,0,0,0,0,0, ,0,0
0,27,0,1,0.000219,1,Adept Stargate Adept Stargate Gateway Stalker Zealot FleetBeacon Assimilator Stargate Tempest Assimilator Zealot Nexus Pylon Probe Tempest RoboticsFacility RoboticsBay Immortal Colossus RoboticsFacility Carrier Tempest Probe Probe,18.5,56515.8
0,177,0,6,0.005321,6,Pylon RoboticsFacility Zealot Stalker Zealot Assimilator TwilightCouncil Nexus Pylon Nexus Stargate Zealot Stalker Gateway VoidRay Stalker Immortal Adept Assimilator Gateway Adept VoidRay FleetBeacon Immortal DarkShrine Probe,22.5,57176.8
0,543,0,18,0.007912,18,Gateway Pylon Zealot Stalker Gateway Adept Pylon Zealot Stargate Probe Adept TwilightCouncil DarkShrine Stalker DarkTemplar VoidRay Adept Pylon Stargate Stargate DarkTemplar VoidRay TemplarArchive DarkTemplar Pylon Nexus Zealot Assimilator RoboticsFacility Stalker Zealot Probe Pylon Assimilator Nexus Gateway Probe Gateway Pylon Pylon,23.25,57867.5
0,578,0,19,0.008162,19,Assimilator RoboticsFacility Adept Zealot Probe Assimilator Probe Immortal Probe Gateway Stargate TwilightCouncil RoboticsFacility Pylon Immortal VoidRay RoboticsBay Probe Zealot Stargate DarkShrine Probe DarkTemplar Stalker Stargate Adept Adept TemplarArchive Stargate RoboticsFacility Nexus Stargate Gateway Pylon,19,57967
0,820,0,27,0.014909,27,Adept RoboticsFacility Immortal Probe Immortal Stargate TwilightCouncil VoidRay Pylon TemplarArchive RoboticsFacility VoidRay Zealot VoidRay Gateway Gateway RoboticsFacility Immortal DarkShrine Gateway Stalker Pylon Pylon RoboticsBay Pylon Nexus Gateway Nexus Assimilator Nexus,27.25,67565.5
0,977,0,32,0.016057,32,Zealot Probe Pylon TwilightCouncil RoboticsFacility Stalker Nexus Stalker Immortal Stalker Immortal Stalker Stalker DarkShrine DarkTemplar DarkTemplar Pylon RoboticsFacility Zealot RoboticsFacility Nexus RoboticsBay TemplarArchive Pylon Assimilator Probe Probe RoboticsFacility Assimilator Probe Nexus Stargate Pylon Pylon Pylon Gateway Pylon Pylon,22.25,72964.5
0,1626,0,52,0.020685,52,RoboticsFacility RoboticsFacility Probe Stalker Pylon Immortal Immortal Immortal Assimilator Immortal Adept Probe Probe Immortal TwilightCouncil TemplarArchive DarkShrine Probe DarkTemplar RoboticsBay Stargate Pylon Probe VoidRay Stalker FleetBeacon Probe RoboticsFacility Probe Gateway Assimilator Stargate RoboticsFacility Gateway Pylon Nexus,24.25,91016.8
11,17466,0,567,0.248242,567,RoboticsFacility Adept Immortal Stalker Immortal Stargate VoidRay Pylon Nexus Pylon Assimilator Adept Immortal VoidRay Probe Gateway Zealot Adept VoidRay VoidRay Adept Stargate RoboticsBay Probe Pylon RoboticsFacility Zealot Adept Stalker Pylon Pylon Gateway,36,91952.5
41,132145,0,4347,1.87536,4347,RoboticsFacility Adept Immortal Immortal Gateway Adept RoboticsFacility Gateway RoboticsBay Pylon Nexus Adept Immortal Immortal Adept TwilightCouncil Colossus Adept Immortal Pylon Pylon Immortal Adept Pylon Gateway Adept Zealot Immortal DarkShrine Stargate Probe,37.25,92819.8
41,134689,0,4434,1.90674,4434,RoboticsFacility Adept Stargate Immortal Probe VoidRay Adept Gateway VoidRay Assimilator Pylon VoidRay Pylon Nexus Stalker RoboticsFacility Adept Gateway Stalker Stalker Stargate Immortal Immortal RoboticsFacility RoboticsBay Adept Stargate Probe Assimilator Zealot Gateway Adept Probe,33.5,93301.2
41,169118,0,5615,2.40332,5615,RoboticsFacility Adept Adept Pylon Immortal Probe Stalker Immortal Adept Gateway RoboticsBay Stalker Assimilator Immortal Pylon Stargate Adept Stargate Adept Adept VoidRay Immortal Adept TwilightCouncil Gateway RoboticsFacility TemplarArchive Assimilator DarkShrine Gateway Stargate FleetBeacon,31.25,103651
124,478474,0,16672,6.85763,16672,RoboticsFacility Adept Adept Pylon Immortal Probe Stalker Immortal TwilightCouncil Adept DarkShrine Assimilator Probe RoboticsFacility Adept Immortal Pylon Probe Probe Immortal Immortal Zealot Probe Pylon DarkTemplar Gateway Immortal Assimilator Stalker RoboticsFacility Stalker Nexus TemplarArchive Gateway RoboticsFacility Pylon Stargate,36.25,104200
124,491419,0,17165,7.059,17165,RoboticsFacility Adept Adept Pylon Immortal Probe Stalker Immortal Pylon Stargate Adept Assimilator Stalker Pylon RoboticsFacility VoidRay Immortal Immortal Stalker Pylon Zealot Adept Assimilator Immortal Nexus Zealot Nexus VoidRay Probe,35,106006
126,516978,0,18143,7.41103,18143,RoboticsFacility Adept Adept Pylon Immortal Probe Stalker Immortal Pylon Stargate Zealot Stalker Immortal Nexus Adept VoidRay Gateway Immortal Adept RoboticsFacility Gateway Gateway Stalker Adept Probe Stalker Zealot Nexus Probe TwilightCouncil Assimilator Zealot Assimilator DarkShrine Adept VoidRay,35.25,106725
167,634118,0,22913,8.96919,22913,RoboticsFacility Adept Adept Pylon Immortal Probe Stalker Immortal Pylon Stargate Zealot VoidRay Adept RoboticsFacility Pylon Nexus Probe Probe Immortal VoidRay Stalker Immortal VoidRay Nexus Immortal Nexus FleetBeacon Pylon Pylon Stalker Probe RoboticsFacility Probe,39,107215
167,646414,0,23439,9.13433,23439,RoboticsFacility Adept Adept Pylon Immortal Probe Stalker Immortal Pylon Stargate Zealot VoidRay Assimilator Immortal Zealot Pylon Stalker Immortal Pylon RoboticsFacility Zealot Pylon Stargate Zealot Immortal Immortal Nexus TwilightCouncil Stalker Gateway Gateway Probe,36.5,107262
167,657371,0,23907,9.27399,23907,RoboticsFacility Adept Adept Pylon Immortal Probe Stalker Immortal Pylon Stargate Zealot Assimilator Immortal VoidRay Immortal Pylon Adept Gateway Zealot VoidRay Immortal Adept Probe Pylon Stalker Adept Stargate Nexus TwilightCouncil RoboticsBay Adept Zealot Probe,38.5,109686
196,704275,0,26302,9.94106,26302,RoboticsFacility Adept Adept Pylon Immortal Probe Stalker Immortal Pylon Stargate Zealot Assimilator Immortal Stargate VoidRay Pylon Adept RoboticsFacility VoidRay Stalker Probe VoidRay Pylon Immortal Immortal Stalker Assimilator Stalker Gateway Stargate Stargate Gateway Probe,42.5,111416
227,801993,0,31923,11.3741,31923,RoboticsFacility Adept Adept Pylon Immortal Probe Stalker Immortal Pylon Stargate Zealot Assimilator Immortal Stargate VoidRay Stalker Stalker VoidRay Immortal Pylon Probe VoidRay VoidRay RoboticsFacility RoboticsFacility Pylon VoidRay Adept RoboticsBay Probe Assimilator FleetBeacon,41,115846
278,894879,0,38241,12.7271,38241,RoboticsFacility Adept Adept Pylon Immortal Probe Stalker Immortal Pylon Stargate Zealot Assimilator Immortal Stargate VoidRay Stalker Stalker VoidRay Immortal Pylon VoidRay Stalker Stalker Nexus Assimilator Stargate Pylon VoidRay RoboticsBay,39.25,116073
285,901924,0,38816,12.8287,38816,RoboticsFacility Adept Adept Pylon Immortal Probe Stalker Immortal Pylon Stargate Zealot Assimilator Immortal Stargate VoidRay Stalker Stalker VoidRay Immortal Pylon Pylon Immortal VoidRay Stalker Immortal Adept Gateway TwilightCouncil Assimilator Stargate Probe Probe,46.25,116556
285,903836,0,38971,12.8553,38971,RoboticsFacility Adept Adept Pylon Immortal Probe Stalker Immortal Pylon Stargate Zealot Assimilator Immortal Stargate VoidRay Stalker Stalker VoidRay Immortal Pylon Zealot VoidRay Immortal Pylon Immortal RoboticsFacility Stargate Probe RoboticsBay Stargate Probe Probe,40.5,116644
285,914719,0,39870,13.011,39870,RoboticsFacility Adept Adept Pylon Immortal Probe Stalker Immortal Pylon Stargate Zealot Assimilator Immortal Stargate VoidRay Stalker Stalker VoidRay Immortal Pylon VoidRay Stalker VoidRay TwilightCouncil RoboticsBay DarkShrine RoboticsFacility RoboticsFacility Stargate Gateway Assimilator,41.5,117824
285,916724,0,40035,13.0387,40035,RoboticsFacility Adept Adept Pylon Immortal Probe Stalker Immortal Pylon Stargate Zealot Assimilator Immortal Stargate VoidRay Stalker Stalker VoidRay Immortal Pylon VoidRay Stalker Immortal Pylon Pylon TwilightCouncil Gateway Stalker Assimilator Immortal Probe Probe,43,117915
300,940344,0,42061,13.3821,42061,RoboticsFacility Adept Adept Pylon Immortal Probe Stalker Immortal Pylon Stargate Zealot Assimilator Immortal Stargate VoidRay Stalker Stalker VoidRay Immortal Pylon VoidRay VoidRay Stalker TwilightCouncil TemplarArchive Nexus Stargate RoboticsFacility Pylon,41.5,117919
315,943270,0,42345,13.4311,42345,RoboticsFacility Adept Adept Pylon Immortal Probe Stalker Immortal Pylon Stargate Zealot Assimilator Immortal Stargate VoidRay Stalker Stalker VoidRay Immortal Pylon VoidRay VoidRay Stalker FleetBeacon Nexus Gateway Pylon Gateway,41.5,117919
315,944772,0,42492,13.4549,42492,RoboticsFacility Adept Adept Pylon Immortal Probe Stalker Immortal Pylon Stargate Zealot Assimilator Immortal Stargate VoidRay Stalker Stalker VoidRay Immortal Pylon VoidRay Immortal Stalker Pylon VoidRay TwilightCouncil RoboticsBay Immortal Stargate,45.25,118504
328,968484,0,44925,13.7938,44925,RoboticsFacility Adept Adept Pylon Immortal Probe Stalker Immortal Pylon Stargate Zealot Assimilator Immortal Stargate VoidRay Stalker Stalker VoidRay Immortal Pylon VoidRay Immortal Stalker Pylon VoidRay Assimilator TwilightCouncil Pylon Probe Probe Stargate Stalker,45.25,118504
328,975170,0,45690,13.8927,45690,RoboticsFacility Adept Adept Pylon Immortal Probe Stalker Immortal Pylon Stargate Zealot Assimilator Immortal Stargate VoidRay Stalker Stalker VoidRay Immortal Pylon VoidRay Immortal Stalker Pylon VoidRay Adept Stalker RoboticsBay Pylon Stargate Pylon,46.5,118930
337,985659,0,47032,14.0317,47032,RoboticsFacility Adept Adept Pylon Immortal Probe Stalker Immortal Pylon Stargate Zealot Assimilator Immortal Stargate VoidRay Stalker Stalker VoidRay Immortal Pylon VoidRay Immortal Stalker Pylon VoidRay Stalker Stargate Gateway Stargate Adept Assimilator,47,119033
352,995418,0,48330,14.1764,48330,RoboticsFacility Adept Adept Pylon Immortal Probe Stalker Immortal Pylon Stargate Zealot Assimilator Immortal Stargate VoidRay Stalker Stalker VoidRay Immortal Pylon VoidRay Immortal Stalker Pylon VoidRay Stalker RoboticsBay Adept FleetBeacon Assimilator,47,119033
352,996281,0,48445,14.1826,48445,RoboticsFacility Adept Adept Pylon Immortal Probe Stalker Immortal Pylon Stargate Zealot Assimilator Immortal Stargate VoidRay Stalker Stalker VoidRay Immortal Pylon VoidRay Immortal Stalker Pylon VoidRay Stalker TwilightCouncil Probe Nexus Probe,47,119033
352,1004407,0,49526,14.3058,49526,RoboticsFacility Adept Adept Pylon Immortal Probe Stalker Immortal Pylon Stargate Zealot Assimilator Immortal Stargate VoidRay Stalker Stalker VoidRay Immortal Pylon VoidRay Immortal Stalker Pylon VoidRay Stalker Probe Probe Nexus RoboticsFacility,47,119033
367,1019322,0,51856,14.5181,51856,RoboticsFacility Adept Adept Pylon Immortal Probe Stalker Immortal Pylon Stargate Zealot Assimilator Immortal Stargate VoidRay Stalker Stalker VoidRay Immortal Pylon VoidRay Immortal Stalker Pylon VoidRay Stalker Probe Probe RoboticsBay Pylon Zealot Assimilator Stargate,47,119033
380,1021768,0,52291,14.5492,52291,RoboticsFacility Adept Adept Pylon Immortal Probe Stalker Immortal Pylon Stargate Zealot Assimilator Immortal Stargate VoidRay Stalker Stalker VoidRay Immortal Pylon VoidRay Immortal Stalker Pylon VoidRay Stalker Pylon Probe Probe RoboticsFacility VoidRay Assimilator,47,119033
380,1031733,0,54138,14.6822,54138,RoboticsFacility Adept Adept Pylon Immortal Probe Stalker Immortal Pylon Stargate Zealot Assimilator Immortal Stargate VoidRay Stalker Stalker VoidRay Immortal Pylon VoidRay Immortal Stalker Pylon VoidRay Stalker Pylon Probe Probe VoidRay Zealot Pylon,47,119033
395,1032750,0,54348,14.7039,54348,RoboticsFacility Adept Adept Pylon Immortal Probe Stalker Immortal Pylon Stargate Zealot Assimilator Immortal Stargate VoidRay Stalker Stalker VoidRay Immortal Pylon VoidRay Immortal Stalker Pylon VoidRay Stalker Pylon Probe Stalker Probe Immortal Probe,47,119033
395,1033505,0,54503,14.7224,54503,RoboticsFacility Adept Adept Pylon Immortal Probe Stalker Immortal Pylon Stargate Zealot Assimilator Immortal Stargate VoidRay Stalker Stalker VoidRay Immortal Pylon VoidRay Immortal Stalker Pylon VoidRay Stalker Pylon Stalker Probe Probe Immortal,47,119033
395,1033709,0,54543,14.7239,54543,RoboticsFacility Adept Adept Pylon Immortal Probe Stalker Immortal Pylon Stargate Zealot Assimilator Immortal Stargate VoidRay Stalker Stalker VoidRay Immortal Pylon VoidRay Immortal Stalker Pylon VoidRay Stalker Pylon Probe Probe Stalker Assimilator Probe Gateway Probe,47,119033
410,1045901,0,57073,14.9054,57073,RoboticsFacility Adept Adept Pylon Immortal Probe Stalker Immortal Pylon Stargate Zealot Assimilator Immortal Stargate VoidRay Stalker Stalker VoidRay Immortal Pylon VoidRay Immortal Stalker Pylon VoidRay Stalker Pylon Probe Probe Gateway Probe Probe Pylon Probe Assimilator,47,119033
410,1046903,0,57283,14.9125,57283,RoboticsFacility Adept Adept Pylon Immortal Probe Stalker Immortal Pylon Stargate Zealot Assimilator Immortal Stargate VoidRay Stalker Stalker VoidRay Immortal Pylon VoidRay Immortal Stalker Pylon VoidRay Stalker Pylon Probe Probe Assimilator Zealot Probe Probe Pylon Probe,47,119033
410,1050865,0,58115,14.9678,58115,RoboticsFacility Adept Adept Pylon Immortal Probe Stalker Immortal Pylon Stargate Zealot Assimilator Immortal Stargate VoidRay Stalker Stalker VoidRay Immortal Pylon VoidRay Immortal Stalker Pylon VoidRay Stalker Pylon Probe Probe Probe Adept Probe RoboticsBay Pylon,47,119033
416,1051846,0,58330,14.9893,58330,RoboticsFacility Adept Adept Pylon Immortal Probe Stalker Immortal Pylon Stargate Zealot Assimilator Immortal Stargate VoidRay Stalker Stalker VoidRay Immortal Pylon VoidRay Immortal Stalker Pylon VoidRay Stalker Pylon Probe Probe Stalker Probe Probe RoboticsFacility Assimilator,47,119033
425,1052644,0,58505,15.0081,58505,RoboticsFacility Adept Adept Pylon Immortal Probe Stalker Immortal Pylon Stargate Zealot Assimilator Immortal Stargate VoidRay Stalker Stalker VoidRay Immortal Pylon VoidRay Immortal Stalker Pylon VoidRay Stalker Pylon Probe Probe Probe Assimilator Probe Immortal,47,119033
427,1059481,2,60010,15.096,60010,RoboticsFacility Adept Adept Pylon Immortal Probe Stalker Immortal Pylon Stargate Zealot Assimilator Immortal Stargate VoidRay Stalker Stalker VoidRay Immortal Pylon VoidRay Immortal Stalker Pylon VoidRay Stalker Pylon Probe Probe Probe Probe Immortal Adept,47,119033
427,1059544,2,60025,15.0966,60025,RoboticsFacility Adept Adept Pylon Immortal Probe Stalker Immortal Pylon Stargate Zealot Assimilator Immortal Stargate VoidRay Stalker Stalker VoidRay Immortal Pylon VoidRay Immortal Stalker Pylon VoidRay Stalker Pylon Probe Probe Probe Probe Adept VoidRay,47,119033
427,1060473,2,60250,15.1177,60250,RoboticsFacility Adept Adept Pylon Immortal Probe Stalker Immortal Pylon Stargate Zealot Assimilator Immortal Stargate VoidRay Stalker Stalker VoidRay Immortal Pylon VoidRay Immortal Stalker Pylon VoidRay Stalker Pylon Probe Probe Probe Probe Stalker VoidRay,47,119033
