0,0,0,0,0,0, ,0,0
0,35,0,1,0.000283,1,Stalker Probe Probe RoboticsFacility RoboticsFacility RoboticsBay RoboticsFacility Nexus TwilightCouncil Immortal Gateway Pylon Stalker RoboticsFacility Gateway Colossus DarkShrine Assimilator Zealot Stalker Zealot Zealot Zealot TemplarArchive Assimilator Stalker Pylon Adept Adept RoboticsFacility Nexus Nexus Probe Immortal,22.25,55883
0,343,0,12,0.002504,12,Stalker Gateway RoboticsFacility Zealot Zealot Assimilator RoboticsBay Stalker RoboticsFacility Colossus TwilightCouncil Zealot Immortal Nexus Nexus Colossus Gateway DarkShrine TemplarArchive Assimilator Immortal Probe Colossus Zealot Zealot,24,66540.5
0,713,0,24,0.005165,24,Stargate Gateway Assimilator TwilightCouncil Pylon Zealot VoidRay VoidRay Stargate Pylon Probe Gateway VoidRay Stargate Zealot Stargate VoidRay Pylon Zealot Zealot Adept TemplarArchive Stalker Stargate Nexus RoboticsFacility Nexus Probe Pylon Stalker,23,70964.5
0,3519,0,115,0.024901,115,Zealot Probe Stalker RoboticsFacility Adept Gateway Probe Pylon Immortal Gateway Assimilator RoboticsFacility Stargate Probe VoidRay Assimilator Nexus Immortal VoidRay FleetBeacon Pylon Stalker Immortal Tempest VoidRay Nexus RoboticsFacility Adept,29.25,76529.8
11,13380,0,430,0.181016,430,Assimilator Gateway Stalker TwilightCouncil Probe Stalker DarkShrine Pylon Stalker Adept Adept Gateway Stalker TemplarArchive DarkTemplar Probe Zealot Stalker DarkTemplar DarkTemplar DarkTemplar Assimilator Probe DarkTemplar RoboticsFacility Stalker RoboticsBay Nexus Pylon Immortal Adept DarkTemplar RoboticsFacility Pylon Pylon Pylon,31.5,86003
11,28424,0,920,0.409134,920,Probe Probe Stalker Stalker Stargate Nexus VoidRay Gateway Zealot VoidRay Pylon Pylon Stalker Assimilator VoidRay Assimilator Probe Probe TwilightCouncil RoboticsFacility Stalker RoboticsFacility Stalker VoidRay Adept DarkShrine Immortal DarkTemplar Immortal RoboticsFacility Pylon Adept FleetBeacon Pylon Pylon,30.75,87896
23,106759,0,3373,1.60808,3373,Probe Zealot RoboticsFacility Gateway Pylon Probe Stalker Immortal Probe Probe Immortal Stalker Adept Probe Assimilator Assimilator Gateway Nexus Immortal Stalker Stalker Nexus Immortal Zealot Assimilator Stargate RoboticsFacility Gateway Probe Stalker RoboticsFacility Zealot Zealot Zealot VoidRay Probe,29,90206
36,137931,0,4336,2.09316,4336,Probe Zealot Stargate Gateway VoidRay Pylon Zealot Zealot Stargate Adept Assimilator Adept Stalker VoidRay VoidRay VoidRay Stalker Nexus Gateway Zealot TwilightCouncil VoidRay DarkShrine Adept FleetBeacon RoboticsFacility Stargate TemplarArchive Assimilator Pylon Pylon Stargate,31.25,96723.5
98,394097,0,12987,6.12954,12987,Probe Zealot Stargate Gateway VoidRay Pylon Adept Pylon Zealot Stalker Pylon Probe Zealot VoidRay RoboticsFacility Nexus VoidRay Stalker Immortal Immortal Stalker RoboticsFacility Nexus TwilightCouncil Zealot RoboticsFacility Adept Assimilator Gateway RoboticsFacility Assimilator Adept RoboticsBay Stargate Pylon RoboticsFacility,32.5,100201
100,420933,0,13947,6.55529,13947,Probe Zealot Stargate Gateway VoidRay Pylon Adept VoidRay Pylon Assimilator Stalker Adept Pylon Gateway Gateway Zealot Stalker RoboticsFacility Adept VoidRay Immortal Assimilator Adept VoidRay Stalker Immortal VoidRay Pylon Gateway Gateway Stalker Probe,39.75,103659
111,436208,0,14502,6.80345,14502,Probe Zealot Stargate Gateway VoidRay Pylon Adept Stalker VoidRay Stalker Zealot Zealot TwilightCouncil Gateway Stalker VoidRay Pylon Stalker Assimilator Probe Pylon DarkShrine VoidRay Probe Adept Assimilator RoboticsFacility VoidRay Stalker Stalker Gateway Gateway TemplarArchive Pylon FleetBeacon Stalker Probe,36,107948
164,650018,0,22779,10.1954,22779,Probe Zealot Stargate Gateway VoidRay Pylon Adept Stalker VoidRay Stalker Zealot Gateway RoboticsFacility VoidRay Stalker Immortal Assimilator Probe Probe Pylon Immortal Gateway VoidRay Assimilator Pylon Immortal Pylon RoboticsFacility Adept RoboticsBay Gateway Immortal RoboticsFacility Adept Probe,37,110353
192,767969,0,27842,12.1063,27842,Probe Zealot Stargate Gateway VoidRay Pylon Adept Stalker VoidRay Stalker Zealot Gateway RoboticsFacility Pylon Stalker Immortal Stalker Nexus Stalker Pylon VoidRay Immortal Zealot VoidRay FleetBeacon Immortal RoboticsFacility Adept Nexus Stalker Zealot Pylon,41.5,111280
204,778077,0,28297,12.2818,28297,Probe Zealot Stargate Gateway VoidRay Pylon Adept Stalker VoidRay Stalker Zealot Gateway RoboticsFacility Pylon Stalker Zealot Pylon Stalker VoidRay Stalker VoidRay Zealot Zealot Probe Assimilator Zealot Probe Stargate RoboticsFacility Immortal Assimilator TwilightCouncil RoboticsBay Stargate DarkShrine Pylon Zealot Adept Probe Adept Probe,35.75,112678
207,817071,0,30068,12.9335,30068,Probe Zealot Stargate Gateway VoidRay Pylon Adept Stalker VoidRay Stalker Zealot Gateway RoboticsFacility Pylon Stalker Probe VoidRay Stalker Adept Immortal Pylon Pylon Immortal VoidRay TwilightCouncil Assimilator Immortal Assimilator Stalker Stargate Probe FleetBeacon Pylon DarkShrine VoidRay Zealot,40.5,116141
252,942242,0,35892,15.0502,35892,Probe Zealot Stargate Gateway VoidRay Pylon Adept Stalker VoidRay Stalker Zealot Gateway RoboticsFacility Pylon Stalker Probe VoidRay Immortal Pylon Zealot Assimilator Immortal Zealot Zealot Pylon Zealot VoidRay Gateway Stalker Immortal Assimilator Pylon Probe Probe Adept Zealot Zealot Stargate RoboticsBay,43.75,116928
267,984221,0,38034,15.7372,38034,Probe Zealot Stargate Gateway VoidRay Pylon Adept Stalker VoidRay Stalker Zealot Gateway RoboticsFacility Pylon Stalker Probe VoidRay Immortal Pylon VoidRay Zealot Stalker Adept Adept Immortal Probe Pylon VoidRay TwilightCouncil Immortal Stargate Assimilator Assimilator Pylon Pylon Probe Probe Adept Nexus Zealot,45,118647
282,1005782,0,39166,16.1763,39166,Probe Zealot Stargate Gateway VoidRay Pylon Adept Stalker VoidRay Stalker Zealot Gateway RoboticsFacility Pylon Stalker Probe VoidRay Immortal Pylon Adept Stalker Zealot Gateway Immortal Pylon Adept Immortal VoidRay TwilightCouncil Nexus TemplarArchive FleetBeacon Zealot Probe Zealot Gateway Assimilator,41,119107
282,1006710,0,39215,16.1923,39215,Probe Zealot Stargate Gateway VoidRay Pylon Adept Stalker VoidRay Stalker Zealot Gateway RoboticsFacility Pylon Stalker Probe VoidRay Immortal Pylon Probe Stalker VoidRay Zealot Stalker Adept Pylon Immortal Immortal Stalker RoboticsFacility Nexus Stalker TwilightCouncil Nexus Gateway Assimilator Assimilator,45,121049
312,1070549,0,42516,17.009,42516,Probe Zealot Stargate Gateway VoidRay Pylon Adept Stalker VoidRay Stalker Zealot Gateway RoboticsFacility Pylon Stalker Probe VoidRay Immortal Pylon Probe Stalker Immortal Stalker Adept Zealot VoidRay Assimilator Pylon Stalker Stalker RoboticsFacility Nexus Zealot Nexus RoboticsBay Stargate Assimilator,42.25,121730
312,1075861,0,42800,17.1133,42800,Probe Zealot Stargate Gateway VoidRay Pylon Adept Stalker VoidRay Stalker Zealot Gateway RoboticsFacility Pylon Stalker Probe VoidRay Immortal Pylon Probe Stalker Immortal VoidRay Pylon Stalker Stalker Assimilator Assimilator Adept Stalker Immortal Zealot Stargate Nexus Gateway Pylon,45,122228
312,1082852,0,43174,17.2321,43174,Probe Zealot Stargate Gateway VoidRay Pylon Adept Stalker VoidRay Stalker Zealot Gateway RoboticsFacility Pylon Stalker Probe VoidRay Immortal Pylon Probe Stalker Stalker Zealot Stalker Pylon Stalker Pylon Zealot VoidRay Immortal Stalker Stargate Adept Stargate RoboticsFacility Adept Pylon Assimilator Assimilator Probe Zealot Gateway Probe Pylon Gateway,44,124081
342,1171244,0,48070,19.1495,48070,Probe Zealot Stargate Gateway VoidRay Pylon Adept Stalker VoidRay Stalker Zealot Gateway RoboticsFacility Pylon Stalker Probe VoidRay Immortal Pylon Probe Stalker Stalker Zealot Stalker Pylon Adept Stalker Stalker Zealot Immortal Zealot Pylon VoidRay Zealot Nexus Stalker FleetBeacon Adept Stargate Pylon,47.75,124669
357,1187770,0,49050,19.4918,49050,Probe Zealot Stargate Gateway VoidRay Pylon Adept Stalker VoidRay Stalker Zealot Gateway RoboticsFacility Pylon Stalker Probe VoidRay Immortal Pylon Probe Stalker Stalker Zealot Stalker Immortal Adept Pylon Stalker Adept Assimilator Immortal Pylon Pylon Probe Adept Zealot TwilightCouncil VoidRay Assimilator TemplarArchive Gateway Adept Probe,44.5,125992
371,1208468,0,50315,19.9304,50315,Probe Zealot Stargate Gateway VoidRay Pylon Adept Stalker VoidRay Stalker Zealot Gateway RoboticsFacility Pylon Stalker Probe VoidRay Immortal Pylon Probe Stalker Stalker Zealot Stalker Immortal Stalker Adept Pylon Stalker VoidRay Stalker Gateway Assimilator Nexus Pylon Pylon Nexus Stalker,44.75,126012
385,1238244,0,52281,20.4338,52281,Probe Zealot Stargate Gateway VoidRay Pylon Adept Stalker VoidRay Stalker Zealot Gateway RoboticsFacility Pylon Stalker Probe VoidRay Immortal Pylon Probe Stalker Stalker Zealot Stalker Immortal Stalker Adept Pylon Stalker Adept Immortal RoboticsFacility RoboticsFacility RoboticsFacility TwilightCouncil Gateway Nexus Gateway Gateway,44,126443
385,1260117,0,53789,20.6315,53789,Probe Zealot Stargate Gateway VoidRay Pylon Adept Stalker VoidRay Stalker Zealot Gateway RoboticsFacility Pylon Stalker Probe VoidRay Immortal Pylon Probe Stalker Stalker Zealot Stalker Immortal Stalker Pylon Stalker Immortal Zealot Stalker TwilightCouncil Gateway Assimilator FleetBeacon Nexus Stargate Pylon,44.25,126704
400,1274117,0,54773,20.9212,54773,Probe Zealot Stargate Gateway VoidRay Pylon Adept Stalker VoidRay Stalker Zealot Gateway RoboticsFacility Pylon Stalker Probe VoidRay Immortal Pylon Probe Stalker Stalker Zealot Stalker Immortal Stalker Pylon VoidRay Stalker Zealot Zealot Assimilator Pylon Stalker VoidRay Zealot Pylon Stalker Pylon Pylon RoboticsFacility Assimilator Probe,46.5,126750
400,1284200,0,55481,21.1414,55481,Probe Zealot Stargate Gateway VoidRay Pylon Adept Stalker VoidRay Stalker Zealot Gateway RoboticsFacility Pylon Stalker Probe VoidRay Immortal Pylon Probe Stalker Stalker Zealot Stalker Immortal Stalker Pylon VoidRay Adept Zealot Stalker Pylon Zealot Immortal Nexus Zealot RoboticsFacility RoboticsFacility Pylon Pylon,49.75,127652
452,1369950,0,62563,23.0756,62563,Probe Zealot Stargate Gateway VoidRay Pylon Adept Stalker VoidRay Stalker Zealot Gateway RoboticsFacility Pylon Stalker Probe VoidRay Immortal Pylon Probe Stalker Stalker Zealot Stalker Immortal Stalker Pylon VoidRay Adept Zealot Stalker Pylon Immortal Stalker Stalker FleetBeacon Pylon Pylon Assimilator Assimilator Gateway,51.25,128247
452,1370466,0,62612,23.0884,62612,Probe Zealot Stargate Gateway VoidRay Pylon Adept Stalker VoidRay Stalker Zealot Gateway RoboticsFacility Pylon Stalker Probe VoidRay Immortal Pylon Probe Stalker Stalker Zealot Stalker Immortal Stalker Pylon VoidRay Adept Zealot Stalker Pylon Immortal Stalker Adept Nexus Assimilator Gateway TwilightCouncil Pylon,50.75,128251
467,1389245,0,64426,23.5623,64426,Probe Zealot Stargate Gateway VoidRay Pylon Adept Stalker VoidRay Stalker Zealot Gateway RoboticsFacility Pylon Stalker Probe VoidRay Immortal Pylon Probe Stalker Stalker Zealot Stalker Immortal Stalker Pylon VoidRay Adept Zealot Stalker Pylon Immortal Stalker Adept FleetBeacon Nexus Assimilator Pylon,50.75,128251
467,1389406,0,64441,23.5636,64441,Probe Zealot Stargate Gateway VoidRay Pylon Adept Stalker VoidRay Stalker Zealot Gateway RoboticsFacility Pylon Stalker Probe VoidRay Immortal Pylon Probe Stalker Stalker Zealot Stalker Immortal Stalker Pylon VoidRay Adept Zealot Stalker Pylon Immortal Zealot Stalker Pylon Probe VoidRay Pylon Immortal Pylon Probe,50.5,128382
482,1424036,0,68065,24.0824,68065,Probe Zealot Stargate Gateway VoidRay Pylon Adept Stalker VoidRay Stalker Zealot Gateway RoboticsFacility Pylon Stalker Probe VoidRay Immortal Pylon Probe Stalker Stalker Zealot Stalker Immortal Stalker Pylon VoidRay Adept Zealot Stalker Pylon Immortal Zealot Stalker Pylon Adept Probe RoboticsBay Zealot Probe Gateway Assimilator RoboticsFacility,50.5,128382
495,1439812,0,70017,24.3176,70017,Probe Zealot Stargate Gateway VoidRay Pylon Adept Stalker VoidRay Stalker Zealot Gateway RoboticsFacility Pylon Stalker Probe VoidRay Immortal Pylon Probe Stalker Stalker Zealot Stalker Immortal Stalker Pylon VoidRay Adept Zealot Stalker Pylon Immortal Zealot Stalker Pylon Assimilator Probe Adept Probe TwilightCouncil Stalker Stalker Assimilator,50.5,128382
504,1441744,0,70298,24.3455,70298,Probe Zealot Stargate Gateway VoidRay Pylon Adept Stalker VoidRay Stalker Zealot Gateway RoboticsFacility Pylon Stalker Probe VoidRay Immortal Pylon Probe Stalker Stalker Zealot Stalker Immortal Stalker Pylon VoidRay Adept Zealot Stalker Pylon Immortal Zealot Stalker Assimilator Pylon Probe TwilightCouncil Probe VoidRay Zealot Assimilator,50.5,128382
504,1443079,0,70494,24.3683,70494,Probe Zealot Stargate Gateway VoidRay Pylon Adept Stalker VoidRay Stalker Zealot Gateway RoboticsFacility Pylon Stalker Probe VoidRay Immortal Pylon Probe Stalker Stalker Zealot Stalker Immortal Stalker Pylon VoidRay Adept Zealot Stalker Pylon Immortal Zealot Stalker Pylon RoboticsBay Probe Gateway Probe Immortal Adept,50.5,128382
504,1444127,0,70647,24.389,70647,Probe Zealot Stargate Gateway VoidRay Pylon Adept Stalker VoidRay Stalker Zealot Gateway RoboticsFacility Pylon Stalker Probe VoidRay Immortal Pylon Probe Stalker Stalker Zealot Stalker Immortal Stalker Pylon VoidRay Adept Zealot Stalker Pylon Immortal Zealot Stalker Pylon VoidRay Probe Stalker Assimilator Probe Pylon Gateway,50.5,128382
539,1459534,0,72873,24.6216,72873,Probe Zealot Stargate Gateway VoidRay Pylon Adept Stalker VoidRay Stalker Zealot Gateway RoboticsFacility Pylon Stalker Probe VoidRay Immortal Pylon Probe Stalker Stalker Zealot Stalker Immortal Stalker Pylon VoidRay Adept Zealot Stalker Pylon Immortal Zealot Stalker Pylon Probe VoidRay Probe Stalker Gateway Gateway,50.5,128382
539,1466215,0,73823,24.7105,73823,Probe Zealot Stargate Gateway VoidRay Pylon Adept Stalker VoidRay Stalker Zealot Gateway RoboticsFacility Pylon Stalker Probe VoidRay Immortal Pylon Probe Stalker Stalker Zealot Stalker Immortal Stalker Pylon VoidRay Adept Zealot Stalker Pylon Immortal Zealot Stalker Pylon Stalker Probe Stalker Pylon Probe Immortal Pylon,50.5,128382
554,1481282,0,76204,24.9432,76204,Probe Zealot Stargate Gateway VoidRay Pylon Adept Stalker VoidRay Stalker Zealot Gateway RoboticsFacility Pylon Stalker Probe VoidRay Immortal Pylon Probe Stalker Stalker Zealot Stalker Immortal Stalker Pylon VoidRay Adept Zealot Stalker Pylon Immortal Zealot Stalker Pylon Stalker Probe Probe Adept Pylon Immortal Adept,50.5,128382
584,1494968,0,78476,25.1504,78476,Probe Zealot Stargate Gateway VoidRay Pylon Adept Stalker VoidRay Stalker Zealot Gateway RoboticsFacility Pylon Stalker Probe VoidRay Immortal Pylon Probe Stalker Stalker Zealot Stalker Immortal Stalker Pylon VoidRay Adept Zealot Stalker Pylon Immortal Zealot Stalker Pylon Stalker Probe Probe Pylon Immortal Stalker Zealot,50.5,128382
584,1496355,0,78720,25.1737,78720,Probe Zealot Stargate Gateway VoidRay Pylon Adept Stalker VoidRay Stalker Zealot Gateway RoboticsFacility Pylon Stalker Probe VoidRay Immortal Pylon Probe Stalker Stalker Zealot Stalker Immortal Stalker Pylon VoidRay Adept Zealot Stalker Pylon Immortal Zealot Stalker Pylon Stalker Probe Probe Stalker Pylon Zealot VoidRay,50.5,128382
587,1502867,0,79871,25.2757,79871,Probe Zealot Stargate Gateway VoidRay Pylon Adept Stalker VoidRay Stalker Zealot Gateway RoboticsFacility Pylon Stalker Probe VoidRay Immortal Pylon Probe Stalker Stalker Zealot Stalker Immortal Stalker Pylon VoidRay Adept Zealot Stalker Pylon Immortal Zealot Stalker Pylon Stalker Probe Probe Pylon VoidRay Stalker Adept,50.5,128382
