0,0,0,0,0,0, ,0,0
0,33,0,1,0.004305,1,Stargate RoboticsFacility Stalker Gateway Immortal Adept RoboticsBay Stargate Pylon Immortal Adept FleetBeacon Gateway Nexus Nexus Mothership Adept Stargate TwilightCouncil Pylon Tempest Assimilator Zealot Gateway Gateway Pylon Adept Probe Assimilator Pylon Pylon Pylon,13,49225
0,113,0,4,0.00488,4,Adept Adept Assimilator Stargate RoboticsFacility Nexus VoidRay Adept Gateway RoboticsFacility VoidRay RoboticsFacility Stalker RoboticsBay Pylon Assimilator TwilightCouncil Colossus Nexus Stargate TemplarArchive VoidRay VoidRay,18.5,60975.2
0,554,0,17,0.008074,17,RoboticsFacility RoboticsBay Immortal Zealot TwilightCouncil Nexus Immortal Stalker Immortal Colossus Gateway Immortal Stargate Colossus Stargate Zealot FleetBeacon Probe DarkShrine Stalker Probe Pylon Gateway Nexus Pylon Nexus Pylon,23.75,69548
0,1285,0,42,0.022123,42,Zealot Gateway Stalker Adept RoboticsFacility Assimilator Immortal TwilightCouncil RoboticsFacility TemplarArchive Probe Immortal Pylon Stalker Nexus RoboticsFacility Stalker Assimilator Stalker Stalker Stalker Zealot Immortal Stargate Immortal VoidRay Stargate Probe,28.75,69940.8
0,2550,0,83,0.044179,83,RoboticsFacility TwilightCouncil Pylon Adept Immortal Assimilator Stalker Stargate Stalker Probe Probe Immortal Zealot RoboticsFacility VoidRay FleetBeacon TemplarArchive Tempest VoidRay Nexus Pylon Stalker Stalker Nexus VoidRay RoboticsFacility Stargate RoboticsBay,27.25,83320
0,3988,0,132,0.071302,132,Stargate Adept Stalker VoidRay Adept Gateway Stalker VoidRay Nexus Assimilator Gateway VoidRay TwilightCouncil DarkShrine Adept VoidRay RoboticsFacility Adept VoidRay RoboticsFacility FleetBeacon Gateway RoboticsBay Stargate Tempest Assimilator Probe Pylon,28.5,86832.5
11,19008,0,613,0.321362,613,Stargate Adept Probe Gateway VoidRay Stalker Adept VoidRay Stalker Nexus VoidRay Assimilator TwilightCouncil Zealot FleetBeacon Stalker Adept Adept DarkShrine Stalker Nexus Tempest Stalker Zealot Mothership Adept TemplarArchive RoboticsFacility Assimilator Adept,33.25,95829
74,255709,0,8586,3.98784,8586,Stargate Adept Probe Gateway Stalker Stalker Pylon VoidRay Adept Zealot VoidRay Pylon Stalker Gateway Zealot Adept Adept Probe RoboticsFacility TwilightCouncil Assimilator Zealot RoboticsFacility VoidRay RoboticsBay Pylon VoidRay Stargate Gateway DarkShrine Colossus Nexus Adept RoboticsFacility Pylon Probe Assimilator,29.25,98257.2
102,361125,0,12220,5.42189,12220,Stargate Adept Probe Gateway Stalker Stalker Pylon Assimilator Gateway Adept Probe Stalker Pylon Stalker VoidRay Adept Probe Stalker VoidRay Adept Zealot Stalker Adept FleetBeacon Stargate Pylon Stalker Pylon Adept Stargate Tempest Assimilator Carrier Adept Zealot Pylon Gateway Gateway Probe,35.25,102194
117,422606,0,14409,6.11838,14409,Stargate Adept Probe Gateway Stalker Stalker Pylon VoidRay Zealot RoboticsFacility RoboticsFacility VoidRay Pylon Adept Assimilator Pylon Stalker RoboticsBay Adept Stalker Pylon VoidRay Immortal Immortal Adept Immortal FleetBeacon Probe TwilightCouncil Carrier Assimilator Probe Adept Zealot,36.25,104974
117,428291,0,14615,6.20882,14615,Stargate Adept Probe Gateway Stalker Stalker Pylon Assimilator Stalker VoidRay Zealot VoidRay Pylon Zealot Adept Stalker Stalker Probe Assimilator VoidRay Pylon Adept VoidRay Probe Adept RoboticsFacility Adept Nexus Nexus TwilightCouncil Stargate Adept Probe Probe,33,106224
141,488481,0,16965,7.13267,16965,Stargate Adept Probe Gateway Stalker Stalker Pylon Assimilator VoidRay Stargate Zealot Zealot VoidRay Adept VoidRay Pylon Adept Stalker Gateway Adept Stargate Assimilator Probe VoidRay Pylon Stalker Adept Probe TwilightCouncil Adept Nexus FleetBeacon Stargate Probe,32.5,106450
177,562983,0,20239,8.22181,20239,Stargate Adept Probe Gateway Stalker Stalker Pylon Assimilator VoidRay Stargate VoidRay Pylon Adept Adept VoidRay Zealot Stalker VoidRay VoidRay Adept Stargate Gateway FleetBeacon TwilightCouncil DarkShrine Stargate RoboticsFacility Assimilator Stargate Nexus Probe,31.25,108203
178,584574,0,21239,8.59892,21239,Stargate Adept Probe Gateway Stalker Stalker Pylon Assimilator VoidRay Stargate Zealot Zealot Stalker Stalker VoidRay VoidRay Pylon TwilightCouncil VoidRay VoidRay DarkShrine Adept Adept RoboticsFacility Gateway FleetBeacon Pylon Mothership RoboticsBay RoboticsFacility Pylon,32.75,108956
203,641095,0,23892,9.65973,23892,Stargate Adept Probe Gateway Stalker Stalker Pylon Assimilator VoidRay Stargate Zealot VoidRay VoidRay VoidRay Zealot Pylon Pylon Adept VoidRay Zealot Assimilator Probe Probe Adept VoidRay Stalker FleetBeacon Gateway TwilightCouncil TemplarArchive RoboticsFacility Adept RoboticsFacility,36,110031
216,666201,0,25161,10.1928,25161,Stargate Adept Probe Gateway Stalker Stalker Pylon Assimilator VoidRay Stargate Zealot VoidRay Adept Stalker VoidRay VoidRay Pylon Stalker VoidRay Zealot RoboticsFacility RoboticsFacility Assimilator TwilightCouncil Probe Pylon Nexus Adept Zealot Stargate Probe Stargate TemplarArchive,33.75,110644
229,691159,0,26426,10.7033,26426,Stargate Adept Probe Gateway Stalker Stalker Pylon Assimilator VoidRay Stargate Zealot VoidRay Adept VoidRay Pylon Adept Probe VoidRay Adept Pylon Pylon VoidRay Adept Stalker Pylon Nexus Probe VoidRay Probe Probe VoidRay RoboticsFacility VoidRay FleetBeacon Assimilator,36.5,110726
255,775051,0,31027,11.9983,31027,Stargate Adept Probe Gateway Stalker Stalker Pylon Assimilator VoidRay Stargate Zealot VoidRay Adept VoidRay Pylon Pylon Stalker VoidRay Stargate VoidRay Stalker Gateway VoidRay Pylon Stalker Gateway RoboticsFacility Nexus Gateway Assimilator TwilightCouncil Probe,36.25,111386
255,777667,0,31177,12.0393,31177,Stargate Adept Probe Gateway Stalker Stalker Pylon Assimilator VoidRay Stargate Zealot VoidRay Adept VoidRay Pylon Stalker VoidRay Probe Pylon VoidRay Zealot VoidRay Probe Stargate Gateway Pylon Probe VoidRay Adept Zealot Probe FleetBeacon TwilightCouncil RoboticsFacility Adept Stargate RoboticsFacility,40,114619
268,801180,0,32547,12.4015,32547,Stargate Adept Probe Gateway Stalker Stalker Pylon Assimilator VoidRay Stargate Zealot VoidRay Adept VoidRay Pylon Stalker TwilightCouncil VoidRay VoidRay Adept Stalker Stalker Pylon DarkShrine Adept VoidRay Adept RoboticsFacility RoboticsFacility RoboticsFacility RoboticsBay RoboticsFacility Stargate,40,116264
268,810964,0,33135,12.5526,33135,Stargate Adept Probe Gateway Stalker Stalker Pylon Assimilator VoidRay Stargate Zealot VoidRay Adept VoidRay Pylon Stalker Stalker VoidRay TwilightCouncil Pylon VoidRay Zealot VoidRay VoidRay Adept FleetBeacon Pylon Nexus Pylon DarkShrine,40.75,117444
281,851202,0,35604,13.1778,35604,Stargate Adept Probe Gateway Stalker Stalker Pylon Assimilator VoidRay Stargate Zealot VoidRay Adept VoidRay Pylon Stalker Stalker VoidRay Stalker Stalker VoidRay Pylon Probe Pylon Zealot Stargate Stalker TwilightCouncil Gateway VoidRay TemplarArchive Adept VoidRay Gateway,40.75,118556
281,858204,0,36043,13.2282,36043,Stargate Adept Probe Gateway Stalker Stalker Pylon Assimilator VoidRay Stargate Zealot VoidRay Adept VoidRay Pylon Stalker Stalker VoidRay VoidRay Stalker Adept Pylon Zealot VoidRay FleetBeacon Gateway Gateway Pylon Nexus Probe Assimilator Adept,38.5,120256
294,865816,0,36557,13.2843,36557,Stargate Adept Probe Gateway Stalker Stalker Pylon Assimilator VoidRay Stargate Zealot VoidRay Adept VoidRay Pylon Stalker Stalker VoidRay Stalker VoidRay Adept Pylon Pylon Stalker Stalker Probe Gateway VoidRay Stargate RoboticsFacility Pylon VoidRay Probe VoidRay,41,121034
307,896005,0,38636,13.5085,38636,Stargate Adept Probe Gateway Stalker Stalker Pylon Assimilator VoidRay Stargate Zealot VoidRay Adept VoidRay Pylon Stalker Stalker VoidRay Stalker VoidRay Zealot Pylon VoidRay Adept Pylon Assimilator Adept FleetBeacon Mothership RoboticsFacility,39.75,121609
319,927203,0,40966,13.7323,40966,Stargate Adept Probe Gateway Stalker Stalker Pylon Assimilator VoidRay Stargate Zealot VoidRay Adept VoidRay Pylon Stalker Stalker VoidRay Stalker VoidRay Stalker Pylon VoidRay Stalker TwilightCouncil Stargate DarkShrine Assimilator Nexus Zealot RoboticsFacility,39.75,122229
319,930973,0,41265,13.7587,41265,Stargate Adept Probe Gateway Stalker Stalker Pylon Assimilator VoidRay Stargate Zealot VoidRay Adept VoidRay Pylon Stalker Stalker VoidRay Stalker VoidRay Stalker Pylon VoidRay Stargate VoidRay FleetBeacon Gateway Pylon Stargate Probe Zealot TwilightCouncil,42,122377
327,941270,0,42096,13.832,42096,Stargate Adept Probe Gateway Stalker Stalker Pylon Assimilator VoidRay Stargate Zealot VoidRay Adept VoidRay Pylon Stalker Stalker VoidRay Stalker VoidRay Stalker Pylon VoidRay Stalker TwilightCouncil Stargate Adept Pylon Probe Zealot Pylon TemplarArchive FleetBeacon Pylon,42,123344
327,942707,0,42223,13.8421,42223,Stargate Adept Probe Gateway Stalker Stalker Pylon Assimilator VoidRay Stargate Zealot VoidRay Adept VoidRay Pylon Stalker Stalker VoidRay Stalker VoidRay Stalker Pylon VoidRay Stalker Pylon Stalker TwilightCouncil Stalker Zealot Gateway Zealot Zealot TemplarArchive Stargate,44.25,125293
376,1005949,0,48009,14.2986,48009,Stargate Adept Probe Gateway Stalker Stalker Pylon Assimilator VoidRay Stargate Zealot VoidRay Adept VoidRay Pylon Stalker Stalker VoidRay Stalker VoidRay Stalker Pylon VoidRay Stalker Pylon VoidRay Adept Assimilator Adept Probe Pylon Adept Stalker Pylon Probe Probe,46.25,125410
388,1007999,0,48230,14.3142,48230,Stargate Adept Probe Gateway Stalker Stalker Pylon Assimilator VoidRay Stargate Zealot VoidRay Adept VoidRay Pylon Stalker Stalker VoidRay Stalker VoidRay Stalker Pylon VoidRay Stalker Pylon VoidRay Adept Adept TwilightCouncil Nexus Probe DarkShrine,46.25,125553
388,1009644,0,48411,14.3256,48411,Stargate Adept Probe Gateway Stalker Stalker Pylon Assimilator VoidRay Stargate Zealot VoidRay Adept VoidRay Pylon Stalker Stalker VoidRay Stalker VoidRay Stalker Pylon VoidRay Stalker Pylon Zealot VoidRay Adept Adept FleetBeacon RoboticsFacility Gateway,47.25,125722
388,1017105,0,49225,14.377,49225,Stargate Adept Probe Gateway Stalker Stalker Pylon Assimilator VoidRay Stargate Zealot VoidRay Adept VoidRay Pylon Stalker Stalker VoidRay Stalker VoidRay Stalker Pylon VoidRay Stalker Pylon VoidRay Zealot Stalker Zealot Nexus TwilightCouncil Assimilator,47.5,125725
388,1018489,0,49378,14.3873,49378,Stargate Adept Probe Gateway Stalker Stalker Pylon Assimilator VoidRay Stargate Zealot VoidRay Adept VoidRay Pylon Stalker Stalker VoidRay Stalker VoidRay Stalker Pylon VoidRay Stalker Pylon Stalker VoidRay Adept TwilightCouncil Adept Nexus Assimilator,48,125822
388,1025432,0,50132,14.437,50132,Stargate Adept Probe Gateway Stalker Stalker Pylon Assimilator VoidRay Stargate Zealot VoidRay Adept VoidRay Pylon Stalker Stalker VoidRay Stalker VoidRay Stalker Pylon VoidRay Stalker Pylon Stalker Stalker VoidRay Zealot Stargate Pylon Zealot Stargate Pylon,48.25,125878
401,1034675,0,51172,14.506,51172,Stargate Adept Probe Gateway Stalker Stalker Pylon Assimilator VoidRay Stargate Zealot VoidRay Adept VoidRay Pylon Stalker Stalker VoidRay Stalker VoidRay Stalker Pylon VoidRay Stalker Pylon Stalker VoidRay Zealot Stalker Gateway RoboticsFacility FleetBeacon,48.25,126140
401,1042244,0,52020,14.5618,52020,Stargate Adept Probe Gateway Stalker Stalker Pylon Assimilator VoidRay Stargate Zealot VoidRay Adept VoidRay Pylon Stalker Stalker VoidRay Stalker VoidRay Stalker Pylon VoidRay Stalker Pylon Stalker VoidRay Stalker Adept Assimilator RoboticsFacility TwilightCouncil Pylon,48.5,126216
414,1048037,0,52722,14.6042,52722,Stargate Adept Probe Gateway Stalker Stalker Pylon Assimilator VoidRay Stargate Zealot VoidRay Adept VoidRay Pylon Stalker Stalker VoidRay Stalker VoidRay Stalker Pylon VoidRay Stalker Pylon Stalker VoidRay Stalker Stalker Pylon Stargate RoboticsFacility Pylon Assimilator,49,126278
414,1059893,0,54207,14.6894,54207,Stargate Adept Probe Gateway Stalker Stalker Pylon Assimilator VoidRay Stargate Zealot VoidRay Adept VoidRay Pylon Stalker Stalker VoidRay Stalker VoidRay Stalker Pylon VoidRay Stalker Pylon Stalker VoidRay Stalker Stalker Stargate Nexus,49,126278
427,1061162,0,54396,14.6984,54396,Stargate Adept Probe Gateway Stalker Stalker Pylon Assimilator VoidRay Stargate Zealot VoidRay Adept VoidRay Pylon Stalker Stalker VoidRay Stalker VoidRay Stalker Pylon VoidRay Stalker Pylon Stalker VoidRay Stalker Stalker Assimilator Pylon VoidRay Probe Probe,49,126278
427,1064177,0,54850,14.7185,54850,Stargate Adept Probe Gateway Stalker Stalker Pylon Assimilator VoidRay Stargate Zealot VoidRay Adept VoidRay Pylon Stalker Stalker VoidRay Stalker VoidRay Stalker Pylon VoidRay Stalker Pylon Stalker VoidRay Stalker Stalker Pylon Stalker Zealot VoidRay,49,126278
439,1073680,0,56316,14.7841,56316,Stargate Adept Probe Gateway Stalker Stalker Pylon Assimilator VoidRay Stargate Zealot VoidRay Adept VoidRay Pylon Stalker Stalker VoidRay Stalker VoidRay Stalker Pylon VoidRay Stalker Pylon Stalker VoidRay Stalker Stalker Pylon Assimilator Stalker Probe Adept Probe Probe,49,126278
439,1080728,0,57545,14.83,57545,Stargate Adept Probe Gateway Stalker Stalker Pylon Assimilator VoidRay Stargate Zealot VoidRay Adept VoidRay Pylon Stalker Stalker VoidRay Stalker VoidRay Stalker Pylon VoidRay Stalker Pylon Stalker VoidRay Stalker Stalker Pylon Probe VoidRay Stalker Probe,49,126278
447,1084726,0,58298,14.8568,58298,Stargate Adept Probe Gateway Stalker Stalker Pylon Assimilator VoidRay Stargate Zealot VoidRay Adept VoidRay Pylon Stalker Stalker VoidRay Stalker VoidRay Stalker Pylon VoidRay Stalker Pylon Stalker VoidRay Stalker Stalker Pylon Probe Assimilator Probe Probe Probe Stargate,49,126278
447,1086133,0,58602,14.8661,58602,Stargate Adept Probe Gateway Stalker Stalker Pylon Assimilator VoidRay Stargate Zealot VoidRay Adept VoidRay Pylon Stalker Stalker VoidRay Stalker VoidRay Stalker Pylon VoidRay Stalker Pylon Stalker VoidRay Stalker Stalker Pylon Adept Probe Probe Pylon Stalker Probe,49,126278
447,1086167,0,58610,14.8663,58610,Stargate Adept Probe Gateway Stalker Stalker Pylon Assimilator VoidRay Stargate Zealot VoidRay Adept VoidRay Pylon Stalker Stalker VoidRay Stalker VoidRay Stalker Pylon VoidRay Stalker Pylon Stalker VoidRay Stalker Stalker Pylon Probe Adept Probe VoidRay,49,126278
506,1094855,6,60490,14.9241,60490,Stargate Adept Probe Gateway Stalker Stalker Pylon Assimilator VoidRay Stargate Zealot VoidRay Adept VoidRay Pylon Stalker Stalker VoidRay Stalker VoidRay Stalker Pylon VoidRay Stalker Pylon Stalker VoidRay Stalker Stalker Pylon Probe Probe VoidRay Stalker,49,126278
