0,0,0,0,0,0, ,0,0
0,40,0,1,0.000294,1,Adept Assimilator Probe Adept Probe Stalker Zealot Gateway Gateway TwilightCouncil Assimilator Probe Stalker TemplarArchive RoboticsFacility RoboticsFacility Probe Gateway Zealot DarkShrine Gateway Stargate Stalker Stargate Adept Stargate Adept Probe RoboticsFacility RoboticsBay Pylon Colossus Stargate Gateway RoboticsFacility Pylon Colossus Probe Probe,12.25,45067.2
0,131,0,4,0.000952,4,TwilightCouncil Gateway RoboticsFacility Probe Gateway Assimilator Assimilator DarkShrine Zealot RoboticsFacility Immortal Stargate Probe Zealot Immortal Zealot DarkTemplar TemplarArchive Pylon DarkTemplar Pylon RoboticsBay VoidRay DarkTemplar Colossus Stalker Zealot Zealot FleetBeacon,24.75,55286
0,307,0,10,0.00215,10,Stalker Assimilator Nexus Zealot Stalker Gateway Probe Adept Zealot Assimilator Probe Stalker Probe Zealot Pylon Adept RoboticsFacility Stalker Nexus Probe Immortal Nexus Adept Immortal Stargate FleetBeacon TwilightCouncil Probe VoidRay Probe,21.25,59844.5
0,483,0,16,0.011419,16,Adept Pylon RoboticsFacility Adept Immortal Stargate Probe Stalker Nexus Probe Stargate Stalker Gateway RoboticsBay Gateway Zealot TwilightCouncil Immortal Pylon FleetBeacon Carrier Mothership Gateway Stalker Zealot Nexus Probe Pylon Zealot Gateway Gateway Pylon Pylon Pylon Probe Assimilator,20.5,62163.8
0,547,0,18,0.011866,18,Zealot Probe Assimilator Adept RoboticsFacility Stalker Zealot RoboticsFacility Stargate Probe RoboticsFacility Immortal Zealot Nexus VoidRay Zealot Probe Stargate Gateway Assimilator RoboticsBay Colossus Stalker Colossus RoboticsFacility FleetBeacon Gateway Pylon TwilightCouncil Probe Zealot Probe,26.5,65674.5
0,637,0,21,0.012462,21,Assimilator Zealot Stalker Zealot Stalker Gateway Pylon Stalker Gateway Stargate TwilightCouncil Zealot Pylon VoidRay Adept Adept Zealot Stalker TemplarArchive Zealot Adept VoidRay Stalker VoidRay Assimilator Gateway Stargate Stargate Pylon Stargate VoidRay Probe,29.5,70812
0,3617,0,118,0.057191,118,Stalker RoboticsFacility Assimilator Stargate Stargate Stalker Adept Immortal Immortal VoidRay TwilightCouncil RoboticsFacility Pylon Stargate RoboticsFacility Stalker Pylon Stargate Pylon Stargate Pylon Stalker Zealot Assimilator Stalker FleetBeacon RoboticsFacility Gateway Stalker Probe,22.5,71030.5
0,4370,0,142,0.067554,142,Stargate Stalker Nexus Probe Pylon VoidRay Nexus Stalker Stalker Probe Adept Stargate Nexus RoboticsFacility Gateway VoidRay Pylon Immortal Adept VoidRay Adept Assimilator Immortal Zealot Stalker FleetBeacon Stargate RoboticsBay Tempest RoboticsFacility Probe,31.25,76524.8
0,4402,0,143,0.067777,143,Stargate Stalker VoidRay Nexus Adept Assimilator Stalker VoidRay Probe Nexus Stalker Zealot Adept Zealot VoidRay Stalker Zealot Assimilator Probe Pylon Gateway Zealot Stargate RoboticsFacility Nexus Probe RoboticsFacility Pylon FleetBeacon Probe Probe,24.5,77585.5
0,4903,0,160,0.076298,160,Adept RoboticsFacility Nexus Immortal RoboticsFacility Immortal Adept Gateway RoboticsFacility TwilightCouncil Stalker Adept TemplarArchive Adept Immortal Pylon Immortal Nexus Zealot Pylon Assimilator Zealot Assimilator Immortal Probe DarkShrine RoboticsBay Gateway Stargate Probe,27.5,80184.8
3,9289,0,301,0.181465,301,Probe Pylon Stalker Stargate Adept VoidRay Stalker Assimilator VoidRay Stargate Adept Adept VoidRay Stargate Zealot Nexus Stargate Stalker RoboticsFacility TwilightCouncil VoidRay TemplarArchive RoboticsBay Stalker Colossus Gateway Zealot Nexus RoboticsFacility Probe,27.75,89803.5
11,21005,0,675,0.41191,675,Stargate VoidRay Pylon Stalker Stalker Probe Nexus VoidRay RoboticsFacility Gateway Immortal Stalker Immortal Stalker Stalker Pylon Assimilator Assimilator Immortal RoboticsBay VoidRay Pylon Stalker Nexus TwilightCouncil FleetBeacon DarkShrine,33.75,90519.5
12,58749,0,1888,1.09126,1888,Pylon Stalker RoboticsFacility Stargate Pylon Stargate Immortal Assimilator VoidRay Assimilator Stalker Zealot VoidRay VoidRay RoboticsFacility Zealot Immortal Stalker Immortal Gateway Probe VoidRay Gateway FleetBeacon Pylon,34.5,91630.2
22,71841,0,2315,1.29216,2315,Pylon Zealot Gateway Stargate Stargate Zealot Adept VoidRay VoidRay VoidRay Adept Gateway Pylon TwilightCouncil Assimilator RoboticsFacility Adept VoidRay DarkShrine VoidRay Pylon VoidRay Adept Zealot TemplarArchive Gateway DarkTemplar Gateway Pylon Immortal Adept Probe Probe,34.5,92720
41,152785,0,4992,2.52503,4992,Pylon Zealot RoboticsFacility Pylon Stalker Assimilator Stalker Probe Immortal Zealot RoboticsFacility Gateway Immortal Adept Probe Immortal RoboticsFacility Immortal Stalker Stalker Probe Probe Stalker RoboticsBay Adept Nexus TwilightCouncil Stargate FleetBeacon Gateway Zealot Stargate Pylon Gateway Probe Probe,28.25,95428.2
77,298627,0,10029,4.76193,10029,Pylon Zealot RoboticsFacility Pylon Stalker RoboticsFacility Immortal Gateway Pylon Immortal Stalker Immortal RoboticsFacility Adept Pylon Stalker Stalker Pylon Adept Stalker Stargate Stalker Zealot Nexus RoboticsFacility Assimilator Assimilator Probe Stargate Gateway Stalker VoidRay Gateway Pylon,28,95450.8
87,304659,0,10247,4.80617,10247,Pylon Zealot RoboticsFacility Pylon Stalker RoboticsFacility Immortal Adept Pylon Probe Immortal Stalker Stalker Probe Zealot Immortal Immortal Pylon Probe TwilightCouncil Stalker Stargate TemplarArchive Assimilator Zealot VoidRay Stargate Stargate Assimilator Probe VoidRay DarkShrine VoidRay Adept Nexus Pylon Pylon,30.25,98261.2
93,343463,0,11648,5.17659,11648,Pylon Zealot RoboticsFacility Pylon Stalker RoboticsFacility Probe Adept Immortal Immortal Gateway Stalker Assimilator Stalker Immortal Stalker Assimilator Stalker Nexus Immortal Zealot Stargate Zealot Gateway FleetBeacon Pylon Gateway Pylon TwilightCouncil,28,98752.8
103,364342,0,12401,5.52298,12401,Pylon Zealot RoboticsFacility Pylon Stalker RoboticsFacility Immortal Stalker Immortal Stalker Zealot RoboticsBay Immortal Gateway Colossus Colossus RoboticsFacility TwilightCouncil Gateway Zealot Adept Probe Stargate Nexus Stargate TemplarArchive Assimilator Pylon Assimilator Pylon Pylon Nexus Pylon,30.75,99522
103,366456,0,12479,5.57606,12479,Pylon Zealot RoboticsFacility Pylon Stalker RoboticsFacility Immortal Stalker Immortal Immortal Probe Adept Assimilator Immortal RoboticsBay Probe Probe Immortal Stalker Assimilator Colossus Stargate RoboticsFacility TwilightCouncil DarkShrine Nexus Nexus RoboticsFacility Pylon,31.25,109082
131,495550,0,17465,7.79437,17465,Pylon Zealot RoboticsFacility Pylon Stalker RoboticsFacility Immortal Stalker Immortal Immortal Immortal Probe Immortal Immortal Stalker Stalker RoboticsBay Stargate VoidRay FleetBeacon TwilightCouncil Pylon Probe Pylon RoboticsFacility Zealot Nexus Gateway Nexus Pylon,34.5,112402
145,515926,0,18298,8.11194,18298,Pylon Zealot RoboticsFacility Pylon Stalker RoboticsFacility Immortal Stalker Immortal Stalker TwilightCouncil Gateway Immortal Immortal Immortal Gateway Immortal Probe Immortal Zealot TemplarArchive RoboticsBay Pylon Gateway Adept Stalker Adept Gateway DarkShrine Pylon Zealot Probe Immortal Zealot,37.75,114184
145,516437,0,18320,8.1205,18320,Pylon Zealot RoboticsFacility Pylon Stalker RoboticsFacility Immortal Stalker Immortal Adept Immortal Probe Immortal Immortal Gateway RoboticsFacility Immortal Immortal Stargate Nexus Probe Immortal Probe RoboticsBay Nexus RoboticsFacility VoidRay TwilightCouncil Stalker Zealot,32,114525
159,583061,0,21167,9.1643,21167,Pylon Zealot RoboticsFacility Pylon Stalker RoboticsFacility Immortal Stalker Immortal Adept Immortal Probe Immortal Zealot Stargate Immortal Immortal Probe Pylon Zealot RoboticsBay Assimilator Pylon RoboticsFacility Stalker Stalker VoidRay FleetBeacon Carrier Zealot Assimilator Gateway RoboticsFacility,37.75,118338
172,629369,0,23239,9.82132,23239,Pylon Zealot RoboticsFacility Pylon Stalker RoboticsFacility Immortal Stalker Immortal Adept Immortal Immortal Immortal Zealot Pylon Zealot Pylon Immortal Immortal Gateway Pylon Adept TwilightCouncil Zealot Stargate DarkShrine Nexus Pylon Nexus Zealot Probe,36.25,121830
172,634080,0,23457,9.89394,23457,Pylon Zealot RoboticsFacility Pylon Stalker RoboticsFacility Immortal Stalker Immortal Adept Immortal Immortal Immortal Immortal Immortal Pylon Immortal Assimilator RoboticsFacility Assimilator Stalker Pylon Probe TwilightCouncil DarkShrine Nexus Adept Stargate,37.5,123370
185,687348,0,26043,10.5835,26043,Pylon Zealot RoboticsFacility Pylon Stalker RoboticsFacility Immortal Stalker Immortal Adept Immortal Immortal Immortal Immortal Immortal TwilightCouncil Pylon Immortal RoboticsFacility Adept Zealot RoboticsFacility Stalker Pylon Probe Stargate Pylon Stalker Stargate Assimilator Probe Probe Pylon Assimilator Pylon Pylon,39.75,123840
196,690462,0,26209,10.6299,26209,Pylon Zealot RoboticsFacility Pylon Stalker RoboticsFacility Immortal Stalker Immortal Adept Immortal Immortal Immortal Pylon Adept Immortal Probe Stalker Probe Stalker TwilightCouncil Immortal Adept Nexus TemplarArchive Stargate Gateway Adept RoboticsFacility Immortal Pylon Assimilator Assimilator Gateway,38,124810
198,708056,0,27139,10.8237,27139,Pylon Zealot RoboticsFacility Pylon Stalker RoboticsFacility Immortal Stalker Immortal Adept Immortal Immortal Immortal Immortal Probe Pylon Zealot Immortal Immortal Immortal Stargate Stargate Assimilator Stargate Stargate Assimilator RoboticsBay TwilightCouncil Gateway Pylon Pylon Pylon,40.5,127360
211,740574,0,28938,11.1923,28938,Pylon Zealot RoboticsFacility Pylon Stalker RoboticsFacility Immortal Stalker Immortal Adept Immortal Immortal Immortal Immortal Adept Immortal Pylon Immortal Stalker Assimilator Probe Stalker Nexus Pylon Probe RoboticsFacility Assimilator Stargate RoboticsBay Pylon Probe Pylon,40.5,128830
233,808277,0,33035,11.9728,33035,Pylon Zealot RoboticsFacility Pylon Stalker RoboticsFacility Immortal Stalker Immortal Adept Immortal Immortal Immortal Immortal Adept Immortal Probe Pylon Immortal Stalker Stargate Stalker Pylon Stalker Nexus Zealot RoboticsBay Immortal Stargate Assimilator Gateway,42.25,129161
242,833286,0,34708,12.2997,34708,Pylon Zealot RoboticsFacility Pylon Stalker RoboticsFacility Immortal Stalker Immortal Adept Immortal Immortal Immortal Immortal Adept Immortal Probe Pylon Immortal Zealot Stalker Pylon Immortal Adept Zealot Gateway Stargate Pylon Assimilator TwilightCouncil Stargate Gateway Gateway,44.75,129860
253,850745,0,35873,12.42,35873,Pylon Zealot RoboticsFacility Pylon Stalker RoboticsFacility Immortal Stalker Immortal Adept Immortal Immortal Immortal Immortal Adept Immortal Probe Pylon Stalker Immortal Pylon Immortal Adept Assimilator Stalker Nexus RoboticsBay Zealot Gateway Pylon Assimilator,45.5,132229
295,915148,0,40268,13.4175,40268,Pylon Zealot RoboticsFacility Pylon Stalker RoboticsFacility Immortal Stalker Immortal Adept Immortal Immortal Immortal Immortal Adept Immortal Probe Pylon Stalker Immortal Pylon Immortal Immortal RoboticsBay RoboticsFacility Gateway Zealot Gateway Assimilator Stargate TwilightCouncil Assimilator,47.25,132534
295,915894,0,40329,13.4278,40329,Pylon Zealot RoboticsFacility Pylon Stalker RoboticsFacility Immortal Stalker Immortal Adept Immortal Immortal Immortal Immortal Adept Immortal Probe Pylon Stalker Immortal Pylon Immortal Immortal Zealot TwilightCouncil RoboticsFacility DarkShrine RoboticsFacility Pylon Assimilator Assimilator Gateway,47.25,133105
295,939335,0,42178,13.639,42178,Pylon Zealot RoboticsFacility Pylon Stalker RoboticsFacility Immortal Stalker Immortal Adept Immortal Immortal Immortal Immortal Adept Immortal Probe Pylon Stalker Immortal Pylon Immortal Immortal Stalker RoboticsBay Assimilator Assimilator RoboticsFacility RoboticsFacility Stargate RoboticsFacility,48,133496
308,962608,0,44069,13.8712,44069,Pylon Zealot RoboticsFacility Pylon Stalker RoboticsFacility Immortal Stalker Immortal Adept Immortal Immortal Immortal Immortal Adept Immortal Probe Pylon Stalker Immortal Pylon Immortal Immortal Stalker Stargate RoboticsFacility RoboticsFacility Nexus RoboticsFacility,48,133496
308,963010,0,44108,13.8743,44108,Pylon Zealot RoboticsFacility Pylon Stalker RoboticsFacility Immortal Stalker Immortal Adept Immortal Immortal Immortal Immortal Adept Immortal Probe Pylon Stalker Immortal Pylon Immortal Adept Immortal Pylon Zealot Zealot Nexus Immortal Assimilator,48.5,133599
321,965196,0,44311,13.9348,44311,Pylon Zealot RoboticsFacility Pylon Stalker RoboticsFacility Immortal Stalker Immortal Adept Immortal Immortal Immortal Immortal Adept Immortal Probe Pylon Stalker Immortal Pylon Immortal Stalker Immortal Assimilator RoboticsFacility RoboticsBay TwilightCouncil Assimilator Stargate Pylon,48,133721
321,971247,0,44880,14.0298,44880,Pylon Zealot RoboticsFacility Pylon Stalker RoboticsFacility Immortal Stalker Immortal Adept Immortal Immortal Immortal Immortal Adept Immortal Probe Pylon Stalker Immortal Pylon Immortal Stalker Immortal TwilightCouncil RoboticsBay DarkShrine Nexus Pylon Assimilator,48,133721
321,978038,0,45515,14.181,45515,Pylon Zealot RoboticsFacility Pylon Stalker RoboticsFacility Immortal Stalker Immortal Adept Immortal Immortal Immortal Immortal Adept Immortal Probe Pylon Stalker Immortal Pylon Immortal Stalker Immortal Assimilator Pylon TwilightCouncil RoboticsBay Stalker Assimilator DarkShrine Pylon,48,133721
321,983745,0,46051,14.29,46051,Pylon Zealot RoboticsFacility Pylon Stalker RoboticsFacility Immortal Stalker Immortal Adept Immortal Immortal Immortal Immortal Adept Immortal Probe Pylon Stalker Immortal Pylon Immortal Stalker Immortal Gateway RoboticsBay Stargate Pylon TwilightCouncil Adept Adept Pylon,48,133721
321,984016,0,46077,14.307,46077,Pylon Zealot RoboticsFacility Pylon Stalker RoboticsFacility Immortal Stalker Immortal Adept Immortal Immortal Immortal Immortal Adept Immortal Probe Pylon Stalker Immortal Pylon Immortal Stalker Immortal Gateway Pylon Probe RoboticsBay Stalker Probe Pylon TwilightCouncil Gateway,48,133721
334,986671,0,46345,14.3596,46345,Pylon Zealot RoboticsFacility Pylon Stalker RoboticsFacility Immortal Stalker Immortal Adept Immortal Immortal Immortal Immortal Adept Immortal Probe Pylon Stalker Immortal Pylon Immortal Stalker Immortal Pylon Zealot Gateway Probe TwilightCouncil Adept RoboticsFacility Pylon Probe Probe,49,133908
334,992452,0,46935,14.4281,46935,Pylon Zealot RoboticsFacility Pylon Stalker RoboticsFacility Immortal Stalker Immortal Adept Immortal Immortal Immortal Immortal Adept Immortal Probe Pylon Stalker Immortal Pylon Immortal Stalker Immortal Pylon RoboticsBay Stalker Probe TwilightCouncil Gateway Assimilator Stalker Pylon,49.75,133936
334,1003310,0,48048,14.5035,48048,Pylon Zealot RoboticsFacility Pylon Stalker RoboticsFacility Immortal Stalker Immortal Adept Immortal Immortal Immortal Immortal Adept Immortal Probe Pylon Stalker Immortal Pylon Immortal Stalker Immortal Pylon Stalker Immortal Probe TwilightCouncil RoboticsBay Pylon Assimilator,49.75,133936
349,1017249,0,49853,14.6008,49853,Pylon Zealot RoboticsFacility Pylon Stalker RoboticsFacility Immortal Stalker Immortal Adept Immortal Immortal Immortal Immortal Adept Immortal Probe Pylon Stalker Immortal Pylon Immortal Stalker Immortal Pylon Pylon Assimilator Stalker RoboticsBay Probe Probe Immortal Assimilator,49.75,133936
386,1022970,0,50583,14.6418,50583,Pylon Zealot RoboticsFacility Pylon Stalker RoboticsFacility Immortal Stalker Immortal Adept Immortal Immortal Immortal Immortal Adept Immortal Probe Pylon Stalker Immortal Pylon Immortal Stalker Immortal Pylon Stalker TwilightCouncil Probe Probe Gateway Immortal RoboticsBay,49.75,133936
386,1024875,0,50830,14.6551,50830,Pylon Zealot RoboticsFacility Pylon Stalker RoboticsFacility Immortal Stalker Immortal Adept Immortal Immortal Immortal Immortal Adept Immortal Probe Pylon Stalker Immortal Pylon Immortal Stalker Immortal Pylon Stalker Probe Probe Gateway Probe Stalker Probe RoboticsFacility TwilightCouncil Assimilator,49.75,133936
399,1036820,0,52404,14.8153,52404,Pylon Zealot RoboticsFacility Pylon Stalker RoboticsFacility Immortal Stalker Immortal Adept Immortal Immortal Immortal Immortal Adept Immortal Probe Pylon Stalker Immortal Pylon Immortal Stalker Immortal Pylon Stalker Probe Probe Probe Probe Gateway Gateway RoboticsBay Adept Assimilator,49.75,133936
412,1062995,0,56204,15.113,56204,Pylon Zealot RoboticsFacility Pylon Stalker RoboticsFacility Immortal Stalker Immortal Adept Immortal Immortal Immortal Immortal Adept Immortal Probe Pylon Stalker Immortal Pylon Immortal Stalker Immortal Pylon Stalker Probe Probe Probe Assimilator Assimilator RoboticsFacility Probe TwilightCouncil Stalker,49.75,133936
425,1063337,0,56256,15.1156,56256,Pylon Zealot RoboticsFacility Pylon Stalker RoboticsFacility Immortal Stalker Immortal Adept Immortal Immortal Immortal Immortal Adept Immortal Probe Pylon Stalker Immortal Pylon Immortal Stalker Immortal Pylon Stalker Probe Probe Probe Nexus Probe Stalker Gateway,49.75,133936
425,1063609,0,56296,15.1176,56296,Pylon Zealot RoboticsFacility Pylon Stalker RoboticsFacility Immortal Stalker Immortal Adept Immortal Immortal Immortal Immortal Adept Immortal Probe Pylon Stalker Immortal Pylon Immortal Stalker Immortal Pylon Stalker Probe Probe Pylon Probe Probe Immortal Adept Gateway Probe,49.75,133936
438,1082126,0,59203,15.3231,59203,Pylon Zealot RoboticsFacility Pylon Stalker RoboticsFacility Immortal Stalker Immortal Adept Immortal Immortal Immortal Immortal Adept Immortal Probe Pylon Stalker Immortal Pylon Immortal Stalker Immortal Pylon Stalker Probe Probe Pylon Immortal Probe Probe Stalker TwilightCouncil,49.75,133936
450,1088373,0,60347,15.4229,60347,Pylon Zealot RoboticsFacility Pylon Stalker RoboticsFacility Immortal Stalker Immortal Adept Immortal Immortal Immortal Immortal Adept Immortal Probe Pylon Stalker Immortal Pylon Immortal Stalker Immortal Pylon Stalker Probe Probe Pylon Immortal Probe Probe Immortal,49.75,133936
