0,0,0,0,0,0, ,0,0
0,34,0,1,0.004277,1,Probe Assimilator Zealot Probe Stalker Probe Zealot Nexus Stargate Pylon FleetBeacon Probe Assimilator Stargate Probe Adept Mothership Assimilator Stargate VoidRay Gateway Gateway Adept Pylon Zealot Tempest TwilightCouncil Stalker DarkShrine RoboticsFacility VoidRay Zealot Probe,25.25,50360.2
0,101,0,3,0.004792,3,Pylon Stargate TwilightCouncil Probe RoboticsFacility Zealot Probe RoboticsFacility Adept Stalker Adept Gateway Immortal VoidRay Probe Assimilator Zealot RoboticsBay Nexus Immortal Assimilator Nexus Stargate Pylon Probe Nexus Gateway Colossus RoboticsFacility Gateway RoboticsFacility Stalker,17.75,57127.8
0,141,0,4,0.005104,4,Adept RoboticsFacility Stalker Adept Nexus Stalker Adept Stargate Immortal Immortal Stargate RoboticsBay Stargate Probe Adept Stargate TwilightCouncil Adept Probe Gateway Stargate Colossus Pylon Stalker VoidRay Assimilator Probe Gateway Zealot Gateway Gateway Assimilator Gateway Assimilator Pylon Pylon Gateway Pylon Assimilator,17.25,59289
0,409,0,12,0.007032,12,Adept Probe RoboticsFacility Nexus RoboticsFacility Assimilator Gateway Immortal Pylon Stargate RoboticsFacility Probe VoidRay Immortal VoidRay Nexus VoidRay RoboticsBay VoidRay Adept Adept Immortal Assimilator Immortal Pylon FleetBeacon Probe,31,60965
0,539,0,16,0.007943,16,Probe Stalker Stalker Pylon Adept Assimilator Gateway Probe TwilightCouncil DarkShrine Pylon Assimilator Zealot Probe TemplarArchive Gateway Zealot Pylon Gateway Probe Pylon Zealot Zealot Adept DarkTemplar Zealot Adept Gateway Stalker DarkTemplar Gateway Stalker Stalker DarkTemplar Gateway Zealot RoboticsFacility Pylon Pylon Stargate Adept DarkTemplar Pylon Probe,26,69384.8
0,1158,0,36,0.024221,36,Pylon Stalker Pylon Stalker Gateway Stalker Probe RoboticsFacility Immortal Immortal Zealot Probe Stargate Pylon Immortal Adept Immortal VoidRay Adept Stalker Probe Nexus Assimilator Assimilator Stargate Immortal Stargate Adept Pylon VoidRay Nexus Probe Stalker Stalker,30.75,71688
0,2332,0,74,0.032723,74,RoboticsFacility Immortal Gateway Stargate Immortal FleetBeacon Stalker Pylon Assimilator Stalker Immortal Immortal Carrier TwilightCouncil Adept RoboticsBay DarkShrine Zealot Assimilator RoboticsFacility TemplarArchive Nexus RoboticsFacility Stargate Pylon,26.75,79559.2
9,11265,0,366,0.095846,366,Gateway Zealot Gateway Zealot RoboticsFacility Stalker Stalker Pylon Adept Probe Immortal RoboticsFacility Nexus Adept Assimilator Assimilator Stalker Immortal Probe Stalker RoboticsFacility Adept Zealot Probe Gateway Adept Pylon Probe TwilightCouncil Pylon Adept Stargate DarkShrine Nexus Probe Probe,23.75,82145.2
11,24691,0,802,0.248089,802,Gateway Zealot RoboticsFacility Probe RoboticsBay TwilightCouncil Immortal RoboticsFacility Probe Stalker Pylon Pylon Adept Colossus Gateway Immortal Colossus Adept Adept Zealot TemplarArchive Assimilator Probe Nexus Pylon Immortal Stalker Nexus Immortal RoboticsFacility Adept RoboticsFacility Pylon Zealot Assimilator Probe,35.5,83221.8
11,34962,0,1132,0.423005,1132,RoboticsFacility Pylon Stalker Adept Immortal Stalker RoboticsBay Pylon RoboticsFacility Gateway Immortal Stargate Stalker Colossus Assimilator Pylon Probe FleetBeacon Adept Immortal Assimilator Carrier Adept Adept Stargate Pylon Colossus Pylon RoboticsFacility Adept Probe,32.5,83327.5
11,37809,0,1226,0.443423,1226,Pylon Stalker Gateway Pylon Zealot Stalker Probe Zealot RoboticsFacility Probe Adept Pylon Stargate Pylon Zealot Stalker Assimilator TwilightCouncil Zealot VoidRay Immortal FleetBeacon VoidRay RoboticsFacility Stalker Carrier Stalker Pylon TemplarArchive Gateway RoboticsFacility Nexus Carrier,31.75,87039
22,70221,0,2272,0.927901,2272,Pylon Stargate Probe Adept Adept VoidRay Stalker RoboticsFacility Immortal Zealot Probe Gateway Immortal Gateway Adept Probe RoboticsBay TwilightCouncil Adept Pylon VoidRay Immortal Zealot Zealot Assimilator DarkShrine Pylon TemplarArchive Assimilator Pylon Zealot DarkTemplar Probe Immortal RoboticsFacility Stalker Nexus Stalker,30,88585
35,125541,0,4090,1.74922,4090,Pylon Stargate Adept Probe Gateway Stalker Assimilator Zealot RoboticsFacility Pylon VoidRay Probe Stalker VoidRay Immortal TwilightCouncil Pylon Adept FleetBeacon Probe Tempest DarkShrine Stalker Assimilator Probe Immortal Zealot Stargate Gateway Tempest DarkTemplar Stargate RoboticsBay Stargate Probe,33.75,89466.5
36,126828,0,4133,1.78779,4133,Pylon Stargate Adept Stalker Gateway VoidRay RoboticsFacility VoidRay Immortal Zealot RoboticsFacility Stalker Zealot Stargate Immortal Gateway Immortal Assimilator TwilightCouncil Nexus TemplarArchive FleetBeacon Gateway Assimilator RoboticsBay Probe Carrier Stalker,26,90945.2
40,138172,0,4524,1.96931,4524,Pylon Stargate Adept VoidRay Adept RoboticsFacility Stalker Gateway Immortal VoidRay Assimilator Immortal Stalker VoidRay Stalker TwilightCouncil RoboticsBay Probe TemplarArchive DarkShrine FleetBeacon Gateway Assimilator RoboticsFacility Gateway Gateway Stargate Pylon Colossus,27.25,97512
86,320765,0,11074,4.32374,11074,Pylon Stargate Adept VoidRay Adept Assimilator Probe RoboticsFacility VoidRay Pylon Adept Immortal Stalker RoboticsFacility Immortal FleetBeacon Immortal Immortal RoboticsFacility RoboticsFacility Immortal Gateway Zealot Assimilator TwilightCouncil Stargate Gateway Pylon Pylon,33.25,100104
125,447645,0,16466,6.11907,16466,Pylon Stargate Adept VoidRay Adept Assimilator Probe RoboticsFacility Zealot VoidRay Probe Probe RoboticsFacility Probe Immortal Stalker Pylon Assimilator Probe Pylon VoidRay Stalker Pylon Immortal TwilightCouncil VoidRay VoidRay Stalker Gateway Pylon Zealot RoboticsFacility RoboticsFacility RoboticsFacility Probe Immortal Probe,36.25,100457
128,481646,0,17979,6.55783,17979,Pylon Stargate Adept VoidRay Adept Assimilator Probe RoboticsFacility Zealot Pylon VoidRay Immortal Adept Immortal VoidRay Zealot Immortal Stargate Gateway FleetBeacon Zealot RoboticsBay Pylon Adept Zealot Nexus Nexus Assimilator Probe,32.25,104140
173,578153,0,22518,8.05149,22518,Pylon Stargate Adept VoidRay Adept Assimilator Probe RoboticsFacility Zealot Pylon VoidRay Gateway Adept Immortal Stalker VoidRay Immortal Zealot Zealot Adept Probe Assimilator Pylon Gateway RoboticsBay Stalker TwilightCouncil Gateway Gateway DarkShrine Colossus RoboticsFacility,31,104397
173,586528,0,22938,8.17757,22938,Pylon Stargate Adept VoidRay Adept Assimilator Probe RoboticsFacility Zealot Pylon VoidRay Adept Immortal VoidRay Zealot RoboticsBay Adept Immortal VoidRay Gateway TwilightCouncil Adept Nexus Assimilator Zealot Stalker VoidRay Colossus Probe,31.75,104795
173,593245,0,23272,8.26509,23272,Pylon Stargate Adept VoidRay Adept Assimilator Probe RoboticsFacility Zealot Pylon VoidRay Adept Stargate TwilightCouncil Immortal VoidRay VoidRay Adept Probe Probe VoidRay Adept Stargate Pylon Zealot Assimilator VoidRay DarkShrine Zealot RoboticsBay TemplarArchive Pylon FleetBeacon Probe,37,105512
251,771844,0,33238,10.9124,33238,Pylon Stargate Adept VoidRay Adept Assimilator Probe RoboticsFacility Zealot Pylon VoidRay Adept Stargate TwilightCouncil Immortal VoidRay VoidRay Immortal VoidRay Stargate Pylon Adept Immortal Pylon Pylon Stargate Nexus Adept Probe Pylon,37.25,107051
267,800520,0,35226,11.3346,35226,Pylon Stargate Adept VoidRay Adept Assimilator Probe RoboticsFacility Zealot Pylon VoidRay Adept Stargate TwilightCouncil Immortal VoidRay VoidRay Stalker Immortal Adept Pylon VoidRay Zealot RoboticsFacility Stargate Gateway RoboticsFacility Gateway Pylon Adept RoboticsBay Adept,36.25,107760
282,816594,0,36387,11.5855,36387,Pylon Stargate Adept VoidRay Adept Assimilator Probe RoboticsFacility Zealot Pylon VoidRay Adept Stargate TwilightCouncil Immortal VoidRay VoidRay Stalker VoidRay Pylon Stalker Immortal Zealot Gateway Nexus Nexus Probe DarkShrine Probe,36.75,108738
283,818170,0,36506,11.6102,36506,Pylon Stargate Adept VoidRay Adept Assimilator Probe RoboticsFacility Zealot Pylon VoidRay Adept Stargate TwilightCouncil Immortal VoidRay VoidRay Stalker Pylon Immortal VoidRay VoidRay VoidRay Gateway FleetBeacon Nexus Assimilator,42,108857
283,821285,0,36738,11.6594,36738,Pylon Stargate Adept VoidRay Adept Assimilator Probe RoboticsFacility Zealot Pylon VoidRay Adept Stargate TwilightCouncil Immortal VoidRay VoidRay Stalker VoidRay Immortal Pylon RoboticsBay VoidRay Pylon Adept Stalker Stargate Colossus Pylon Pylon Probe,39.25,109042
283,823580,0,36912,11.6895,36912,Pylon Stargate Adept VoidRay Adept Assimilator Probe RoboticsFacility Zealot Pylon VoidRay Adept Stargate TwilightCouncil Immortal VoidRay VoidRay Stalker VoidRay Pylon Zealot VoidRay Zealot RoboticsBay Immortal DarkShrine Gateway Gateway Pylon Assimilator Pylon Probe Probe,40,109352
283,840232,0,38190,11.9445,38190,Pylon Stargate Adept VoidRay Adept Assimilator Probe RoboticsFacility Zealot Pylon VoidRay Adept Stargate TwilightCouncil Immortal VoidRay VoidRay Stalker VoidRay VoidRay Pylon Stalker VoidRay DarkShrine Probe TemplarArchive FleetBeacon Assimilator RoboticsFacility Probe RoboticsBay,40,110766
299,850995,0,39100,12.1018,39100,Pylon Stargate Adept VoidRay Adept Assimilator Probe RoboticsFacility Zealot Pylon VoidRay Adept Stargate TwilightCouncil Immortal VoidRay VoidRay Stalker VoidRay VoidRay Pylon Immortal Adept Zealot RoboticsFacility Stargate Stargate Pylon FleetBeacon Pylon,40.25,111045
299,861806,0,40005,12.2587,40005,Pylon Stargate Adept VoidRay Adept Assimilator Probe RoboticsFacility Zealot Pylon VoidRay Adept Stargate TwilightCouncil Immortal VoidRay VoidRay Stalker VoidRay VoidRay Pylon Immortal Stalker Assimilator Nexus Stalker DarkShrine Pylon,39.75,111099
299,863110,0,40135,12.2818,40135,Pylon Stargate Adept VoidRay Adept Assimilator Probe RoboticsFacility Zealot Pylon VoidRay Adept Stargate TwilightCouncil Immortal VoidRay VoidRay Stalker VoidRay VoidRay Pylon Immortal Pylon Adept VoidRay VoidRay Probe DarkShrine Stargate Assimilator Probe,43.25,111104
309,866558,0,40482,12.3329,40482,Pylon Stargate Adept VoidRay Adept Assimilator Probe RoboticsFacility Zealot Pylon VoidRay Adept Stargate TwilightCouncil Immortal VoidRay VoidRay Stalker VoidRay VoidRay Pylon Stalker Immortal TemplarArchive Stalker DarkShrine Assimilator RoboticsBay Gateway RoboticsFacility,41.5,111582
309,881829,0,42009,12.5474,42009,Pylon Stargate Adept VoidRay Adept Assimilator Probe RoboticsFacility Zealot Pylon VoidRay Adept Stargate TwilightCouncil Immortal VoidRay VoidRay Stalker VoidRay VoidRay Pylon Immortal VoidRay Pylon RoboticsBay Stalker DarkShrine Probe Pylon VoidRay,43.75,111603
341,905381,0,44406,12.9076,44406,Pylon Stargate Adept VoidRay Adept Assimilator Probe RoboticsFacility Zealot Pylon VoidRay Adept Stargate TwilightCouncil Immortal VoidRay VoidRay Stalker VoidRay VoidRay Pylon Immortal VoidRay Pylon Stalker DarkShrine Stargate Assimilator Immortal Probe,43.75,111636
351,921172,0,46332,13.1388,46332,Pylon Stargate Adept VoidRay Adept Assimilator Probe RoboticsFacility Zealot Pylon VoidRay Adept Stargate TwilightCouncil Immortal VoidRay VoidRay Stalker VoidRay VoidRay Pylon Immortal VoidRay Pylon Stalker Probe Probe Pylon Probe Stalker TemplarArchive Gateway Assimilator,43.75,111636
383,954429,0,51558,13.6156,51558,Pylon Stargate Adept VoidRay Adept Assimilator Probe RoboticsFacility Zealot Pylon VoidRay Adept Stargate TwilightCouncil Immortal VoidRay VoidRay Stalker VoidRay VoidRay Pylon Immortal VoidRay Pylon Stalker Probe DarkShrine TemplarArchive Probe Probe RoboticsBay Stalker,43.75,111636
399,960648,0,52636,13.7141,52636,Pylon Stargate Adept VoidRay Adept Assimilator Probe RoboticsFacility Zealot Pylon VoidRay Adept Stargate TwilightCouncil Immortal VoidRay VoidRay Stalker VoidRay VoidRay Pylon Immortal VoidRay Pylon Stalker Probe Pylon Probe Probe RoboticsBay Probe Immortal Probe,43.75,111636
431,980840,0,56443,14.0081,56443,Pylon Stargate Adept VoidRay Adept Assimilator Probe RoboticsFacility Zealot Pylon VoidRay Adept Stargate TwilightCouncil Immortal VoidRay VoidRay Stalker VoidRay VoidRay Pylon Immortal VoidRay Pylon Stalker Probe Pylon Probe Probe Probe Probe Pylon TemplarArchive Stalker Probe,43.75,111636
431,985544,0,57403,14.0813,57403,Pylon Stargate Adept VoidRay Adept Assimilator Probe RoboticsFacility Zealot Pylon VoidRay Adept Stargate TwilightCouncil Immortal VoidRay VoidRay Stalker VoidRay VoidRay Pylon Immortal VoidRay Pylon Stalker Probe Pylon Probe Probe Probe Probe VoidRay Adept Assimilator,43.75,111636
447,998263,0,60059,14.2688,60059,Pylon Stargate Adept VoidRay Adept Assimilator Probe RoboticsFacility Zealot Pylon VoidRay Adept Stargate TwilightCouncil Immortal VoidRay VoidRay Stalker VoidRay VoidRay Pylon Immortal VoidRay Pylon Stalker Probe Pylon Probe Probe Probe Probe Stalker VoidRay Probe,43.75,111636
494,1017289,6,64641,14.5704,64641,Pylon Stargate Adept VoidRay Adept Assimilator Probe RoboticsFacility Zealot Pylon VoidRay Adept Stargate TwilightCouncil Immortal VoidRay VoidRay Stalker VoidRay VoidRay Pylon Immortal VoidRay Pylon Stalker Probe Pylon Probe Probe Probe Probe Stalker VoidRay Probe,43.75,111636
