0,0,0,0,0,0, ,0,0
0,31,0,1,0.000251,1,Zealot Adept TwilightCouncil Nexus Nexus DarkShrine RoboticsFacility Zealot RoboticsBay Stargate Immortal Nexus Colossus Adept RoboticsFacility Pylon Adept Gateway Gateway Adept Colossus TemplarArchive Colossus Immortal Probe Gateway Probe Stalker Assimilator Assimilator,20.75,46479
0,61,0,2,0.000483,2,RoboticsFacility TwilightCouncil Nexus Stargate VoidRay Probe Adept Immortal VoidRay Pylon Probe Gateway RoboticsBay TemplarArchive Assimilator FleetBeacon Tempest Pylon Colossus Nexus Nexus Mothership Pylon Zealot Zealot DarkShrine Assimilator Assimilator Probe,22.25,51136.5
0,90,0,3,0.000709,3,Stargate VoidRay Pylon RoboticsFacility RoboticsFacility Assimilator Probe FleetBeacon Zealot Adept Tempest Pylon Gateway RoboticsFacility Mothership Pylon Stalker RoboticsFacility Carrier Pylon Immortal RoboticsFacility Assimilator Stargate VoidRay Probe Tempest Stargate,30,52315.8
0,154,0,5,0.001135,5,Stalker Stargate Assimilator Stargate Stalker VoidRay FleetBeacon Gateway Mothership Stargate RoboticsFacility RoboticsFacility Immortal Nexus Probe Probe Pylon Carrier Immortal Immortal Stalker Stargate Stargate Pylon Probe Assimilator,27,54915.2
0,366,0,12,0.002606,12,Stalker Probe Nexus Adept Probe Stargate Zealot VoidRay Nexus Stalker Stargate Adept FleetBeacon Probe Carrier Stalker Gateway Mothership Stalker Adept Stargate Nexus Nexus Zealot Adept Zealot Stargate Zealot Pylon Assimilator Assimilator Gateway Nexus,24,66239.8
0,524,0,17,0.003714,17,Zealot Stalker Stargate VoidRay TwilightCouncil Assimilator Assimilator RoboticsFacility Probe Stalker Nexus Stalker Immortal Probe VoidRay RoboticsFacility FleetBeacon Mothership TemplarArchive Zealot DarkShrine Pylon Immortal Adept Immortal,19,69825.5
0,804,0,26,0.01869,26,Stargate Gateway Adept Stalker Stalker Zealot Pylon Probe VoidRay Probe TwilightCouncil VoidRay VoidRay TemplarArchive Zealot Pylon Probe Gateway DarkShrine Nexus Adept Stargate Pylon Assimilator Adept Gateway Adept Nexus Pylon Assimilator Probe Pylon RoboticsFacility Stargate Stargate Zealot RoboticsFacility RoboticsFacility Stargate,23.5,76773.8
0,3876,0,124,0.052901,124,RoboticsFacility Zealot Probe Stalker Pylon Assimilator RoboticsFacility Stalker Immortal TwilightCouncil Gateway Immortal Stalker Zealot TemplarArchive DarkShrine Adept Adept Stalker RoboticsBay Stalker Immortal Assimilator Nexus RoboticsFacility Gateway Immortal Pylon Pylon Stalker,24.5,85873.8
11,30870,0,993,0.418482,993,Stargate RoboticsFacility Adept Pylon VoidRay Probe Zealot Gateway Probe Immortal Assimilator Zealot VoidRay Nexus Probe RoboticsBay VoidRay TwilightCouncil Adept VoidRay Adept Stargate Pylon Immortal FleetBeacon DarkShrine Adept RoboticsFacility VoidRay Mothership Zealot,30.5,92321.8
25,92699,0,3040,1.2882,3040,Stargate Nexus VoidRay Adept RoboticsFacility VoidRay Pylon Gateway Probe Zealot VoidRay Stalker Stalker Adept Stalker Zealot Immortal VoidRay Pylon Assimilator Zealot Stalker VoidRay Gateway Probe TwilightCouncil RoboticsFacility Zealot TemplarArchive DarkShrine Gateway Assimilator Pylon Zealot Adept Probe,37.25,93002.5
77,264953,0,9421,3.77431,9421,Stargate Nexus VoidRay Adept Probe RoboticsFacility Assimilator Stalker VoidRay Immortal TwilightCouncil Stalker VoidRay Immortal Adept Gateway VoidRay Pylon TemplarArchive Adept Immortal Stargate Nexus FleetBeacon Stalker Probe,34.5,101770
165,509353,0,20038,7.39461,20038,Stargate Nexus VoidRay Adept Probe RoboticsFacility Assimilator Stalker VoidRay Immortal VoidRay Immortal Pylon Immortal VoidRay Gateway Stargate Stalker RoboticsFacility VoidRay Immortal Assimilator Zealot RoboticsFacility Pylon Gateway Probe,40.75,103020
165,510284,0,20091,7.41467,20091,Stargate Nexus VoidRay Adept Probe RoboticsFacility Assimilator Stalker VoidRay Immortal Stalker Immortal VoidRay Adept Gateway Immortal Gateway VoidRay Nexus Assimilator FleetBeacon Stargate Stargate TwilightCouncil Probe,33.25,103598
195,551686,0,22403,8.01645,22403,Stargate Nexus VoidRay Adept Probe RoboticsFacility Assimilator Stalker VoidRay Immortal Stalker Stalker Immortal VoidRay Stalker RoboticsBay Stalker Pylon Zealot Immortal Probe Probe Pylon Nexus FleetBeacon TwilightCouncil RoboticsFacility Adept Assimilator Probe,34.25,103746
195,576737,0,23841,8.37653,23841,Stargate Nexus VoidRay Adept Probe RoboticsFacility Assimilator Stalker VoidRay Immortal Stalker Immortal VoidRay Immortal Stalker VoidRay Probe Pylon TwilightCouncil Nexus Stalker RoboticsBay Gateway Pylon VoidRay Stalker DarkShrine,35.5,106700
195,579815,0,24024,8.41136,24024,Stargate Nexus VoidRay Adept Probe RoboticsFacility Assimilator Stalker VoidRay Immortal Stalker Immortal VoidRay VoidRay Zealot Immortal Assimilator RoboticsFacility Pylon VoidRay Immortal Nexus Pylon Probe,40.75,107094
210,613973,0,26152,8.89702,26152,Stargate Nexus VoidRay Adept Probe RoboticsFacility Assimilator Stalker VoidRay Immortal Stalker Immortal VoidRay Adept Probe Immortal Gateway Adept Pylon VoidRay RoboticsFacility Stalker RoboticsFacility Immortal RoboticsBay Nexus RoboticsFacility,40,107890
225,640757,0,27957,9.28994,27957,Stargate Nexus VoidRay Adept Probe RoboticsFacility Assimilator Stalker VoidRay Immortal Stalker Immortal VoidRay Immortal Stalker VoidRay Probe Gateway Assimilator Pylon Adept Immortal Stargate RoboticsBay Nexus Pylon,38.75,108724
237,645770,0,28328,9.35259,28328,Stargate Nexus VoidRay Adept Probe RoboticsFacility Assimilator Stalker VoidRay Immortal Stalker Immortal VoidRay Immortal Pylon VoidRay Immortal RoboticsFacility VoidRay Zealot Pylon Stargate Probe VoidRay Zealot TwilightCouncil Assimilator Probe,40.75,108958
240,650128,0,28650,9.42169,28650,Stargate Nexus VoidRay Adept Probe RoboticsFacility Assimilator Stalker VoidRay Immortal Stalker Immortal VoidRay Immortal VoidRay Pylon Stalker Immortal Stalker FleetBeacon Nexus Pylon Stalker Gateway Probe Probe,39.25,110590
268,701644,0,32776,10.1287,32776,Stargate Nexus VoidRay Adept Probe RoboticsFacility Assimilator Stalker VoidRay Immortal Stalker Immortal VoidRay Immortal VoidRay Pylon Stalker Stalker Immortal Zealot Stargate RoboticsBay RoboticsFacility TwilightCouncil Pylon Adept RoboticsFacility Probe Assimilator,40.25,110609
268,703234,0,32915,10.1527,32915,Stargate Nexus VoidRay Adept Probe RoboticsFacility Assimilator Stalker VoidRay Immortal Stalker Immortal VoidRay Immortal VoidRay Pylon Stalker Immortal Stalker Pylon Adept FleetBeacon RoboticsBay Immortal Assimilator Adept Probe,40.5,111091
268,704997,0,33067,10.165,33067,Stargate Nexus VoidRay Adept Probe RoboticsFacility Assimilator Stalker VoidRay Immortal Stalker Immortal VoidRay Immortal VoidRay Pylon Stalker Immortal VoidRay TwilightCouncil Gateway TemplarArchive DarkShrine Gateway FleetBeacon,41.5,111344
268,716493,0,34077,10.3368,34077,Stargate Nexus VoidRay Adept Probe RoboticsFacility Assimilator Stalker VoidRay Immortal Stalker Immortal VoidRay Immortal VoidRay Pylon Stalker Stalker Immortal Pylon VoidRay Assimilator Gateway Stalker Stalker Gateway Probe Probe,45,111452
282,719261,0,34334,10.3708,34334,Stargate Nexus VoidRay Adept Probe RoboticsFacility Assimilator Stalker VoidRay Immortal Stalker Immortal VoidRay Immortal VoidRay Pylon Stalker Pylon Immortal Stalker VoidRay TwilightCouncil Gateway Nexus Probe Assimilator,43.25,111627
283,739742,0,36235,10.6592,36235,Stargate Nexus VoidRay Adept Probe RoboticsFacility Assimilator Stalker VoidRay Immortal Stalker Immortal VoidRay Immortal VoidRay Pylon Stalker Pylon Immortal VoidRay Stalker Gateway Zealot Stalker TwilightCouncil Assimilator Stargate Probe,43.25,111724
298,758079,0,38037,10.936,38037,Stargate Nexus VoidRay Adept Probe RoboticsFacility Assimilator Stalker VoidRay Immortal Stalker Immortal VoidRay Immortal VoidRay Pylon Stalker Pylon Immortal VoidRay Stalker FleetBeacon Stalker Probe Immortal Pylon,43.25,111724
298,758221,0,38053,10.9371,38053,Stargate Nexus VoidRay Adept Probe RoboticsFacility Assimilator Stalker VoidRay Immortal Stalker Immortal VoidRay Immortal VoidRay Pylon Stalker Pylon Immortal Stalker VoidRay Adept Zealot FleetBeacon RoboticsBay Probe Assimilator Probe,44.5,112017
313,776628,0,40192,11.1995,40192,Stargate Nexus VoidRay Adept Probe RoboticsFacility Assimilator Stalker VoidRay Immortal Stalker Immortal VoidRay Immortal VoidRay Pylon Stalker Pylon Immortal Stalker VoidRay Probe Adept Assimilator Stargate RoboticsFacility Gateway Stalker,44.5,112017
328,778320,0,40405,11.2253,40405,Stargate Nexus VoidRay Adept Probe RoboticsFacility Assimilator Stalker VoidRay Immortal Stalker Immortal VoidRay Immortal VoidRay Pylon Stalker Pylon Immortal Stalker VoidRay Probe Adept RoboticsFacility VoidRay Assimilator TwilightCouncil Pylon,44.5,112017
328,778778,0,40464,11.2285,40464,Stargate Nexus VoidRay Adept Probe RoboticsFacility Assimilator Stalker VoidRay Immortal Stalker Immortal VoidRay Immortal VoidRay Pylon Stalker Pylon Immortal Stalker VoidRay Stalker RoboticsBay VoidRay Probe Pylon Gateway,45,112173
343,793410,0,42345,11.4364,42345,Stargate Nexus VoidRay Adept Probe RoboticsFacility Assimilator Stalker VoidRay Immortal Stalker Immortal VoidRay Immortal VoidRay Pylon Stalker Pylon Immortal Stalker VoidRay Probe Stalker Probe Probe FleetBeacon TwilightCouncil Pylon Pylon,45,112173
343,806099,0,44247,11.615,44247,Stargate Nexus VoidRay Adept Probe RoboticsFacility Assimilator Stalker VoidRay Immortal Stalker Immortal VoidRay Immortal VoidRay Pylon Stalker Pylon Immortal Stalker VoidRay Probe Stalker Probe Stargate RoboticsBay Probe Probe Gateway Probe Assimilator,45,112173
358,818552,0,46136,11.7917,46136,Stargate Nexus VoidRay Adept Probe RoboticsFacility Assimilator Stalker VoidRay Immortal Stalker Immortal VoidRay Immortal VoidRay Pylon Stalker Pylon Immortal Stalker VoidRay Probe Stalker Stargate RoboticsBay Probe Probe Probe RoboticsFacility Pylon,45,112173
373,823220,0,46937,11.8497,46937,Stargate Nexus VoidRay Adept Probe RoboticsFacility Assimilator Stalker VoidRay Immortal Stalker Immortal VoidRay Immortal VoidRay Pylon Stalker Pylon Immortal Stalker VoidRay Probe Stalker Probe Pylon RoboticsFacility Stalker Probe Probe RoboticsBay Probe,45,112173
373,825498,0,47327,11.8776,47327,Stargate Nexus VoidRay Adept Probe RoboticsFacility Assimilator Stalker VoidRay Immortal Stalker Immortal VoidRay Immortal VoidRay Pylon Stalker Pylon Immortal Stalker VoidRay Probe Stalker Probe Pylon Gateway Probe Probe Probe Pylon Gateway Probe,45,112173
373,829681,0,48046,11.9313,48046,Stargate Nexus VoidRay Adept Probe RoboticsFacility Assimilator Stalker VoidRay Immortal Stalker Immortal VoidRay Immortal VoidRay Pylon Stalker Pylon Immortal Stalker VoidRay Probe Stalker Probe Probe Stargate TwilightCouncil Probe Probe Assimilator Stargate,45,112173
386,836586,0,49229,12.0297,49229,Stargate Nexus VoidRay Adept Probe RoboticsFacility Assimilator Stalker VoidRay Immortal Stalker Immortal VoidRay Immortal VoidRay Pylon Stalker Pylon Immortal Stalker VoidRay Probe Stalker Probe Probe TwilightCouncil Probe Pylon Probe FleetBeacon,45,112173
386,837977,0,49463,12.0518,49463,Stargate Nexus VoidRay Adept Probe RoboticsFacility Assimilator Stalker VoidRay Immortal Stalker Immortal VoidRay Immortal VoidRay Pylon Stalker Pylon Immortal Stalker VoidRay Probe Stalker Probe Probe Probe Pylon Probe Adept Immortal Assimilator,45,112173
409,853765,0,52256,12.2609,52256,Stargate Nexus VoidRay Adept Probe RoboticsFacility Assimilator Stalker VoidRay Immortal Stalker Immortal VoidRay Immortal VoidRay Pylon Stalker Pylon Immortal Stalker VoidRay Probe Stalker Probe Probe Probe Probe Pylon Stalker Immortal Probe,45,112173
418,863852,0,54168,12.3919,54168,Stargate Nexus VoidRay Adept Probe RoboticsFacility Assimilator Stalker VoidRay Immortal Stalker Immortal VoidRay Immortal VoidRay Pylon Stalker Pylon Immortal Stalker VoidRay Probe Stalker Probe Probe Probe Probe Pylon Stalker Pylon VoidRay,45,112173
466,886354,8,59256,12.6861,59256,Stargate Nexus VoidRay Adept Probe RoboticsFacility Assimilator Stalker VoidRay Immortal Stalker Immortal VoidRay Immortal VoidRay Pylon Stalker Pylon Immortal Stalker VoidRay Probe Stalker Probe Probe Probe Probe Pylon Stalker VoidRay Pylon,45,112173
