0,0,0,0,0,0, ,0,0
0,29,0,1,0.000231,1,Adept Pylon Stargate Probe Assimilator Assimilator FleetBeacon Mothership Tempest Adept Zealot Carrier Stargate Stalker Gateway Adept Probe TwilightCouncil TemplarArchive DarkShrine Stargate RoboticsFacility Pylon Gateway Zealot Gateway Pylon Probe,24.75,67324.8
0,1116,0,37,0.017983,37,Zealot Stargate Stargate VoidRay Gateway VoidRay Stalker Gateway Nexus Probe RoboticsFacility Pylon Zealot Nexus VoidRay Stalker Stalker FleetBeacon Nexus RoboticsBay Tempest Pylon Mothership Gateway Probe Pylon Gateway Zealot Zealot Probe Assimilator,23.5,71812.5
0,1811,0,59,0.027829,59,Stalker Assimilator Probe Stargate Probe Pylon VoidRay Gateway VoidRay Gateway Adept RoboticsFacility Zealot Stargate Pylon Immortal Nexus TwilightCouncil Stargate Assimilator Stalker Stalker VoidRay Zealot RoboticsFacility Gateway Pylon Gateway VoidRay TemplarArchive Adept,24.25,73482.5
0,2497,0,81,0.032669,81,RoboticsFacility RoboticsFacility Stalker Immortal Stalker Stalker Immortal Pylon Probe RoboticsFacility RoboticsFacility RoboticsBay Zealot Pylon Stargate Immortal VoidRay VoidRay Immortal Probe Assimilator Zealot Stargate RoboticsFacility Stalker Assimilator Stargate Gateway Probe Gateway Nexus Pylon Gateway Gateway Pylon,30.25,79881.2
0,7698,0,248,0.06931,248,Zealot Gateway Probe RoboticsFacility Pylon Stalker RoboticsBay Gateway Immortal RoboticsFacility Stargate Stalker Immortal Colossus Gateway Zealot Immortal Probe Stalker RoboticsFacility Assimilator TwilightCouncil Assimilator Stargate Pylon Pylon Nexus Immortal Immortal Nexus,27.25,79985.8
11,26573,0,861,0.317391,861,Adept Gateway Zealot Gateway Zealot Stalker Stalker Probe Pylon Adept Stargate VoidRay Adept Probe Nexus Stalker Zealot Probe VoidRay Zealot Adept Pylon Stargate Stargate Probe Gateway Stalker Probe VoidRay VoidRay Gateway Adept Nexus Pylon Nexus Gateway RoboticsFacility Probe Zealot FleetBeacon,33.25,89449.5
31,109990,0,3567,1.47958,3567,Adept RoboticsFacility Stalker Immortal TwilightCouncil Nexus Stalker TemplarArchive Zealot Immortal Pylon Immortal Assimilator Gateway Adept Immortal Pylon Adept RoboticsBay Probe Stalker Nexus Immortal Stalker Stargate RoboticsFacility Adept Immortal Assimilator,30.5,89626
39,118269,0,3840,1.65123,3840,Adept RoboticsFacility Immortal Zealot Nexus Gateway Adept RoboticsBay Stalker Stalker Immortal Adept Adept Assimilator Probe Pylon Colossus RoboticsFacility Probe Adept RoboticsFacility Pylon Stalker Zealot Pylon Adept Probe Probe Colossus Stargate Colossus Adept FleetBeacon Stalker Stargate,33.5,91491.8
46,166645,0,5480,2.70725,5480,Adept RoboticsFacility RoboticsFacility Adept Zealot Immortal Adept Pylon Immortal Probe Zealot RoboticsBay Immortal Colossus Pylon Stalker Colossus Nexus Assimilator RoboticsFacility Nexus Probe Colossus Pylon Pylon Stalker Colossus Immortal Stalker Probe,30.5,92560
46,166998,0,5492,2.70972,5492,Adept RoboticsFacility RoboticsFacility Immortal Zealot Immortal Immortal RoboticsBay Adept Immortal RoboticsFacility Pylon Colossus Stalker TwilightCouncil TemplarArchive Gateway Pylon Nexus Adept Immortal Stargate Assimilator Zealot Adept Stargate Stalker Nexus Assimilator Probe Pylon,31.25,95510
57,185037,0,6110,3.09156,6110,Adept RoboticsFacility RoboticsFacility Gateway Pylon Immortal Immortal Probe Probe Assimilator Stalker Immortal Adept RoboticsBay Immortal Immortal Gateway RoboticsFacility Gateway Zealot Pylon RoboticsFacility Assimilator Probe Immortal Adept Probe Pylon Gateway Colossus RoboticsFacility Stargate Zealot Probe,29,97060.8
64,235077,0,7868,4.18727,7868,Adept RoboticsFacility RoboticsFacility Adept Immortal Immortal Gateway Stargate Adept Probe Stalker VoidRay Stalker Pylon Probe RoboticsFacility Assimilator Stalker Probe Probe TwilightCouncil Zealot Probe Gateway Pylon Stalker Stalker RoboticsBay VoidRay Pylon Gateway TemplarArchive VoidRay Gateway Stalker Pylon Assimilator Colossus DarkShrine Probe Pylon,34.75,97302.8
65,236522,0,7918,4.21177,7918,Adept RoboticsFacility RoboticsFacility Adept Immortal Adept Stalker RoboticsFacility Pylon Pylon Immortal Assimilator Immortal Stalker Stalker Zealot Probe RoboticsBay Immortal Immortal Probe Assimilator Gateway Nexus RoboticsFacility Pylon RoboticsFacility Probe Pylon Immortal Probe,28.75,98432.5
69,240487,0,8059,4.28836,8059,Adept RoboticsFacility RoboticsFacility Adept Immortal Stalker Pylon Stalker Immortal Pylon Pylon RoboticsBay Stalker Assimilator Immortal Assimilator Colossus Stalker Zealot Zealot Pylon RoboticsFacility Nexus Probe Adept Stargate Colossus Stalker Probe,29,99146.5
87,293647,0,9951,5.14872,9951,Adept RoboticsFacility RoboticsFacility Adept Adept Pylon Pylon Pylon Immortal Immortal Stargate Immortal Immortal Adept Immortal Stargate VoidRay Stargate Stalker VoidRay Stalker VoidRay Stalker Assimilator Nexus Pylon Nexus Assimilator Probe Pylon,35.25,103310
110,332431,0,11348,5.4453,11348,Adept RoboticsFacility RoboticsFacility Adept Adept Pylon Immortal Immortal Pylon Stargate Zealot Zealot Immortal Immortal Assimilator Gateway Immortal Probe Adept Stalker Stalker Zealot FleetBeacon TwilightCouncil RoboticsBay RoboticsFacility Assimilator DarkShrine TemplarArchive Pylon RoboticsFacility Stargate,30.25,104628
114,358533,0,12287,5.63366,12287,Adept RoboticsFacility RoboticsFacility Adept Adept Pylon Immortal Probe Stalker Immortal Immortal Probe Immortal Zealot Assimilator Stalker Gateway RoboticsFacility Pylon Immortal Immortal RoboticsFacility Pylon TwilightCouncil Stargate TemplarArchive Probe Nexus Stalker Immortal Stargate Gateway Zealot,32.5,105389
128,411438,0,14243,6.01761,14243,Adept RoboticsFacility RoboticsFacility Adept Adept Pylon Immortal Immortal Stalker Immortal Gateway Gateway Probe Adept Immortal RoboticsBay RoboticsFacility Pylon Zealot Probe Assimilator Immortal Probe Zealot Zealot Assimilator Stargate Pylon Stalker RoboticsFacility Stalker Stargate Gateway Immortal Gateway,32,105438
128,412542,0,14287,6.02552,14287,Adept RoboticsFacility RoboticsFacility Adept Adept Pylon Immortal Immortal Probe Adept Gateway Stargate Zealot Immortal Pylon Adept Zealot VoidRay Immortal Zealot Assimilator Pylon Adept Stalker Immortal RoboticsFacility Gateway TwilightCouncil Assimilator Adept RoboticsFacility FleetBeacon DarkShrine,36.25,112817
141,429204,0,14935,6.14668,14935,Adept RoboticsFacility RoboticsFacility Adept Adept Pylon Immortal Immortal Probe Immortal Immortal Adept Stargate Zealot Immortal Pylon Stalker Immortal Adept Pylon Immortal Probe Stalker Gateway RoboticsBay Gateway Pylon Nexus Colossus Gateway Gateway Probe Pylon TwilightCouncil Probe,37,120223
167,531899,0,18959,6.88474,18959,Adept RoboticsFacility RoboticsFacility Adept Adept Pylon Immortal Immortal Probe Immortal Pylon Immortal Gateway Stalker Immortal Pylon Immortal RoboticsFacility Immortal Adept Adept Immortal RoboticsFacility Zealot Gateway Nexus Gateway Nexus RoboticsFacility RoboticsFacility,39,123156
220,760080,0,29002,8.64189,29002,Adept RoboticsFacility RoboticsFacility Adept Adept Pylon Immortal Immortal Probe Immortal Pylon Immortal Gateway Stalker Pylon Immortal Immortal Zealot Zealot Stargate Adept Pylon Stalker Immortal Immortal RoboticsFacility Stalker Stargate VoidRay TwilightCouncil Pylon Pylon Assimilator Assimilator Pylon,42.25,124728
233,817982,0,31844,9.07744,31844,Adept RoboticsFacility RoboticsFacility Adept Adept Pylon Immortal Immortal Probe Immortal Pylon Immortal Gateway Stalker Pylon Immortal Stalker Stalker Stalker Immortal RoboticsFacility Pylon Pylon Adept Adept Immortal Stalker Immortal Pylon Assimilator Assimilator Stalker Pylon Zealot Gateway Pylon,46.75,126546
246,859423,0,34050,9.38918,34050,Adept RoboticsFacility RoboticsFacility Adept Adept Pylon Immortal Immortal Probe Immortal Pylon Immortal Gateway Stalker Pylon Immortal Stalker Probe Zealot Immortal Immortal Assimilator Stalker Stalker Probe Pylon Zealot Immortal Probe RoboticsFacility Gateway RoboticsFacility TwilightCouncil RoboticsFacility RoboticsBay RoboticsFacility Assimilator,42.75,127288
285,951439,0,39094,10.081,39094,Adept RoboticsFacility RoboticsFacility Adept Adept Pylon Immortal Immortal Probe Immortal Pylon Immortal Gateway Stalker Pylon Immortal Stalker Probe Zealot Immortal Immortal Stalker Pylon Immortal Adept Stargate TwilightCouncil Adept FleetBeacon Probe Zealot DarkShrine Pylon Assimilator Pylon Gateway Gateway,43.5,127824
311,1006200,0,42362,10.9577,42362,Adept RoboticsFacility RoboticsFacility Adept Adept Pylon Immortal Immortal Probe Immortal Pylon Immortal Gateway Stalker Pylon Immortal Stalker Probe Zealot Immortal Immortal Adept Stalker Stargate Pylon Stalker Immortal Pylon Zealot Stalker FleetBeacon Probe Assimilator Nexus Adept,45.75,128762
311,1012538,0,42791,11.0929,42791,Adept RoboticsFacility RoboticsFacility Adept Adept Pylon Immortal Immortal Probe Immortal Pylon Immortal Gateway Stalker Pylon Immortal Stalker Probe Zealot Immortal Immortal Stalker Stalker Pylon Adept Probe Stalker TwilightCouncil Immortal RoboticsFacility TemplarArchive Nexus Stargate Pylon Gateway Assimilator,44.75,128986
311,1025680,0,43675,11.3555,43675,Adept RoboticsFacility RoboticsFacility Adept Adept Pylon Immortal Immortal Probe Immortal Pylon Immortal Gateway Stalker Pylon Immortal Stalker Probe Zealot Immortal Immortal Adept Pylon Immortal Immortal Zealot Probe Pylon Zealot Pylon Stalker Immortal Zealot Stalker RoboticsBay RoboticsFacility Probe,47,129472
323,1050944,0,45421,11.8826,45421,Adept RoboticsFacility RoboticsFacility Adept Adept Pylon Immortal Immortal Probe Immortal Pylon Immortal Gateway Stalker Pylon Immortal Stalker Probe Zealot Immortal Immortal Adept Pylon Stalker Immortal Pylon Probe Stalker Immortal Immortal RoboticsBay Adept Nexus Pylon,50.5,129857
336,1087113,0,48019,12.6444,48019,Adept RoboticsFacility RoboticsFacility Adept Adept Pylon Immortal Immortal Probe Immortal Pylon Immortal Gateway Stalker Pylon Immortal Stalker Probe Zealot Immortal Immortal Adept Pylon Stalker Pylon Immortal Stalker Adept Pylon Immortal Stalker Gateway Zealot Nexus Assimilator,49.75,130068
349,1103686,0,49287,13.0032,49287,Adept RoboticsFacility RoboticsFacility Adept Adept Pylon Immortal Immortal Probe Immortal Pylon Immortal Gateway Stalker Pylon Immortal Stalker Probe Zealot Immortal Immortal Adept Pylon Stalker Immortal Immortal Pylon Stalker RoboticsFacility RoboticsBay Probe Adept Nexus Stalker Pylon,48,130114
349,1114389,0,50115,13.2206,50115,Adept RoboticsFacility RoboticsFacility Adept Adept Pylon Immortal Immortal Probe Immortal Pylon Immortal Gateway Stalker Pylon Immortal Stalker Probe Zealot Immortal Immortal Adept Pylon Stalker Immortal Stalker Zealot Pylon Probe Stalker Pylon Assimilator Stalker Probe Zealot Pylon Pylon Probe Probe TwilightCouncil Assimilator Probe,47.5,130806
362,1124531,0,50991,13.427,50991,Adept RoboticsFacility RoboticsFacility Adept Adept Pylon Immortal Immortal Probe Immortal Pylon Immortal Gateway Stalker Pylon Immortal Stalker Probe Zealot Immortal Immortal Adept Pylon Stalker Immortal Stalker Stalker Pylon Stalker Nexus Pylon Adept Nexus Probe,46.5,130946
362,1130954,0,51554,13.5315,51554,Adept RoboticsFacility RoboticsFacility Adept Adept Pylon Immortal Immortal Probe Immortal Pylon Immortal Gateway Stalker Pylon Immortal Stalker Probe Zealot Immortal Immortal Adept Pylon Stalker Immortal Stalker Stalker Pylon Zealot Probe Stalker Assimilator TwilightCouncil Zealot Nexus Adept Assimilator,47.5,131054
374,1139786,0,52340,13.6625,52340,Adept RoboticsFacility RoboticsFacility Adept Adept Pylon Immortal Immortal Probe Immortal Pylon Immortal Gateway Stalker Pylon Immortal Stalker Probe Zealot Immortal Immortal Adept Pylon Stalker Immortal Stalker Pylon Stalker Adept Immortal Stargate RoboticsFacility RoboticsFacility Pylon RoboticsFacility Assimilator Probe,49.75,131075
374,1140674,0,52423,13.6818,52423,Adept RoboticsFacility RoboticsFacility Adept Adept Pylon Immortal Immortal Probe Immortal Pylon Immortal Gateway Stalker Pylon Immortal Stalker Probe Zealot Immortal Immortal Adept Pylon Stalker Immortal Stalker Stalker Pylon Stalker Stalker Gateway Stalker Zealot Nexus RoboticsFacility,48.25,131274
374,1144026,0,52727,13.7318,52727,Adept RoboticsFacility RoboticsFacility Adept Adept Pylon Immortal Immortal Probe Immortal Pylon Immortal Gateway Stalker Pylon Immortal Stalker Probe Zealot Immortal Immortal Adept Pylon Stalker Immortal Stalker Stalker Pylon Immortal Zealot Assimilator RoboticsBay TwilightCouncil Gateway Stalker Probe Assimilator,49.5,131325
374,1152782,0,53543,13.8631,53543,Adept RoboticsFacility RoboticsFacility Adept Adept Pylon Immortal Immortal Probe Immortal Pylon Immortal Gateway Stalker Pylon Immortal Stalker Probe Zealot Immortal Immortal Adept Pylon Stalker Immortal Stalker Stalker Pylon Zealot Immortal Zealot RoboticsBay Stargate Gateway Probe Gateway Assimilator,50.5,131435
383,1159191,0,54148,13.9421,54148,Adept RoboticsFacility RoboticsFacility Adept Adept Pylon Immortal Immortal Probe Immortal Pylon Immortal Gateway Stalker Pylon Immortal Stalker Probe Zealot Immortal Immortal Adept Pylon Stalker Immortal Stalker Stalker Pylon Adept Immortal Adept Gateway RoboticsBay Gateway Probe TwilightCouncil Assimilator,51,131448
383,1165602,0,54809,13.9879,54809,Adept RoboticsFacility RoboticsFacility Adept Adept Pylon Immortal Immortal Probe Immortal Pylon Immortal Gateway Stalker Pylon Immortal Stalker Probe Zealot Immortal Immortal Adept Pylon Stalker Immortal Stalker Stalker Pylon Stalker Immortal Stalker Pylon Adept Adept Probe Stargate RoboticsFacility,52,131553
383,1170012,0,55256,14.0585,55256,Adept RoboticsFacility RoboticsFacility Adept Adept Pylon Immortal Immortal Probe Immortal Pylon Immortal Gateway Stalker Pylon Immortal Stalker Probe Zealot Immortal Immortal Adept Pylon Stalker Immortal Stalker Stalker Pylon Immortal Adept Zealot RoboticsBay Gateway Gateway Stargate Assimilator Probe,50.75,131596
396,1179561,0,56247,14.1935,56247,Adept RoboticsFacility RoboticsFacility Adept Adept Pylon Immortal Immortal Probe Immortal Pylon Immortal Gateway Stalker Pylon Immortal Stalker Probe Zealot Immortal Immortal Adept Pylon Stalker Immortal Stalker Stalker Pylon Immortal Adept Stalker Gateway Assimilator RoboticsBay Pylon Pylon Probe,51.5,131658
396,1180405,0,56338,14.1997,56338,Adept RoboticsFacility RoboticsFacility Adept Adept Pylon Immortal Immortal Probe Immortal Pylon Immortal Gateway Stalker Pylon Immortal Stalker Probe Zealot Immortal Immortal Adept Pylon Stalker Immortal Stalker Stalker Pylon Immortal Adept Stalker RoboticsFacility TwilightCouncil RoboticsBay Assimilator Gateway,51.5,131658
396,1185226,0,56847,14.2609,56847,Adept RoboticsFacility RoboticsFacility Adept Adept Pylon Immortal Immortal Probe Immortal Pylon Immortal Gateway Stalker Pylon Immortal Stalker Probe Zealot Immortal Immortal Adept Pylon Stalker Immortal Stalker Stalker Pylon Immortal Stalker Zealot Stargate Probe Nexus Pylon,51.25,131700
409,1198546,0,58285,14.4158,58285,Adept RoboticsFacility RoboticsFacility Adept Adept Pylon Immortal Immortal Probe Immortal Pylon Immortal Gateway Stalker Pylon Immortal Stalker Probe Zealot Immortal Immortal Adept Pylon Stalker Immortal Stalker Stalker Pylon Immortal Stalker Stalker RoboticsFacility TwilightCouncil Stargate Assimilator Gateway,52,131718
409,1199438,0,58400,14.4322,58400,Adept RoboticsFacility RoboticsFacility Adept Adept Pylon Immortal Immortal Probe Immortal Pylon Immortal Gateway Stalker Pylon Immortal Stalker Probe Zealot Immortal Immortal Adept Pylon Stalker Immortal Stalker Stalker Pylon Immortal Stalker Stalker Probe Pylon Zealot Nexus Probe,52,131718
421,1215113,0,60438,14.6444,60438,Adept RoboticsFacility RoboticsFacility Adept Adept Pylon Immortal Immortal Probe Immortal Pylon Immortal Gateway Stalker Pylon Immortal Stalker Probe Zealot Immortal Immortal Adept Pylon Stalker Immortal Stalker Stalker Pylon Immortal Stalker Stalker Probe Pylon Pylon Probe Immortal Adept,52,131718
421,1220529,0,61200,14.6818,61200,Adept RoboticsFacility RoboticsFacility Adept Adept Pylon Immortal Immortal Probe Immortal Pylon Immortal Gateway Stalker Pylon Immortal Stalker Probe Zealot Immortal Immortal Adept Pylon Stalker Immortal Stalker Stalker Pylon Immortal Stalker Stalker Pylon Probe Probe Gateway Stalker TwilightCouncil Probe,52,131718
430,1236387,0,63643,14.8961,63643,Adept RoboticsFacility RoboticsFacility Adept Adept Pylon Immortal Immortal Probe Immortal Pylon Immortal Gateway Stalker Pylon Immortal Stalker Probe Zealot Immortal Immortal Adept Pylon Stalker Immortal Stalker Stalker Pylon Immortal Stalker Stalker Pylon Probe Probe Stalker Gateway Zealot Assimilator Probe,52,131718
430,1239104,0,64091,14.9286,64091,Adept RoboticsFacility RoboticsFacility Adept Adept Pylon Immortal Immortal Probe Immortal Pylon Immortal Gateway Stalker Pylon Immortal Stalker Probe Zealot Immortal Immortal Adept Pylon Stalker Immortal Stalker Stalker Pylon Immortal Stalker Stalker Pylon Probe Assimilator Zealot Probe Probe RoboticsFacility Zealot,52,131718
443,1246120,0,65365,15.031,65365,Adept RoboticsFacility RoboticsFacility Adept Adept Pylon Immortal Immortal Probe Immortal Pylon Immortal Gateway Stalker Pylon Immortal Stalker Probe Zealot Immortal Immortal Adept Pylon Stalker Immortal Stalker Stalker Pylon Immortal Stalker Stalker Pylon Probe Probe Probe RoboticsBay Stalker Zealot Assimilator,52,131718
443,1249787,0,66030,15.0832,66030,Adept RoboticsFacility RoboticsFacility Adept Adept Pylon Immortal Immortal Probe Immortal Pylon Immortal Gateway Stalker Pylon Immortal Stalker Probe Zealot Immortal Immortal Adept Pylon Stalker Immortal Stalker Stalker Pylon Immortal Stalker Stalker Pylon Probe Probe Stalker Probe Adept RoboticsFacility Assimilator,52,131718
456,1251553,0,66368,15.1233,66368,Adept RoboticsFacility RoboticsFacility Adept Adept Pylon Immortal Immortal Probe Immortal Pylon Immortal Gateway Stalker Pylon Immortal Stalker Probe Zealot Immortal Immortal Adept Pylon Stalker Immortal Stalker Stalker Pylon Immortal Stalker Stalker Pylon Probe Probe TwilightCouncil Probe Immortal,52,131718
456,1256627,0,67330,15.1846,67330,Adept RoboticsFacility RoboticsFacility Adept Adept Pylon Immortal Immortal Probe Immortal Pylon Immortal Gateway Stalker Pylon Immortal Stalker Probe Zealot Immortal Immortal Adept Pylon Stalker Immortal Stalker Stalker Pylon Immortal Stalker Stalker Pylon Probe Probe Stalker Probe Immortal,52,131718
