{
    "Average": {
        "Eval": 127145.0390625,
        "FinishedEval": 127145.0390625,
        "FinishedValue": 47.9210510253906,
        "LeafNodesExpanded": 0,
        "LeafNodesVisited": 70294,
        "NodeVisits": 1184210,
        "NodesExpanded": 512,
        "NumRuns": 19,
        "NumSimulations": 70293,
        "TimeElapsed": 17.7684604210526,
        "TimeElapsedCPU": 8.57708229431579,
        "UsefulEval": 114171.09375,
        "UsefulValue": 42.4605255126953,
        "Value": 47.9210510253906
    },
    "Best": {
        "BestRunEval": 6,
        "BestRunEvalFinished": 6,
        "BestRunEvalUseful": 6,
        "Eval": 139089.75,
        "EvalBuildOrder": "RoboticsFacility Stalker RoboticsFacility Probe Adept Gateway Immortal Immortal Stalker Immortal Adept Pylon Immortal Immortal Adept Pylon Pylon Immortal Stalker Immortal Adept Immortal Pylon Immortal Stalker Stalker Pylon Pylon Stalker Zealot Probe Probe Probe Probe Immortal Stalker Adept",
        "FinishedBuildOrder": "RoboticsFacility Stalker RoboticsFacility Probe Adept Gateway Immortal Immortal Stalker Immortal Adept Pylon Immortal Immortal Adept Pylon Pylon Immortal Stalker Immortal Adept Immortal Pylon Immortal Stalker Stalker Pylon Pylon Stalker Zealot Probe Probe Probe Probe",
        "FinishedEval": 139089.75,
        "FinishedValue": 50.25,
        "LeafNodesExpanded": 15,
        "LeafNodesVisited": 74001,
        "NodeVisits": 1228201,
        "NodesExpanded": 579,
        "NumSimulations": 74000,
        "TimeElapsed": 19.688416,
        "TimeElapsedCPU": 8.860953375,
        "UsefulBuildOrder": "RoboticsFacility Stalker RoboticsFacility Probe Adept Gateway Immortal Immortal Stalker Immortal Adept Pylon Immortal Immortal Adept Pylon Pylon Immortal Stalker Immortal Adept Immortal Pylon Immortal Stalker Stalker Pylon Pylon Stalker Zealot Probe Probe Probe Probe",
        "UsefulEval": 139089.75,
        "UsefulValue": 50.25,
        "Value": 50.25
    }
}
