0,0,0,0,0,0, ,0,0
0,33,0,1,0.000274,1,Zealot Adept Probe TwilightCouncil Stalker Zealot RoboticsFacility Zealot RoboticsFacility Pylon Assimilator Stargate Stalker Probe RoboticsFacility Assimilator Zealot VoidRay VoidRay Immortal Stalker TemplarArchive RoboticsFacility DarkShrine RoboticsFacility FleetBeacon RoboticsBay Stargate Pylon Stargate Carrier Stargate,22.25,53884
0,311,0,10,0.002192,10,Nexus Zealot Stalker Probe Assimilator Stargate Nexus Pylon Nexus VoidRay Adept Stalker VoidRay Probe Assimilator Probe Zealot VoidRay Gateway VoidRay Stalker Zealot Adept Probe VoidRay RoboticsFacility Pylon Adept Pylon Probe Pylon,25.5,55091
0,467,0,15,0.00333,15,Adept Stargate Nexus Adept Nexus RoboticsFacility VoidRay TwilightCouncil Stalker RoboticsFacility DarkShrine VoidRay Stargate Zealot Immortal Stalker TemplarArchive Gateway Assimilator Zealot Gateway Adept Zealot Probe Zealot Nexus VoidRay Pylon RoboticsBay Stalker Probe,21,60113.8
0,583,0,18,0.01018,18,Stalker Gateway Stalker Pylon Adept RoboticsFacility Gateway RoboticsBay Zealot Adept Probe Colossus Pylon TwilightCouncil Adept Stargate RoboticsFacility RoboticsFacility Immortal Colossus FleetBeacon Pylon Zealot Gateway Probe Gateway Stargate RoboticsFacility Gateway RoboticsFacility Zealot Gateway Probe Gateway Pylon Probe Nexus,23,61543
0,857,0,26,0.012165,26,Assimilator Gateway Adept Probe Adept Stargate Adept Stalker Assimilator FleetBeacon TwilightCouncil Probe Probe Adept Adept Tempest Adept Pylon Pylon RoboticsFacility Carrier Stargate Pylon Nexus Pylon DarkShrine Gateway Nexus VoidRay,19.5,63493.5
0,922,0,28,0.012623,28,Stargate VoidRay Pylon Adept Zealot Stargate VoidRay RoboticsFacility Adept Gateway Nexus Gateway Gateway Stalker TwilightCouncil Gateway Stalker Zealot Adept TemplarArchive Nexus Stargate Probe Stalker Gateway FleetBeacon Adept Stalker Pylon Nexus Zealot DarkShrine Probe,22,68146.2
0,1104,0,34,0.017905,34,RoboticsFacility Adept Assimilator Immortal Immortal Probe Gateway Stargate Adept Adept RoboticsBay Zealot Assimilator Immortal Stalker Gateway Nexus FleetBeacon Nexus Adept TwilightCouncil Tempest Stalker Stalker,19,69234
0,1847,0,58,0.028262,58,Stalker Stalker Stargate Pylon VoidRay Stargate VoidRay Adept Stalker Stalker Gateway Stargate VoidRay Nexus TwilightCouncil Probe Assimilator Pylon Stargate Probe Pylon Zealot Probe Stargate Assimilator Gateway TemplarArchive Nexus Probe Gateway RoboticsFacility Zealot VoidRay Zealot Probe,22.25,70917
0,2260,0,71,0.036185,71,Stalker Stargate Nexus Probe Zealot VoidRay FleetBeacon Probe VoidRay Assimilator RoboticsFacility Tempest Immortal Immortal Tempest TwilightCouncil Pylon Gateway VoidRay Stargate Immortal Pylon Tempest VoidRay RoboticsFacility Adept Probe Gateway Probe,34.5,82523.8
10,14546,0,468,0.198768,468,Probe Stalker RoboticsFacility Zealot Immortal Stargate Gateway Gateway Nexus Stalker Stalker RoboticsBay Stalker Zealot VoidRay Stalker RoboticsFacility Stalker Zealot Zealot Assimilator TwilightCouncil Immortal FleetBeacon Nexus Zealot RoboticsFacility Probe Assimilator RoboticsFacility DarkShrine Stargate Adept,27,91347
11,17966,0,575,0.222552,575,Pylon Pylon Stalker Adept Pylon RoboticsFacility Stargate VoidRay Immortal VoidRay Adept Adept Nexus Immortal Gateway Zealot Probe Nexus VoidRay Immortal Assimilator Adept RoboticsBay Immortal VoidRay Nexus TwilightCouncil,34.75,91585.8
12,39916,0,1270,0.379909,1270,Probe Gateway Stargate Pylon Assimilator Stargate TwilightCouncil VoidRay Zealot Stalker Stalker VoidRay Zealot VoidRay VoidRay VoidRay TemplarArchive Stalker Pylon DarkShrine Probe Nexus Stalker Stargate Probe RoboticsFacility DarkTemplar Assimilator Zealot Probe RoboticsBay DarkTemplar Probe Gateway,32.5,95290.8
57,180740,0,5666,1.43421,5666,Probe Gateway RoboticsFacility Adept Adept RoboticsBay Probe Stalker Stalker Assimilator Immortal Immortal Zealot Stalker Stargate Pylon Stalker VoidRay Adept Gateway Stargate Pylon Immortal Zealot Probe Pylon Zealot FleetBeacon TwilightCouncil Carrier TemplarArchive Stalker RoboticsFacility Stargate Stargate Assimilator,30.75,95450
67,227516,0,7191,1.79425,7191,Probe Gateway RoboticsFacility Stalker Pylon Pylon Gateway Adept Pylon Stargate Stalker Adept Zealot Probe VoidRay Immortal Adept Adept Assimilator Stalker Stalker Gateway Immortal Gateway VoidRay VoidRay Stalker Adept Stargate Assimilator Stargate Nexus Pylon Gateway TwilightCouncil,35.5,101915
94,321087,0,10299,2.52917,10299,Probe Gateway RoboticsFacility Stalker Pylon Gateway Adept Immortal Stalker Adept Adept RoboticsFacility Immortal RoboticsFacility Probe Adept Adept Pylon Stalker Adept Probe TwilightCouncil Immortal Pylon Immortal Gateway Pylon Stargate Zealot Assimilator Probe Pylon Pylon Gateway RoboticsBay Pylon Zealot Adept TemplarArchive DarkShrine VoidRay Assimilator Stargate Probe,31,103384
135,476266,0,15722,5.14446,15722,Probe Gateway RoboticsFacility Stalker Pylon Gateway Adept Immortal Stalker RoboticsFacility Immortal Adept Pylon Immortal Probe RoboticsBay Nexus Immortal Colossus Stalker Immortal Stalker Stalker Nexus Colossus RoboticsFacility Stargate Assimilator Pylon Stalker Nexus,40,104368
160,542658,0,18207,6.44564,18207,Probe Gateway RoboticsFacility Stalker Pylon Gateway Adept Immortal Stalker Immortal Zealot TwilightCouncil Stalker Probe Stalker Pylon Adept Stalker Assimilator Zealot Gateway Adept Immortal Zealot Adept Gateway RoboticsBay Pylon Gateway Colossus TemplarArchive Probe Stalker DarkShrine RoboticsFacility Assimilator Gateway Gateway Pylon,34.75,104792
161,554093,0,18641,6.63428,18641,Probe Gateway RoboticsFacility Stalker Pylon Gateway Adept Immortal Stalker Immortal Stalker Stargate VoidRay Nexus Stalker Zealot Immortal VoidRay Adept Adept TwilightCouncil Immortal Pylon Zealot RoboticsFacility Probe DarkShrine RoboticsBay TemplarArchive Zealot Probe Pylon Pylon Probe Assimilator Assimilator Pylon Assimilator Pylon Assimilator,35.75,104857
161,568118,0,19180,6.86362,19180,Probe Gateway RoboticsFacility Stalker Pylon Gateway Adept Immortal Stalker Adept Zealot Stalker RoboticsFacility Gateway Zealot Adept Adept Immortal Stalker Pylon Pylon Immortal Adept Assimilator Assimilator Stalker Immortal RoboticsBay Pylon Nexus Probe TwilightCouncil Stalker Stalker Stalker,32,108810
162,586170,0,19871,7.15931,19871,Probe Gateway RoboticsFacility Stalker Pylon Gateway Adept Immortal Stalker Pylon Stalker Probe Adept RoboticsFacility Stalker Gateway Immortal Probe Adept Immortal Immortal RoboticsFacility Stalker Gateway Stalker Assimilator Adept Pylon Immortal Pylon Immortal TwilightCouncil Stargate FleetBeacon DarkShrine Stalker Pylon Stargate,38,113348
191,650404,0,22395,8.2179,22395,Probe Gateway RoboticsFacility Stalker Pylon Gateway Adept Immortal Stalker Pylon Stalker Probe Immortal Stalker Zealot Zealot Stargate Stalker Immortal Immortal Pylon Zealot VoidRay Assimilator Adept Immortal RoboticsFacility Nexus Probe FleetBeacon TwilightCouncil TemplarArchive Assimilator Nexus,37,115742
191,652045,0,22456,8.24374,22456,Probe Gateway RoboticsFacility Stalker Pylon Gateway Adept Immortal Stalker Pylon Stalker Probe Stalker Adept Stalker Immortal Stalker Pylon Immortal Stalker Probe Pylon Gateway Assimilator RoboticsBay Stalker RoboticsFacility Pylon Immortal Zealot Probe Adept Zealot Stalker Assimilator Adept Pylon Nexus TwilightCouncil Pylon Zealot,37.75,116647
224,789432,0,27823,10.2349,27823,Probe Gateway RoboticsFacility Stalker Pylon Gateway Adept Immortal Stalker Pylon Stalker Probe Stalker Adept Immortal Pylon Pylon Probe Stalker Adept Immortal Stalker RoboticsBay Gateway RoboticsFacility Stalker TwilightCouncil Stalker Immortal Adept Zealot Adept Adept Nexus Gateway Nexus Probe TemplarArchive Probe Probe Stalker Probe Assimilator,37.5,117965
237,813714,0,28796,10.5078,28796,Probe Gateway RoboticsFacility Stalker Pylon Gateway Adept Immortal Stalker Pylon Stalker Probe Stalker Adept Stalker RoboticsFacility Immortal Pylon Pylon Adept Stalker Immortal Gateway Zealot Adept Gateway Immortal Pylon Adept Immortal Adept Immortal Stalker Nexus Probe Stalker Assimilator Assimilator Pylon Stalker Probe,43.25,118938
239,839710,0,29847,10.881,29847,Probe Gateway RoboticsFacility Stalker Pylon Gateway Adept Immortal Stalker Pylon Stalker Probe Stalker Adept Zealot Zealot Zealot Probe Stargate Pylon Immortal VoidRay Stalker Stalker Assimilator Pylon Immortal Stalker Stalker Probe Immortal Stalker Stalker FleetBeacon Pylon VoidRay Stargate Pylon Stargate RoboticsFacility Probe,42,120937
366,1216204,0,46855,17.0357,46855,Probe Gateway RoboticsFacility Stalker Pylon Gateway Adept Immortal Stalker Pylon Stalker Probe Stalker Adept Zealot Zealot Zealot Probe Stargate Pylon Immortal VoidRay Stalker Stalker Adept Pylon Probe Pylon Immortal Stalker VoidRay Adept Probe Stalker Gateway FleetBeacon Pylon VoidRay Adept Gateway Probe Stalker TwilightCouncil Gateway Zealot Assimilator,42.5,121211
366,1237979,0,48042,17.4069,48042,Probe Gateway RoboticsFacility Stalker Pylon Gateway Adept Immortal Stalker Pylon Stalker Probe Stalker Adept Zealot Zealot Zealot Probe Stargate Pylon Immortal VoidRay Stalker Stalker Immortal Stalker Assimilator Adept Pylon Assimilator VoidRay Immortal Adept FleetBeacon Stargate RoboticsFacility Gateway Pylon,43.25,122373
396,1293372,0,51282,18.0309,51282,Probe Gateway RoboticsFacility Stalker Pylon Gateway Adept Immortal Stalker Pylon Stalker Probe Stalker Adept Zealot Zealot Zealot Probe Stargate Pylon Immortal VoidRay Stalker Stalker Immortal Pylon Immortal VoidRay Stalker Pylon Stalker Adept Nexus Adept Assimilator Immortal Adept RoboticsFacility Stargate Pylon,45,122818
411,1311564,0,52417,18.213,52417,Probe Gateway RoboticsFacility Stalker Pylon Gateway Adept Immortal Stalker Pylon Stalker Probe Stalker Adept Zealot Zealot Zealot Probe Stargate Pylon Immortal VoidRay Stalker Stalker Immortal Pylon VoidRay Stalker Immortal Adept Adept Stargate Nexus Stargate RoboticsFacility TwilightCouncil Assimilator Pylon Assimilator Pylon Gateway,43.25,123193
411,1313411,0,52534,18.2276,52534,Probe Gateway RoboticsFacility Stalker Pylon Gateway Adept Immortal Stalker Pylon Stalker Probe Stalker Adept Zealot Zealot Zealot Probe Stargate Pylon Immortal VoidRay Stalker Stalker Immortal Pylon Stalker Stalker Stalker Adept Adept VoidRay Assimilator TwilightCouncil Gateway Gateway RoboticsFacility Gateway TemplarArchive Assimilator RoboticsBay RoboticsFacility,43,124351
411,1323739,0,53186,18.3215,53186,Probe Gateway RoboticsFacility Stalker Pylon Gateway Adept Immortal Stalker Pylon Stalker Probe Stalker Adept Zealot Zealot Zealot Probe Stargate Pylon Immortal VoidRay Stalker Stalker Immortal Pylon Stalker Stalker VoidRay Stalker Pylon RoboticsBay Stalker Adept Nexus Immortal Zealot Assimilator Pylon Probe TwilightCouncil Pylon Probe,44.5,124641
426,1342438,0,54383,18.5102,54383,Probe Gateway RoboticsFacility Stalker Pylon Gateway Adept Immortal Stalker Pylon Stalker Probe Stalker Adept Zealot Zealot Zealot Probe Stargate Pylon Immortal VoidRay Stalker Stalker Immortal Pylon Stalker VoidRay Stalker Stalker Assimilator Zealot Adept Pylon Adept Gateway FleetBeacon Probe Adept Zealot Gateway TwilightCouncil Pylon,45.25,124737
426,1343980,0,54488,18.5352,54488,Probe Gateway RoboticsFacility Stalker Pylon Gateway Adept Immortal Stalker Pylon Stalker Probe Stalker Adept Zealot Zealot Zealot Probe Stargate Pylon Immortal VoidRay Stalker Stalker Immortal Pylon Stalker Stalker Stalker Immortal VoidRay Nexus Assimilator TwilightCouncil Pylon TemplarArchive Stalker FleetBeacon Assimilator,44.25,125279
426,1369136,0,56155,18.8095,56155,Probe Gateway RoboticsFacility Stalker Pylon Gateway Adept Immortal Stalker Pylon Stalker Probe Stalker Adept Zealot Zealot Zealot Probe Stargate Pylon Immortal VoidRay Stalker Stalker Immortal Pylon Stalker Stalker Stalker Pylon Immortal Adept RoboticsFacility Adept VoidRay Gateway Probe Stargate Zealot Assimilator Nexus RoboticsFacility,47.75,125394
432,1371283,0,56302,18.8515,56302,Probe Gateway RoboticsFacility Stalker Pylon Gateway Adept Immortal Stalker Pylon Stalker Probe Stalker Adept Zealot Zealot Zealot Probe Stargate Pylon Immortal VoidRay Stalker Stalker Immortal Pylon Stalker Stalker Immortal Stalker Pylon Stalker VoidRay Adept VoidRay RoboticsBay RoboticsFacility Pylon Assimilator Pylon Gateway Gateway,47.25,126410
456,1424517,0,60265,19.7269,60265,Probe Gateway RoboticsFacility Stalker Pylon Gateway Adept Immortal Stalker Pylon Stalker Probe Stalker Adept Zealot Zealot Zealot Probe Stargate Pylon Immortal VoidRay Stalker Stalker Immortal Pylon Stalker Stalker Immortal Stalker VoidRay Pylon Zealot Adept Stalker Adept RoboticsFacility Pylon Adept Nexus Adept Probe Assimilator,48.25,126913
471,1429748,0,60700,19.7785,60700,Probe Gateway RoboticsFacility Stalker Pylon Gateway Adept Immortal Stalker Pylon Stalker Probe Stalker Adept Zealot Zealot Zealot Probe Stargate Pylon Immortal VoidRay Stalker Stalker Immortal Pylon Stalker Stalker Immortal Stalker Adept Stalker Pylon Zealot RoboticsBay Assimilator Stalker Stalker Zealot RoboticsFacility Gateway TwilightCouncil RoboticsFacility,48.75,127050
484,1461743,0,63416,20.2155,63416,Probe Gateway RoboticsFacility Stalker Pylon Gateway Adept Immortal Stalker Pylon Stalker Probe Stalker Adept Zealot Zealot Zealot Probe Stargate Pylon Immortal VoidRay Stalker Stalker Immortal Pylon Stalker Stalker Immortal Stalker Adept Pylon Adept VoidRay Adept Assimilator Adept Nexus Assimilator Pylon Stargate Pylon,49.25,127338
484,1462750,0,63503,20.2334,63503,Probe Gateway RoboticsFacility Stalker Pylon Gateway Adept Immortal Stalker Pylon Stalker Probe Stalker Adept Zealot Zealot Zealot Probe Stargate Pylon Immortal VoidRay Stalker Stalker Immortal Pylon Stalker Stalker Immortal Stalker Adept Pylon Stalker VoidRay Adept Stalker RoboticsBay Gateway TwilightCouncil Pylon Gateway Assimilator Pylon Assimilator,50.25,127887
514,1500849,0,66982,20.8915,66982,Probe Gateway RoboticsFacility Stalker Pylon Gateway Adept Immortal Stalker Pylon Stalker Probe Stalker Adept Zealot Zealot Zealot Probe Stargate Pylon Immortal VoidRay Stalker Stalker Immortal Pylon Stalker Stalker Immortal Stalker Adept Pylon Stalker VoidRay Stalker Stalker Nexus Nexus Assimilator,50.75,128072
514,1506989,0,67571,21.0021,67571,Probe Gateway RoboticsFacility Stalker Pylon Gateway Adept Immortal Stalker Pylon Stalker Probe Stalker Adept Zealot Zealot Zealot Probe Stargate Pylon Immortal VoidRay Stalker Stalker Immortal Pylon Stalker Stalker Immortal Stalker Adept Pylon Stalker VoidRay Stalker Stalker Gateway Pylon Nexus Stargate Zealot,50.75,128072
515,1514242,0,68312,21.1258,68312,Probe Gateway RoboticsFacility Stalker Pylon Gateway Adept Immortal Stalker Pylon Stalker Probe Stalker Adept Zealot Zealot Zealot Probe Stargate Pylon Immortal VoidRay Stalker Stalker Immortal Pylon Stalker Stalker Immortal Stalker Adept Pylon Stalker VoidRay Stalker Stalker RoboticsBay Pylon Pylon Assimilator Gateway Stalker Stalker Probe,50.75,128072
529,1529282,0,70013,21.3745,70013,Probe Gateway RoboticsFacility Stalker Pylon Gateway Adept Immortal Stalker Pylon Stalker Probe Stalker Adept Zealot Zealot Zealot Probe Stargate Pylon Immortal VoidRay Stalker Stalker Immortal Pylon Stalker Stalker Immortal Stalker Adept Pylon Stalker VoidRay Stalker Stalker Pylon Adept RoboticsFacility Adept Stalker Gateway Probe Gateway,50.75,128072
542,1532378,0,70390,21.4286,70390,Probe Gateway RoboticsFacility Stalker Pylon Gateway Adept Immortal Stalker Pylon Stalker Probe Stalker Adept Zealot Zealot Zealot Probe Stargate Pylon Immortal VoidRay Stalker Stalker Immortal Pylon Stalker Stalker Immortal Stalker Adept Pylon Stalker VoidRay Stalker Stalker Pylon Stargate Gateway Immortal Zealot Zealot,50.75,128072
542,1532593,0,70416,21.4353,70416,Probe Gateway RoboticsFacility Stalker Pylon Gateway Adept Immortal Stalker Pylon Stalker Probe Stalker Adept Zealot Zealot Zealot Probe Stargate Pylon Immortal VoidRay Stalker Stalker Immortal Pylon Stalker Stalker Immortal Stalker Adept Pylon Stalker VoidRay Stalker Stalker Assimilator RoboticsFacility Pylon RoboticsFacility Probe Adept Probe Stargate,50.75,128072
542,1541758,0,71532,21.6289,71532,Probe Gateway RoboticsFacility Stalker Pylon Gateway Adept Immortal Stalker Pylon Stalker Probe Stalker Adept Zealot Zealot Zealot Probe Stargate Pylon Immortal VoidRay Stalker Stalker Immortal Pylon Stalker Stalker Immortal Stalker Adept Pylon Stalker VoidRay Stalker Stalker Pylon Probe Probe Pylon RoboticsFacility Adept Pylon Immortal,50.75,128072
551,1548336,0,72395,21.7539,72395,Probe Gateway RoboticsFacility Stalker Pylon Gateway Adept Immortal Stalker Pylon Stalker Probe Stalker Adept Zealot Zealot Zealot Probe Stargate Pylon Immortal VoidRay Stalker Stalker Immortal Pylon Stalker Stalker Immortal Stalker Adept Pylon Stalker VoidRay Stalker Stalker Pylon Adept Probe VoidRay Probe Pylon RoboticsFacility Gateway,50.75,128072
551,1548402,0,72404,21.7544,72404,Probe Gateway RoboticsFacility Stalker Pylon Gateway Adept Immortal Stalker Pylon Stalker Probe Stalker Adept Zealot Zealot Zealot Probe Stargate Pylon Immortal VoidRay Stalker Stalker Immortal Pylon Stalker Stalker Immortal Stalker Adept Pylon Stalker VoidRay Stalker Stalker Pylon Probe Pylon Probe Probe Gateway Zealot Gateway Stargate Probe,50.75,128072
576,1563706,0,74588,22.0868,74588,Probe Gateway RoboticsFacility Stalker Pylon Gateway Adept Immortal Stalker Pylon Stalker Probe Stalker Adept Zealot Zealot Zealot Probe Stargate Pylon Immortal VoidRay Stalker Stalker Immortal Pylon Stalker Stalker Immortal Stalker Adept Pylon Stalker VoidRay Stalker Stalker Pylon Probe TwilightCouncil Stalker Gateway Probe Probe Adept RoboticsFacility,50.75,128072
576,1566445,0,74984,22.1316,74984,Probe Gateway RoboticsFacility Stalker Pylon Gateway Adept Immortal Stalker Pylon Stalker Probe Stalker Adept Zealot Zealot Zealot Probe Stargate Pylon Immortal VoidRay Stalker Stalker Immortal Pylon Stalker Stalker Immortal Stalker Adept Pylon Stalker VoidRay Stalker Stalker Pylon Zealot Gateway Probe Probe Zealot Probe Probe Assimilator TwilightCouncil Assimilator,50.75,128072
621,1603014,0,81240,22.6896,81240,Probe Gateway RoboticsFacility Stalker Pylon Gateway Adept Immortal Stalker Pylon Stalker Probe Stalker Adept Zealot Zealot Zealot Probe Stargate Pylon Immortal VoidRay Stalker Stalker Immortal Pylon Stalker Stalker Immortal Stalker Adept Pylon Stalker VoidRay Stalker Stalker Pylon Zealot Gateway Probe Probe Probe Probe RoboticsBay TwilightCouncil Adept,50.75,128072
621,1607734,0,82193,22.7985,82193,Probe Gateway RoboticsFacility Stalker Pylon Gateway Adept Immortal Stalker Pylon Stalker Probe Stalker Adept Zealot Zealot Zealot Probe Stargate Pylon Immortal VoidRay Stalker Stalker Immortal Pylon Stalker Stalker Immortal Stalker Adept Pylon Stalker VoidRay Stalker Stalker Pylon Zealot Gateway Probe Probe Assimilator Probe Probe Stalker RoboticsFacility,50.75,128072
684,1640433,9,90071,23.4646,90071,Probe Gateway RoboticsFacility Stalker Pylon Gateway Adept Immortal Stalker Pylon Stalker Probe Stalker Adept Zealot Zealot Zealot Probe Stargate Pylon Immortal VoidRay Stalker Stalker Immortal Pylon Stalker Stalker Immortal Stalker Adept Pylon Stalker VoidRay Stalker Stalker Pylon Zealot Gateway Probe Probe Assimilator Probe Probe Stalker Gateway,50.75,128072
