0,0,0,0,0,0, ,0,0
0,33,0,1,0.00025,1,RoboticsFacility Stalker Adept Gateway Zealot Gateway Zealot Zealot TwilightCouncil Pylon Zealot Immortal Zealot Gateway Stalker TemplarArchive Nexus Pylon Nexus Gateway RoboticsFacility Pylon Probe Stalker Assimilator Nexus Pylon Pylon Assimilator DarkShrine Nexus Zealot,15.25,59000.2
0,275,0,8,0.00599,8,Gateway Zealot Pylon Probe Stargate Probe Stalker Stargate Assimilator VoidRay Gateway Probe Stalker Adept Pylon VoidRay Stalker Adept Adept Stargate Gateway Nexus Zealot Adept Stalker Nexus Zealot Adept Gateway Assimilator Stargate Stargate Zealot Probe TwilightCouncil RoboticsFacility Probe Probe RoboticsFacility,25.25,86176.5
22,71700,0,2308,1.151,2308,Gateway RoboticsFacility Adept Immortal RoboticsFacility Pylon Immortal Zealot Nexus Stalker RoboticsBay Immortal Gateway Zealot TwilightCouncil DarkShrine Immortal Adept Immortal Zealot RoboticsFacility Immortal Zealot Gateway Zealot TemplarArchive Stalker Pylon Zealot Stalker DarkTemplar Probe Assimilator Probe,33.5,86212
22,76282,0,2459,1.24769,2459,Gateway RoboticsFacility Zealot Immortal Stalker RoboticsBay Stalker Stalker Zealot Colossus Probe Pylon Stalker Gateway Immortal Zealot Stalker TwilightCouncil Nexus Gateway RoboticsFacility DarkShrine Stargate VoidRay Assimilator FleetBeacon Gateway RoboticsFacility Nexus Probe Pylon DarkTemplar Probe,28.25,92161.8
35,126080,0,4101,1.83057,4101,Gateway RoboticsFacility Pylon Immortal Adept Stargate Stalker Immortal Zealot Adept VoidRay Probe Immortal FleetBeacon Gateway Stalker Assimilator Immortal RoboticsBay Nexus Carrier Assimilator TwilightCouncil Gateway Pylon Adept Gateway Adept Gateway Adept,26,93683.8
39,170478,0,5617,2.39148,5617,Gateway RoboticsFacility Probe Adept Stalker RoboticsFacility Stalker Immortal Zealot Stalker Immortal Pylon Assimilator Adept Stargate Adept Pylon Immortal Stargate Nexus Adept Stalker RoboticsFacility Stargate Zealot Nexus RoboticsBay Colossus Probe Zealot Gateway Assimilator,25.25,95549
53,188572,0,6206,2.66334,6206,Gateway RoboticsFacility Probe Stalker Stalker Pylon Probe Probe Gateway Immortal Zealot Stalker Stalker Probe Immortal Stargate Nexus Zealot Adept VoidRay Zealot VoidRay RoboticsBay Immortal Zealot Stargate Probe Probe TwilightCouncil FleetBeacon TemplarArchive Gateway Adept Assimilator Nexus Nexus Pylon Assimilator Assimilator Gateway Pylon Assimilator,31.5,102102
83,315554,0,10442,4.53842,10442,Gateway RoboticsFacility Probe Stalker Stalker Adept Immortal Zealot Pylon Immortal Stalker Immortal Stalker TwilightCouncil Immortal Pylon DarkShrine Zealot RoboticsBay Assimilator Stalker Nexus Gateway Pylon Immortal Stalker Adept Nexus Assimilator Gateway RoboticsFacility Zealot,33.75,104140
97,400367,0,13386,5.80525,13386,Gateway RoboticsFacility Probe Stalker Stalker Adept Pylon Immortal RoboticsBay Stalker Pylon Stargate Zealot Adept Immortal Immortal Assimilator Gateway Pylon VoidRay VoidRay Stalker Colossus TwilightCouncil Zealot Stargate RoboticsFacility Assimilator Stalker Adept Pylon Immortal DarkShrine,38.75,105900
111,448097,0,15065,6.51136,15065,Gateway RoboticsFacility Probe Stalker Stalker Adept Pylon Immortal Stalker Pylon Immortal Adept Stalker Adept Immortal Gateway Immortal RoboticsFacility Probe Adept Immortal Pylon Assimilator RoboticsFacility RoboticsBay Assimilator Nexus Colossus Stargate Stalker RoboticsFacility RoboticsFacility Stalker Probe,32.5,106734
124,477236,0,16111,6.9485,16111,Gateway RoboticsFacility Probe Stalker Stalker Adept Pylon Immortal Stargate VoidRay Pylon Probe Adept Adept Pylon Gateway VoidRay RoboticsFacility Immortal Stalker Probe Zealot VoidRay Immortal Gateway Stargate Adept Immortal FleetBeacon Nexus Nexus Nexus Assimilator,38.25,107158
124,480863,0,16247,7.00144,16247,Gateway RoboticsFacility Probe Stalker Stalker Adept Pylon Immortal Immortal Stalker Pylon RoboticsFacility RoboticsFacility Gateway Stalker Stalker Stalker Zealot Immortal Stalker Pylon TwilightCouncil Pylon Pylon Stalker Immortal RoboticsFacility Assimilator Adept RoboticsBay Immortal TemplarArchive RoboticsFacility Pylon Colossus Pylon,36.25,109133
124,494067,0,16740,7.18934,16740,Gateway RoboticsFacility Probe Stalker Stalker Adept Pylon Immortal RoboticsFacility Probe Immortal Immortal Adept Zealot Stalker Immortal Gateway Gateway Assimilator Pylon Probe Stalker Adept Gateway Adept Pylon Immortal Stargate Pylon Stalker TwilightCouncil Stargate Probe RoboticsFacility Nexus RoboticsFacility DarkShrine Assimilator Probe,33.5,111254
135,533137,0,18199,7.77503,18199,Gateway RoboticsFacility Probe Stalker Stalker Adept Pylon Immortal RoboticsFacility Immortal Immortal Nexus Immortal Immortal Immortal Assimilator Adept RoboticsBay Zealot Immortal Stalker Stalker Gateway Nexus Stalker Stargate Assimilator TwilightCouncil Pylon Probe,38.5,113117
138,574038,0,19767,8.37867,19767,Gateway RoboticsFacility Probe Stalker Stalker Adept Pylon Immortal RoboticsFacility Stalker Immortal Immortal Immortal Stalker Immortal Pylon Immortal Nexus Zealot Assimilator Stargate Zealot FleetBeacon Adept Tempest Zealot TwilightCouncil Assimilator Stargate Pylon Stalker Pylon,34,116068
167,632836,0,22065,9.26084,22065,Gateway RoboticsFacility Probe Stalker Stalker Adept Pylon Immortal RoboticsFacility Stalker Immortal Pylon Stalker Immortal Probe Stalker Pylon Immortal Immortal Stalker RoboticsBay Pylon Zealot Nexus Nexus Assimilator Nexus Stalker Zealot Pylon Assimilator Probe Adept Assimilator RoboticsFacility,34.25,116711
167,655309,0,22998,9.59832,22998,Gateway RoboticsFacility Probe Stalker Stalker Adept Pylon Immortal RoboticsFacility Stalker Immortal Stalker Pylon Zealot Probe Assimilator Immortal Immortal Probe Adept Zealot RoboticsFacility Stalker Stalker Pylon TwilightCouncil Zealot Adept Adept Pylon Stalker Immortal Probe Assimilator TemplarArchive Pylon DarkShrine Pylon Probe Probe Probe Adept Probe,39,116794
167,662839,0,23313,9.70636,23313,Gateway RoboticsFacility Probe Stalker Stalker Adept Pylon Immortal RoboticsFacility Stalker Immortal Immortal Immortal Adept Adept Nexus Adept Pylon Immortal Assimilator Immortal Immortal Probe Nexus Zealot Gateway Pylon TwilightCouncil Gateway Assimilator RoboticsFacility Probe,37.5,116834
167,663175,0,23327,9.70879,23327,Gateway RoboticsFacility Probe Stalker Stalker Adept Pylon Immortal RoboticsFacility Stalker Immortal Immortal Pylon Immortal Stalker Stalker Immortal Stalker Immortal RoboticsFacility Stargate TwilightCouncil Assimilator Nexus DarkShrine TemplarArchive VoidRay Adept Probe Gateway Assimilator Stalker Gateway,34.25,121325
180,680007,0,24035,9.96314,24035,Gateway RoboticsFacility Probe Stalker Stalker Adept Pylon Immortal RoboticsFacility Stalker Immortal Immortal Immortal Pylon Zealot RoboticsBay Immortal Immortal Stalker Adept Pylon Immortal Assimilator Adept Gateway Stalker Nexus Assimilator Gateway Stargate TwilightCouncil Pylon,39.75,124469
206,791686,0,29190,11.5781,29190,Gateway RoboticsFacility Probe Stalker Stalker Adept Pylon Immortal RoboticsFacility Stalker Immortal Immortal Immortal Pylon Zealot Immortal Stalker Stalker Pylon Immortal Immortal Stargate Gateway Immortal Gateway RoboticsFacility RoboticsFacility Gateway Nexus FleetBeacon Assimilator,41,127693
232,866196,0,32928,12.6919,32928,Gateway RoboticsFacility Probe Stalker Stalker Adept Pylon Immortal RoboticsFacility Stalker Immortal Immortal Immortal Pylon Zealot Immortal Pylon Adept Immortal Pylon Zealot Immortal Immortal Probe Immortal Gateway Gateway Adept Assimilator Stargate Nexus TwilightCouncil Pylon,44.75,128398
245,920301,0,35873,13.4883,35873,Gateway RoboticsFacility Probe Stalker Stalker Adept Pylon Immortal RoboticsFacility Stalker Immortal Immortal Immortal Pylon Zealot Immortal Pylon Immortal Stalker Stalker Pylon Immortal Assimilator Stargate Immortal Stalker Immortal Zealot Gateway Assimilator RoboticsBay RoboticsFacility,47.5,128586
258,950339,0,37666,13.9354,37666,Gateway RoboticsFacility Probe Stalker Stalker Adept Pylon Immortal RoboticsFacility Stalker Immortal Immortal Immortal Pylon Zealot Immortal Pylon Immortal Stalker Adept Stalker Zealot Immortal Gateway Pylon Stalker Adept Stalker Stargate FleetBeacon Gateway Adept TwilightCouncil Pylon Assimilator Assimilator,44.25,128654
258,951740,0,37750,13.9586,37750,Gateway RoboticsFacility Probe Stalker Stalker Adept Pylon Immortal RoboticsFacility Stalker Immortal Immortal Immortal Pylon Zealot Immortal Pylon Immortal Immortal Stalker Adept Immortal Pylon Stalker TwilightCouncil Stalker Immortal Pylon TemplarArchive Pylon Zealot Probe RoboticsFacility Zealot Assimilator Assimilator,47.75,130604
297,1022185,0,42542,14.9728,42542,Gateway RoboticsFacility Probe Stalker Stalker Adept Pylon Immortal RoboticsFacility Stalker Immortal Immortal Immortal Pylon Zealot Immortal Pylon Immortal Immortal Stalker Adept Pylon Immortal Stalker Immortal Adept Nexus Gateway Gateway Stargate Stargate Assimilator,47.25,131652
310,1060712,0,45392,15.5229,45392,Gateway RoboticsFacility Probe Stalker Stalker Adept Pylon Immortal RoboticsFacility Stalker Immortal Immortal Immortal Pylon Zealot Immortal Pylon Immortal Immortal Stalker Adept Pylon Immortal Immortal Stalker Zealot Pylon Stargate RoboticsFacility Zealot Immortal RoboticsBay Gateway,48,131677
323,1073299,0,46382,15.7065,46382,Gateway RoboticsFacility Probe Stalker Stalker Adept Pylon Immortal RoboticsFacility Stalker Immortal Immortal Immortal Pylon Zealot Immortal Pylon Immortal Immortal Stalker Adept Pylon Immortal Stalker Stalker Immortal Gateway Pylon RoboticsBay Immortal Zealot Probe Gateway Assimilator,47.75,131979
323,1086401,0,47495,15.9058,47495,Gateway RoboticsFacility Probe Stalker Stalker Adept Pylon Immortal RoboticsFacility Stalker Immortal Immortal Immortal Pylon Zealot Immortal Pylon Immortal Immortal Stalker Adept Pylon Immortal Immortal Stalker Stalker Pylon Adept RoboticsFacility Pylon Adept Stalker RoboticsBay Assimilator Probe Pylon,49,132157
336,1113328,0,50085,16.2798,50085,Gateway RoboticsFacility Probe Stalker Stalker Adept Pylon Immortal RoboticsFacility Stalker Immortal Immortal Immortal Pylon Zealot Immortal Pylon Immortal Immortal Stalker Adept Pylon Immortal Immortal Stalker Stalker Pylon Adept RoboticsFacility Stargate Immortal RoboticsFacility Pylon Probe,49,132157
348,1115372,0,50309,16.3078,50309,Gateway RoboticsFacility Probe Stalker Stalker Adept Pylon Immortal RoboticsFacility Stalker Immortal Immortal Immortal Pylon Zealot Immortal Pylon Immortal Immortal Stalker Adept Pylon Immortal Immortal Stalker Stalker Pylon Pylon Adept Pylon Zealot Assimilator Nexus Probe,50,132245
348,1120432,0,50869,16.3818,50869,Gateway RoboticsFacility Probe Stalker Stalker Adept Pylon Immortal RoboticsFacility Stalker Immortal Immortal Immortal Pylon Zealot Immortal Pylon Immortal Immortal Stalker Adept Pylon Immortal Immortal Stalker Stalker Pylon Stalker Adept Assimilator Pylon Stargate Nexus,50.75,132272
348,1123733,0,51235,16.4308,51235,Gateway RoboticsFacility Probe Stalker Stalker Adept Pylon Immortal RoboticsFacility Stalker Immortal Immortal Immortal Pylon Zealot Immortal Pylon Immortal Immortal Stalker Adept Pylon Immortal Immortal Stalker Stalker Pylon Stalker Pylon Stalker Immortal Assimilator TwilightCouncil Assimilator Probe,51.25,132284
356,1134010,0,52398,16.5682,52398,Gateway RoboticsFacility Probe Stalker Stalker Adept Pylon Immortal RoboticsFacility Stalker Immortal Immortal Immortal Pylon Zealot Immortal Pylon Immortal Immortal Stalker Adept Pylon Immortal Immortal Stalker Stalker Pylon Stalker Probe Stalker Adept Assimilator RoboticsBay Assimilator RoboticsFacility Probe Pylon,51.25,132284
356,1138032,0,52903,16.6332,52903,Gateway RoboticsFacility Probe Stalker Stalker Adept Pylon Immortal RoboticsFacility Stalker Immortal Immortal Immortal Pylon Zealot Immortal Pylon Immortal Immortal Stalker Adept Pylon Immortal Immortal Stalker Stalker Pylon RoboticsFacility Stalker Zealot Adept TwilightCouncil Stalker Stargate Assimilator,50.5,132330
356,1141368,0,53323,16.6824,53323,Gateway RoboticsFacility Probe Stalker Stalker Adept Pylon Immortal RoboticsFacility Stalker Immortal Immortal Immortal Pylon Zealot Immortal Pylon Immortal Immortal Stalker Adept Pylon Immortal Immortal Stalker Stalker Pylon Stalker Probe Gateway Zealot Stargate Nexus,50.5,132330
357,1144553,0,53723,16.7176,53723,Gateway RoboticsFacility Probe Stalker Stalker Adept Pylon Immortal RoboticsFacility Stalker Immortal Immortal Immortal Pylon Zealot Immortal Pylon Immortal Immortal Stalker Adept Pylon Immortal Immortal Stalker Stalker Pylon Stalker Zealot Probe TwilightCouncil RoboticsFacility Stalker Assimilator Gateway Probe,50.5,132330
402,1149318,0,54316,16.7941,54316,Gateway RoboticsFacility Probe Stalker Stalker Adept Pylon Immortal RoboticsFacility Stalker Immortal Immortal Immortal Pylon Zealot Immortal Pylon Immortal Immortal Stalker Adept Pylon Immortal Immortal Stalker Stalker Pylon Probe Stalker Zealot Stalker Nexus Gateway Probe,50.5,132330
402,1150691,0,54486,16.8169,54486,Gateway RoboticsFacility Probe Stalker Stalker Adept Pylon Immortal RoboticsFacility Stalker Immortal Immortal Immortal Pylon Zealot Immortal Pylon Immortal Immortal Stalker Adept Pylon Immortal Immortal Stalker Stalker Pylon Assimilator Stalker Probe Zealot Pylon Adept RoboticsFacility Adept Assimilator,50.5,132330
402,1162870,0,56000,16.9806,56000,Gateway RoboticsFacility Probe Stalker Stalker Adept Pylon Immortal RoboticsFacility Stalker Immortal Immortal Immortal Pylon Zealot Immortal Pylon Immortal Immortal Stalker Adept Pylon Immortal Immortal Stalker Stalker Pylon Probe Stalker TwilightCouncil Zealot Assimilator Stargate Probe DarkShrine Pylon,50.5,132330
415,1168685,0,56727,17.0616,56727,Gateway RoboticsFacility Probe Stalker Stalker Adept Pylon Immortal RoboticsFacility Stalker Immortal Immortal Immortal Pylon Zealot Immortal Pylon Immortal Immortal Stalker Adept Pylon Immortal Immortal Stalker Stalker Pylon Probe Stalker RoboticsFacility Zealot Pylon Probe Probe Stargate Zealot Probe Assimilator,50.5,132330
428,1184968,0,58844,17.2931,58844,Gateway RoboticsFacility Probe Stalker Stalker Adept Pylon Immortal RoboticsFacility Stalker Immortal Immortal Immortal Pylon Zealot Immortal Pylon Immortal Immortal Stalker Adept Pylon Immortal Immortal Stalker Stalker Pylon Probe Stalker Zealot RoboticsBay Pylon Probe Assimilator Probe Gateway Adept Probe,50.5,132330
428,1185778,0,58958,17.3111,58958,Gateway RoboticsFacility Probe Stalker Stalker Adept Pylon Immortal RoboticsFacility Stalker Immortal Immortal Immortal Pylon Zealot Immortal Pylon Immortal Immortal Stalker Adept Pylon Immortal Immortal Stalker Stalker Pylon Probe Stalker Pylon Probe Zealot Probe Zealot TwilightCouncil Immortal,50.5,132330
428,1190495,0,59613,17.3694,59613,Gateway RoboticsFacility Probe Stalker Stalker Adept Pylon Immortal RoboticsFacility Stalker Immortal Immortal Immortal Pylon Zealot Immortal Pylon Immortal Immortal Stalker Adept Pylon Immortal Immortal Stalker Stalker Pylon Probe Stalker Stargate Zealot Probe Probe Probe Stargate TwilightCouncil Gateway,50.5,132330
453,1214458,0,63534,17.7245,63534,Gateway RoboticsFacility Probe Stalker Stalker Adept Pylon Immortal RoboticsFacility Stalker Immortal Immortal Immortal Pylon Zealot Immortal Pylon Immortal Immortal Stalker Adept Pylon Immortal Immortal Stalker Stalker Pylon Probe Stalker Stargate Zealot Probe Pylon Probe Probe Probe Pylon Adept Adept,50.5,132330
465,1227196,0,65953,17.8992,65953,Gateway RoboticsFacility Probe Stalker Stalker Adept Pylon Immortal RoboticsFacility Stalker Immortal Immortal Immortal Pylon Zealot Immortal Pylon Immortal Immortal Stalker Adept Pylon Immortal Immortal Stalker Stalker Pylon Probe Stalker Stargate Zealot Probe Probe Pylon Probe Assimilator Immortal,50.5,132330
522,1250015,6,70975,18.2286,70975,Gateway RoboticsFacility Probe Stalker Stalker Adept Pylon Immortal RoboticsFacility Stalker Immortal Immortal Immortal Pylon Zealot Immortal Pylon Immortal Immortal Stalker Adept Pylon Immortal Immortal Stalker Stalker Pylon Probe Stalker Stargate Zealot Probe Probe Pylon Probe Immortal Probe,50.5,132330
