0,0,0,0,0,0, ,0,0
0,26,0,1,0.004233,1,TwilightCouncil Assimilator Adept Stalker RoboticsFacility Stalker Assimilator Pylon Gateway Nexus Stargate Adept FleetBeacon Zealot DarkShrine RoboticsBay Stalker Probe Immortal Stargate Nexus VoidRay Adept Probe Probe,12.5,39454.5
0,53,0,2,0.004436,2,Stalker Gateway Zealot Assimilator Zealot Adept Nexus Gateway Nexus Assimilator Stalker Stargate Gateway TwilightCouncil Pylon RoboticsFacility VoidRay FleetBeacon Probe RoboticsBay Pylon Pylon TemplarArchive DarkShrine Stalker Zealot,10.75,39672.5
0,83,0,3,0.004646,3,Probe RoboticsFacility TwilightCouncil Assimilator Zealot Probe TemplarArchive RoboticsBay Assimilator DarkShrine RoboticsFacility Pylon Zealot Stalker Stalker Immortal Immortal Stargate RoboticsFacility Zealot DarkTemplar Nexus Adept Stalker VoidRay Zealot Pylon Colossus Stargate,19.5,48212.5
0,313,0,10,0.006269,10,Gateway Zealot Stargate Stargate Stalker Zealot Stalker RoboticsFacility VoidRay Stalker FleetBeacon RoboticsBay Gateway Gateway RoboticsFacility Carrier Probe Adept RoboticsFacility Assimilator TwilightCouncil TemplarArchive Nexus Pylon RoboticsFacility Assimilator Stargate Gateway Pylon Nexus Gateway Pylon,18.5,55404.2
0,409,0,13,0.006972,13,Probe Stargate Zealot Pylon VoidRay VoidRay VoidRay Stargate Stargate FleetBeacon Probe Zealot Gateway RoboticsFacility Zealot Probe Mothership Pylon Assimilator Stalker Gateway Zealot TwilightCouncil Carrier Assimilator Pylon Gateway Pylon Pylon Gateway Nexus Nexus Pylon Gateway Pylon,17.75,56500.5
0,570,0,18,0.013085,18,Zealot Nexus Probe Zealot Probe RoboticsFacility Immortal Zealot Immortal RoboticsFacility Adept Adept RoboticsBay Immortal RoboticsFacility Gateway Assimilator Zealot Stargate Gateway RoboticsFacility RoboticsFacility RoboticsFacility FleetBeacon Stalker Stalker Nexus Colossus Zealot TwilightCouncil Assimilator Assimilator Pylon RoboticsFacility,22.25,63646.8
0,938,0,30,0.015614,30,Adept Assimilator Adept Gateway Probe Stargate Stargate TwilightCouncil Adept VoidRay Stalker Stargate Probe Zealot Adept Gateway Adept Probe Nexus VoidRay VoidRay Zealot Probe Gateway Nexus Stalker DarkShrine Gateway Stargate TemplarArchive RoboticsFacility Stalker Adept Pylon Stargate,23.75,65936.2
0,1383,0,44,0.023787,44,Stalker Adept Zealot Gateway TwilightCouncil Stalker RoboticsFacility RoboticsFacility Nexus Probe Gateway DarkShrine Immortal Stalker Probe Zealot Stargate Zealot Probe Zealot Probe Zealot Immortal RoboticsFacility Pylon TemplarArchive RoboticsBay Immortal Assimilator Assimilator Stargate FleetBeacon Probe RoboticsFacility Pylon Pylon Stargate Immortal Pylon Probe,22.75,66407.8
0,2127,0,68,0.037699,68,RoboticsFacility Stalker Assimilator Assimilator Stalker TwilightCouncil Immortal Pylon Pylon Adept DarkShrine Zealot Immortal Gateway Immortal TemplarArchive DarkTemplar Immortal Zealot Zealot Adept DarkTemplar Nexus,26.5,74380.5
0,4189,0,134,0.066019,134,RoboticsFacility Zealot Adept Immortal Adept Stalker Immortal Assimilator RoboticsFacility Zealot Gateway Nexus Zealot Immortal Immortal RoboticsBay Pylon RoboticsFacility Colossus Zealot Gateway TwilightCouncil Pylon Probe Stargate VoidRay FleetBeacon Pylon,28.25,78403
2,8268,0,265,0.12689,265,RoboticsFacility Assimilator Pylon Probe Immortal Stalker RoboticsBay RoboticsFacility Immortal Stargate Colossus Adept Colossus Gateway Immortal Stargate RoboticsFacility FleetBeacon Adept Pylon Probe Assimilator Probe RoboticsFacility Nexus Gateway Colossus,25.5,84924
11,25357,0,811,0.32411,811,Gateway Stalker TwilightCouncil Stargate Gateway Stalker VoidRay VoidRay Stalker Nexus Pylon Probe VoidRay Stalker Adept Adept Pylon Stalker Probe Zealot Zealot Stargate Probe Pylon Gateway Zealot FleetBeacon Stalker Gateway TemplarArchive Gateway Nexus Assimilator RoboticsFacility Adept Pylon RoboticsFacility Assimilator,28,85185.2
11,32106,0,1027,0.384463,1027,Probe RoboticsFacility Zealot RoboticsFacility Pylon RoboticsBay Immortal Pylon Pylon Colossus Zealot Immortal Immortal Immortal Assimilator Probe Pylon Colossus Pylon Assimilator Stalker Probe TwilightCouncil RoboticsFacility Adept Stargate DarkShrine FleetBeacon Immortal Mothership Probe,30,89881.2
25,113112,0,3573,1.42852,3573,Probe RoboticsFacility Zealot Adept Immortal TwilightCouncil Stalker Immortal Stargate VoidRay Immortal Pylon Stalker Pylon Immortal Zealot DarkShrine Pylon Stalker Adept RoboticsBay DarkTemplar RoboticsFacility Stargate Assimilator Probe VoidRay Probe Assimilator Probe Pylon Gateway Pylon Pylon Pylon Gateway Nexus Pylon Pylon,28.75,94600
38,176667,0,5586,2.35954,5586,Probe RoboticsFacility Stalker Adept RoboticsFacility Immortal Pylon Pylon Gateway RoboticsBay Adept Stalker Zealot Colossus Pylon Immortal Assimilator RoboticsFacility Immortal Immortal Stargate Colossus Assimilator Nexus Stargate Nexus Adept Adept Probe,32,97440
79,325390,0,10504,4.84897,10504,Probe RoboticsFacility Stalker Adept RoboticsFacility Immortal Pylon Adept Immortal Probe Immortal Zealot Immortal Stalker RoboticsBay Stalker Assimilator TwilightCouncil Pylon Gateway Stalker Zealot Assimilator Pylon Colossus Immortal RoboticsFacility TemplarArchive Stargate Nexus Probe Adept DarkShrine Pylon,35.25,108178
79,327626,0,10581,4.90522,10581,Probe RoboticsFacility Stalker Adept RoboticsFacility Immortal Adept Immortal Immortal Zealot Pylon TwilightCouncil Immortal Immortal Stalker Gateway Nexus RoboticsFacility RoboticsBay Pylon Stalker Colossus Zealot Stargate Gateway Immortal Pylon Assimilator DarkShrine Assimilator Immortal Adept Zealot,37.25,108281
128,490477,0,16400,7.26706,16400,Probe RoboticsFacility Stalker Adept RoboticsFacility Immortal Adept Immortal Immortal Pylon Stalker Adept Immortal Assimilator Immortal Nexus Pylon Stargate Nexus Stalker Stalker Probe VoidRay TwilightCouncil RoboticsFacility Immortal FleetBeacon Assimilator Pylon,33.5,110053
128,497655,0,16673,7.36909,16673,Probe RoboticsFacility Stalker Adept RoboticsFacility Immortal Adept Immortal Zealot Pylon Pylon Adept Assimilator Immortal Pylon Immortal Zealot Immortal Stargate Immortal Immortal Gateway FleetBeacon Nexus VoidRay Pylon Gateway Stalker Stargate,33.75,110216
141,540283,0,18314,8.17649,18314,Probe RoboticsFacility Stalker Adept RoboticsFacility Immortal Adept Immortal Zealot Pylon Pylon Probe Immortal Immortal TwilightCouncil Zealot Immortal Adept TemplarArchive Probe Stalker Stalker Pylon Adept Assimilator Stargate Immortal Assimilator RoboticsFacility Pylon Gateway Pylon Nexus Probe Zealot Stargate FleetBeacon DarkShrine,35.75,110654
154,628662,0,21801,9.60193,21801,Probe RoboticsFacility Stalker Adept RoboticsFacility Immortal Adept Immortal Zealot Pylon Immortal Pylon Adept Immortal Pylon Probe Immortal Gateway Stalker Stargate RoboticsBay VoidRay Adept Probe Probe Immortal Nexus Nexus Assimilator Gateway VoidRay Immortal Stalker Stargate,36,114640
167,682316,0,24069,10.4389,24069,Probe RoboticsFacility Stalker Adept RoboticsFacility Immortal Adept Immortal Zealot Pylon Immortal Pylon RoboticsBay Immortal Immortal Assimilator Pylon Zealot Zealot RoboticsFacility Pylon Colossus Colossus Pylon Immortal Adept RoboticsFacility Adept Assimilator Adept Immortal Pylon Probe,42.25,114950
171,683698,0,24128,10.4644,24128,Probe RoboticsFacility Stalker Adept RoboticsFacility Immortal Adept Immortal Zealot Pylon Immortal Pylon Immortal Stargate Pylon Immortal Adept Gateway Immortal VoidRay Stalker Probe Stargate Pylon Pylon Nexus VoidRay Stargate RoboticsBay Pylon Assimilator Pylon Zealot Stalker Assimilator Pylon Probe,38.75,118374
192,730775,0,26187,11.1788,26187,Probe RoboticsFacility Stalker Adept RoboticsFacility Immortal Adept Immortal Zealot Pylon Immortal Pylon Immortal RoboticsFacility Immortal Probe Zealot Immortal Assimilator Pylon Zealot Immortal Gateway Immortal Nexus Assimilator Probe Pylon Pylon Zealot Stalker Pylon Stargate Probe Probe,38.25,120259
193,733681,0,26320,11.2238,26320,Probe RoboticsFacility Stalker Adept RoboticsFacility Immortal Adept Immortal Zealot Pylon Immortal Pylon Immortal Stalker Immortal Immortal Gateway Immortal Pylon Adept Zealot RoboticsBay Pylon Colossus Stalker Nexus Nexus Probe Zealot Probe Stargate Assimilator Assimilator,37.25,121218
193,735004,0,26382,11.2432,26382,Probe RoboticsFacility Stalker Adept RoboticsFacility Immortal Adept Immortal Zealot Pylon Immortal Pylon Immortal Adept Immortal Pylon Immortal Immortal Stalker Stalker Pylon Immortal RoboticsBay RoboticsFacility Zealot RoboticsFacility Adept Immortal RoboticsFacility Gateway Pylon RoboticsFacility Adept Pylon Pylon,42.25,127410
206,781882,0,28545,11.9649,28545,Probe RoboticsFacility Stalker Adept RoboticsFacility Immortal Adept Immortal Zealot Pylon Immortal Pylon Immortal Adept Immortal Gateway Stalker Pylon Stalker Assimilator Immortal Immortal Stalker Adept Pylon Zealot Immortal Probe Pylon Nexus Probe Nexus,44,127847
258,937187,0,36607,14.4042,36607,Probe RoboticsFacility Stalker Adept RoboticsFacility Immortal Adept Immortal Zealot Pylon Immortal Pylon Immortal Adept Immortal Gateway Stalker Pylon Immortal Immortal Zealot Pylon Immortal RoboticsFacility Immortal Gateway Stalker Nexus Stargate Assimilator RoboticsBay Assimilator Zealot,44.75,129408
271,980240,0,39144,15.0904,39144,Probe RoboticsFacility Stalker Adept RoboticsFacility Immortal Adept Immortal Zealot Pylon Immortal Pylon Immortal Adept Immortal Gateway Stalker Pylon Immortal Immortal Adept Immortal Assimilator Pylon Stalker Zealot RoboticsFacility Immortal RoboticsFacility Stargate TwilightCouncil RoboticsBay Assimilator,46,130004
271,994304,0,40015,15.3099,40015,Probe RoboticsFacility Stalker Adept RoboticsFacility Immortal Adept Immortal Zealot Pylon Immortal Pylon Immortal Adept Immortal Gateway Stalker Pylon Immortal Immortal Adept Pylon Immortal Stalker Stalker Adept RoboticsFacility Zealot Pylon Stalker RoboticsFacility Immortal Nexus,45.25,131740
310,1057105,0,44420,16.1708,44420,Probe RoboticsFacility Stalker Adept RoboticsFacility Immortal Adept Immortal Zealot Pylon Immortal Pylon Immortal Adept Immortal Gateway Stalker Pylon Immortal Immortal Adept Pylon Zealot Immortal Stalker Stalker Stalker Gateway Pylon Adept Adept Stargate RoboticsFacility TwilightCouncil Stargate Assimilator Probe,47,132212
310,1058931,0,44555,16.2034,44555,Probe RoboticsFacility Stalker Adept RoboticsFacility Immortal Adept Immortal Zealot Pylon Immortal Pylon Immortal Adept Immortal Gateway Stalker Pylon Immortal Immortal Adept Pylon Stalker Immortal Pylon Stalker Stalker Pylon Stalker Pylon Immortal Nexus Stargate,46.5,132288
310,1074656,0,45705,16.4507,45705,Probe RoboticsFacility Stalker Adept RoboticsFacility Immortal Adept Immortal Zealot Pylon Immortal Pylon Immortal Adept Immortal Gateway Stalker Pylon Immortal Immortal Adept Pylon Stalker Immortal Immortal Stalker TwilightCouncil Nexus Stargate RoboticsBay RoboticsFacility Pylon,46.75,132582
323,1082372,0,46286,16.5724,46286,Probe RoboticsFacility Stalker Adept RoboticsFacility Immortal Adept Immortal Zealot Pylon Immortal Pylon Immortal Adept Immortal Gateway Stalker Pylon Immortal Immortal Adept Pylon Stalker Immortal Adept Pylon Stalker Immortal Adept Stargate Stalker Stalker TwilightCouncil RoboticsFacility Assimilator,51,133192
362,1152029,0,52358,17.6886,52358,Probe RoboticsFacility Stalker Adept RoboticsFacility Immortal Adept Immortal Zealot Pylon Immortal Pylon Immortal Adept Immortal Gateway Stalker Pylon Immortal Immortal Adept Pylon Stalker Immortal Adept Pylon Immortal Stalker Stalker Immortal Stargate Assimilator Gateway RoboticsFacility,49.75,133244
362,1159174,0,53056,17.7995,53056,Probe RoboticsFacility Stalker Adept RoboticsFacility Immortal Adept Immortal Zealot Pylon Immortal Pylon Immortal Adept Immortal Gateway Stalker Pylon Immortal Immortal Adept Pylon Stalker Immortal Adept Pylon Stalker Immortal Adept Adept Nexus Zealot TwilightCouncil Assimilator,50.5,133364
375,1172859,0,54418,18.0227,54418,Probe RoboticsFacility Stalker Adept RoboticsFacility Immortal Adept Immortal Zealot Pylon Immortal Pylon Immortal Adept Immortal Gateway Stalker Pylon Immortal Immortal Adept Pylon Stalker Immortal Adept Pylon Stalker Immortal Stalker Adept RoboticsBay Gateway Probe Probe Stargate Pylon,51,133502
375,1175817,0,54730,18.0653,54730,Probe RoboticsFacility Stalker Adept RoboticsFacility Immortal Adept Immortal Zealot Pylon Immortal Pylon Immortal Adept Immortal Gateway Stalker Pylon Immortal Immortal Adept Pylon Stalker Immortal Adept Pylon Stalker Immortal Stalker Zealot RoboticsFacility RoboticsFacility Stalker Assimilator Assimilator Pylon,50.75,133518
375,1189081,0,56157,18.2791,56157,Probe RoboticsFacility Stalker Adept RoboticsFacility Immortal Adept Immortal Zealot Pylon Immortal Pylon Immortal Adept Immortal Gateway Stalker Pylon Immortal Immortal Adept Pylon Stalker Immortal Adept Pylon Stalker Immortal Stalker Stalker Adept RoboticsBay TwilightCouncil RoboticsFacility Assimilator,51.5,133598
388,1192357,0,56578,18.3281,56578,Probe RoboticsFacility Stalker Adept RoboticsFacility Immortal Adept Immortal Zealot Pylon Immortal Pylon Immortal Adept Immortal Gateway Stalker Pylon Immortal Immortal Adept Pylon Stalker Immortal Adept Pylon Stalker Immortal Stalker Stalker Stargate Pylon TwilightCouncil Stalker Pylon Probe,51.5,133598
388,1193642,0,56745,18.3472,56745,Probe RoboticsFacility Stalker Adept RoboticsFacility Immortal Adept Immortal Zealot Pylon Immortal Pylon Immortal Adept Immortal Gateway Stalker Pylon Immortal Immortal Adept Pylon Stalker Immortal Adept Pylon Stalker Immortal Stalker Stalker Pylon Probe Pylon Gateway Adept Probe TwilightCouncil,51.5,133598
388,1204383,0,58147,18.5105,58147,Probe RoboticsFacility Stalker Adept RoboticsFacility Immortal Adept Immortal Zealot Pylon Immortal Pylon Immortal Adept Immortal Gateway Stalker Pylon Immortal Immortal Adept Pylon Stalker Immortal Adept Pylon Stalker Immortal Stalker Stalker Pylon Probe Zealot Stargate RoboticsFacility Adept Probe,51.5,133598
388,1204819,0,58212,18.5189,58212,Probe RoboticsFacility Stalker Adept RoboticsFacility Immortal Adept Immortal Zealot Pylon Immortal Pylon Immortal Adept Immortal Gateway Stalker Pylon Immortal Immortal Adept Pylon Stalker Immortal Adept Pylon Stalker Immortal Stalker Stalker TwilightCouncil Probe Probe Gateway RoboticsBay Gateway,51.5,133598
413,1219157,0,60332,18.7389,60332,Probe RoboticsFacility Stalker Adept RoboticsFacility Immortal Adept Immortal Zealot Pylon Immortal Pylon Immortal Adept Immortal Gateway Stalker Pylon Immortal Immortal Adept Pylon Stalker Immortal Adept Pylon Stalker Immortal Stalker Stalker Probe Probe Stargate Nexus Assimilator,51.5,133598
413,1219414,0,60376,18.7407,60376,Probe RoboticsFacility Stalker Adept RoboticsFacility Immortal Adept Immortal Zealot Pylon Immortal Pylon Immortal Adept Immortal Gateway Stalker Pylon Immortal Immortal Adept Pylon Stalker Immortal Adept Pylon Stalker Immortal Stalker Stalker Stargate Probe Probe Pylon Gateway Assimilator Adept,51.5,133598
413,1221804,0,60776,18.7758,60776,Probe RoboticsFacility Stalker Adept RoboticsFacility Immortal Adept Immortal Zealot Pylon Immortal Pylon Immortal Adept Immortal Gateway Stalker Pylon Immortal Immortal Adept Pylon Stalker Immortal Adept Pylon Stalker Immortal Stalker Stalker Probe Pylon Probe Stalker Gateway Assimilator Gateway,51.5,133598
413,1222895,0,60957,18.7922,60957,Probe RoboticsFacility Stalker Adept RoboticsFacility Immortal Adept Immortal Zealot Pylon Immortal Pylon Immortal Adept Immortal Gateway Stalker Pylon Immortal Immortal Adept Pylon Stalker Immortal Adept Pylon Stalker Immortal Stalker Stalker Pylon RoboticsBay Probe Probe Immortal Probe,51.5,133598
413,1229467,0,62061,18.89,62061,Probe RoboticsFacility Stalker Adept RoboticsFacility Immortal Adept Immortal Zealot Pylon Immortal Pylon Immortal Adept Immortal Gateway Stalker Pylon Immortal Immortal Adept Pylon Stalker Immortal Adept Pylon Stalker Immortal Stalker Stalker Pylon Probe Probe Probe Immortal Adept Probe,51.5,133598
426,1240519,0,64086,19.0661,64086,Probe RoboticsFacility Stalker Adept RoboticsFacility Immortal Adept Immortal Zealot Pylon Immortal Pylon Immortal Adept Immortal Gateway Stalker Pylon Immortal Immortal Adept Pylon Stalker Immortal Adept Pylon Stalker Immortal Stalker Stalker Pylon Probe Probe Assimilator Probe Probe RoboticsFacility Assimilator Probe Probe,51.5,133598
439,1250763,0,66028,19.2278,66028,Probe RoboticsFacility Stalker Adept RoboticsFacility Immortal Adept Immortal Zealot Pylon Immortal Pylon Immortal Adept Immortal Gateway Stalker Pylon Immortal Immortal Adept Pylon Stalker Immortal Adept Pylon Stalker Immortal Stalker Stalker Pylon Probe Probe Zealot Probe Probe Stargate RoboticsFacility,51.5,133598
440,1251857,0,66243,19.244,66243,Probe RoboticsFacility Stalker Adept RoboticsFacility Immortal Adept Immortal Zealot Pylon Immortal Pylon Immortal Adept Immortal Gateway Stalker Pylon Immortal Immortal Adept Pylon Stalker Immortal Adept Pylon Stalker Immortal Stalker Stalker Pylon Probe Probe Probe TwilightCouncil Probe Adept Assimilator Assimilator,51.5,133598
452,1252442,0,66360,19.2523,66360,Probe RoboticsFacility Stalker Adept RoboticsFacility Immortal Adept Immortal Zealot Pylon Immortal Pylon Immortal Adept Immortal Gateway Stalker Pylon Immortal Immortal Adept Pylon Stalker Immortal Adept Pylon Stalker Immortal Stalker Stalker Pylon Probe Probe Probe Probe Stalker Assimilator Zealot Assimilator Probe,51.5,133598
452,1254425,0,66750,19.2862,66750,Probe RoboticsFacility Stalker Adept RoboticsFacility Immortal Adept Immortal Zealot Pylon Immortal Pylon Immortal Adept Immortal Gateway Stalker Pylon Immortal Immortal Adept Pylon Stalker Immortal Adept Pylon Stalker Immortal Stalker Stalker Pylon Probe Probe Probe Adept Probe Stalker RoboticsFacility Probe,51.5,133598
452,1257120,0,67283,19.324,67283,Probe RoboticsFacility Stalker Adept RoboticsFacility Immortal Adept Immortal Zealot Pylon Immortal Pylon Immortal Adept Immortal Gateway Stalker Pylon Immortal Immortal Adept Pylon Stalker Immortal Adept Pylon Stalker Immortal Stalker Stalker Pylon Probe Probe Probe Pylon Probe Immortal Probe,51.5,133598
452,1260491,0,67952,19.3725,67952,Probe RoboticsFacility Stalker Adept RoboticsFacility Immortal Adept Immortal Zealot Pylon Immortal Pylon Immortal Adept Immortal Gateway Stalker Pylon Immortal Immortal Adept Pylon Stalker Immortal Adept Pylon Stalker Immortal Stalker Stalker Pylon Probe Probe Zealot Probe Probe Immortal,51.5,133598
