0,0,0,0,0,0, ,0,0
0,36,0,1,0.000306,1,Stargate VoidRay RoboticsFacility Stargate Pylon FleetBeacon Stalker Adept Adept RoboticsFacility Stalker Gateway Pylon Tempest Stargate Stalker RoboticsBay Gateway Adept Nexus Adept Assimilator Stargate RoboticsFacility RoboticsFacility Stalker Probe Gateway Assimilator Nexus Pylon Zealot Pylon Pylon Probe,18.5,41913.5
0,64,0,2,0.000524,2,RoboticsFacility Nexus Immortal Probe Adept TwilightCouncil Zealot Probe Nexus Immortal Zealot Stargate Adept Adept TemplarArchive VoidRay FleetBeacon Assimilator Stargate VoidRay Stargate Nexus DarkShrine Tempest VoidRay Nexus Gateway,21.25,65097.2
0,1204,0,39,0.017766,39,RoboticsFacility Adept RoboticsFacility Zealot Stargate Nexus Adept Immortal Immortal RoboticsFacility Zealot Stalker VoidRay Probe RoboticsFacility TwilightCouncil VoidRay Gateway Zealot TemplarArchive DarkShrine Pylon RoboticsBay Probe Immortal Gateway Zealot Probe Zealot Gateway Probe Probe Assimilator Nexus Gateway Probe,22.75,78139.5
0,7074,0,229,0.134628,229,RoboticsFacility Immortal Adept Adept Immortal Zealot Probe Adept RoboticsFacility Gateway Gateway Assimilator RoboticsBay Pylon Immortal Adept Immortal Nexus Immortal Adept Probe RoboticsFacility Nexus Nexus Assimilator Assimilator Zealot Immortal Probe,26,80261.8
0,7104,0,230,0.13486,230,RoboticsFacility RoboticsBay Pylon Adept Pylon Immortal Adept Nexus Colossus Stalker Adept Assimilator Colossus Nexus Adept Zealot Stargate RoboticsFacility Immortal Probe Stalker Stalker Immortal FleetBeacon Zealot Gateway RoboticsFacility Assimilator Probe,32.5,80925.5
5,9476,0,307,0.184508,307,Zealot Probe RoboticsFacility Stalker Assimilator Immortal Stalker RoboticsFacility Assimilator RoboticsBay Adept Immortal Zealot Gateway Immortal Pylon Adept Stargate Colossus TwilightCouncil TemplarArchive FleetBeacon Gateway RoboticsFacility DarkShrine RoboticsFacility,24.25,84450.2
11,14812,0,478,0.289554,478,Gateway Pylon Adept Adept Stargate Pylon Probe Adept Stalker Adept Stargate VoidRay Adept Adept FleetBeacon VoidRay Probe Zealot Zealot Nexus Adept Tempest Mothership VoidRay Pylon Assimilator Gateway Adept Stalker Pylon Nexus RoboticsFacility Gateway Pylon Probe Assimilator Assimilator Probe,24.75,84977.8
23,74220,0,2399,1.41271,2399,Gateway Probe Zealot RoboticsFacility Zealot Adept Pylon Stalker Assimilator Immortal RoboticsFacility TwilightCouncil Probe Stalker Zealot Immortal RoboticsFacility Immortal Gateway Immortal TemplarArchive Gateway RoboticsBay RoboticsFacility Gateway Stargate Stargate Assimilator Stargate Nexus RoboticsFacility DarkShrine,22.75,85504.2
23,75143,0,2427,1.42814,2427,Gateway Probe Zealot Stalker RoboticsFacility Pylon Zealot Probe Stalker Immortal Stalker RoboticsBay Assimilator Stalker Adept RoboticsFacility Zealot Nexus Stalker Adept Pylon Stargate Colossus Gateway Colossus Stargate TwilightCouncil Stargate VoidRay TemplarArchive Gateway Zealot Immortal Probe Probe,32,87928
23,83387,0,2696,1.57716,2696,Gateway Zealot Stalker Assimilator Adept Pylon Pylon Stargate VoidRay Stargate Zealot Adept RoboticsFacility VoidRay Probe Stalker VoidRay Assimilator VoidRay RoboticsBay TwilightCouncil VoidRay Stalker Pylon Adept Zealot Stalker Pylon Nexus,33.75,87934
38,143132,0,4678,2.63916,4678,Gateway Zealot Probe Stalker Stalker Adept Stalker Stalker RoboticsFacility Zealot Stalker Nexus Immortal Stalker Assimilator Assimilator Stargate Stalker VoidRay Stalker Stargate Immortal Zealot RoboticsBay Nexus RoboticsFacility FleetBeacon Pylon RoboticsFacility,29.75,89805.5
38,144673,0,4725,2.66507,4725,Gateway Zealot Probe Pylon Stargate VoidRay Stargate Zealot Stalker VoidRay Stalker Stalker VoidRay Stalker Stalker VoidRay Gateway Nexus Pylon Zealot Adept Nexus Assimilator Assimilator Zealot RoboticsFacility RoboticsFacility Probe TwilightCouncil VoidRay Pylon Gateway DarkShrine,30,98226
108,400305,0,13276,7.49334,13276,Gateway Zealot Probe Pylon Stargate VoidRay Stalker Adept Adept Adept VoidRay Assimilator Adept Stalker Stargate Zealot VoidRay Adept Pylon Stargate Zealot Stalker VoidRay RoboticsFacility Stargate RoboticsBay Gateway Assimilator Stargate Stargate Gateway FleetBeacon TwilightCouncil Pylon,30.5,98688.5
143,536418,0,18310,9.74142,18310,Gateway Zealot Probe Pylon Stargate VoidRay Stalker Adept Adept Probe Stalker VoidRay RoboticsFacility Adept Probe Stalker Pylon Pylon Immortal Assimilator VoidRay Stalker Zealot FleetBeacon TwilightCouncil Mothership Zealot Pylon VoidRay Nexus Nexus Immortal Pylon,33.5,99476.2
147,543587,0,18582,9.79323,18582,Gateway Zealot Probe Pylon Stargate VoidRay Stalker Adept Adept Nexus VoidRay Adept Probe RoboticsFacility Stalker VoidRay Adept Probe Stalker Immortal Pylon VoidRay VoidRay Stalker Assimilator Stalker Stalker Stalker Stalker Stargate RoboticsFacility Gateway Assimilator RoboticsBay Probe Pylon Assimilator Gateway Pylon Gateway,42,103921
199,749653,0,27272,13.3129,27272,Gateway Zealot Probe Pylon Stargate VoidRay Stalker Adept Adept Nexus VoidRay Adept Probe Pylon Stargate Pylon Stalker Stalker Assimilator Probe VoidRay Zealot Probe VoidRay Stalker Stalker FleetBeacon VoidRay Stalker TwilightCouncil Stalker Adept Zealot RoboticsFacility Stargate Tempest Zealot Adept Assimilator,40.25,104971
212,788263,0,28940,13.8278,28940,Gateway Zealot Probe Pylon Stargate VoidRay Stalker Adept Adept Nexus VoidRay Adept Probe Pylon Stalker RoboticsFacility Adept Pylon VoidRay RoboticsFacility Adept Stalker Adept Immortal Adept Immortal Zealot Pylon Immortal Assimilator Assimilator Zealot Stalker VoidRay Stargate Stargate RoboticsFacility,42,108534
345,1158633,0,48130,19.8796,48130,Gateway Zealot Probe Pylon Stargate VoidRay Stalker Adept Adept Nexus VoidRay Adept Probe Pylon Stalker RoboticsFacility Adept Pylon VoidRay RoboticsFacility Adept Stalker Adept Immortal Adept Immortal VoidRay Adept Immortal Gateway Nexus Probe Zealot Immortal RoboticsBay Assimilator,43.5,108746
360,1163563,0,48457,19.9582,48457,Gateway Zealot Probe Pylon Stargate VoidRay Stalker Adept Adept Nexus VoidRay Adept Probe Pylon Stalker RoboticsFacility Adept Pylon VoidRay RoboticsFacility Adept Stalker Adept Immortal Immortal Zealot Adept VoidRay Pylon Stalker Nexus Stargate Assimilator Pylon Assimilator Stargate RoboticsFacility Assimilator,41.25,108939
360,1166556,0,48657,20.0101,48657,Gateway Zealot Probe Pylon Stargate VoidRay Stalker Adept Adept Nexus VoidRay Adept Probe Pylon Stalker RoboticsFacility Adept Pylon VoidRay RoboticsFacility Adept Stalker Adept Immortal Immortal Zealot Adept Immortal Stalker Probe TwilightCouncil RoboticsBay TemplarArchive Zealot Gateway Nexus Gateway Probe,41,108982
360,1171386,0,48980,20.0864,48980,Gateway Zealot Probe Pylon Stargate VoidRay Stalker Adept Adept Nexus VoidRay Adept Probe Pylon Stalker RoboticsFacility Adept Pylon VoidRay RoboticsFacility Adept Stalker Adept Immortal VoidRay Zealot Immortal Stalker Immortal Pylon Nexus Assimilator Stalker Zealot TwilightCouncil Stargate,43.75,109244
375,1196395,0,50711,20.5589,50711,Gateway Zealot Probe Pylon Stargate VoidRay Stalker Adept Adept Nexus VoidRay Adept Probe Pylon Stalker RoboticsFacility Adept Pylon VoidRay RoboticsFacility Adept Stalker Adept Immortal VoidRay Zealot Zealot Immortal Immortal VoidRay Zealot TwilightCouncil Pylon Adept Assimilator Gateway Pylon Gateway,44,109452
375,1214192,0,52008,20.8399,52008,Gateway Zealot Probe Pylon Stargate VoidRay Stalker Adept Adept Nexus VoidRay Adept Probe Pylon Stalker RoboticsFacility Adept Pylon VoidRay RoboticsFacility Adept Stalker Adept Immortal VoidRay Zealot Zealot Immortal Zealot Stalker Immortal FleetBeacon Stalker Nexus Adept,45.75,110180
390,1223548,0,52722,20.999,52722,Gateway Zealot Probe Pylon Stargate VoidRay Stalker Adept Adept Nexus VoidRay Adept Probe Pylon Stalker RoboticsFacility Adept Pylon VoidRay RoboticsFacility Adept Stalker Adept Immortal VoidRay Zealot Immortal Stalker Immortal Adept Assimilator Stalker Pylon Gateway RoboticsFacility Adept Probe Assimilator Adept,46.75,110388
390,1230485,0,53252,21.1031,53252,Gateway Zealot Probe Pylon Stargate VoidRay Stalker Adept Adept Nexus VoidRay Adept Probe Pylon Stalker RoboticsFacility Adept Pylon VoidRay RoboticsFacility Adept Stalker Adept Immortal VoidRay Zealot Zealot Immortal Immortal Stalker Adept Stargate Immortal Assimilator Pylon Gateway Pylon Assimilator,46,110808
420,1278025,0,57176,22.0988,57176,Gateway Zealot Probe Pylon Stargate VoidRay Stalker Adept Adept Nexus VoidRay Adept Probe Pylon Stalker RoboticsFacility Adept Pylon VoidRay RoboticsFacility Adept Stalker Adept Immortal VoidRay Zealot Zealot Immortal Immortal Stalker Stalker RoboticsFacility Adept Nexus Zealot Assimilator Assimilator,46.5,110923
420,1287115,0,58011,22.248,58011,Gateway Zealot Probe Pylon Stargate VoidRay Stalker Adept Adept Nexus VoidRay Adept Probe Pylon Stalker RoboticsFacility Adept Pylon VoidRay RoboticsFacility Adept Stalker Adept Immortal VoidRay Zealot Zealot Immortal Immortal Stalker Stalker Immortal Gateway Nexus Assimilator,46.5,110923
435,1295924,0,58965,22.3702,58965,Gateway Zealot Probe Pylon Stargate VoidRay Stalker Adept Adept Nexus VoidRay Adept Probe Pylon Stalker RoboticsFacility Adept Pylon VoidRay RoboticsFacility Adept Stalker Adept Immortal VoidRay Zealot Zealot Immortal Immortal Stalker Stalker Adept Probe Stargate Nexus Pylon Pylon Probe,46.5,110923
435,1303752,0,59815,22.4955,59815,Gateway Zealot Probe Pylon Stargate VoidRay Stalker Adept Adept Nexus VoidRay Adept Probe Pylon Stalker RoboticsFacility Adept Pylon VoidRay RoboticsFacility Adept Stalker Adept Immortal VoidRay Zealot Zealot Immortal Immortal Stalker Stalker Probe Stalker RoboticsBay Probe Nexus Pylon Assimilator,46.5,110923
450,1312584,0,60848,22.6301,60848,Gateway Zealot Probe Pylon Stargate VoidRay Stalker Adept Adept Nexus VoidRay Adept Probe Pylon Stalker RoboticsFacility Adept Pylon VoidRay RoboticsFacility Adept Stalker Adept Immortal VoidRay Zealot Zealot Immortal Immortal Stalker Stalker Stalker Pylon Probe Stargate Probe Probe Assimilator Zealot Assimilator Probe Pylon,46.5,110923
450,1322928,0,62071,22.7873,62071,Gateway Zealot Probe Pylon Stargate VoidRay Stalker Adept Adept Nexus VoidRay Adept Probe Pylon Stalker RoboticsFacility Adept Pylon VoidRay RoboticsFacility Adept Stalker Adept Immortal VoidRay Zealot Zealot Immortal Immortal Stalker Stalker Gateway Pylon Pylon Probe Probe Assimilator Probe Immortal Assimilator,46.5,110923
450,1324162,0,62232,22.8103,62232,Gateway Zealot Probe Pylon Stargate VoidRay Stalker Adept Adept Nexus VoidRay Adept Probe Pylon Stalker RoboticsFacility Adept Pylon VoidRay RoboticsFacility Adept Stalker Adept Immortal VoidRay Zealot Zealot Immortal Immortal Stalker Stalker Probe Probe Probe Pylon TwilightCouncil RoboticsFacility Probe Zealot Probe Probe Probe Pylon Probe,46.5,110923
478,1350213,0,65632,23.2102,65632,Gateway Zealot Probe Pylon Stargate VoidRay Stalker Adept Adept Nexus VoidRay Adept Probe Pylon Stalker RoboticsFacility Adept Pylon VoidRay RoboticsFacility Adept Stalker Adept Immortal VoidRay Zealot Zealot Immortal Immortal Stalker Stalker Probe Probe Probe Pylon Stargate Probe Pylon Assimilator Probe Pylon TwilightCouncil Adept,46.5,110923
491,1362758,0,67298,23.4103,67298,Gateway Zealot Probe Pylon Stargate VoidRay Stalker Adept Adept Nexus VoidRay Adept Probe Pylon Stalker RoboticsFacility Adept Pylon VoidRay RoboticsFacility Adept Stalker Adept Immortal VoidRay Zealot Zealot Immortal Immortal Stalker Stalker Probe Probe Probe Probe Pylon Immortal Zealot Probe TwilightCouncil Gateway,46.5,110923
501,1373126,0,68706,23.5672,68706,Gateway Zealot Probe Pylon Stargate VoidRay Stalker Adept Adept Nexus VoidRay Adept Probe Pylon Stalker RoboticsFacility Adept Pylon VoidRay RoboticsFacility Adept Stalker Adept Immortal VoidRay Zealot Zealot Immortal Immortal Stalker Stalker Probe Probe Probe Probe Pylon Zealot Probe Stargate Probe Stalker Assimilator Probe Assimilator Assimilator,46.5,110923
501,1379635,0,69606,23.6546,69606,Gateway Zealot Probe Pylon Stargate VoidRay Stalker Adept Adept Nexus VoidRay Adept Probe Pylon Stalker RoboticsFacility Adept Pylon VoidRay RoboticsFacility Adept Stalker Adept Immortal VoidRay Zealot Zealot Immortal Immortal Stalker Stalker Probe Probe Probe Probe Pylon VoidRay Probe Adept Probe Pylon RoboticsFacility,46.5,110923
538,1396386,0,72103,23.9121,72103,Gateway Zealot Probe Pylon Stargate VoidRay Stalker Adept Adept Nexus VoidRay Adept Probe Pylon Stalker RoboticsFacility Adept Pylon VoidRay RoboticsFacility Adept Stalker Adept Immortal VoidRay Zealot Zealot Immortal Immortal Stalker Stalker Probe Probe Probe Probe Pylon Probe RoboticsFacility Probe RoboticsFacility Probe Gateway Stalker,46.5,110923
553,1403019,0,73093,24.0158,73093,Gateway Zealot Probe Pylon Stargate VoidRay Stalker Adept Adept Nexus VoidRay Adept Probe Pylon Stalker RoboticsFacility Adept Pylon VoidRay RoboticsFacility Adept Stalker Adept Immortal VoidRay Zealot Zealot Immortal Immortal Stalker Stalker Probe Probe Probe Probe Pylon Probe VoidRay Probe Probe TwilightCouncil Assimilator Probe Assimilator,46.5,110923
578,1423323,0,76290,24.3322,76290,Gateway Zealot Probe Pylon Stargate VoidRay Stalker Adept Adept Nexus VoidRay Adept Probe Pylon Stalker RoboticsFacility Adept Pylon VoidRay RoboticsFacility Adept Stalker Adept Immortal VoidRay Zealot Zealot Immortal Immortal Stalker Stalker Probe Probe Probe Probe Pylon Probe VoidRay Probe Probe Probe TwilightCouncil Pylon,46.5,110923
681,1446980,4,81478,24.664,81478,Gateway Zealot Probe Pylon Stargate VoidRay Stalker Adept Adept Nexus VoidRay Adept Probe Pylon Stalker RoboticsFacility Adept Pylon VoidRay RoboticsFacility Adept Stalker Adept Immortal VoidRay Zealot Zealot Immortal Immortal Stalker Stalker Probe Probe Probe Probe Pylon Probe VoidRay Probe Probe TwilightCouncil Gateway Probe,46.5,110923
