0,0,0,0,0,0, ,0,0
0,34,0,1,0.000242,1,Zealot Stalker Gateway Stalker TwilightCouncil Pylon Zealot DarkShrine Pylon Assimilator Probe Zealot Pylon Stargate DarkTemplar Assimilator Adept Nexus DarkTemplar Probe Nexus Probe Stalker Adept Stargate Stalker FleetBeacon VoidRay TemplarArchive Mothership Pylon Probe Probe,21.5,50788
0,98,0,3,0.0007,3,Gateway Probe Pylon Probe Stargate FleetBeacon Pylon RoboticsFacility VoidRay Adept Zealot VoidRay Stalker Assimilator Adept Gateway Adept VoidRay TwilightCouncil Nexus Stargate Assimilator VoidRay Tempest DarkShrine RoboticsFacility Stargate VoidRay Adept Stalker Stalker Adept,28,67872.2
0,1067,0,35,0.020431,35,Pylon Stargate Nexus Pylon VoidRay Stalker Zealot Adept VoidRay Probe RoboticsFacility VoidRay VoidRay Probe RoboticsBay Stalker Zealot RoboticsFacility Assimilator Adept Assimilator Nexus RoboticsFacility VoidRay Pylon Stargate Immortal VoidRay TwilightCouncil Nexus,28,68384
0,1300,0,42,0.022018,42,Stalker Stargate Stalker Gateway Gateway Zealot Adept Stargate Probe Pylon Gateway TwilightCouncil Pylon Assimilator TemplarArchive Adept Assimilator VoidRay Pylon Zealot VoidRay VoidRay Pylon Probe Probe Adept DarkShrine RoboticsFacility Probe Adept RoboticsBay DarkTemplar Pylon Gateway Stargate Adept Pylon Probe,22.5,68597.2
0,1485,0,48,0.023276,48,RoboticsFacility TwilightCouncil Zealot DarkShrine Stalker Assimilator Probe Nexus Immortal Zealot Stargate Immortal TemplarArchive RoboticsBay Immortal Colossus Assimilator VoidRay FleetBeacon Zealot Tempest Zealot Nexus Gateway,30.25,69139.8
0,2328,0,74,0.02904,74,Stalker Pylon Pylon Adept Gateway Assimilator Adept Pylon Stalker Adept Stalker Stalker Adept Stargate Stalker Zealot VoidRay Zealot Adept RoboticsFacility Probe Immortal Probe Zealot Immortal VoidRay Assimilator Adept Gateway Gateway Stargate Stargate TwilightCouncil Stargate Pylon Probe,25.75,72604
0,3124,0,99,0.04744,99,Adept Adept Stargate Zealot RoboticsFacility Nexus Adept VoidRay VoidRay Gateway Stalker Stalker TwilightCouncil VoidRay Zealot Stargate Stalker RoboticsFacility DarkShrine Pylon Nexus RoboticsBay Colossus Assimilator RoboticsFacility Gateway Assimilator Gateway Stalker Gateway Zealot Assimilator Pylon Probe,23,73440
0,7867,0,252,0.105807,252,Probe Stalker Assimilator Nexus Probe Stargate Assimilator VoidRay Zealot Pylon Probe Stargate VoidRay Probe VoidRay Gateway VoidRay Probe VoidRay Probe Probe RoboticsFacility RoboticsFacility Stalker Stalker Stalker Adept RoboticsFacility Stalker Nexus TwilightCouncil Pylon Assimilator RoboticsFacility Probe,31,75112.8
5,9441,0,302,0.129632,302,Gateway Pylon RoboticsFacility Stalker TwilightCouncil Stalker Assimilator Probe Zealot Stalker Stalker Immortal Adept Gateway DarkShrine Immortal RoboticsFacility Probe RoboticsBay DarkTemplar Gateway Adept Adept Pylon DarkTemplar Zealot Colossus Assimilator Nexus Nexus Stargate Probe,30.25,86824.2
11,21722,0,694,0.299144,694,Stalker Pylon Stargate Zealot Gateway VoidRay VoidRay Stargate Assimilator FleetBeacon Assimilator VoidRay Stalker Stalker Adept Tempest Adept Pylon Carrier Gateway Stargate Pylon VoidRay Mothership,31,87517.2
11,24349,0,779,0.329737,779,Adept Gateway Stargate Stalker Adept Nexus VoidRay Stalker Probe Probe VoidRay Stalker Zealot VoidRay Adept FleetBeacon Adept Zealot Gateway Probe VoidRay Probe Pylon Adept Tempest Assimilator Assimilator Probe TwilightCouncil Gateway DarkShrine Stargate Nexus Assimilator Pylon Carrier Zealot,33.75,100382
77,258212,0,8657,3.59284,8657,Adept Gateway Stargate Stalker Pylon Assimilator VoidRay TwilightCouncil Stalker Stalker Zealot VoidRay Stalker DarkShrine Zealot Pylon VoidRay Adept VoidRay Pylon Pylon Pylon DarkTemplar Gateway Probe Probe Pylon RoboticsFacility DarkTemplar Gateway Probe RoboticsFacility FleetBeacon Stargate,32.5,101878
91,297081,0,10072,4.16202,10072,Adept Gateway Stargate Stalker Pylon Pylon Zealot Zealot VoidRay VoidRay Assimilator Assimilator Adept RoboticsFacility Probe Stalker Stalker VoidRay Immortal TwilightCouncil Stalker VoidRay RoboticsFacility DarkShrine Probe Nexus Probe RoboticsFacility RoboticsFacility RoboticsBay,31.25,102675
92,305493,0,10383,4.27574,10383,Adept Gateway Stargate Stalker Pylon Stalker Pylon Probe VoidRay Stalker Probe Stargate Nexus VoidRay Zealot Stalker VoidRay Adept Gateway Stalker Stalker VoidRay VoidRay FleetBeacon Nexus Zealot Gateway Gateway Nexus Pylon Tempest RoboticsFacility Assimilator,35,108042
161,551842,0,19700,7.78702,19700,Adept Gateway Stargate Stalker Pylon Stalker Pylon Probe VoidRay Gateway Stalker Probe VoidRay Stalker Stalker FleetBeacon Nexus VoidRay Pylon Adept Zealot Zealot Stalker Adept Adept Assimilator Gateway Tempest Zealot Zealot Adept Stalker TwilightCouncil Tempest TemplarArchive Stargate Zealot Assimilator,38.75,110338
187,614169,0,22187,8.65216,22187,Adept Gateway Stargate Stalker Pylon Stalker Pylon Probe VoidRay Gateway Stalker VoidRay Assimilator Stalker Stalker Probe Probe Stalker Zealot Assimilator Adept VoidRay VoidRay Stalker Gateway TwilightCouncil Stargate RoboticsFacility Stargate Pylon Pylon Immortal FleetBeacon RoboticsFacility,31.75,110892
187,625858,0,22664,8.74511,22664,Adept Gateway Stargate Stalker Pylon Stalker Pylon Probe VoidRay Gateway Stalker VoidRay Assimilator Pylon Adept Stalker Adept Stalker Stargate Pylon Adept Zealot Stalker Stalker Zealot Probe Stalker Stargate Zealot VoidRay TwilightCouncil Assimilator Gateway Pylon Nexus Gateway Probe Probe,34,110982
200,666301,0,24336,9.35306,24336,Adept Gateway Stargate Stalker Pylon Stalker Pylon Probe VoidRay Gateway Stalker VoidRay Adept Adept Adept Adept VoidRay Gateway Stalker Stalker Zealot Stargate Gateway VoidRay Stargate RoboticsFacility FleetBeacon Stargate Assimilator Nexus Gateway Gateway Assimilator Nexus,32,112664
200,668223,0,24418,9.38017,24418,Adept Gateway Stargate Stalker Pylon Stalker Pylon Probe VoidRay Gateway Stalker VoidRay Stalker Adept Probe Adept Zealot Adept Stalker Pylon Stalker Zealot Adept Stalker Assimilator Assimilator Probe Probe VoidRay Nexus Probe Probe Adept VoidRay Assimilator Stalker Pylon FleetBeacon Stalker TwilightCouncil RoboticsFacility Pylon,32.5,113364
200,668609,0,24435,9.38299,24435,Adept Gateway Stargate Stalker Pylon Stalker Pylon Probe VoidRay Gateway Stalker VoidRay Stalker Zealot Stalker Adept Zealot Adept Stalker Gateway Stalker Assimilator Pylon Zealot Zealot VoidRay Adept Gateway Pylon Zealot RoboticsFacility Probe Adept FleetBeacon Immortal Stalker TwilightCouncil RoboticsBay Probe,35.5,117669
226,784464,0,29568,10.9468,29568,Adept Gateway Stargate Stalker Pylon Stalker Pylon Probe VoidRay Gateway Stalker VoidRay Stalker Zealot Pylon Stalker Probe Zealot Pylon VoidRay Zealot Stargate Adept VoidRay Zealot VoidRay Adept Pylon Pylon Zealot VoidRay Stargate Gateway RoboticsFacility Assimilator TwilightCouncil Stalker Nexus Gateway,41.5,121218
252,863115,0,33224,12.0696,33224,Adept Gateway Stargate Stalker Pylon Stalker Pylon Probe VoidRay Gateway Stalker VoidRay Stalker Zealot Pylon Stalker Stalker Assimilator Stalker VoidRay Adept Adept Adept Stalker Zealot TwilightCouncil RoboticsFacility Assimilator Stalker Zealot Adept FleetBeacon Nexus RoboticsBay,37,123516
265,901000,0,35072,12.615,35072,Adept Gateway Stargate Stalker Pylon Stalker Pylon Probe VoidRay Gateway Stalker VoidRay Stalker Zealot Pylon Stalker Stalker Stalker VoidRay Adept Assimilator VoidRay Pylon Gateway Stalker Adept Stalker Gateway Adept Probe Stargate Nexus RoboticsFacility FleetBeacon Stalker Probe,37.75,123519
265,911943,0,35614,12.7232,35614,Adept Gateway Stargate Stalker Pylon Stalker Pylon Probe VoidRay Gateway Stalker VoidRay Stalker Zealot Pylon Stalker Stalker VoidRay Stalker Stalker Zealot VoidRay Probe Adept Zealot Stalker FleetBeacon Gateway Pylon Mothership Nexus Probe Pylon Assimilator Gateway Pylon Pylon Pylon,37.25,125069
278,948564,0,37516,13.145,37516,Adept Gateway Stargate Stalker Pylon Stalker Pylon Probe VoidRay Gateway Stalker VoidRay Stalker Zealot Pylon Stalker Stalker VoidRay Stalker Adept Probe Stalker Stargate Assimilator Adept Pylon Zealot Assimilator Zealot VoidRay Stalker VoidRay Stalker RoboticsFacility Probe Nexus Pylon,44.25,127023
291,972059,0,38765,13.4687,38765,Adept Gateway Stargate Stalker Pylon Stalker Pylon Probe VoidRay Gateway Stalker VoidRay Stalker Zealot Pylon Stalker Stalker VoidRay Stalker Pylon Gateway Zealot Stalker Stalker Adept Probe VoidRay Adept Adept VoidRay Stalker Assimilator Probe Gateway Nexus Assimilator TwilightCouncil Gateway Stargate,44.5,128368
291,985042,0,39465,13.5644,39465,Adept Gateway Stargate Stalker Pylon Stalker Pylon Probe VoidRay Gateway Stalker VoidRay Stalker Zealot Pylon Stalker Stalker VoidRay Stalker Zealot Adept Stalker VoidRay Adept Stalker Pylon Probe Assimilator TwilightCouncil Assimilator Zealot Probe DarkShrine VoidRay Stalker Stargate Stargate Stargate Pylon,44.25,128560
304,1008281,0,40751,13.8904,40751,Adept Gateway Stargate Stalker Pylon Stalker Pylon Probe VoidRay Gateway Stalker VoidRay Stalker Zealot Pylon Stalker Stalker VoidRay Stalker Zealot Zealot Pylon Stalker Pylon Stalker Adept Assimilator Probe VoidRay Adept Adept Stargate Stalker VoidRay Assimilator VoidRay Nexus,45.5,129327
330,1072609,0,44439,14.6696,44439,Adept Gateway Stargate Stalker Pylon Stalker Pylon Probe VoidRay Gateway Stalker VoidRay Stalker Zealot Pylon Stalker Stalker VoidRay Stalker Zealot Zealot Pylon Adept Stalker VoidRay Probe Probe Zealot Adept VoidRay TwilightCouncil Adept FleetBeacon Pylon TemplarArchive Pylon Zealot Pylon Zealot Gateway Probe Adept Gateway Probe,43,129736
330,1077055,0,44703,14.7025,44703,Adept Gateway Stargate Stalker Pylon Stalker Pylon Probe VoidRay Gateway Stalker VoidRay Stalker Zealot Pylon Stalker Stalker VoidRay Stalker Zealot Zealot Pylon Adept VoidRay Stalker Stalker Adept Zealot Stargate Zealot Stalker Probe Gateway Nexus Probe RoboticsFacility Stargate TwilightCouncil RoboticsFacility Assimilator Pylon,42.25,130738
343,1103981,0,46317,15.1959,46317,Adept Gateway Stargate Stalker Pylon Stalker Pylon Probe VoidRay Gateway Stalker VoidRay Stalker Zealot Pylon Stalker Stalker VoidRay Stalker Zealot Zealot Pylon Adept Stalker VoidRay Adept Zealot Adept TwilightCouncil VoidRay Gateway Assimilator Zealot Gateway DarkShrine Assimilator Pylon RoboticsFacility Stargate Probe,44,131337
343,1133188,0,48115,15.7404,48115,Adept Gateway Stargate Stalker Pylon Stalker Pylon Probe VoidRay Gateway Stalker VoidRay Stalker Zealot Pylon Stalker Stalker VoidRay Stalker Zealot Zealot Pylon Adept Stalker VoidRay Stalker Adept Stalker Gateway VoidRay Probe RoboticsFacility Probe Pylon VoidRay Adept RoboticsFacility Zealot Nexus,45.5,132535
356,1152279,0,49346,16.0239,49346,Adept Gateway Stargate Stalker Pylon Stalker Pylon Probe VoidRay Gateway Stalker VoidRay Stalker Zealot Pylon Stalker Stalker VoidRay Stalker Zealot Zealot Pylon Adept Stalker Stalker VoidRay Stalker Stalker Probe Pylon Pylon Zealot Stalker Gateway Gateway TwilightCouncil Assimilator DarkShrine FleetBeacon Pylon Assimilator Probe,43.5,132786
369,1192473,0,52014,16.6052,52014,Adept Gateway Stargate Stalker Pylon Stalker Pylon Probe VoidRay Gateway Stalker VoidRay Stalker Zealot Pylon Stalker Stalker VoidRay Stalker Zealot Zealot Pylon Adept Stalker Stalker VoidRay Adept Adept Stalker Adept Zealot Assimilator TwilightCouncil Assimilator Gateway Gateway DarkShrine RoboticsFacility Stargate Pylon,43.75,132866
382,1199476,0,52533,16.7143,52533,Adept Gateway Stargate Stalker Pylon Stalker Pylon Probe VoidRay Gateway Stalker VoidRay Stalker Zealot Pylon Stalker Stalker VoidRay Stalker Zealot Zealot Pylon Adept Stalker Stalker VoidRay Stalker Zealot Stalker Zealot Zealot RoboticsFacility Nexus RoboticsFacility TwilightCouncil RoboticsFacility RoboticsBay Pylon Pylon,43.75,133190
382,1205815,0,53005,16.8063,53005,Adept Gateway Stargate Stalker Pylon Stalker Pylon Probe VoidRay Gateway Stalker VoidRay Stalker Zealot Pylon Stalker Stalker VoidRay Stalker Zealot Zealot Pylon Adept Stalker Stalker VoidRay Stalker Stalker Stalker Stalker Pylon Assimilator RoboticsFacility Stargate Immortal RoboticsBay Adept RoboticsFacility Probe Probe,44.25,133826
382,1212725,0,53520,16.8954,53520,Adept Gateway Stargate Stalker Pylon Stalker Pylon Probe VoidRay Gateway Stalker VoidRay Stalker Zealot Pylon Stalker Stalker VoidRay Stalker Zealot Zealot Pylon Adept Stalker Stalker VoidRay Stalker Stalker Assimilator Zealot Zealot Pylon Stalker VoidRay Probe Probe Assimilator Gateway Gateway Probe Stargate Probe,48.5,134404
395,1222908,0,54287,17.0487,54287,Adept Gateway Stargate Stalker Pylon Stalker Pylon Probe VoidRay Gateway Stalker VoidRay Stalker Zealot Pylon Stalker Stalker VoidRay Stalker Zealot Zealot Pylon Adept Stalker Stalker VoidRay Stalker Assimilator Stalker Stalker Pylon Adept Assimilator Zealot Zealot Probe TwilightCouncil TemplarArchive Stargate Stargate,45.75,134549
395,1222954,0,54291,17.049,54291,Adept Gateway Stargate Stalker Pylon Stalker Pylon Probe VoidRay Gateway Stalker VoidRay Stalker Zealot Pylon Stalker Stalker VoidRay Stalker Zealot Zealot Pylon Adept Stalker Stalker VoidRay Stalker Stalker Stalker Adept Assimilator Stalker RoboticsFacility Assimilator Nexus Pylon RoboticsFacility Adept,45.5,134788
395,1223016,0,54296,17.0495,54296,Adept Gateway Stargate Stalker Pylon Stalker Pylon Probe VoidRay Gateway Stalker VoidRay Stalker Zealot Pylon Stalker Stalker VoidRay Stalker Zealot Zealot Pylon Adept Stalker Stalker VoidRay Stalker Zealot Adept Pylon Stalker Zealot VoidRay Stalker FleetBeacon Nexus Probe Pylon Probe,49.75,135466
395,1242778,0,55853,17.3345,55853,Adept Gateway Stargate Stalker Pylon Stalker Pylon Probe VoidRay Gateway Stalker VoidRay Stalker Zealot Pylon Stalker Stalker VoidRay Stalker Zealot Zealot Pylon Adept Stalker Stalker VoidRay Stalker Stalker Stalker Adept Pylon Adept VoidRay Zealot Assimilator FleetBeacon Assimilator Zealot Gateway Pylon,50,135646
408,1262179,0,57451,17.6182,57451,Adept Gateway Stargate Stalker Pylon Stalker Pylon Probe VoidRay Gateway Stalker VoidRay Stalker Zealot Pylon Stalker Stalker VoidRay Stalker Zealot Zealot Pylon Adept Stalker Stalker VoidRay Stalker Stalker Zealot Pylon Stalker Adept Stalker VoidRay Probe Gateway Probe FleetBeacon RoboticsFacility Assimilator Assimilator,50.5,135713
421,1277554,0,58774,17.8476,58774,Adept Gateway Stargate Stalker Pylon Stalker Pylon Probe VoidRay Gateway Stalker VoidRay Stalker Zealot Pylon Stalker Stalker VoidRay Stalker Zealot Zealot Pylon Adept Stalker Stalker VoidRay Stalker Stalker Zealot Pylon Stalker Stalker VoidRay Adept Pylon FleetBeacon Pylon Zealot Adept Adept Assimilator,50.5,136116
421,1291814,0,60053,18.0546,60053,Adept Gateway Stargate Stalker Pylon Stalker Pylon Probe VoidRay Gateway Stalker VoidRay Stalker Zealot Pylon Stalker Stalker VoidRay Stalker Zealot Zealot Pylon Adept Stalker Stalker VoidRay Stalker Stalker Zealot Pylon Stalker VoidRay Adept Stalker Stalker Assimilator Gateway Pylon Stalker Gateway Probe Probe,52.25,136695
460,1336323,0,64289,18.7133,64289,Adept Gateway Stargate Stalker Pylon Stalker Pylon Probe VoidRay Gateway Stalker VoidRay Stalker Zealot Pylon Stalker Stalker VoidRay Stalker Zealot Zealot Pylon Adept Stalker Stalker VoidRay Stalker Stalker Zealot Pylon Stalker VoidRay Stalker Stalker Adept Gateway TwilightCouncil Gateway Stargate Gateway,52.25,136769
460,1344269,0,65197,18.8363,65197,Adept Gateway Stargate Stalker Pylon Stalker Pylon Probe VoidRay Gateway Stalker VoidRay Stalker Zealot Pylon Stalker Stalker VoidRay Stalker Zealot Zealot Pylon Adept Stalker Stalker VoidRay Stalker Stalker Zealot Pylon Stalker VoidRay Stalker Stalker Stalker Stargate Pylon Nexus Assimilator,52.75,136868
473,1356872,0,66700,18.9419,66700,Adept Gateway Stargate Stalker Pylon Stalker Pylon Probe VoidRay Gateway Stalker VoidRay Stalker Zealot Pylon Stalker Stalker VoidRay Stalker Zealot Zealot Pylon Adept Stalker Stalker VoidRay Stalker Stalker Zealot Pylon Stalker VoidRay Stalker Stalker Stalker TwilightCouncil Assimilator Pylon Gateway Zealot Probe Probe,52.75,136868
473,1367559,0,68052,19.0504,68052,Adept Gateway Stargate Stalker Pylon Stalker Pylon Probe VoidRay Gateway Stalker VoidRay Stalker Zealot Pylon Stalker Stalker VoidRay Stalker Zealot Zealot Pylon Adept Stalker Stalker VoidRay Stalker Stalker Zealot Pylon Stalker VoidRay Stalker Stalker Stalker Pylon Stargate Stalker Gateway Pylon Probe Probe,52.75,136868
473,1368257,0,68148,19.0559,68148,Adept Gateway Stargate Stalker Pylon Stalker Pylon Probe VoidRay Gateway Stalker VoidRay Stalker Zealot Pylon Stalker Stalker VoidRay Stalker Zealot Zealot Pylon Adept Stalker Stalker VoidRay Stalker Stalker Zealot Pylon Stalker VoidRay Stalker Stalker Stalker Pylon Stargate Gateway Adept Probe Probe Stalker,52.75,136868
485,1369318,0,68304,19.0637,68304,Adept Gateway Stargate Stalker Pylon Stalker Pylon Probe VoidRay Gateway Stalker VoidRay Stalker Zealot Pylon Stalker Stalker VoidRay Stalker Zealot Zealot Pylon Adept Stalker Stalker VoidRay Stalker Stalker Zealot Pylon Stalker VoidRay Stalker Stalker Stalker TwilightCouncil Pylon Stalker Adept Zealot Gateway,52.75,136868
485,1369401,0,68316,19.0753,68316,Adept Gateway Stargate Stalker Pylon Stalker Pylon Probe VoidRay Gateway Stalker VoidRay Stalker Zealot Pylon Stalker Stalker VoidRay Stalker Zealot Zealot Pylon Adept Stalker Stalker VoidRay Stalker Stalker Zealot Pylon Stalker VoidRay Stalker Stalker Stalker Pylon VoidRay Assimilator Gateway Stalker,52.75,136868
485,1370264,0,68436,19.0964,68436,Adept Gateway Stargate Stalker Pylon Stalker Pylon Probe VoidRay Gateway Stalker VoidRay Stalker Zealot Pylon Stalker Stalker VoidRay Stalker Zealot Zealot Pylon Adept Stalker Stalker VoidRay Stalker Stalker Zealot Pylon Stalker VoidRay Stalker Stalker Stalker Assimilator Pylon Gateway Probe RoboticsFacility Probe Pylon,52.75,136868
485,1372119,0,68700,19.1284,68700,Adept Gateway Stargate Stalker Pylon Stalker Pylon Probe VoidRay Gateway Stalker VoidRay Stalker Zealot Pylon Stalker Stalker VoidRay Stalker Zealot Zealot Pylon Adept Stalker Stalker VoidRay Stalker Stalker Zealot Pylon Stalker VoidRay Stalker Stalker Stalker Pylon Probe FleetBeacon Probe Adept Assimilator Probe,52.75,136868
485,1381284,0,70002,19.2363,70002,Adept Gateway Stargate Stalker Pylon Stalker Pylon Probe VoidRay Gateway Stalker VoidRay Stalker Zealot Pylon Stalker Stalker VoidRay Stalker Zealot Zealot Pylon Adept Stalker Stalker VoidRay Stalker Stalker Zealot Pylon Stalker VoidRay Stalker Stalker Stalker Pylon VoidRay Pylon Probe Gateway Assimilator,52.75,136868
485,1381372,0,70018,19.237,70018,Adept Gateway Stargate Stalker Pylon Stalker Pylon Probe VoidRay Gateway Stalker VoidRay Stalker Zealot Pylon Stalker Stalker VoidRay Stalker Zealot Zealot Pylon Adept Stalker Stalker VoidRay Stalker Stalker Zealot Pylon Stalker VoidRay Stalker Stalker Stalker Pylon Probe VoidRay Pylon Stalker Probe,52.75,136868
493,1382409,0,70194,19.2447,70194,Adept Gateway Stargate Stalker Pylon Stalker Pylon Probe VoidRay Gateway Stalker VoidRay Stalker Zealot Pylon Stalker Stalker VoidRay Stalker Zealot Zealot Pylon Adept Stalker Stalker VoidRay Stalker Stalker Zealot Pylon Stalker VoidRay Stalker Stalker Stalker Pylon Probe Gateway RoboticsFacility Probe Probe Probe Adept,52.75,136868
493,1383011,0,70298,19.2489,70298,Adept Gateway Stargate Stalker Pylon Stalker Pylon Probe VoidRay Gateway Stalker VoidRay Stalker Zealot Pylon Stalker Stalker VoidRay Stalker Zealot Zealot Pylon Adept Stalker Stalker VoidRay Stalker Stalker Zealot Pylon Stalker VoidRay Stalker Stalker Stalker Pylon Probe Probe Adept FleetBeacon Assimilator Assimilator,52.75,136868
493,1383301,0,70348,19.2509,70348,Adept Gateway Stargate Stalker Pylon Stalker Pylon Probe VoidRay Gateway Stalker VoidRay Stalker Zealot Pylon Stalker Stalker VoidRay Stalker Zealot Zealot Pylon Adept Stalker Stalker VoidRay Stalker Stalker Zealot Pylon Stalker VoidRay Stalker Stalker Stalker Assimilator Pylon Pylon Probe Probe Probe Probe Adept Zealot,52.75,136868
493,1384033,0,70474,19.256,70474,Adept Gateway Stargate Stalker Pylon Stalker Pylon Probe VoidRay Gateway Stalker VoidRay Stalker Zealot Pylon Stalker Stalker VoidRay Stalker Zealot Zealot Pylon Adept Stalker Stalker VoidRay Stalker Stalker Zealot Pylon Stalker VoidRay Stalker Stalker Stalker Pylon Stargate Probe Probe Stalker Gateway Adept,52.75,136868
546,1394460,2,72254,19.3927,72254,Adept Gateway Stargate Stalker Pylon Stalker Pylon Probe VoidRay Gateway Stalker VoidRay Stalker Zealot Pylon Stalker Stalker VoidRay Stalker Zealot Zealot Pylon Adept Stalker Stalker VoidRay Stalker Stalker Zealot Pylon Stalker VoidRay Stalker Stalker Stalker Pylon VoidRay Probe Probe Pylon Zealot Assimilator,52.75,136868
546,1395726,2,72464,19.4147,72464,Adept Gateway Stargate Stalker Pylon Stalker Pylon Probe VoidRay Gateway Stalker VoidRay Stalker Zealot Pylon Stalker Stalker VoidRay Stalker Zealot Zealot Pylon Adept Stalker Stalker VoidRay Stalker Stalker Zealot Pylon Stalker VoidRay Stalker Stalker Stalker Pylon Probe VoidRay Probe Stalker Pylon,52.75,136868
616,1427528,8,78591,19.845,78591,Adept Gateway Stargate Stalker Pylon Stalker Pylon Probe VoidRay Gateway Stalker VoidRay Stalker Zealot Pylon Stalker Stalker VoidRay Stalker Zealot Zealot Pylon Adept Stalker Stalker VoidRay Stalker Stalker Zealot Pylon Stalker VoidRay Stalker Stalker Stalker Pylon Probe VoidRay Probe Stalker Pylon,52.75,136868
