0,0,0,0,0,0, ,0,0
0,22,0,1,0.01821,1,Adept Assimilator RoboticsFacility Assimilator RoboticsBay Stargate Pylon Pylon Probe TwilightCouncil FleetBeacon Adept Colossus Nexus Pylon Immortal Stargate RoboticsFacility VoidRay Nexus Colossus,15.25,33296.2
0,85,0,3,0.01867,3,Probe Zealot Nexus Nexus Probe Probe Stargate Gateway FleetBeacon VoidRay Nexus Adept Pylon Nexus Stargate Carrier Adept Assimilator Stalker Carrier Mothership Zealot Carrier Stargate VoidRay Gateway Probe Pylon Assimilator,22.25,45160.2
0,114,0,4,0.018891,4,Stargate Stalker Stalker Nexus RoboticsFacility Zealot Stalker VoidRay Stalker Pylon RoboticsFacility Nexus VoidRay RoboticsFacility Immortal Adept Assimilator Adept FleetBeacon Stargate Tempest RoboticsBay Stalker Assimilator Immortal Stargate Stalker Probe,28.25,76473
0,722,0,23,0.023209,23,Stargate Stalker Probe RoboticsFacility Pylon Assimilator Adept Immortal Stalker RoboticsFacility FleetBeacon Stalker RoboticsBay Zealot Stargate VoidRay Zealot Colossus Adept Adept Pylon Immortal TwilightCouncil DarkShrine Stalker Probe Gateway RoboticsFacility Gateway Stargate Assimilator TemplarArchive Pylon,27.5,76799
0,1511,0,48,0.028901,48,Gateway RoboticsFacility Adept Pylon Probe Stalker Stalker Adept Immortal RoboticsFacility Zealot Stalker Probe TwilightCouncil Zealot Immortal Zealot Immortal TemplarArchive Assimilator Assimilator RoboticsBay Nexus Nexus Gateway Zealot Gateway DarkShrine Immortal Adept Stalker Probe,23,88712
0,4343,0,139,0.07476,139,RoboticsFacility Zealot Immortal Pylon Probe Stargate Stalker VoidRay VoidRay Immortal Stalker Gateway Zealot Pylon Nexus Stalker Zealot Probe Adept Probe Stargate RoboticsBay Nexus Immortal Pylon VoidRay Assimilator TwilightCouncil TemplarArchive Nexus Probe Immortal Assimilator,32.75,90728.8
27,87545,0,2862,1.2411,2862,RoboticsFacility RoboticsFacility Zealot Gateway RoboticsBay Stalker Zealot Colossus Stalker Pylon Probe Probe Nexus Colossus Stalker Immortal Assimilator Stalker Immortal Stalker Nexus Zealot TwilightCouncil Zealot Immortal Immortal Nexus Probe DarkShrine Probe,34,92705.5
31,126183,0,4161,1.7932,4161,RoboticsFacility RoboticsFacility Stalker Immortal Pylon Immortal Zealot Immortal Immortal Probe Gateway Assimilator Probe Stalker Adept Nexus Zealot Stalker Pylon Pylon RoboticsBay Immortal Colossus Probe Nexus RoboticsFacility Pylon Stargate RoboticsFacility Probe Probe RoboticsFacility Probe,32.25,100740
53,202389,0,6785,2.91496,6785,RoboticsFacility RoboticsFacility Stalker Adept Gateway Immortal Pylon RoboticsFacility Stalker Immortal Probe Immortal Pylon Immortal Zealot Assimilator Stalker Probe Pylon Adept Immortal Immortal RoboticsBay Immortal Stargate Probe Stargate VoidRay TwilightCouncil Assimilator Pylon Zealot VoidRay Probe,35,109742
125,432429,0,15268,6.28438,15268,RoboticsFacility RoboticsFacility Stalker Adept Gateway Immortal Pylon Immortal Adept Stargate Immortal Probe Immortal Adept Immortal Zealot Assimilator Pylon Immortal Immortal RoboticsBay Assimilator TwilightCouncil TemplarArchive Stargate Gateway Stargate Gateway Stargate Stargate,32.75,111005
154,509180,0,18434,7.41555,18434,RoboticsFacility RoboticsFacility Stalker Adept Gateway Immortal Pylon Immortal Adept Pylon Immortal Immortal Zealot Pylon Probe Immortal Pylon Zealot Pylon Immortal Gateway Zealot RoboticsBay RoboticsFacility Stalker Immortal Stalker Zealot Adept Colossus Stargate Assimilator TwilightCouncil Probe Pylon Zealot,39.25,114720
180,600853,0,22389,8.78185,22389,RoboticsFacility RoboticsFacility Stalker Adept Gateway Immortal Pylon Immortal Adept Pylon Immortal Stalker Zealot Probe Immortal Immortal Adept RoboticsFacility Pylon RoboticsFacility Stalker Probe Immortal RoboticsBay RoboticsFacility Adept Zealot Nexus RoboticsFacility RoboticsFacility Zealot TwilightCouncil Assimilator Nexus,35.75,115421
187,639544,0,24181,9.37049,24181,RoboticsFacility RoboticsFacility Stalker Adept Gateway Immortal Pylon Immortal Adept Pylon Immortal Stalker Stalker Zealot Immortal Probe Adept Probe Immortal Nexus Zealot RoboticsFacility Pylon Stalker Probe Gateway Adept Immortal Stargate Probe RoboticsFacility Assimilator Stalker Immortal Gateway Adept Pylon,38.25,115740
191,641245,0,24261,9.3963,24261,RoboticsFacility RoboticsFacility Stalker Adept Gateway Immortal Pylon Immortal Adept Pylon Immortal Stalker Stalker Immortal Zealot Zealot RoboticsFacility Immortal Zealot Gateway TwilightCouncil Stalker RoboticsFacility Pylon Assimilator Zealot Immortal TemplarArchive Stargate Stargate Stalker Pylon Probe Assimilator,36,116008
193,642486,0,24321,9.41857,24321,RoboticsFacility RoboticsFacility Stalker Adept Gateway Immortal Pylon Immortal Adept Pylon Immortal Stalker Adept Immortal Stalker Stalker Probe Immortal Adept Zealot Gateway RoboticsBay RoboticsFacility Stargate RoboticsFacility Gateway Nexus Nexus TwilightCouncil FleetBeacon Pylon,31.75,116112
193,643161,0,24354,9.42362,24354,RoboticsFacility RoboticsFacility Stalker Adept Gateway Immortal Pylon Immortal Adept Pylon Immortal Stalker Immortal Probe Immortal Immortal Immortal Zealot Nexus Assimilator Adept Zealot Gateway Stalker Immortal Immortal Probe Nexus,35.5,116114
193,647788,0,24575,9.49718,24575,RoboticsFacility RoboticsFacility Stalker Adept Gateway Immortal Pylon Immortal Adept Pylon Immortal Stalker Immortal Stalker Stalker Pylon Probe Immortal Probe RoboticsBay Gateway TwilightCouncil Probe Immortal Pylon Stalker Zealot Colossus RoboticsFacility Zealot DarkShrine Assimilator Pylon Adept Immortal Pylon Probe Assimilator Probe,40.75,117221
193,656904,0,25009,9.63063,25009,RoboticsFacility RoboticsFacility Stalker Adept Gateway Immortal Pylon Immortal Adept Pylon Immortal Stalker Immortal Pylon RoboticsBay Adept Pylon Stalker Immortal Colossus Immortal Zealot Gateway Colossus Zealot Stalker Stargate TwilightCouncil Gateway Pylon Assimilator Gateway Probe,45.25,117654
193,656994,0,25014,9.63132,25014,RoboticsFacility RoboticsFacility Stalker Adept Gateway Immortal Pylon Immortal Adept Pylon Immortal Stalker Immortal Immortal Immortal Immortal Pylon Pylon Immortal Assimilator Nexus Assimilator RoboticsBay Stargate Adept Nexus,37.25,119869
193,674714,0,25853,9.89347,25853,RoboticsFacility RoboticsFacility Stalker Adept Gateway Immortal Pylon Immortal Adept Pylon Immortal Stalker Adept Adept Immortal Stalker Pylon Immortal Immortal Zealot TwilightCouncil Assimilator Zealot TemplarArchive DarkShrine Immortal Probe RoboticsBay Pylon RoboticsFacility DarkTemplar Probe Stargate Probe,38.5,120826
206,708451,0,27491,10.39,27491,RoboticsFacility RoboticsFacility Stalker Adept Gateway Immortal Pylon Immortal Adept Pylon Immortal Stalker Adept Zealot Immortal Immortal Immortal Zealot Gateway Pylon Immortal Immortal Nexus RoboticsBay Stargate Nexus TwilightCouncil Pylon,39.25,122207
245,812976,0,33061,11.9268,33061,RoboticsFacility RoboticsFacility Stalker Adept Gateway Immortal Pylon Immortal Adept Pylon Immortal Stalker Adept Zealot Immortal Immortal Immortal RoboticsFacility Assimilator Pylon Stalker Immortal Adept Zealot Pylon Pylon Zealot Zealot Zealot Stargate Immortal Probe Assimilator,40.5,122497
245,813746,0,33107,11.9452,33107,RoboticsFacility RoboticsFacility Stalker Adept Gateway Immortal Pylon Immortal Adept Pylon Immortal Stalker Adept Zealot Immortal Immortal Immortal Pylon Adept Immortal Assimilator Assimilator Zealot Probe Stalker RoboticsBay Gateway RoboticsFacility TwilightCouncil Pylon Pylon Stalker Probe,38.5,123350
245,814187,0,33133,11.9483,33133,RoboticsFacility RoboticsFacility Stalker Adept Gateway Immortal Pylon Immortal Adept Pylon Immortal Stalker Adept Zealot Immortal Immortal Immortal Pylon Immortal Stalker Immortal TwilightCouncil Assimilator Probe RoboticsBay Assimilator RoboticsFacility DarkShrine TemplarArchive Stargate RoboticsFacility,40,124610
257,853569,0,35603,12.5113,35603,RoboticsFacility RoboticsFacility Stalker Adept Gateway Immortal Pylon Immortal Adept Pylon Immortal Stalker Adept Zealot Immortal Immortal Immortal Pylon Stalker Immortal RoboticsFacility RoboticsFacility Stalker Pylon Stalker Zealot Assimilator Assimilator RoboticsBay RoboticsFacility Stargate RoboticsFacility Probe Probe,40.75,124702
257,860274,0,36039,12.5977,36039,RoboticsFacility RoboticsFacility Stalker Adept Gateway Immortal Pylon Immortal Adept Pylon Immortal Stalker Adept Zealot Immortal Immortal Immortal Pylon Adept Immortal Zealot Pylon Assimilator Immortal Immortal Assimilator Gateway Adept TwilightCouncil Pylon Pylon,45.5,125991
270,869121,0,36631,12.7281,36631,RoboticsFacility RoboticsFacility Stalker Adept Gateway Immortal Pylon Immortal Adept Pylon Immortal Stalker Adept Zealot Immortal Immortal Immortal Pylon Stalker Immortal Adept Pylon Immortal Immortal TwilightCouncil RoboticsFacility TemplarArchive Gateway Stalker RoboticsFacility Gateway,45,127689
283,898430,0,38623,13.1489,38623,RoboticsFacility RoboticsFacility Stalker Adept Gateway Immortal Pylon Immortal Adept Pylon Immortal Stalker Adept Zealot Immortal Immortal Immortal Pylon Stalker Immortal Immortal Pylon Assimilator Adept Stalker Immortal Probe RoboticsBay Gateway Stargate RoboticsFacility,46.75,128052
296,924649,0,40518,13.5359,40518,RoboticsFacility RoboticsFacility Stalker Adept Gateway Immortal Pylon Immortal Adept Pylon Immortal Stalker Adept Zealot Immortal Immortal Immortal Pylon Stalker Immortal Stalker Zealot Pylon Immortal Stalker Stargate TwilightCouncil RoboticsFacility RoboticsBay Probe Gateway Pylon Stalker,44.5,128690
308,947011,0,42303,13.8376,42303,RoboticsFacility RoboticsFacility Stalker Adept Gateway Immortal Pylon Immortal Adept Pylon Immortal Stalker Adept Zealot Immortal Immortal Immortal Pylon Stalker Immortal Stalker Pylon Immortal Stalker Adept TwilightCouncil Stargate RoboticsBay Probe Stargate Adept Pylon Gateway,44.75,128878
308,947064,0,42307,13.838,42307,RoboticsFacility RoboticsFacility Stalker Adept Gateway Immortal Pylon Immortal Adept Pylon Immortal Stalker Adept Zealot Immortal Immortal Immortal Pylon Stalker Immortal Stalker Adept Pylon Stalker Stalker Immortal RoboticsBay Pylon Probe Stalker Colossus TwilightCouncil Assimilator,46.5,129367
308,958292,0,43248,14.0087,43248,RoboticsFacility RoboticsFacility Stalker Adept Gateway Immortal Pylon Immortal Adept Pylon Immortal Stalker Adept Zealot Immortal Immortal Immortal Pylon Stalker Immortal Stalker Stalker Pylon Immortal Adept Stalker Gateway Probe Stargate Assimilator Nexus Pylon,46.5,130136
330,991125,0,46168,14.4774,46168,RoboticsFacility RoboticsFacility Stalker Adept Gateway Immortal Pylon Immortal Adept Pylon Immortal Stalker Adept Zealot Immortal Immortal Immortal Pylon Stalker Immortal Stalker Stalker Pylon Immortal Stalker Stalker RoboticsBay TwilightCouncil Probe Pylon Assimilator Zealot Adept DarkShrine,47,130388
330,1001034,0,47082,14.6134,47082,RoboticsFacility RoboticsFacility Stalker Adept Gateway Immortal Pylon Immortal Adept Pylon Immortal Stalker Adept Zealot Immortal Immortal Immortal Pylon Stalker Immortal Stalker Stalker Pylon Immortal Stalker Stalker Stargate RoboticsFacility Pylon Assimilator Probe VoidRay Assimilator Probe,47,130388
343,1029340,0,50038,15.0251,50038,RoboticsFacility RoboticsFacility Stalker Adept Gateway Immortal Pylon Immortal Adept Pylon Immortal Stalker Adept Zealot Immortal Immortal Immortal Pylon Stalker Immortal Stalker Stalker Pylon Immortal Stalker Stalker Pylon Adept TwilightCouncil Pylon Stalker Stalker Assimilator Assimilator Probe,48.25,130397
343,1029959,0,50110,15.0429,50110,RoboticsFacility RoboticsFacility Stalker Adept Gateway Immortal Pylon Immortal Adept Pylon Immortal Stalker Adept Zealot Immortal Immortal Immortal Pylon Stalker Immortal Stalker Stalker Pylon Immortal Stalker Stalker Pylon Probe Probe Adept Stalker Zealot RoboticsBay TwilightCouncil Pylon,48.25,130397
343,1030541,0,50182,15.0474,50182,RoboticsFacility RoboticsFacility Stalker Adept Gateway Immortal Pylon Immortal Adept Pylon Immortal Stalker Adept Zealot Immortal Immortal Immortal Pylon Stalker Immortal Stalker Stalker Pylon Immortal Stalker Stalker Pylon Stalker Pylon Stalker Nexus Probe,48.75,130401
355,1036226,0,50858,15.1258,50858,RoboticsFacility RoboticsFacility Stalker Adept Gateway Immortal Pylon Immortal Adept Pylon Immortal Stalker Adept Zealot Immortal Immortal Immortal Pylon Stalker Immortal Stalker Stalker Pylon Immortal Stalker Stalker Pylon Assimilator Zealot RoboticsFacility Gateway Adept RoboticsBay,48,130460
355,1039724,0,51278,15.1757,51278,RoboticsFacility RoboticsFacility Stalker Adept Gateway Immortal Pylon Immortal Adept Pylon Immortal Stalker Adept Zealot Immortal Immortal Immortal Pylon Stalker Immortal Stalker Stalker Pylon Immortal Stalker Stalker Pylon Zealot Adept Pylon Adept Pylon TwilightCouncil Probe Pylon,48,130460
355,1045026,0,51907,15.2509,51907,RoboticsFacility RoboticsFacility Stalker Adept Gateway Immortal Pylon Immortal Adept Pylon Immortal Stalker Adept Zealot Immortal Immortal Immortal Pylon Stalker Immortal Stalker Stalker Pylon Immortal Stalker Stalker Pylon Gateway Zealot Probe Assimilator Assimilator RoboticsFacility Pylon Adept,48,130460
355,1046347,0,52074,15.2604,52074,RoboticsFacility RoboticsFacility Stalker Adept Gateway Immortal Pylon Immortal Adept Pylon Immortal Stalker Adept Zealot Immortal Immortal Immortal Pylon Stalker Immortal Stalker Stalker Pylon Immortal Stalker Stalker Pylon Zealot Immortal Gateway Probe Probe TwilightCouncil,48,130460
364,1046752,0,52128,15.2766,52128,RoboticsFacility RoboticsFacility Stalker Adept Gateway Immortal Pylon Immortal Adept Pylon Immortal Stalker Adept Zealot Immortal Immortal Immortal Pylon Stalker Immortal Stalker Stalker Pylon Immortal Stalker Stalker Pylon Probe Assimilator Zealot Immortal Adept TwilightCouncil,48,130460
364,1048485,0,52362,15.3015,52362,RoboticsFacility RoboticsFacility Stalker Adept Gateway Immortal Pylon Immortal Adept Pylon Immortal Stalker Adept Zealot Immortal Immortal Immortal Pylon Stalker Immortal Stalker Stalker Pylon Immortal Stalker Stalker Pylon Zealot Probe Probe RoboticsFacility Nexus Assimilator,48,130460
364,1049571,0,52506,15.3089,52506,RoboticsFacility RoboticsFacility Stalker Adept Gateway Immortal Pylon Immortal Adept Pylon Immortal Stalker Adept Zealot Immortal Immortal Immortal Pylon Stalker Immortal Stalker Stalker Pylon Immortal Stalker Stalker Pylon RoboticsFacility Zealot Probe Probe Adept Stargate Probe Assimilator Zealot,48,130460
369,1061790,0,54172,15.4854,54172,RoboticsFacility RoboticsFacility Stalker Adept Gateway Immortal Pylon Immortal Adept Pylon Immortal Stalker Adept Zealot Immortal Immortal Immortal Pylon Stalker Immortal Stalker Stalker Pylon Immortal Stalker Stalker Pylon Zealot Gateway Probe Gateway Adept Probe Probe Adept,48,130460
377,1062749,0,54311,15.4924,54311,RoboticsFacility RoboticsFacility Stalker Adept Gateway Immortal Pylon Immortal Adept Pylon Immortal Stalker Adept Zealot Immortal Immortal Immortal Pylon Stalker Immortal Stalker Stalker Pylon Immortal Stalker Stalker Pylon Probe Zealot RoboticsFacility TwilightCouncil Probe Probe Stalker Stargate,48,130460
390,1080939,0,56931,15.744,56931,RoboticsFacility RoboticsFacility Stalker Adept Gateway Immortal Pylon Immortal Adept Pylon Immortal Stalker Adept Zealot Immortal Immortal Immortal Pylon Stalker Immortal Stalker Stalker Pylon Immortal Stalker Stalker Pylon Probe Zealot Probe Probe Immortal Pylon RoboticsFacility Assimilator,48,130460
390,1087843,0,57945,15.8464,57945,RoboticsFacility RoboticsFacility Stalker Adept Gateway Immortal Pylon Immortal Adept Pylon Immortal Stalker Adept Zealot Immortal Immortal Immortal Pylon Stalker Immortal Stalker Stalker Pylon Immortal Stalker Stalker Pylon Probe Zealot Probe Probe Stalker Probe Stargate Gateway Stargate,48,130460
403,1100976,0,60074,16.0283,60074,RoboticsFacility RoboticsFacility Stalker Adept Gateway Immortal Pylon Immortal Adept Pylon Immortal Stalker Adept Zealot Immortal Immortal Immortal Pylon Stalker Immortal Stalker Stalker Pylon Immortal Stalker Stalker Pylon Probe Zealot Probe Probe RoboticsBay Probe Adept Probe Pylon Pylon Assimilator,48,130460
416,1104964,0,60733,16.0826,60733,RoboticsFacility RoboticsFacility Stalker Adept Gateway Immortal Pylon Immortal Adept Pylon Immortal Stalker Adept Zealot Immortal Immortal Immortal Pylon Stalker Immortal Stalker Stalker Pylon Immortal Stalker Stalker Pylon Probe Zealot Probe RoboticsBay Probe Probe Probe Gateway Pylon Adept,48,130460
416,1107706,0,61192,16.1271,61192,RoboticsFacility RoboticsFacility Stalker Adept Gateway Immortal Pylon Immortal Adept Pylon Immortal Stalker Adept Zealot Immortal Immortal Immortal Pylon Stalker Immortal Stalker Stalker Pylon Immortal Stalker Stalker Pylon Probe Zealot Probe Probe TwilightCouncil Probe Stalker Probe RoboticsFacility Assimilator,48,130460
416,1112976,0,62062,16.2022,62062,RoboticsFacility RoboticsFacility Stalker Adept Gateway Immortal Pylon Immortal Adept Pylon Immortal Stalker Adept Zealot Immortal Immortal Immortal Pylon Stalker Immortal Stalker Stalker Pylon Immortal Stalker Stalker Pylon Probe Zealot Probe Probe Pylon Adept Probe Probe Immortal Probe,48,130460
483,1153658,2,70595,16.7721,70595,RoboticsFacility RoboticsFacility Stalker Adept Gateway Immortal Pylon Immortal Adept Pylon Immortal Stalker Adept Zealot Immortal Immortal Immortal Pylon Stalker Immortal Stalker Stalker Pylon Immortal Stalker Stalker Pylon Probe Zealot Probe Probe Pylon Adept Probe Probe Immortal Probe,48,130460
