0,0,0,0,0,0, ,0,0
0,33,0,1,0.00028,1,Adept Stargate VoidRay RoboticsFacility Nexus Pylon FleetBeacon Tempest RoboticsFacility Adept VoidRay Tempest Probe TwilightCouncil Adept Pylon RoboticsFacility Assimilator RoboticsFacility Mothership Stalker Pylon Nexus Probe Pylon Pylon Pylon Probe Pylon Assimilator Gateway Gateway,20.25,56576.2
0,324,0,10,0.002398,10,Gateway Pylon Stalker Probe TwilightCouncil Adept Stalker TemplarArchive Gateway Probe DarkShrine Probe RoboticsFacility Probe RoboticsFacility Immortal Nexus Gateway Adept Gateway Assimilator Immortal Pylon Immortal DarkTemplar Zealot Stargate Zealot VoidRay RoboticsBay RoboticsFacility DarkTemplar Pylon VoidRay Immortal FleetBeacon Zealot,28.25,65966.5
0,493,0,15,0.003637,15,Stargate VoidRay Stargate Probe Gateway Stalker VoidRay Zealot RoboticsFacility Adept Adept Stargate Adept Zealot FleetBeacon TwilightCouncil Stalker RoboticsFacility Pylon Stalker Tempest Nexus Probe Gateway TemplarArchive Gateway Pylon Pylon Gateway Pylon Assimilator Gateway Gateway Nexus Pylon Pylon,23.25,66179.2
0,1135,0,35,0.015332,35,Stalker RoboticsFacility RoboticsFacility Immortal Pylon Stargate Nexus Zealot Nexus Adept TwilightCouncil Gateway Adept VoidRay Stalker Zealot RoboticsFacility Immortal Nexus Adept Immortal Probe Pylon Assimilator FleetBeacon Assimilator Immortal DarkShrine Probe,24.5,69104.2
0,1234,0,38,0.016043,38,Adept RoboticsFacility Adept Immortal Gateway Probe Pylon Zealot Adept Stalker Nexus Stalker Stalker TwilightCouncil Nexus Immortal Nexus Immortal RoboticsFacility RoboticsBay RoboticsFacility TemplarArchive Adept RoboticsFacility Pylon Immortal Gateway Zealot Gateway Gateway Assimilator Stalker Assimilator,27.25,78932
0,3191,0,102,0.044718,102,Adept RoboticsFacility Stargate Zealot Immortal Stalker Gateway Pylon Adept Assimilator Assimilator VoidRay Pylon Immortal TwilightCouncil Probe Zealot TemplarArchive VoidRay RoboticsBay Zealot RoboticsFacility Stargate Colossus VoidRay Gateway Stargate Pylon,27.75,85681
1,6976,0,224,0.097583,224,Adept Pylon RoboticsFacility RoboticsFacility RoboticsBay Probe Immortal Adept Zealot Nexus Immortal Immortal Pylon Assimilator Colossus Stalker Immortal Zealot Assimilator Colossus Zealot Zealot Zealot Colossus Adept Probe Stargate TwilightCouncil RoboticsFacility,34.25,96507.5
49,184042,0,6020,2.58282,6020,Adept Pylon RoboticsFacility Gateway Stalker Stalker Pylon Adept Immortal Immortal RoboticsBay Probe Stalker Zealot Immortal Nexus Immortal RoboticsFacility Colossus Adept Stargate Gateway Zealot Immortal VoidRay RoboticsFacility Pylon Adept Colossus Assimilator Adept Zealot Zealot,36,96585.5
63,254758,0,8483,3.61695,8483,Adept Pylon RoboticsFacility Gateway Stalker Immortal Adept Stalker Stalker Pylon Probe Stalker Zealot Immortal Zealot RoboticsFacility Zealot Pylon Stargate RoboticsBay Assimilator Pylon Immortal Immortal Stalker Stalker Pylon FleetBeacon Zealot Colossus Adept RoboticsFacility Stargate Gateway Probe,33.25,104086
100,358863,0,12241,5.21138,12241,Adept Pylon RoboticsFacility Gateway Stalker Immortal Nexus Stalker Stalker Pylon Zealot Zealot Immortal Adept Adept Stalker RoboticsFacility Immortal Stalker Pylon Immortal Adept Pylon Immortal Stargate Assimilator FleetBeacon Gateway Probe Stalker Gateway Assimilator Gateway,34.5,104884
115,418765,0,14570,6.12646,14570,Adept Pylon RoboticsFacility Gateway Stalker Immortal Nexus Immortal Adept Adept Probe RoboticsFacility Zealot Immortal Adept Immortal Adept Gateway Stalker TwilightCouncil Immortal Immortal Stalker RoboticsBay Pylon Pylon Pylon DarkShrine Probe Colossus Stargate Probe Probe Immortal Probe,35,104917
204,694031,0,26852,10.5224,26852,Adept Pylon RoboticsFacility Gateway Stalker Immortal Nexus Immortal Adept Adept Probe RoboticsFacility Zealot Adept Immortal Probe Stalker Immortal Zealot Immortal RoboticsBay Pylon Adept RoboticsFacility TwilightCouncil Stalker Immortal Stalker Pylon Colossus Nexus Assimilator Gateway Probe,37.75,107006
217,737496,0,28919,11.2643,28919,Adept Pylon RoboticsFacility Gateway Stalker Immortal Nexus Immortal Adept Adept Probe RoboticsFacility Zealot Adept Immortal Stalker Immortal Assimilator Zealot Adept Immortal Zealot Probe Stalker TwilightCouncil Stalker DarkShrine Assimilator Pylon Stalker Adept Assimilator Nexus Probe,38,107286
230,792476,0,31695,12.1046,31695,Adept Pylon RoboticsFacility Gateway Stalker Immortal Nexus Immortal Adept Adept Probe RoboticsFacility Zealot Adept Immortal Zealot Immortal Immortal Stalker TwilightCouncil Immortal Stalker Probe Adept Nexus Pylon RoboticsBay Colossus Assimilator Adept Stargate Pylon RoboticsFacility,36,108566
230,799414,0,32058,12.2457,32058,Adept Pylon RoboticsFacility Gateway Stalker Immortal Nexus Immortal Adept Adept Probe RoboticsFacility Zealot Adept Immortal Zealot Immortal Zealot Immortal Stalker RoboticsFacility Immortal Pylon Adept Assimilator Probe RoboticsBay RoboticsFacility Stalker TwilightCouncil Stalker Nexus Zealot,38.75,108694
243,816215,0,32963,12.5525,32963,Adept Pylon RoboticsFacility Gateway Stalker Immortal Nexus Immortal Adept Adept Probe RoboticsFacility Zealot Adept Immortal Zealot Immortal Adept RoboticsBay Immortal Zealot Pylon Stalker Immortal Immortal Gateway Zealot Probe Zealot Pylon Colossus Gateway Stalker RoboticsFacility,41,109548
243,816747,0,32991,12.5565,32991,Adept Pylon RoboticsFacility Gateway Stalker Immortal Nexus Immortal Adept Adept Probe RoboticsFacility Zealot Adept Immortal Zealot Immortal Immortal Adept Immortal Stalker Stalker Probe Assimilator RoboticsFacility Nexus RoboticsBay Nexus Assimilator Pylon Assimilator,36,109606
256,872949,0,36182,13.408,36182,Adept Pylon RoboticsFacility Gateway Stalker Immortal Nexus Immortal Adept Adept Probe RoboticsFacility Zealot Adept Immortal Zealot Immortal Immortal Stalker Stalker Immortal Stalker Assimilator RoboticsFacility Nexus Gateway Nexus RoboticsBay Assimilator Probe,36.5,110613
269,886398,0,37044,13.6094,37044,Adept Pylon RoboticsFacility Gateway Stalker Immortal Nexus Immortal Adept Adept Probe RoboticsFacility Zealot Adept Immortal Zealot Immortal Immortal Pylon Stalker Immortal Stalker RoboticsBay Zealot Immortal RoboticsFacility Immortal TwilightCouncil Probe Stargate Nexus,43.25,110866
269,891117,0,37346,13.6824,37346,Adept Pylon RoboticsFacility Gateway Stalker Immortal Nexus Immortal Adept Adept Probe RoboticsFacility Zealot Adept Immortal Zealot Immortal Immortal Immortal Probe Pylon Immortal Stalker Stalker Probe RoboticsFacility Adept Stargate Zealot RoboticsBay Assimilator Pylon TwilightCouncil Probe Immortal Adept,40.75,110906
269,896543,0,37692,13.7607,37692,Adept Pylon RoboticsFacility Gateway Stalker Immortal Nexus Immortal Adept Adept Probe RoboticsFacility Zealot Adept Immortal Zealot Immortal Immortal Immortal Pylon Zealot Stalker Immortal Adept Gateway Zealot Stargate RoboticsBay Adept Pylon Pylon Zealot Assimilator Assimilator Gateway Assimilator,41.25,111748
282,918028,0,39170,14.0648,39170,Adept Pylon RoboticsFacility Gateway Stalker Immortal Nexus Immortal Adept Adept Probe RoboticsFacility Zealot Adept Immortal Zealot Immortal Immortal Immortal Pylon Adept Immortal Immortal Stalker Stalker Stargate Pylon Probe FleetBeacon Adept Stargate RoboticsFacility Probe,43.5,112714
282,927697,0,39860,14.2113,39860,Adept Pylon RoboticsFacility Gateway Stalker Immortal Nexus Immortal Adept Adept Probe RoboticsFacility Zealot Adept Immortal Zealot Immortal Immortal Immortal Zealot Pylon Stalker Immortal Immortal Zealot Pylon Stalker Zealot Pylon Assimilator Gateway Stalker Stargate Zealot,45.25,112900
321,1005097,0,45779,15.3171,45779,Adept Pylon RoboticsFacility Gateway Stalker Immortal Nexus Immortal Adept Adept Probe RoboticsFacility Zealot Adept Immortal Zealot Immortal Immortal Immortal Zealot Pylon Stalker Immortal Stalker Assimilator Stalker Adept Assimilator Nexus TwilightCouncil Pylon Probe,42.5,112954
321,1005110,0,45780,15.3172,45780,Adept Pylon RoboticsFacility Gateway Stalker Immortal Nexus Immortal Adept Adept Probe RoboticsFacility Zealot Adept Immortal Zealot Immortal Immortal Immortal Zealot Pylon Stalker Immortal Immortal Stalker Pylon RoboticsFacility Adept Stargate Stalker Gateway RoboticsFacility Probe Probe,44.5,113036
334,1012166,0,46399,15.4211,46399,Adept Pylon RoboticsFacility Gateway Stalker Immortal Nexus Immortal Adept Adept Probe RoboticsFacility Zealot Adept Immortal Zealot Immortal Immortal Immortal Zealot Pylon Stalker Immortal Stalker Stalker Adept Gateway TwilightCouncil Assimilator Pylon Stargate Nexus,42.5,113110
334,1013906,0,46558,15.4463,46558,Adept Pylon RoboticsFacility Gateway Stalker Immortal Nexus Immortal Adept Adept Probe RoboticsFacility Zealot Adept Immortal Zealot Immortal Immortal Immortal Zealot Pylon Stalker Immortal Stalker Stalker RoboticsFacility Adept Stargate RoboticsBay Probe Pylon RoboticsFacility Stargate Adept Zealot,42.5,113110
334,1026092,0,47688,15.6286,47688,Adept Pylon RoboticsFacility Gateway Stalker Immortal Nexus Immortal Adept Adept Probe RoboticsFacility Zealot Adept Immortal Zealot Immortal Immortal Immortal Zealot Pylon Stalker Immortal Stalker Stalker Pylon Adept Probe Immortal Adept Assimilator Nexus Zealot,43.75,113168
334,1027719,0,47841,15.6529,47841,Adept Pylon RoboticsFacility Gateway Stalker Immortal Nexus Immortal Adept Adept Probe RoboticsFacility Zealot Adept Immortal Zealot Immortal Immortal Immortal Zealot Pylon Stalker Immortal Stalker Stalker Gateway Stalker RoboticsBay Probe Gateway Stargate RoboticsFacility Assimilator Assimilator Pylon,43,113273
334,1029699,0,48025,15.68,48025,Adept Pylon RoboticsFacility Gateway Stalker Immortal Nexus Immortal Adept Adept Probe RoboticsFacility Zealot Adept Immortal Zealot Immortal Immortal Immortal Zealot Pylon Stalker Immortal Stalker Stalker Stalker Probe Nexus Nexus RoboticsFacility Assimilator,43,113273
334,1030237,0,48079,15.6842,48079,Adept Pylon RoboticsFacility Gateway Stalker Immortal Nexus Immortal Adept Adept Probe RoboticsFacility Zealot Adept Immortal Zealot Immortal Immortal Immortal Zealot Pylon Stalker Immortal Stalker Adept Pylon Immortal Adept Adept Adept RoboticsBay Gateway Pylon Probe Assimilator,47,113310
347,1033352,0,48389,15.7331,48389,Adept Pylon RoboticsFacility Gateway Stalker Immortal Nexus Immortal Adept Adept Probe RoboticsFacility Zealot Adept Immortal Zealot Immortal Immortal Immortal Zealot Pylon Stalker Immortal Stalker Stalker Pylon Probe Stalker TwilightCouncil Zealot TemplarArchive Adept Nexus Probe,44,113498
347,1034985,0,48549,15.7573,48549,Adept Pylon RoboticsFacility Gateway Stalker Immortal Nexus Immortal Adept Adept Probe RoboticsFacility Zealot Adept Immortal Zealot Immortal Immortal Immortal Zealot Pylon Stalker Immortal Stalker Stalker Pylon Immortal Zealot Adept Pylon Stalker TwilightCouncil Probe Stalker Probe,47.25,113534
347,1041076,0,49154,15.8382,49154,Adept Pylon RoboticsFacility Gateway Stalker Immortal Nexus Immortal Adept Adept Probe RoboticsFacility Zealot Adept Immortal Zealot Immortal Immortal Immortal Zealot Pylon Stalker Immortal Stalker Stalker Pylon Stalker TwilightCouncil Stalker RoboticsBay DarkShrine Pylon Pylon Stalker Probe,44.75,113554
347,1050660,0,50124,15.9672,50124,Adept Pylon RoboticsFacility Gateway Stalker Immortal Nexus Immortal Adept Adept Probe RoboticsFacility Zealot Adept Immortal Zealot Immortal Immortal Immortal Zealot Pylon Stalker Immortal Stalker Stalker Pylon Stalker Stargate Stalker Adept TwilightCouncil RoboticsBay Stargate Zealot,44.75,113554
359,1053686,0,50448,16.0018,50448,Adept Pylon RoboticsFacility Gateway Stalker Immortal Nexus Immortal Adept Adept Probe RoboticsFacility Zealot Adept Immortal Zealot Immortal Immortal Immortal Zealot Pylon Stalker Immortal Stalker Stalker Pylon Stargate Stalker Stalker Stalker RoboticsFacility VoidRay Assimilator Assimilator,44.75,113554
359,1068272,0,52019,16.2063,52019,Adept Pylon RoboticsFacility Gateway Stalker Immortal Nexus Immortal Adept Adept Probe RoboticsFacility Zealot Adept Immortal Zealot Immortal Immortal Immortal Zealot Pylon Stalker Immortal Stalker Stalker Pylon Assimilator Stalker Stalker Assimilator Immortal Probe RoboticsBay Probe,44.75,113554
372,1076213,0,52928,16.3299,52928,Adept Pylon RoboticsFacility Gateway Stalker Immortal Nexus Immortal Adept Adept Probe RoboticsFacility Zealot Adept Immortal Zealot Immortal Immortal Immortal Zealot Pylon Stalker Immortal Stalker Stalker Pylon Stalker Stalker Assimilator Stalker Probe Stargate Immortal Assimilator,44.75,113554
372,1077590,0,53085,16.3396,53085,Adept Pylon RoboticsFacility Gateway Stalker Immortal Nexus Immortal Adept Adept Probe RoboticsFacility Zealot Adept Immortal Zealot Immortal Immortal Immortal Zealot Pylon Stalker Immortal Stalker Stalker Pylon Immortal Stalker Zealot Probe Gateway Stalker Assimilator Pylon Pylon,47.75,113597
385,1098942,0,55915,16.6589,55915,Adept Pylon RoboticsFacility Gateway Stalker Immortal Nexus Immortal Adept Adept Probe RoboticsFacility Zealot Adept Immortal Zealot Immortal Immortal Immortal Zealot Pylon Stalker Immortal Stalker Stalker Pylon Immortal Stalker Zealot RoboticsFacility Probe Stalker RoboticsFacility Assimilator,47.75,113597
398,1103958,0,56721,16.7202,56721,Adept Pylon RoboticsFacility Gateway Stalker Immortal Nexus Immortal Adept Adept Probe RoboticsFacility Zealot Adept Immortal Zealot Immortal Immortal Immortal Zealot Pylon Stalker Immortal Stalker Stalker Pylon Immortal Stalker Zealot Probe Probe RoboticsFacility Probe TwilightCouncil Pylon Assimilator,47.75,113597
410,1120136,0,59521,16.945,59521,Adept Pylon RoboticsFacility Gateway Stalker Immortal Nexus Immortal Adept Adept Probe RoboticsFacility Zealot Adept Immortal Zealot Immortal Immortal Immortal Zealot Pylon Stalker Immortal Stalker Stalker Pylon Immortal Stalker Zealot Probe Probe Probe Nexus Assimilator,47.75,113597
422,1127090,0,60838,17.0245,60838,Adept Pylon RoboticsFacility Gateway Stalker Immortal Nexus Immortal Adept Adept Probe RoboticsFacility Zealot Adept Immortal Zealot Immortal Immortal Immortal Zealot Pylon Stalker Immortal Stalker Stalker Pylon Immortal Stalker Zealot Probe Pylon Probe Probe Pylon Zealot Stalker Probe,47.75,113597
422,1127764,0,60969,17.0419,60969,Adept Pylon RoboticsFacility Gateway Stalker Immortal Nexus Immortal Adept Adept Probe RoboticsFacility Zealot Adept Immortal Zealot Immortal Immortal Immortal Zealot Pylon Stalker Immortal Stalker Stalker Pylon Immortal Stalker Zealot Probe Probe Probe Pylon Stargate Stalker Zealot,47.75,113597
422,1132873,0,61953,17.1007,61953,Adept Pylon RoboticsFacility Gateway Stalker Immortal Nexus Immortal Adept Adept Probe RoboticsFacility Zealot Adept Immortal Zealot Immortal Immortal Immortal Zealot Pylon Stalker Immortal Stalker Stalker Pylon Immortal Stalker Zealot Probe Probe Pylon Probe Immortal Adept,47.75,113597
