0,0,0,0,0,0, ,0,0
0,30,0,1,0.000248,1,Assimilator Assimilator Nexus Stalker Probe Stalker Stargate Gateway Probe Stargate Probe FleetBeacon Zealot Stargate Gateway Probe VoidRay RoboticsFacility Zealot Pylon Pylon Gateway Mothership RoboticsBay Colossus RoboticsFacility Gateway TwilightCouncil Probe,9.5,31192.5
0,63,0,2,0.00052,2,RoboticsFacility RoboticsBay Colossus Colossus Probe Gateway Stargate FleetBeacon TwilightCouncil Tempest Stalker Zealot Stargate Pylon Probe Colossus Nexus Pylon VoidRay Adept Gateway Zealot Nexus Pylon Pylon Probe Gateway Assimilator Nexus Assimilator Probe Gateway,17,33176
0,91,0,3,0.000725,3,Probe Pylon Zealot Adept Nexus Zealot Assimilator Assimilator Stalker Stargate Stalker VoidRay FleetBeacon RoboticsFacility Pylon RoboticsFacility Probe Immortal Gateway Carrier Immortal RoboticsFacility Tempest Stargate RoboticsBay Stalker Probe,24.25,56073.2
0,299,0,10,0.007272,10,TwilightCouncil Assimilator RoboticsFacility Pylon Stalker Zealot Adept Probe RoboticsFacility Probe Gateway Immortal Stargate RoboticsBay Pylon Adept Stalker VoidRay Probe Immortal TemplarArchive Probe Colossus Colossus Pylon FleetBeacon Pylon Stargate Probe Colossus Adept Mothership Pylon,28.5,72935
0,355,0,12,0.00769,12,TwilightCouncil Adept RoboticsFacility Stalker Gateway Nexus RoboticsFacility Immortal Pylon Adept DarkShrine TemplarArchive Zealot Adept Assimilator Immortal RoboticsFacility Immortal Immortal DarkTemplar Pylon Immortal Nexus Pylon Nexus Assimilator,27.75,75241.8
0,3298,0,106,0.074312,106,Zealot Stargate Pylon Probe Zealot Probe Zealot VoidRay Stargate Pylon Adept Adept Gateway VoidRay Adept VoidRay Assimilator Zealot Stargate FleetBeacon TwilightCouncil Assimilator Pylon Pylon Carrier Carrier Mothership Stalker RoboticsFacility Gateway Adept TemplarArchive Zealot,33.5,78436
0,4372,0,140,0.091056,140,RoboticsFacility Immortal Gateway Adept Probe Pylon Probe Assimilator RoboticsBay Pylon Adept Colossus Stalker Adept Zealot Nexus Adept Zealot Adept RoboticsFacility Probe Stargate Probe VoidRay Assimilator Colossus TwilightCouncil Immortal FleetBeacon Adept Gateway Carrier Probe,32.75,80287.5
0,4941,0,158,0.100059,158,Stargate Pylon Zealot Adept VoidRay Stalker Stargate VoidRay Stalker Gateway VoidRay Assimilator FleetBeacon Stargate Zealot Carrier Gateway Stargate Stargate Nexus Zealot TwilightCouncil Stargate Probe Nexus Pylon RoboticsFacility Zealot,25.75,81587
0,6415,0,207,0.120563,207,Zealot Assimilator Adept RoboticsFacility Nexus Stalker Immortal Stargate Probe Immortal FleetBeacon VoidRay Stalker Immortal Tempest VoidRay Nexus Pylon Nexus Stalker Nexus,29.25,82292.5
7,11712,0,377,0.237583,377,Adept Stalker Pylon Gateway RoboticsFacility Probe Gateway Adept RoboticsBay Zealot Pylon Probe Stargate Probe Zealot Immortal Nexus Stalker Immortal Stargate Stalker VoidRay Probe VoidRay Adept VoidRay Assimilator Zealot Immortal Zealot FleetBeacon Stargate Carrier Gateway Assimilator Gateway Gateway Assimilator,36.25,91518.5
42,137369,0,4445,2.18087,4445,Adept Stalker RoboticsFacility Stargate Assimilator Adept VoidRay Probe Immortal Stargate RoboticsFacility Adept Pylon Immortal VoidRay VoidRay Adept FleetBeacon Assimilator TwilightCouncil RoboticsFacility Nexus TemplarArchive Gateway Nexus,26.25,94517.8
55,185623,0,6048,2.92802,6048,Adept Stalker RoboticsFacility RoboticsFacility Zealot Immortal Immortal Gateway TwilightCouncil Assimilator Adept Adept Immortal Probe Pylon Gateway TemplarArchive Immortal Immortal Pylon Adept DarkShrine Immortal Adept Gateway Gateway RoboticsFacility Pylon DarkTemplar Zealot Assimilator RoboticsBay Probe,31.5,95861
70,280589,0,9365,4.24661,9365,Adept Stalker RoboticsFacility RoboticsFacility Zealot Nexus RoboticsFacility Immortal Pylon Immortal Stalker Immortal RoboticsBay Immortal Colossus Pylon Adept Gateway Zealot Immortal Probe Immortal Probe Nexus TwilightCouncil TemplarArchive DarkShrine Nexus Probe,35.5,98516.8
99,381357,0,13104,5.84386,13104,Adept Stalker RoboticsFacility RoboticsFacility Zealot Nexus Immortal Immortal Stalker Immortal Immortal Gateway Zealot Pylon Immortal Stalker Assimilator Probe Pylon Immortal Gateway Gateway Assimilator RoboticsBay RoboticsFacility Nexus Gateway Pylon,31,103538
129,473948,0,16968,7.2992,16968,Adept Stalker RoboticsFacility RoboticsFacility Zealot Nexus Immortal Immortal Adept Adept Immortal Immortal Immortal Gateway Stalker Zealot Gateway Stalker Stargate Pylon FleetBeacon Adept Immortal RoboticsFacility RoboticsBay Pylon Nexus Stargate Zealot,34.75,104202
138,500544,0,18134,7.74674,18134,Adept Stalker RoboticsFacility RoboticsFacility Zealot Nexus Immortal Immortal Adept Immortal Immortal Stalker Gateway Pylon Gateway Stalker Probe Immortal Adept Probe TwilightCouncil Stargate Immortal Adept RoboticsFacility Nexus VoidRay Stargate FleetBeacon Pylon Assimilator,33.75,104389
142,536133,0,19727,8.31289,19727,Adept Stalker RoboticsFacility RoboticsFacility Zealot Nexus Immortal Immortal Adept Immortal Immortal RoboticsFacility Stalker Gateway Immortal Stalker Adept Assimilator Immortal Gateway RoboticsFacility RoboticsBay RoboticsFacility Pylon Colossus Stalker Gateway Gateway,32.5,105545
150,545115,0,20140,8.45509,20140,Adept Stalker RoboticsFacility RoboticsFacility Zealot Nexus Immortal Immortal Adept Immortal Immortal Adept Zealot RoboticsBay Immortal Pylon Immortal Assimilator Immortal Assimilator Gateway RoboticsFacility Stargate FleetBeacon Immortal Probe,33.75,107002
155,557200,0,20722,8.6226,20722,Adept Stalker RoboticsFacility RoboticsFacility Zealot Nexus Immortal Immortal Adept Immortal Immortal Pylon Stalker Immortal Adept Immortal Gateway Stalker Immortal Stalker RoboticsFacility Nexus RoboticsFacility RoboticsBay TwilightCouncil Adept Gateway Assimilator Assimilator,38,114584
207,702425,0,28342,10.6679,28342,Adept Stalker RoboticsFacility RoboticsFacility Zealot Nexus Immortal Immortal Adept Immortal Immortal Pylon Stalker Immortal Immortal Stalker Immortal Immortal Stalker Assimilator TwilightCouncil Gateway DarkShrine Assimilator Pylon RoboticsBay Probe Stalker Probe Stalker,40.5,118055
233,765480,0,32328,11.6533,32328,Adept Stalker RoboticsFacility RoboticsFacility Zealot Nexus Immortal Immortal Adept Immortal Immortal Pylon Stalker Immortal Immortal Stalker Immortal Pylon Adept Immortal Zealot Zealot Assimilator Nexus Stargate RoboticsFacility Assimilator TwilightCouncil Adept,42,118121
233,770204,0,32653,11.7243,32653,Adept Stalker RoboticsFacility RoboticsFacility Zealot Nexus Immortal Immortal Adept Immortal Immortal Pylon Stalker Immortal Immortal Stalker Immortal Immortal Stalker TwilightCouncil Pylon Pylon Assimilator Stargate Zealot Nexus Assimilator TemplarArchive,41.5,118459
233,790454,0,34048,12.0337,34048,Adept Stalker RoboticsFacility RoboticsFacility Zealot Nexus Immortal Immortal Adept Immortal Immortal Pylon Stalker Immortal Immortal Stalker Immortal Pylon Stalker RoboticsBay Immortal Zealot Immortal TwilightCouncil Zealot Stargate RoboticsFacility Assimilator Pylon Assimilator,46.25,118564
238,792643,0,34219,12.0741,34219,Adept Stalker RoboticsFacility RoboticsFacility Zealot Nexus Immortal Immortal Adept Immortal Immortal Pylon Stalker Immortal Immortal Stalker Immortal Pylon Immortal Immortal RoboticsBay Stalker TwilightCouncil Pylon Stargate Adept Pylon DarkShrine Assimilator Assimilator,44.25,118861
246,794776,0,34387,12.1042,34387,Adept Stalker RoboticsFacility RoboticsFacility Zealot Nexus Immortal Immortal Adept Immortal Immortal Pylon Stalker Immortal Immortal Stalker Immortal Pylon Stalker Stalker Immortal Immortal TwilightCouncil TemplarArchive Pylon Assimilator Assimilator Probe RoboticsFacility Probe Pylon,46,119252
246,797175,0,34569,12.1451,34569,Adept Stalker RoboticsFacility RoboticsFacility Zealot Nexus Immortal Immortal Adept Immortal Immortal Pylon Stalker Immortal Immortal Stalker Immortal Stalker Pylon Immortal Immortal Stargate Assimilator Pylon RoboticsBay Probe Nexus Probe,44.25,119602
246,812109,0,35730,12.3754,35730,Adept Stalker RoboticsFacility RoboticsFacility Zealot Nexus Immortal Immortal Adept Immortal Immortal Pylon Stalker Immortal Immortal Stalker Immortal Immortal Pylon Immortal Immortal Adept Pylon RoboticsBay Stalker Pylon Stargate Assimilator Probe Probe,47.5,119623
258,818592,0,36275,12.4736,36275,Adept Stalker RoboticsFacility RoboticsFacility Zealot Nexus Immortal Immortal Adept Immortal Immortal Pylon Stalker Immortal Immortal Stalker Immortal Immortal Stalker Pylon RoboticsBay Immortal Adept Assimilator Zealot Nexus Gateway,45.5,119812
258,818768,0,36291,12.4798,36291,Adept Stalker RoboticsFacility RoboticsFacility Zealot Nexus Immortal Immortal Adept Immortal Immortal Pylon Stalker Immortal Immortal Stalker Immortal Immortal Zealot Pylon Immortal Probe RoboticsBay Stalker RoboticsFacility Probe Nexus Stargate,45.25,119840
258,819858,0,36388,12.4972,36388,Adept Stalker RoboticsFacility RoboticsFacility Zealot Nexus Immortal Immortal Adept Immortal Immortal Pylon Stalker Immortal Immortal Stalker Immortal Immortal Adept Pylon Immortal Stalker Nexus Assimilator Probe RoboticsBay RoboticsFacility Pylon,45.5,120556
266,841303,0,38360,12.8166,38360,Adept Stalker RoboticsFacility RoboticsFacility Zealot Nexus Immortal Immortal Adept Immortal Immortal Pylon Stalker Immortal Immortal Stalker Immortal Immortal Adept Pylon Immortal Stalker Pylon Probe Immortal TwilightCouncil Stalker RoboticsBay Probe Assimilator,45.5,120556
275,856136,0,39837,13.0372,39837,Adept Stalker RoboticsFacility RoboticsFacility Zealot Nexus Immortal Immortal Adept Immortal Immortal Pylon Stalker Immortal Immortal Stalker Immortal Immortal Adept Pylon Immortal Stalker Probe Assimilator Probe Pylon RoboticsBay RoboticsFacility Gateway Adept Assimilator,45.5,120556
300,872038,0,41394,13.2809,41394,Adept Stalker RoboticsFacility RoboticsFacility Zealot Nexus Immortal Immortal Adept Immortal Immortal Pylon Stalker Immortal Immortal Stalker Immortal Immortal Adept Pylon Immortal Stalker Pylon Probe Stalker Probe Immortal Nexus,45.5,120556
325,897403,0,44270,13.6601,44270,Adept Stalker RoboticsFacility RoboticsFacility Zealot Nexus Immortal Immortal Adept Immortal Immortal Pylon Stalker Immortal Immortal Stalker Immortal Immortal Adept Pylon Immortal Stalker Probe Probe Pylon Probe RoboticsBay Adept Immortal Probe Stargate,45.5,120556
325,911349,0,46095,13.8633,46095,Adept Stalker RoboticsFacility RoboticsFacility Zealot Nexus Immortal Immortal Adept Immortal Immortal Pylon Stalker Immortal Immortal Stalker Immortal Immortal Adept Pylon Immortal Stalker Probe Probe Gateway Pylon Stalker Pylon Probe Probe Stargate Probe Stargate,45.5,120556
334,912035,0,46186,13.8732,46186,Adept Stalker RoboticsFacility RoboticsFacility Zealot Nexus Immortal Immortal Adept Immortal Immortal Pylon Stalker Immortal Immortal Stalker Immortal Immortal Adept Pylon Immortal Stalker Probe Pylon Probe Stalker Probe Probe RoboticsBay Probe Nexus,45.5,120556
347,927721,0,48274,14.109,48274,Adept Stalker RoboticsFacility RoboticsFacility Zealot Nexus Immortal Immortal Adept Immortal Immortal Pylon Stalker Immortal Immortal Stalker Immortal Immortal Adept Pylon Immortal Stalker Probe Pylon Pylon Pylon Probe Probe Probe RoboticsFacility Probe Immortal Probe,45.5,120556
347,937182,0,49608,14.2514,49608,Adept Stalker RoboticsFacility RoboticsFacility Zealot Nexus Immortal Immortal Adept Immortal Immortal Pylon Stalker Immortal Immortal Stalker Immortal Immortal Adept Pylon Immortal Stalker Probe Pylon RoboticsBay Pylon Adept Probe Probe Probe Probe Immortal Probe,45.5,120556
518,999035,11,62248,15.2026,62248,Adept Stalker RoboticsFacility RoboticsFacility Zealot Nexus Immortal Immortal Adept Immortal Immortal Pylon Stalker Immortal Immortal Stalker Immortal Immortal Adept Pylon Immortal Stalker Probe Pylon RoboticsBay Pylon Adept Probe Probe Probe Probe Immortal Probe,45.5,120556
