0,0,0,0,0,0, ,0,0
0,35,0,1,0.000276,1,TwilightCouncil Stargate VoidRay Stalker VoidRay Stalker Pylon DarkShrine Pylon Zealot Stalker Stargate Zealot Nexus Stargate TemplarArchive Stargate DarkTemplar Zealot FleetBeacon Gateway Gateway Probe Probe Gateway Gateway Probe Nexus Probe Probe Nexus Gateway Pylon Assimilator,17.75,55276.5
0,61,0,2,0.000468,2,Zealot Gateway Assimilator Stargate Adept Pylon VoidRay Pylon Gateway Nexus Gateway VoidRay VoidRay Probe Zealot RoboticsFacility Assimilator Stalker TwilightCouncil Immortal Stalker Nexus RoboticsFacility VoidRay Stalker,22.5,63487.2
0,317,0,10,0.002307,10,Gateway Assimilator Stalker Adept Stargate VoidRay FleetBeacon Zealot Pylon RoboticsFacility Zealot Carrier Gateway Tempest RoboticsBay Nexus VoidRay Pylon Pylon RoboticsFacility Colossus Gateway Stalker Probe RoboticsFacility Zealot,23.25,65074
0,512,0,17,0.007655,17,RoboticsFacility Zealot Zealot Stalker RoboticsFacility RoboticsFacility RoboticsBay Probe Pylon Adept Immortal Gateway Adept Pylon Assimilator Zealot Immortal Colossus Zealot Nexus RoboticsFacility Stalker Gateway Colossus RoboticsFacility RoboticsFacility Nexus Gateway Probe TwilightCouncil Assimilator Probe,27.5,79590
0,2006,0,65,0.028268,65,Stalker Stalker Probe RoboticsFacility Stalker Stargate RoboticsBay Immortal Pylon Colossus Assimilator Adept Pylon RoboticsFacility Stalker Immortal Colossus Assimilator Immortal Probe Stalker Stargate Gateway Stargate Stargate TwilightCouncil FleetBeacon Stargate TemplarArchive Gateway Probe,31.25,84052
6,10180,0,328,0.157718,328,Adept Probe RoboticsFacility Immortal Pylon RoboticsFacility Stargate Pylon RoboticsBay VoidRay Stalker Probe Immortal Zealot Assimilator Immortal Immortal VoidRay Pylon RoboticsFacility VoidRay RoboticsFacility Probe Stalker VoidRay Stalker RoboticsFacility Pylon FleetBeacon Immortal Pylon Adept Assimilator Probe Probe,34.5,86789
11,33109,0,1066,0.503303,1066,Zealot Stargate Nexus VoidRay Stalker Gateway Stalker VoidRay VoidRay Adept Stalker Adept Adept TwilightCouncil Gateway Zealot Adept Stargate DarkShrine Gateway Stalker Gateway Gateway Stargate Zealot Gateway RoboticsFacility Probe Pylon TemplarArchive DarkTemplar Nexus Pylon Zealot Assimilator,27,90316.5
12,48300,0,1552,0.732891,1552,Probe Gateway Stalker RoboticsFacility Adept Zealot Adept Stalker Pylon Pylon Adept Stalker Immortal Adept Nexus TwilightCouncil RoboticsFacility Pylon Stalker Stalker Immortal TemplarArchive Pylon Immortal DarkShrine Gateway Probe Assimilator Adept Immortal Adept Pylon RoboticsFacility Assimilator Gateway RoboticsFacility Zealot RoboticsBay,32.25,92818
40,150413,0,4751,1.958,4751,Probe Gateway Zealot Stalker RoboticsFacility Adept Gateway Stalker Stalker Pylon Immortal RoboticsFacility Stalker Probe Stalker Immortal RoboticsBay Zealot Zealot Pylon Nexus Immortal Stalker Pylon Nexus RoboticsFacility Stalker Colossus Pylon Nexus Colossus Adept Immortal,32.75,99484.2
103,418247,0,13584,6.1163,13584,Probe Gateway Zealot Stalker RoboticsFacility Adept RoboticsFacility Pylon Stalker Pylon Zealot Pylon Adept Immortal Stalker Immortal Probe Pylon RoboticsFacility Stalker Assimilator Stalker Immortal Pylon TwilightCouncil TemplarArchive Zealot Zealot Adept Adept Immortal Pylon Immortal Adept Assimilator Zealot Stargate Gateway RoboticsBay,38.75,99776.2
104,426519,0,13871,6.24741,13871,Probe Gateway Zealot Stalker RoboticsFacility Adept RoboticsFacility Immortal Pylon Pylon Immortal Stalker Zealot Pylon TwilightCouncil RoboticsFacility Immortal Stalker Immortal Gateway Zealot Adept Nexus Immortal RoboticsBay Zealot Probe Immortal TemplarArchive Stalker RoboticsFacility Stalker DarkShrine Assimilator Zealot Zealot Probe Probe,36,100569
131,498278,0,16439,7.25841,16439,Probe Gateway Zealot Stalker RoboticsFacility Adept RoboticsFacility Immortal Immortal Gateway Pylon Adept Stalker Immortal Pylon Stalker RoboticsFacility Stalker Immortal Adept Adept RoboticsBay Zealot RoboticsFacility Zealot Pylon Pylon Stalker Immortal Gateway Assimilator Gateway Immortal TwilightCouncil Assimilator Colossus,35.5,110267
220,786046,0,28269,9.53344,28269,Probe Gateway Zealot Stalker RoboticsFacility Adept RoboticsFacility Immortal Immortal Gateway Pylon Adept Stalker Immortal Zealot Probe Immortal Pylon Pylon Adept Immortal RoboticsBay Stalker Assimilator RoboticsFacility Zealot Gateway Immortal Stalker Probe Nexus Pylon Zealot Immortal Stargate Probe,36.25,110791
220,789844,0,28446,9.56115,28446,Probe Gateway Zealot Stalker RoboticsFacility Adept RoboticsFacility Immortal Immortal Gateway Pylon Adept Stalker Immortal Stargate Pylon Immortal Zealot Pylon Immortal Stalker Stargate Immortal Zealot Immortal Adept Gateway FleetBeacon Stargate Assimilator Assimilator Gateway RoboticsBay Pylon Gateway,38.25,112084
250,902139,0,34002,10.4291,34002,Probe Gateway Zealot Stalker RoboticsFacility Adept RoboticsFacility Immortal Immortal Gateway Pylon Adept Stalker Immortal Stargate Pylon Immortal Adept VoidRay Adept Assimilator Pylon Stalker Stalker Immortal RoboticsFacility Gateway VoidRay Assimilator Stargate Nexus Pylon,39.75,113096
265,924264,0,35235,10.6006,35235,Probe Gateway Zealot Stalker RoboticsFacility Adept RoboticsFacility Immortal Immortal Gateway Pylon Adept Stalker Immortal Stargate Pylon Immortal Adept Zealot Immortal Stargate Adept Stalker Pylon Stalker Pylon VoidRay Assimilator Adept Stalker Pylon Stargate Probe FleetBeacon RoboticsFacility Probe RoboticsFacility Probe,39.75,113809
280,956502,0,37050,10.848,37050,Probe Gateway Zealot Stalker RoboticsFacility Adept RoboticsFacility Immortal Immortal Gateway Pylon Adept Stalker Immortal Stargate Pylon Immortal Adept Pylon VoidRay Assimilator Immortal Adept Stalker VoidRay Stalker RoboticsFacility Pylon Probe Assimilator Gateway Adept Pylon Stalker Probe Stargate Probe,41,114660
280,958332,0,37155,10.8617,37155,Probe Gateway Zealot Stalker RoboticsFacility Adept RoboticsFacility Immortal Immortal Gateway Pylon Adept Stalker Immortal Stargate Pylon Immortal Adept Stalker Immortal Pylon TwilightCouncil Stalker Immortal Stalker Immortal Gateway Gateway Assimilator DarkShrine RoboticsFacility RoboticsBay Pylon Stalker Gateway,39.75,114798
280,959423,0,37220,10.8698,37220,Probe Gateway Zealot Stalker RoboticsFacility Adept RoboticsFacility Immortal Immortal Gateway Pylon Adept Stalker Immortal Stargate Pylon Immortal Adept Immortal Adept Adept Stalker Pylon Pylon VoidRay Immortal VoidRay Gateway RoboticsBay RoboticsFacility Probe Stalker Pylon Probe Gateway Adept Pylon Probe,43,116086
295,1005494,0,40022,11.221,40022,Probe Gateway Zealot Stalker RoboticsFacility Adept RoboticsFacility Immortal Immortal Gateway Pylon Adept Stalker Immortal Stargate Pylon Immortal Adept Immortal Adept Immortal Pylon Immortal Zealot Pylon Stalker Immortal RoboticsFacility Adept Pylon FleetBeacon Adept Pylon RoboticsBay Zealot,43.5,117904
334,1069528,0,44508,11.7019,44508,Probe Gateway Zealot Stalker RoboticsFacility Adept RoboticsFacility Immortal Immortal Gateway Pylon Adept Stalker Immortal Stargate Pylon Immortal Adept Immortal Adept Immortal Pylon Stalker Zealot Adept Pylon Stalker Assimilator VoidRay Stalker Stargate Stalker Gateway Pylon Immortal Probe,45.25,117940
334,1073356,0,44792,11.7318,44792,Probe Gateway Zealot Stalker RoboticsFacility Adept RoboticsFacility Immortal Immortal Gateway Pylon Adept Stalker Immortal Stargate Pylon Immortal Adept Immortal Adept Immortal Pylon Stalker Pylon Adept Immortal Stalker Assimilator Stalker VoidRay Gateway Assimilator Pylon Adept Probe Gateway,46.25,118192
349,1097333,0,46606,11.9123,46606,Probe Gateway Zealot Stalker RoboticsFacility Adept RoboticsFacility Immortal Immortal Gateway Pylon Adept Stalker Immortal Stargate Pylon Immortal Adept Immortal Adept Immortal Pylon Stalker Immortal Pylon Stalker VoidRay Immortal RoboticsFacility RoboticsBay Nexus Gateway,47,118619
349,1115666,0,48051,12.0518,48051,Probe Gateway Zealot Stalker RoboticsFacility Adept RoboticsFacility Immortal Immortal Gateway Pylon Adept Stalker Immortal Stargate Pylon Immortal Adept Immortal Adept Immortal Pylon Stalker Immortal Stalker Pylon VoidRay Stalker Assimilator RoboticsBay TwilightCouncil Stargate Gateway Stalker Assimilator,45,118782
362,1127484,0,49106,12.1442,49106,Probe Gateway Zealot Stalker RoboticsFacility Adept RoboticsFacility Immortal Immortal Gateway Pylon Adept Stalker Immortal Stargate Pylon Immortal Adept Immortal Adept Immortal Pylon Stalker Immortal Adept Pylon Zealot Immortal Stalker Assimilator Stargate Stargate Assimilator FleetBeacon,45.25,118808
371,1148734,0,51120,12.3062,51120,Probe Gateway Zealot Stalker RoboticsFacility Adept RoboticsFacility Immortal Immortal Gateway Pylon Adept Stalker Immortal Stargate Pylon Immortal Adept Immortal Adept Immortal Pylon Stalker Immortal Adept Pylon Immortal Adept Adept Pylon Stalker VoidRay RoboticsBay Adept Pylon Pylon,45,118910
379,1159697,0,52209,12.3884,52209,Probe Gateway Zealot Stalker RoboticsFacility Adept RoboticsFacility Immortal Immortal Gateway Pylon Adept Stalker Immortal Stargate Pylon Immortal Adept Immortal Adept Immortal Pylon Stalker Immortal Adept Pylon Immortal Stalker Zealot RoboticsBay Gateway Nexus Gateway,45.25,119078
385,1159864,0,52226,12.3898,52226,Probe Gateway Zealot Stalker RoboticsFacility Adept RoboticsFacility Immortal Immortal Gateway Pylon Adept Stalker Immortal Stargate Pylon Immortal Adept Immortal Adept Immortal Pylon Stalker Immortal Adept Pylon Stalker Immortal Stalker RoboticsFacility Nexus TwilightCouncil RoboticsFacility,46,119106
386,1164092,0,52644,12.4215,52644,Probe Gateway Zealot Stalker RoboticsFacility Adept RoboticsFacility Immortal Immortal Gateway Pylon Adept Stalker Immortal Stargate Pylon Immortal Adept Immortal Adept Immortal Pylon Stalker Immortal Adept Pylon Immortal Stalker Stalker TwilightCouncil Nexus Assimilator RoboticsBay Pylon,46,119320
386,1166086,0,52843,12.4499,52843,Probe Gateway Zealot Stalker RoboticsFacility Adept RoboticsFacility Immortal Immortal Gateway Pylon Adept Stalker Immortal Stargate Pylon Immortal Adept Immortal Adept Immortal Pylon Stalker Immortal Adept Pylon Immortal Stalker Stalker Pylon Pylon Adept Pylon Pylon RoboticsBay Zealot Assimilator Probe,46,119320
401,1188352,0,55250,12.8272,55250,Probe Gateway Zealot Stalker RoboticsFacility Adept RoboticsFacility Immortal Immortal Gateway Pylon Adept Stalker Immortal Stargate Pylon Immortal Adept Immortal Adept Immortal Pylon Stalker Immortal Adept Pylon Immortal Stalker Stalker Pylon Immortal Stalker Assimilator RoboticsBay Stalker,46,119320
401,1195127,0,56051,12.9529,56051,Probe Gateway Zealot Stalker RoboticsFacility Adept RoboticsFacility Immortal Immortal Gateway Pylon Adept Stalker Immortal Stargate Pylon Immortal Adept Immortal Adept Immortal Pylon Stalker Immortal Adept Pylon Immortal Stalker Stalker Gateway Assimilator Pylon Probe Adept Assimilator Gateway Stalker,46,119320
414,1199507,0,56620,13.0249,56620,Probe Gateway Zealot Stalker RoboticsFacility Adept RoboticsFacility Immortal Immortal Gateway Pylon Adept Stalker Immortal Stargate Pylon Immortal Adept Immortal Adept Immortal Pylon Stalker Immortal Adept Pylon Immortal Stalker Stalker Pylon Pylon Adept Probe Immortal RoboticsBay Probe Probe,46,119320
414,1205678,0,57417,13.1221,57417,Probe Gateway Zealot Stalker RoboticsFacility Adept RoboticsFacility Immortal Immortal Gateway Pylon Adept Stalker Immortal Stargate Pylon Immortal Adept Immortal Adept Immortal Pylon Stalker Immortal Adept Pylon Immortal Stalker Stalker Pylon Assimilator Adept Probe Probe RoboticsBay Stargate Assimilator Adept,46,119320
423,1211449,0,58198,13.2124,58198,Probe Gateway Zealot Stalker RoboticsFacility Adept RoboticsFacility Immortal Immortal Gateway Pylon Adept Stalker Immortal Stargate Pylon Immortal Adept Immortal Adept Immortal Pylon Stalker Immortal Adept Pylon Immortal Stalker Stalker Pylon Probe FleetBeacon Probe Immortal Pylon,46,119320
423,1214610,0,58684,13.2628,58684,Probe Gateway Zealot Stalker RoboticsFacility Adept RoboticsFacility Immortal Immortal Gateway Pylon Adept Stalker Immortal Stargate Pylon Immortal Adept Immortal Adept Immortal Pylon Stalker Immortal Adept Pylon Immortal Stalker Stalker Pylon Pylon Probe Probe Pylon Immortal Pylon Stalker,46,119320
423,1218666,0,59305,13.3256,59305,Probe Gateway Zealot Stalker RoboticsFacility Adept RoboticsFacility Immortal Immortal Gateway Pylon Adept Stalker Immortal Stargate Pylon Immortal Adept Immortal Adept Immortal Pylon Stalker Immortal Adept Pylon Immortal Stalker Stalker Pylon RoboticsBay Probe Probe Probe Adept Pylon Zealot TwilightCouncil Probe,46,119320
423,1220726,0,59620,13.3589,59620,Probe Gateway Zealot Stalker RoboticsFacility Adept RoboticsFacility Immortal Immortal Gateway Pylon Adept Stalker Immortal Stargate Pylon Immortal Adept Immortal Adept Immortal Pylon Stalker Immortal Adept Pylon Immortal Stalker Stalker Pylon Probe Immortal Probe Probe RoboticsFacility RoboticsFacility Assimilator,46,119320
438,1227716,0,60693,13.4749,60693,Probe Gateway Zealot Stalker RoboticsFacility Adept RoboticsFacility Immortal Immortal Gateway Pylon Adept Stalker Immortal Stargate Pylon Immortal Adept Immortal Adept Immortal Pylon Stalker Immortal Adept Pylon Immortal Stalker Stalker Pylon Probe Probe Probe VoidRay Nexus,46,119320
438,1237518,0,62213,13.6398,62213,Probe Gateway Zealot Stalker RoboticsFacility Adept RoboticsFacility Immortal Immortal Gateway Pylon Adept Stalker Immortal Stargate Pylon Immortal Adept Immortal Adept Immortal Pylon Stalker Immortal Adept Pylon Immortal Stalker Stalker Pylon Probe Probe Probe Probe VoidRay Gateway Stargate,46,119320
468,1261506,0,66115,14.0277,66115,Probe Gateway Zealot Stalker RoboticsFacility Adept RoboticsFacility Immortal Immortal Gateway Pylon Adept Stalker Immortal Stargate Pylon Immortal Adept Immortal Adept Immortal Pylon Stalker Immortal Adept Pylon Immortal Stalker Stalker Pylon Probe Probe Probe Probe VoidRay FleetBeacon,46,119320
506,1283254,1,70142,14.3653,70142,Probe Gateway Zealot Stalker RoboticsFacility Adept RoboticsFacility Immortal Immortal Gateway Pylon Adept Stalker Immortal Stargate Pylon Immortal Adept Immortal Adept Immortal Pylon Stalker Immortal Adept Pylon Immortal Stalker Stalker Pylon Probe Probe Probe Probe VoidRay FleetBeacon,46,119320
