0,0,0,0,0,0, ,0,0
0,26,0,1,0.000215,1,Gateway Stargate Adept Stalker Assimilator Zealot Zealot Assimilator Stalker Nexus TwilightCouncil TemplarArchive Adept Stargate Stalker Adept Nexus RoboticsFacility DarkShrine Probe RoboticsBay Immortal Nexus Stargate Probe,14.75,47986.8
0,55,0,2,0.000441,2,Adept Probe Probe RoboticsFacility Stargate FleetBeacon Assimilator Zealot Tempest Pylon Immortal Carrier VoidRay RoboticsBay Stalker Nexus Pylon RoboticsFacility Nexus TwilightCouncil Assimilator Probe Mothership DarkShrine Tempest Zealot Colossus Probe,22,55607.2
0,243,0,8,0.001766,8,Stalker Probe Pylon Gateway Adept Adept TwilightCouncil Stalker Assimilator DarkShrine Pylon Probe Adept Probe Stalker Adept Zealot DarkTemplar TemplarArchive Stalker Nexus Nexus DarkTemplar DarkTemplar Probe Probe Stargate FleetBeacon Nexus Nexus Gateway Gateway VoidRay Stargate DarkTemplar,20.5,66887.2
0,1503,0,50,0.023792,50,Nexus Zealot Stargate Assimilator Stalker Adept Zealot FleetBeacon TwilightCouncil VoidRay Stargate RoboticsFacility Probe Tempest VoidRay Stalker Gateway Pylon Carrier Immortal RoboticsBay Stalker Gateway Carrier Assimilator Pylon Adept,30.5,67975.8
0,4074,0,131,0.05482,131,RoboticsFacility TwilightCouncil Probe Immortal Zealot Assimilator Stalker Zealot Immortal Immortal Probe RoboticsFacility Nexus RoboticsBay Stalker Assimilator Probe Gateway Colossus Gateway TemplarArchive Stalker RoboticsFacility Adept Adept Gateway RoboticsFacility Zealot DarkShrine RoboticsFacility RoboticsFacility Probe,27,70560
0,4170,0,134,0.055525,134,Probe Adept RoboticsFacility Adept Probe RoboticsBay TwilightCouncil Immortal Immortal DarkShrine TemplarArchive Stalker Assimilator Immortal DarkTemplar RoboticsFacility Pylon Probe Immortal Pylon Zealot Immortal Zealot Adept Zealot Stargate Stargate RoboticsFacility Nexus Stargate Pylon Gateway RoboticsFacility Nexus Pylon,28.75,71435.5
0,5361,0,174,0.077067,174,Pylon Pylon Probe RoboticsFacility Immortal Probe Adept Stargate Assimilator Immortal Nexus Immortal RoboticsBay VoidRay Probe Nexus VoidRay VoidRay RoboticsFacility Zealot Gateway Assimilator Immortal TwilightCouncil Pylon Probe Stargate DarkShrine Nexus,29.25,72141.5
0,6071,0,197,0.082226,197,Adept RoboticsFacility Gateway Zealot RoboticsFacility Immortal Pylon RoboticsBay Stargate Immortal Colossus Assimilator Gateway Immortal Stargate RoboticsFacility Gateway RoboticsFacility Stalker Pylon Probe Colossus Immortal Immortal Pylon Nexus Probe Zealot Zealot,32.75,76810.5
11,17084,0,549,0.237163,549,Stalker RoboticsFacility Zealot Gateway Adept Immortal Immortal Stalker Zealot Stargate TwilightCouncil Stalker Gateway RoboticsFacility Pylon Adept Nexus RoboticsBay Stalker VoidRay Colossus TemplarArchive Pylon VoidRay Pylon Gateway Probe Stargate Nexus Zealot Pylon Assimilator Probe,28,87059.8
11,17499,0,563,0.252985,563,Stalker Probe RoboticsFacility Assimilator RoboticsBay Pylon Probe Immortal Adept RoboticsFacility Adept Colossus Gateway Immortal Colossus Zealot Pylon Stalker TwilightCouncil Zealot Probe Stargate DarkShrine Adept DarkTemplar RoboticsFacility Stargate Stargate RoboticsFacility Stargate Gateway TemplarArchive Pylon Adept Gateway Pylon Probe,26.75,89187.8
13,47155,0,1518,0.651456,1518,Adept Gateway Stalker Assimilator Probe Stargate RoboticsFacility VoidRay Immortal VoidRay RoboticsBay Immortal Adept Gateway Pylon Colossus Gateway Nexus Stalker Stargate Probe Pylon Pylon TwilightCouncil Assimilator RoboticsFacility Adept Pylon Adept FleetBeacon,27.75,89416.8
29,79747,0,2574,1.11201,2574,Adept Pylon Probe Stalker Stargate Pylon Probe Gateway Probe Probe RoboticsFacility Adept Adept VoidRay Assimilator Stalker Stalker Stargate FleetBeacon RoboticsFacility Tempest Zealot Probe Stalker Pylon Tempest Adept Pylon RoboticsFacility Tempest Immortal Immortal Adept Stargate TwilightCouncil Adept Nexus RoboticsBay RoboticsFacility Probe,38.5,90278.5
31,105990,0,3438,1.47272,3438,Adept RoboticsFacility Immortal Stargate Stalker Pylon Gateway Gateway Adept Probe Pylon Immortal Stalker Stalker Pylon VoidRay Pylon TwilightCouncil Assimilator VoidRay RoboticsBay Adept DarkShrine Gateway Assimilator Immortal Probe Immortal Pylon RoboticsFacility VoidRay TemplarArchive Probe,32,93860.5
45,143478,0,4687,1.99995,4687,Adept RoboticsFacility RoboticsFacility Gateway Zealot RoboticsBay Zealot Stalker Immortal Immortal Zealot Pylon Adept Pylon Gateway Stalker Adept Assimilator Adept Colossus Assimilator Stalker Nexus Immortal Pylon Gateway Stalker Probe Zealot Zealot Zealot,31.25,95961
45,152782,0,5000,2.13122,5000,Adept RoboticsFacility Gateway Gateway Pylon Stalker Adept Stalker Immortal Immortal Assimilator Adept Zealot Stalker Pylon Gateway Immortal Probe Immortal TwilightCouncil Stalker TemplarArchive Nexus RoboticsFacility Assimilator Pylon Adept Pylon DarkShrine Nexus,28,96794.2
45,157411,0,5159,2.19039,5159,Adept RoboticsFacility RoboticsFacility Probe Adept Immortal Probe Probe Immortal RoboticsBay Nexus Stalker RoboticsFacility Adept Stalker Immortal Immortal Immortal Immortal RoboticsFacility Probe Pylon Probe Nexus Assimilator RoboticsFacility Stalker Nexus Gateway Stargate Pylon Pylon Adept TwilightCouncil Colossus,31.5,97440.5
60,205795,0,6822,2.89626,6822,Adept RoboticsFacility RoboticsFacility Stalker Immortal Pylon Immortal Stalker Immortal Immortal RoboticsBay Gateway Probe Stalker Colossus RoboticsFacility Pylon Stargate Adept TwilightCouncil VoidRay Adept FleetBeacon Assimilator Pylon Assimilator Nexus Nexus Pylon Pylon Pylon Pylon,33,103961
90,298419,0,10092,4.23852,10092,Adept RoboticsFacility RoboticsFacility Stalker Immortal Stargate Zealot Immortal Pylon Probe Immortal Zealot Immortal Zealot Immortal Gateway FleetBeacon Nexus Pylon Stargate Immortal Gateway Stalker Stalker Zealot Tempest Carrier Gateway Assimilator Adept Pylon,33,104769
90,314523,0,10693,4.47101,10693,Adept RoboticsFacility RoboticsFacility Stalker Immortal Pylon Immortal Zealot Probe Immortal Nexus Stalker Immortal TwilightCouncil Adept Stalker Gateway Probe Stargate Assimilator Stalker VoidRay Adept Zealot Stargate FleetBeacon Stargate Stalker Immortal Assimilator Stargate Gateway Assimilator,33.5,105090
97,351124,0,12068,4.99709,12068,Adept RoboticsFacility RoboticsFacility Stalker Immortal Pylon Probe Gateway Immortal Stalker Immortal Assimilator Adept Immortal Gateway Adept Adept Adept RoboticsBay RoboticsFacility Pylon Adept Immortal Probe Probe RoboticsFacility Stargate Stargate Nexus Nexus Pylon RoboticsFacility,29.75,107417
104,365917,0,12630,5.22315,12630,Adept RoboticsFacility RoboticsFacility Stalker Immortal Pylon Probe Pylon Adept Immortal Adept Immortal Immortal Immortal RoboticsFacility Nexus Immortal Stargate Gateway Pylon TwilightCouncil Stalker FleetBeacon RoboticsFacility Gateway Immortal Immortal Stalker Assimilator Probe Adept Pylon,29.75,109228
104,376942,0,13046,5.38218,13046,Adept RoboticsFacility RoboticsFacility Stalker Immortal Pylon Zealot Immortal Adept Immortal Immortal Stalker Pylon Adept Gateway Immortal Nexus Nexus Immortal TwilightCouncil Immortal Adept Immortal RoboticsFacility Pylon Assimilator RoboticsBay Gateway Probe,39.5,114756
105,381094,0,13202,5.43861,13202,Adept RoboticsFacility RoboticsFacility Stalker Immortal Pylon Zealot Probe Immortal Immortal Adept Immortal Pylon Nexus Zealot Immortal Immortal Stalker RoboticsBay TwilightCouncil Stalker Colossus TemplarArchive Colossus Pylon Probe Pylon Zealot Gateway Nexus Assimilator,37.25,116650
161,554490,0,19871,7.92528,19871,Adept RoboticsFacility RoboticsFacility Stalker Immortal Pylon Zealot Probe Immortal RoboticsFacility Immortal Immortal Immortal Adept Pylon Pylon TwilightCouncil Immortal Adept Immortal Immortal Stalker Adept Pylon Gateway DarkShrine RoboticsFacility RoboticsFacility Zealot RoboticsFacility Stalker Probe Pylon Adept Gateway Probe,40.5,124926
256,821723,0,32409,11.7378,32409,Adept RoboticsFacility RoboticsFacility Stalker Immortal Pylon Zealot Probe Immortal RoboticsFacility Immortal Immortal Immortal Adept Pylon Pylon Adept Immortal Immortal Immortal Zealot RoboticsBay Nexus Zealot Pylon Colossus Colossus Probe Nexus,38.5,125949
256,847252,0,33773,12.1127,33773,Adept RoboticsFacility RoboticsFacility Stalker Immortal Pylon Zealot Probe Immortal RoboticsFacility Immortal Immortal Immortal Adept Pylon Pylon Immortal Stalker Assimilator Stalker Immortal Immortal Adept RoboticsFacility Gateway RoboticsBay Stargate FleetBeacon Gateway Assimilator Pylon,40,126722
269,857003,0,34317,12.25,34317,Adept RoboticsFacility RoboticsFacility Stalker Immortal Pylon Zealot Probe Immortal RoboticsFacility Immortal Immortal Immortal Adept Pylon Pylon Immortal Immortal Immortal Immortal TwilightCouncil Zealot Pylon Zealot Stargate RoboticsFacility TemplarArchive Adept Pylon Gateway Nexus Probe Probe,41,128653
269,868217,0,34963,12.4225,34963,Adept RoboticsFacility RoboticsFacility Stalker Immortal Pylon Zealot Probe Immortal RoboticsFacility Immortal Immortal Immortal Adept Pylon Pylon Immortal Immortal Pylon Stalker Immortal Zealot Gateway Immortal Probe Adept Probe TwilightCouncil Stalker DarkShrine TemplarArchive Nexus Gateway,44.75,129415
282,903370,0,37105,12.9177,37105,Adept RoboticsFacility RoboticsFacility Stalker Immortal Pylon Zealot Probe Immortal RoboticsFacility Immortal Immortal Immortal Adept Pylon Pylon Immortal Immortal Immortal Pylon Adept Immortal Probe Immortal Pylon Immortal Gateway Probe Zealot Probe Probe RoboticsBay Probe Stargate Assimilator Pylon Probe,48.75,131062
295,921962,0,38329,13.1929,38329,Adept RoboticsFacility RoboticsFacility Stalker Immortal Pylon Zealot Probe Immortal RoboticsFacility Immortal Immortal Immortal Adept Pylon Pylon Immortal Immortal Immortal Pylon Adept Immortal Immortal Stalker RoboticsBay Pylon Stalker Colossus Zealot Gateway Pylon Pylon,47.5,132132
321,987044,0,43076,14.1193,43076,Adept RoboticsFacility RoboticsFacility Stalker Immortal Pylon Zealot Probe Immortal RoboticsFacility Immortal Immortal Immortal Adept Pylon Pylon Immortal Immortal Immortal Pylon Adept Immortal Stalker Immortal Pylon Stalker Probe Probe RoboticsFacility TwilightCouncil Stargate Nexus,47.5,132179
347,1039174,0,47582,14.8571,47582,Adept RoboticsFacility RoboticsFacility Stalker Immortal Pylon Zealot Probe Immortal RoboticsFacility Immortal Immortal Immortal Adept Pylon Pylon Immortal Immortal Immortal Pylon Adept Immortal Stalker Immortal Stalker Pylon Probe Adept Stargate Pylon Probe Stargate Pylon Assimilator Gateway,47.5,132179
359,1051632,0,48888,15.0356,48888,Adept RoboticsFacility RoboticsFacility Stalker Immortal Pylon Zealot Probe Immortal RoboticsFacility Immortal Immortal Immortal Adept Pylon Pylon Immortal Immortal Immortal Pylon Adept Immortal Stalker Immortal Stalker Pylon Probe Nexus Probe Probe Stalker TwilightCouncil Assimilator Probe,47.5,132179
367,1070496,0,51131,15.2958,51131,Adept RoboticsFacility RoboticsFacility Stalker Immortal Pylon Zealot Probe Immortal RoboticsFacility Immortal Immortal Immortal Adept Pylon Pylon Immortal Immortal Immortal Pylon Adept Immortal Stalker Immortal Stalker Pylon Probe RoboticsFacility Probe Stalker Probe Probe TwilightCouncil Stargate Gateway,47.5,132179
367,1071423,0,51250,15.3021,51250,Adept RoboticsFacility RoboticsFacility Stalker Immortal Pylon Zealot Probe Immortal RoboticsFacility Immortal Immortal Immortal Adept Pylon Pylon Immortal Immortal Immortal Pylon Adept Immortal Stalker Immortal Stalker RoboticsFacility Pylon Probe Probe Immortal Probe Probe Pylon Assimilator TwilightCouncil,47.5,132179
489,1124115,0,58936,16.049,58936,Adept RoboticsFacility RoboticsFacility Stalker Immortal Pylon Zealot Probe Immortal RoboticsFacility Immortal Immortal Immortal Adept Pylon Pylon Immortal Immortal Immortal Pylon Adept Immortal Stalker Immortal Stalker RoboticsFacility Pylon Probe Probe Gateway Probe Probe RoboticsBay Immortal,47.5,132179
489,1130005,0,59856,16.1289,59856,Adept RoboticsFacility RoboticsFacility Stalker Immortal Pylon Zealot Probe Immortal RoboticsFacility Immortal Immortal Immortal Adept Pylon Pylon Immortal Immortal Immortal Pylon Adept Immortal Stalker Immortal Stalker RoboticsFacility Pylon Probe Probe Pylon Zealot Probe Probe Pylon Immortal,47.5,132179
489,1131148,0,60040,16.1369,60040,Adept RoboticsFacility RoboticsFacility Stalker Immortal Pylon Zealot Probe Immortal RoboticsFacility Immortal Immortal Immortal Adept Pylon Pylon Immortal Immortal Immortal Pylon Adept Immortal Stalker Immortal Stalker RoboticsFacility Pylon Probe Probe Pylon Stalker Assimilator Probe Probe Immortal,47.5,132179
