0,0,0,0,0,0, ,0,0
0,35,0,1,0.000262,1,Zealot Assimilator Adept Pylon Pylon Stalker Adept TwilightCouncil Adept Adept TemplarArchive Zealot Stalker Gateway Assimilator Nexus Probe Pylon Nexus Pylon RoboticsFacility Pylon Gateway DarkShrine Zealot RoboticsFacility Probe DarkTemplar Zealot Stargate Probe Adept Gateway Probe,11.5,39680
0,72,0,2,0.000514,2,Stalker TwilightCouncil Adept Probe Zealot Nexus Adept Pylon Stalker Stargate DarkShrine Assimilator Adept Adept TemplarArchive RoboticsFacility Adept Gateway Stargate RoboticsFacility Probe VoidRay DarkTemplar Zealot Adept Pylon RoboticsBay Adept Pylon VoidRay Gateway Immortal Assimilator RoboticsFacility VoidRay RoboticsFacility,18.25,47216
0,350,0,11,0.002524,11,TwilightCouncil Pylon Probe Zealot DarkShrine Gateway RoboticsFacility Zealot RoboticsFacility Assimilator Probe Zealot Assimilator Immortal RoboticsBay Probe Zealot Nexus Stargate Zealot Stalker Probe Probe DarkTemplar Gateway Immortal TemplarArchive Stargate DarkTemplar Assimilator Stalker Adept Gateway RoboticsFacility Zealot Adept Zealot,22.25,53314.5
0,414,0,13,0.002971,13,Stalker Probe Stalker Assimilator Probe Zealot Stargate Pylon Adept Stargate Probe VoidRay Gateway Pylon Stargate FleetBeacon Carrier VoidRay Adept VoidRay Zealot Adept Nexus Nexus Zealot Zealot Stalker RoboticsFacility Adept Probe VoidRay Stargate Pylon Probe Assimilator,29.25,82416
0,3570,0,113,0.024799,113,Adept RoboticsFacility Assimilator Gateway Stalker Stalker Probe Probe Adept Probe Stalker Pylon Probe Pylon Immortal Gateway Adept Zealot Zealot Adept Stalker Immortal Assimilator RoboticsFacility Probe Nexus Immortal RoboticsBay Stargate Gateway Immortal VoidRay Assimilator Stargate Stalker Gateway,29,85879.5
11,16853,0,541,0.151163,541,Stalker Stalker Gateway Zealot Stargate Assimilator Adept Stalker Adept Pylon VoidRay Stalker Nexus VoidRay FleetBeacon Adept Carrier Stalker Pylon Stargate Stalker Stargate Adept Mothership TwilightCouncil Stargate Adept Adept,30.5,86403.5
11,39754,0,1275,0.377596,1275,Pylon Zealot Gateway RoboticsFacility TwilightCouncil Stalker Adept Adept Immortal Pylon Gateway Assimilator DarkShrine Stalker TemplarArchive Zealot Immortal Stalker DarkTemplar Immortal Gateway Assimilator RoboticsBay Immortal RoboticsFacility Stalker Immortal Gateway Pylon,29,86612.5
23,75338,0,2429,0.721609,2429,Pylon Stalker Probe RoboticsFacility Stalker Immortal TwilightCouncil Stargate Assimilator Gateway Zealot DarkShrine Gateway Immortal VoidRay Immortal VoidRay Pylon Stalker Assimilator Stargate Stargate Stargate VoidRay FleetBeacon Stargate Immortal Probe,29.5,90760.2
23,77481,0,2498,0.756329,2498,Pylon Stalker RoboticsFacility Stalker Immortal Probe Gateway Pylon TwilightCouncil Adept Stalker Immortal DarkShrine Zealot Assimilator Stalker Stargate Zealot Pylon DarkTemplar Assimilator Immortal RoboticsBay Nexus DarkTemplar TemplarArchive Colossus Gateway Probe VoidRay Probe,26.5,91273.5
23,90720,0,2929,0.908313,2929,Pylon RoboticsFacility RoboticsFacility Stalker Probe Immortal Immortal Immortal Immortal Zealot Assimilator Adept RoboticsBay Immortal TwilightCouncil Gateway Stargate VoidRay FleetBeacon Assimilator DarkShrine Stargate Pylon Stargate DarkTemplar RoboticsFacility Carrier,26.75,97413
42,152261,0,4965,1.60608,4965,Pylon RoboticsFacility RoboticsFacility Pylon Probe Immortal Immortal Immortal Stalker Immortal Probe Stalker RoboticsBay Nexus Probe Zealot Colossus Immortal Zealot RoboticsFacility Assimilator Immortal Immortal Stalker Gateway Colossus RoboticsFacility Nexus Probe Assimilator RoboticsFacility,38.5,107866
141,486443,0,16749,6.92604,16749,Pylon RoboticsFacility RoboticsFacility Pylon Probe Immortal Immortal Immortal Stalker Pylon RoboticsBay Immortal Stalker Immortal Pylon Zealot Immortal Adept Immortal Assimilator Assimilator Colossus Pylon Stalker Adept Zealot TwilightCouncil Nexus Gateway Probe,40,114426
155,523475,0,18205,7.48252,18205,Pylon RoboticsFacility RoboticsFacility Pylon Probe Immortal Immortal Immortal Stalker Immortal Adept Immortal RoboticsFacility Immortal Stalker Stalker Probe Immortal Pylon Zealot Immortal Probe Zealot TwilightCouncil Nexus Stargate Gateway Stargate RoboticsBay RoboticsFacility Gateway Gateway Pylon Gateway,38.5,117950
169,598889,0,21343,8.4272,21343,Pylon RoboticsFacility RoboticsFacility Pylon Probe Immortal Immortal Immortal Stalker Immortal Zealot Immortal Stalker Immortal Probe Gateway Immortal Pylon Zealot Pylon Immortal TwilightCouncil Zealot Nexus Probe Immortal Zealot DarkShrine RoboticsFacility TemplarArchive Gateway Immortal Probe Probe,41.25,119357
195,700154,0,25898,9.73673,25898,Pylon RoboticsFacility RoboticsFacility Pylon Probe Immortal Immortal Immortal Stalker Immortal Zealot Immortal Immortal Stalker Probe Probe Assimilator Stalker Pylon Immortal Immortal Assimilator Stalker Stargate FleetBeacon Adept RoboticsBay TwilightCouncil TemplarArchive DarkShrine RoboticsFacility Pylon,39.25,120240
195,702826,0,26025,9.77528,26025,Pylon RoboticsFacility RoboticsFacility Pylon Probe Immortal Immortal Immortal Stalker Immortal Zealot Immortal Immortal Immortal Pylon Stalker Immortal RoboticsBay Stalker Nexus Immortal Gateway Assimilator Stargate Stalker Colossus Stalker Immortal,41.75,121302
208,711352,0,26454,9.84462,26454,Pylon RoboticsFacility RoboticsFacility Pylon Probe Immortal Immortal Immortal Stalker Immortal Zealot Immortal Immortal Immortal Immortal Zealot Pylon Stalker Immortal Stalker RoboticsFacility RoboticsBay TwilightCouncil Assimilator Assimilator TemplarArchive RoboticsFacility DarkShrine Pylon Nexus,41,121422
208,730263,0,27416,10.047,27416,Pylon RoboticsFacility RoboticsFacility Pylon Probe Immortal Immortal Immortal Stalker Immortal Zealot Immortal Immortal Zealot Pylon Immortal Stalker Immortal Pylon TwilightCouncil Immortal Gateway Gateway TemplarArchive Assimilator Gateway Zealot Adept DarkShrine Gateway Assimilator Zealot RoboticsBay,41.5,122690
234,793118,0,30681,11.01,30681,Pylon RoboticsFacility RoboticsFacility Pylon Probe Immortal Immortal Immortal Stalker Immortal Zealot Immortal Immortal Zealot Pylon RoboticsFacility Immortal Pylon Immortal Immortal Immortal RoboticsBay Adept TwilightCouncil RoboticsFacility Pylon Adept Gateway DarkShrine Zealot Assimilator Probe Probe Pylon Assimilator,43.75,123120
234,810612,0,31614,11.2803,31614,Pylon RoboticsFacility RoboticsFacility Pylon Probe Immortal Immortal Immortal Stalker Immortal Zealot Immortal Immortal Zealot Pylon Stalker Immortal Immortal Immortal Zealot Pylon TwilightCouncil Probe Immortal TemplarArchive Nexus Stalker Probe DarkShrine Assimilator Assimilator Gateway Pylon,45.75,125121
247,855448,0,34076,11.8384,34076,Pylon RoboticsFacility RoboticsFacility Pylon Probe Immortal Immortal Immortal Stalker Immortal Zealot Immortal Immortal Zealot Pylon Stalker Immortal Immortal Pylon Zealot Immortal Adept TwilightCouncil Immortal Assimilator Nexus Pylon Nexus Probe,45.25,126108
247,855481,0,34078,11.8387,34078,Pylon RoboticsFacility RoboticsFacility Pylon Probe Immortal Immortal Immortal Stalker Immortal Zealot Immortal Immortal Zealot Pylon Stalker Immortal Immortal Probe Gateway Pylon Stalker Immortal RoboticsBay Immortal Adept Pylon Assimilator Stargate Probe Stalker RoboticsFacility RoboticsFacility Adept Assimilator,47.75,126172
273,891956,0,36307,12.3826,36307,Pylon RoboticsFacility RoboticsFacility Pylon Probe Immortal Immortal Immortal Stalker Immortal Zealot Immortal Immortal Zealot Pylon Stalker Immortal Immortal Pylon Immortal Adept Pylon Immortal Stargate RoboticsFacility Pylon Zealot Adept FleetBeacon Pylon Gateway TwilightCouncil,45.25,126186
273,898591,0,36749,12.4769,36749,Pylon RoboticsFacility RoboticsFacility Pylon Probe Immortal Immortal Immortal Stalker Immortal Zealot Immortal Immortal Zealot Pylon Stalker Immortal Immortal Adept Immortal Pylon Stargate Immortal Adept TwilightCouncil DarkShrine RoboticsFacility Nexus Stalker Gateway,45.5,126645
273,906405,0,37270,12.6058,37270,Pylon RoboticsFacility RoboticsFacility Pylon Probe Immortal Immortal Immortal Stalker Immortal Zealot Immortal Immortal Zealot Pylon Stalker Immortal Immortal Pylon Immortal Immortal Stalker Stargate Probe Stargate Adept Probe RoboticsFacility Gateway Pylon Assimilator Nexus Assimilator,46,127152
273,918064,0,38050,12.828,38050,Pylon RoboticsFacility RoboticsFacility Pylon Probe Immortal Immortal Immortal Stalker Immortal Zealot Immortal Immortal Zealot Pylon Stalker Immortal Immortal Pylon Immortal Immortal Stalker Assimilator Immortal TwilightCouncil Gateway RoboticsBay DarkShrine Assimilator Pylon Pylon,48.5,127646
286,925646,0,38572,12.9402,38572,Pylon RoboticsFacility RoboticsFacility Pylon Probe Immortal Immortal Immortal Stalker Immortal Zealot Immortal Immortal Zealot Pylon Stalker Immortal Immortal Pylon Stalker Immortal Immortal RoboticsBay Probe Pylon Gateway Adept Stargate Pylon Zealot Nexus Zealot Probe,46,127655
286,942262,0,39716,13.1738,39716,Pylon RoboticsFacility RoboticsFacility Pylon Probe Immortal Immortal Immortal Stalker Immortal Zealot Immortal Immortal Zealot Pylon Stalker Immortal Immortal Pylon Stalker Immortal Immortal Stalker RoboticsBay Probe Stargate Probe TwilightCouncil RoboticsFacility Pylon Pylon Nexus,46.5,128618
299,974654,0,42035,13.6161,42035,Pylon RoboticsFacility RoboticsFacility Pylon Probe Immortal Immortal Immortal Stalker Immortal Zealot Immortal Immortal Zealot Pylon Stalker Immortal Immortal Pylon Stalker Immortal Immortal Stalker Stargate RoboticsFacility Zealot RoboticsFacility TwilightCouncil Pylon Assimilator Gateway Gateway Pylon,47.5,128872
312,980863,0,42538,13.7121,42538,Pylon RoboticsFacility RoboticsFacility Pylon Probe Immortal Immortal Immortal Stalker Immortal Zealot Immortal Immortal Zealot Pylon Stalker Immortal Immortal Pylon Stalker Immortal Immortal Stalker Pylon TwilightCouncil Immortal RoboticsBay DarkShrine Gateway Zealot Probe Pylon Probe,50.25,128963
325,1001750,0,44271,14.0009,44271,Pylon RoboticsFacility RoboticsFacility Pylon Probe Immortal Immortal Immortal Stalker Immortal Zealot Immortal Immortal Zealot Pylon Stalker Immortal Immortal Pylon Stalker Immortal Immortal Pylon Adept Immortal Adept Adept RoboticsBay Assimilator Gateway Assimilator RoboticsFacility Probe Probe,51,129317
325,1002507,0,44343,14.006,44343,Pylon RoboticsFacility RoboticsFacility Pylon Probe Immortal Immortal Immortal Stalker Immortal Zealot Immortal Immortal Zealot Pylon Stalker Immortal Immortal Pylon Stalker Immortal Immortal Pylon Zealot Immortal Probe Stalker Pylon RoboticsBay Assimilator Nexus Probe,51.25,129373
325,1002692,0,44361,14.0203,44361,Pylon RoboticsFacility RoboticsFacility Pylon Probe Immortal Immortal Immortal Stalker Immortal Zealot Immortal Immortal Zealot Pylon Stalker Immortal Immortal Pylon Stalker Immortal Immortal Assimilator Stalker Pylon Immortal Zealot Stargate Assimilator Immortal,51.25,129382
325,1005088,0,44595,14.0493,44595,Pylon RoboticsFacility RoboticsFacility Pylon Probe Immortal Immortal Immortal Stalker Immortal Zealot Immortal Immortal Zealot Pylon Stalker Immortal Immortal Pylon Stalker Immortal Immortal Pylon Stalker Immortal Stalker Nexus Assimilator Gateway Assimilator Probe,52,129763
338,1022534,0,46264,14.2864,46264,Pylon RoboticsFacility RoboticsFacility Pylon Probe Immortal Immortal Immortal Stalker Immortal Zealot Immortal Immortal Zealot Pylon Stalker Immortal Immortal Pylon Stalker Immortal Immortal Pylon Stalker Immortal Stalker RoboticsBay Immortal TwilightCouncil Pylon Pylon,52,129763
338,1023940,0,46403,14.3093,46403,Pylon RoboticsFacility RoboticsFacility Pylon Probe Immortal Immortal Immortal Stalker Immortal Zealot Immortal Immortal Zealot Pylon Stalker Immortal Immortal Pylon Stalker Immortal Immortal Pylon Stalker Immortal Pylon Stalker Gateway Probe Assimilator RoboticsFacility Immortal,52,129763
364,1062281,0,50435,14.8346,50435,Pylon RoboticsFacility RoboticsFacility Pylon Probe Immortal Immortal Immortal Stalker Immortal Zealot Immortal Immortal Zealot Pylon Stalker Immortal Immortal Pylon Stalker Immortal Immortal Pylon Stalker Immortal Stalker Pylon Probe Probe Gateway TwilightCouncil Zealot Stargate Probe,52,129763
364,1064778,0,50760,14.8772,50760,Pylon RoboticsFacility RoboticsFacility Pylon Probe Immortal Immortal Immortal Stalker Immortal Zealot Immortal Immortal Zealot Pylon Stalker Immortal Immortal Pylon Stalker Immortal Immortal Pylon Stalker Immortal Stalker Probe Pylon Assimilator Probe RoboticsFacility Pylon Stalker RoboticsFacility,52,129763
364,1066063,0,50928,14.8858,50928,Pylon RoboticsFacility RoboticsFacility Pylon Probe Immortal Immortal Immortal Stalker Immortal Zealot Immortal Immortal Zealot Pylon Stalker Immortal Immortal Pylon Stalker Immortal Immortal Pylon Stalker Immortal Stalker Probe RoboticsBay Probe Stalker TwilightCouncil Gateway Pylon,52,129763
364,1067361,0,51097,14.9075,51097,Pylon RoboticsFacility RoboticsFacility Pylon Probe Immortal Immortal Immortal Stalker Immortal Zealot Immortal Immortal Zealot Pylon Stalker Immortal Immortal Pylon Stalker Immortal Immortal Pylon Stalker Immortal Stalker Probe Pylon RoboticsFacility Gateway Probe Probe Stargate Assimilator,52,129763
364,1067539,0,51119,14.9087,51119,Pylon RoboticsFacility RoboticsFacility Pylon Probe Immortal Immortal Immortal Stalker Immortal Zealot Immortal Immortal Zealot Pylon Stalker Immortal Immortal Pylon Stalker Immortal Immortal Pylon Stalker Immortal Probe Probe Stalker RoboticsFacility RoboticsBay Pylon Probe Immortal,52,129763
377,1083267,0,53152,15.1186,53152,Pylon RoboticsFacility RoboticsFacility Pylon Probe Immortal Immortal Immortal Stalker Immortal Zealot Immortal Immortal Zealot Pylon Stalker Immortal Immortal Pylon Stalker Immortal Immortal Pylon Stalker Immortal Probe Stalker RoboticsBay Probe Probe Stargate Probe Assimilator Gateway Assimilator,52,129763
377,1090159,0,54046,15.2165,54046,Pylon RoboticsFacility RoboticsFacility Pylon Probe Immortal Immortal Immortal Stalker Immortal Zealot Immortal Immortal Zealot Pylon Stalker Immortal Immortal Pylon Stalker Immortal Immortal Pylon Stalker Immortal Probe Stalker Probe Probe Probe Pylon Adept Immortal Gateway Probe,52,129763
401,1108204,0,56657,15.4505,56657,Pylon RoboticsFacility RoboticsFacility Pylon Probe Immortal Immortal Immortal Stalker Immortal Zealot Immortal Immortal Zealot Pylon Stalker Immortal Immortal Pylon Stalker Immortal Immortal Pylon Stalker Immortal Probe Stalker Probe Probe Pylon Pylon Probe Probe Pylon Probe Adept RoboticsFacility,52,129763
410,1122268,0,58825,15.6304,58825,Pylon RoboticsFacility RoboticsFacility Pylon Probe Immortal Immortal Immortal Stalker Immortal Zealot Immortal Immortal Zealot Pylon Stalker Immortal Immortal Pylon Stalker Immortal Immortal Pylon Stalker Immortal Probe Stalker Probe Probe Pylon Probe RoboticsFacility Probe Stalker Gateway Probe Probe,52,129763
410,1129755,0,60013,15.7179,60013,Pylon RoboticsFacility RoboticsFacility Pylon Probe Immortal Immortal Immortal Stalker Immortal Zealot Immortal Immortal Zealot Pylon Stalker Immortal Immortal Pylon Stalker Immortal Immortal Pylon Stalker Immortal Probe Stalker Probe Probe Pylon Probe Immortal Probe Probe Probe TwilightCouncil,52,129763
410,1130586,0,60156,15.7374,60156,Pylon RoboticsFacility RoboticsFacility Pylon Probe Immortal Immortal Immortal Stalker Immortal Zealot Immortal Immortal Zealot Pylon Stalker Immortal Immortal Pylon Stalker Immortal Immortal Pylon Stalker Immortal Probe Stalker Probe Probe Pylon Probe Probe Gateway Probe Gateway RoboticsFacility,52,129763
423,1136779,0,61199,15.8179,61199,Pylon RoboticsFacility RoboticsFacility Pylon Probe Immortal Immortal Immortal Stalker Immortal Zealot Immortal Immortal Zealot Pylon Stalker Immortal Immortal Pylon Stalker Immortal Immortal Pylon Stalker Immortal Probe Stalker Probe Probe Pylon Assimilator Probe Probe Pylon Probe Zealot TwilightCouncil,52,129763
436,1148918,0,63434,15.9916,63434,Pylon RoboticsFacility RoboticsFacility Pylon Probe Immortal Immortal Immortal Stalker Immortal Zealot Immortal Immortal Zealot Pylon Stalker Immortal Immortal Pylon Stalker Immortal Immortal Pylon Stalker Immortal Probe Stalker Probe Probe Pylon Assimilator Probe Probe Pylon Probe Gateway Stalker,52,129763
451,1158019,2,65270,16.1056,65270,Pylon RoboticsFacility RoboticsFacility Pylon Probe Immortal Immortal Immortal Stalker Immortal Zealot Immortal Immortal Zealot Pylon Stalker Immortal Immortal Pylon Stalker Immortal Immortal Pylon Stalker Immortal Probe Stalker Probe Probe Pylon Assimilator Probe Probe Probe Zealot Immortal,52,129763
451,1162492,2,66230,16.1755,66230,Pylon RoboticsFacility RoboticsFacility Pylon Probe Immortal Immortal Immortal Stalker Immortal Zealot Immortal Immortal Zealot Pylon Stalker Immortal Immortal Pylon Stalker Immortal Immortal Pylon Stalker Immortal Probe Stalker Probe Probe Pylon Assimilator Probe Probe Probe Immortal Adept,52,129763
