0,0,0,0,0,0, ,0,0
0,35,0,1,0.000283,1,Pylon Gateway Assimilator Pylon TwilightCouncil Stargate Probe Nexus Probe Pylon Stargate Nexus TemplarArchive Pylon Pylon Pylon Gateway Adept VoidRay Stargate Adept FleetBeacon Pylon VoidRay Pylon Stalker Pylon Probe Zealot Stalker VoidRay Stargate Gateway Probe,15,18298.5
0,63,0,2,0.000488,2,Gateway Nexus Pylon Stalker Adept Zealot Assimilator Gateway RoboticsFacility Pylon Zealot Assimilator RoboticsFacility Nexus RoboticsBay Probe Stalker TwilightCouncil DarkShrine Stargate Zealot Probe TemplarArchive Nexus Stargate Stalker Immortal,7.75,30395.5
0,101,0,3,0.000758,3,Adept Zealot Nexus Stalker Pylon Pylon Probe Assimilator Probe Nexus Nexus TwilightCouncil Probe Probe Gateway Adept RoboticsFacility RoboticsBay Assimilator Gateway Pylon Immortal Probe RoboticsFacility Probe Stalker Stalker Stargate DarkShrine Pylon VoidRay Adept Zealot Adept RoboticsFacility Colossus Assimilator,16,36820.8
0,160,0,5,0.001176,5,Stargate Stalker Zealot Zealot Zealot RoboticsFacility Gateway Stalker FleetBeacon RoboticsFacility Assimilator TwilightCouncil Stargate RoboticsBay RoboticsFacility Adept TemplarArchive Assimilator Adept Tempest Zealot DarkShrine Gateway Nexus Probe VoidRay Tempest RoboticsFacility Stargate Probe Probe,14.25,40993.5
0,194,0,6,0.001411,6,RoboticsFacility Stalker Immortal Gateway Probe Immortal Immortal Pylon Immortal Pylon Gateway Assimilator Probe Stargate Stalker Stargate RoboticsBay Adept Pylon Immortal Gateway Immortal Pylon Assimilator VoidRay Zealot VoidRay Pylon Stargate Colossus Zealot Pylon Probe,36.25,79276.5
5,9606,0,306,0.107034,306,Stalker Probe TwilightCouncil Stalker Gateway Stalker Stargate Stalker Stargate Adept Assimilator Pylon Stalker Adept RoboticsFacility Pylon Probe Immortal RoboticsFacility DarkShrine Zealot VoidRay Stalker Immortal Stargate Stargate VoidRay Gateway TemplarArchive Stargate Stargate Nexus Assimilator Probe Adept,29.5,80570.5
11,31516,0,1007,0.341218,1007,Adept Stargate VoidRay Assimilator RoboticsFacility Adept Pylon Stalker Stalker VoidRay Immortal VoidRay Stalker Probe Stargate FleetBeacon Immortal RoboticsFacility Assimilator Gateway Stargate TwilightCouncil RoboticsFacility Pylon Immortal RoboticsBay TemplarArchive Probe,27.25,91572.8
13,40477,0,1290,0.474853,1290,Adept RoboticsFacility Probe Stalker Immortal Nexus RoboticsBay Zealot Immortal Immortal TwilightCouncil Assimilator Zealot RoboticsFacility Probe Probe Colossus Colossus Probe Stalker Pylon Stalker Zealot Stalker Pylon Nexus Colossus Gateway RoboticsFacility Stalker Gateway Stargate Pylon Probe Probe,32.5,93209.2
21,53847,0,1721,0.566985,1721,Zealot RoboticsFacility Stalker Gateway Probe Immortal Immortal Adept Probe Gateway Nexus Pylon Stalker Stargate Immortal VoidRay RoboticsBay Immortal Stalker FleetBeacon Gateway TwilightCouncil VoidRay Adept Gateway Zealot Pylon Tempest DarkShrine Zealot Nexus Pylon Pylon,32.75,94584
47,136254,0,4432,1.76395,4432,Zealot RoboticsFacility Gateway RoboticsBay Pylon Adept Immortal Zealot Adept Stargate Adept Stalker Probe Stalker Gateway Immortal Zealot Stalker Pylon Gateway Stalker Gateway Zealot Stalker Adept Pylon Zealot Stalker Gateway Zealot FleetBeacon Adept Stargate Gateway Pylon Nexus Adept Gateway Pylon,30.25,97641.5
62,194225,0,6421,2.67083,6421,Zealot RoboticsFacility Gateway Immortal Stalker Gateway Probe Gateway Stalker Zealot Stargate RoboticsFacility Zealot Adept Pylon VoidRay Immortal RoboticsFacility Stalker Stalker Zealot Pylon Assimilator Stalker Adept Adept FleetBeacon Zealot Pylon RoboticsFacility TwilightCouncil Adept Nexus Adept RoboticsFacility Probe,30.25,98814
68,239919,0,8024,3.39581,8024,Zealot RoboticsFacility Gateway Immortal Gateway Adept Pylon Immortal Probe Adept Stalker Adept Pylon Stalker Assimilator Immortal Zealot Gateway Stargate Immortal Zealot VoidRay TwilightCouncil Stargate TemplarArchive RoboticsBay Adept DarkShrine FleetBeacon RoboticsFacility RoboticsFacility Stargate Assimilator,30.5,100149
77,264343,0,8927,3.7841,8927,Zealot RoboticsFacility Gateway Immortal Stalker Adept Probe Stalker Stalker Probe Pylon Immortal Adept Adept Nexus RoboticsFacility Immortal TwilightCouncil Stalker DarkShrine TemplarArchive Stalker Stalker Gateway Probe Stalker Assimilator Immortal RoboticsFacility Pylon Pylon Nexus Immortal RoboticsFacility Pylon DarkTemplar,32,102674
90,327495,0,11272,4.78424,11272,Zealot RoboticsFacility Gateway Immortal Stalker Adept Stalker Pylon Immortal Adept Zealot Adept Immortal Stargate Pylon Adept VoidRay Adept RoboticsFacility Gateway RoboticsBay VoidRay Nexus Stargate Nexus Assimilator Adept Adept Stargate Adept Stargate Pylon,31,103600
104,386730,0,13511,5.70631,13511,Zealot RoboticsFacility Gateway Immortal Stalker Adept Stalker Immortal Pylon Stalker Zealot Adept Stargate Immortal Pylon VoidRay Assimilator Zealot RoboticsBay Adept Pylon Probe TwilightCouncil Probe VoidRay Nexus Gateway Stalker Assimilator Colossus RoboticsFacility TemplarArchive Stalker,33,107332
130,491802,0,17739,7.32099,17739,Zealot RoboticsFacility Gateway Immortal Stalker Adept Stalker Immortal Stalker Pylon Immortal Stalker Stalker Assimilator RoboticsFacility Adept RoboticsBay Pylon Zealot Immortal Stalker Adept RoboticsFacility RoboticsFacility RoboticsFacility Nexus Assimilator TwilightCouncil RoboticsFacility RoboticsFacility Pylon,31.25,109193
143,516473,0,18785,7.70211,18785,Zealot RoboticsFacility Gateway Immortal Stalker Adept Stalker Immortal Stalker Stalker Probe Pylon Pylon Gateway Stalker Immortal Stargate Stalker Pylon Stargate VoidRay TwilightCouncil Immortal Stargate Immortal Stargate Stargate Probe Zealot Probe Pylon Pylon Assimilator Zealot Gateway Pylon Pylon Gateway,35.5,109227
143,523487,0,19082,7.80912,19082,Zealot RoboticsFacility Gateway Immortal Stalker Adept Stalker Immortal Stalker Adept Probe Gateway Pylon Stalker Stalker Stargate Pylon Immortal Immortal VoidRay Nexus Stalker RoboticsFacility Assimilator Assimilator Gateway RoboticsFacility Stalker Zealot VoidRay Pylon Zealot Pylon,35.75,110338
143,541850,0,19868,8.04388,19868,Zealot RoboticsFacility Gateway Immortal Stalker Adept Stalker Immortal Stalker Pylon Immortal Stalker Adept Adept Adept Pylon Stalker Probe TwilightCouncil Adept Assimilator Pylon Assimilator Immortal Adept Immortal Stargate Stalker Stargate Stargate RoboticsBay Pylon Stalker Probe Pylon,37.75,113152
156,576179,0,21366,8.45733,21366,Zealot RoboticsFacility Gateway Immortal Stalker Adept Stalker Immortal Stalker Pylon Adept Probe Probe Pylon Zealot Immortal Stalker Stalker Immortal Probe Zealot Stargate Pylon Adept FleetBeacon Immortal Gateway Probe Nexus Stargate RoboticsBay Assimilator Probe TwilightCouncil Assimilator RoboticsFacility DarkShrine RoboticsFacility Pylon,34.25,114182
169,603804,0,22577,8.79452,22577,Zealot RoboticsFacility Gateway Immortal Stalker Adept Stalker Immortal Stalker Pylon Adept Immortal Pylon Pylon Probe Zealot RoboticsFacility RoboticsFacility Immortal Immortal Adept RoboticsBay Probe Adept Pylon Immortal Stalker Adept Stargate TwilightCouncil Zealot Pylon Stargate VoidRay Gateway Assimilator Gateway Assimilator,38.75,114428
182,647222,0,24541,9.39145,24541,Zealot RoboticsFacility Gateway Immortal Stalker Adept Stalker Immortal Stalker Pylon Adept Immortal Stalker TwilightCouncil Pylon Pylon Gateway Probe Stalker Stalker Zealot Immortal Stargate Probe Stalker Stargate Gateway Stalker Immortal RoboticsBay Pylon FleetBeacon Gateway Immortal Zealot Gateway,37.25,114856
182,653268,0,24825,9.48484,24825,Zealot RoboticsFacility Gateway Immortal Stalker Adept Stalker Immortal Stalker Pylon Adept Immortal Stalker Stalker Pylon Zealot Adept Immortal Stargate Stargate Adept RoboticsFacility Pylon VoidRay Zealot Stalker Nexus TwilightCouncil FleetBeacon DarkShrine Gateway Gateway Probe,37.5,117760
207,726793,0,28389,10.4802,28389,Zealot RoboticsFacility Gateway Immortal Stalker Adept Stalker Immortal Stalker Pylon Adept Immortal Stalker Stalker Adept TwilightCouncil Assimilator Pylon Immortal Stalker Pylon Adept Pylon Adept Immortal Zealot Zealot Pylon TemplarArchive RoboticsBay Pylon Stalker Probe DarkShrine Probe Assimilator Probe,38.5,118916
281,929443,0,40469,13.2613,40469,Zealot RoboticsFacility Gateway Immortal Stalker Adept Stalker Immortal Stalker Pylon Adept Immortal Stalker Stalker Adept TwilightCouncil Assimilator Pylon Immortal Stalker Stalker Pylon Pylon Immortal TemplarArchive Adept Adept Probe Zealot Adept DarkShrine Assimilator RoboticsBay Zealot Zealot Pylon,40.5,118976
281,935898,0,40959,13.3576,40959,Zealot RoboticsFacility Gateway Immortal Stalker Adept Stalker Immortal Stalker Pylon Adept Immortal Stalker Stalker Adept TwilightCouncil Assimilator Pylon Immortal Stalker Stalker Probe Pylon RoboticsBay Immortal Zealot Stalker Pylon Zealot Adept TemplarArchive RoboticsFacility RoboticsFacility DarkShrine Stalker,40.75,119631
291,955261,0,42471,13.6254,42471,Zealot RoboticsFacility Gateway Immortal Stalker Adept Stalker Immortal Stalker Pylon Adept Immortal Stalker Stalker Adept TwilightCouncil Assimilator Pylon Immortal Stalker Stalker Pylon RoboticsBay Stalker Immortal Stalker Assimilator DarkShrine TemplarArchive Gateway Stargate RoboticsFacility,39.25,119758
291,965244,0,43295,13.7581,43295,Zealot RoboticsFacility Gateway Immortal Stalker Adept Stalker Immortal Stalker Pylon Adept Immortal Stalker Stalker Adept TwilightCouncil Assimilator Pylon Immortal Stalker Stalker Pylon Stalker Immortal Adept Assimilator DarkShrine RoboticsFacility RoboticsFacility TemplarArchive RoboticsFacility RoboticsFacility,38.75,120004
291,973046,0,43940,13.8629,43940,Zealot RoboticsFacility Gateway Immortal Stalker Adept Stalker Immortal Stalker Pylon Adept Immortal Stalker Stalker Adept TwilightCouncil Assimilator Pylon Immortal Stalker Stalker Pylon Stalker Immortal Assimilator Probe Stalker RoboticsBay Nexus TemplarArchive RoboticsFacility,39.25,120239
291,974768,0,44084,13.8884,44084,Zealot RoboticsFacility Gateway Immortal Stalker Adept Stalker Immortal Stalker Pylon Adept Immortal Stalker Stalker Adept TwilightCouncil Assimilator Pylon Immortal Stalker Stalker Pylon Immortal Adept Stalker TemplarArchive Pylon RoboticsFacility Stalker Immortal RoboticsBay Zealot Probe,40.5,120270
305,980130,0,44541,13.9655,44541,Zealot RoboticsFacility Gateway Immortal Stalker Adept Stalker Immortal Stalker Pylon Adept Immortal Stalker Stalker Adept TwilightCouncil Assimilator Pylon Immortal Stalker Stalker Pylon Adept Probe Stalker Immortal Pylon Probe Probe Probe Adept Zealot Assimilator Pylon RoboticsFacility Adept Stalker RoboticsBay Pylon,41,120282
305,991488,0,45493,14.127,45493,Zealot RoboticsFacility Gateway Immortal Stalker Adept Stalker Immortal Stalker Pylon Adept Immortal Stalker Stalker Adept TwilightCouncil Assimilator Pylon Immortal Stalker Stalker Pylon Stalker Immortal Stalker Gateway Stargate Probe Assimilator TemplarArchive Nexus Pylon,39.25,120596
305,999422,0,46169,14.2484,46169,Zealot RoboticsFacility Gateway Immortal Stalker Adept Stalker Immortal Stalker Pylon Adept Immortal Stalker Stalker Adept TwilightCouncil Assimilator Pylon Immortal Stalker Stalker Pylon Stalker Immortal Pylon Assimilator Adept Stargate Adept Adept Adept Stalker Gateway Probe,41.25,120685
319,1001209,0,46332,14.2747,46332,Zealot RoboticsFacility Gateway Immortal Stalker Adept Stalker Immortal Stalker Pylon Adept Immortal Stalker Stalker Adept TwilightCouncil Assimilator Pylon Immortal Stalker Stalker Pylon Stalker Immortal Stalker Pylon Adept Gateway Stargate VoidRay Gateway Probe TemplarArchive,40.5,121385
319,1017115,0,47750,14.4814,47750,Zealot RoboticsFacility Gateway Immortal Stalker Adept Stalker Immortal Stalker Pylon Adept Immortal Stalker Stalker Adept TwilightCouncil Assimilator Pylon Immortal Stalker Stalker Pylon Stalker Stalker Immortal Pylon Stalker Stargate RoboticsBay Adept Stargate Assimilator TemplarArchive Zealot,42.25,121671
333,1023722,0,48364,14.5806,48364,Zealot RoboticsFacility Gateway Immortal Stalker Adept Stalker Immortal Stalker Pylon Adept Immortal Stalker Stalker Adept TwilightCouncil Assimilator Pylon Immortal Stalker Stalker Pylon Stalker Stalker Immortal Pylon Stalker Adept Immortal Pylon Probe DarkShrine TemplarArchive Probe Probe,46,122136
357,1060433,0,52296,15.0824,52296,Zealot RoboticsFacility Gateway Immortal Stalker Adept Stalker Immortal Stalker Pylon Adept Immortal Stalker Stalker Adept TwilightCouncil Assimilator Pylon Immortal Stalker Stalker Pylon Stalker Stalker Immortal Pylon Stalker Stalker Pylon Nexus Adept DarkShrine,42.75,122373
357,1061455,0,52418,15.1026,52418,Zealot RoboticsFacility Gateway Immortal Stalker Adept Stalker Immortal Stalker Pylon Adept Immortal Stalker Stalker Adept TwilightCouncil Assimilator Pylon Immortal Stalker Stalker Pylon Stalker Stalker Immortal Pylon Stalker Stalker Assimilator Zealot Stalker RoboticsBay TemplarArchive Pylon,43.75,122396
357,1066335,0,53005,15.163,53005,Zealot RoboticsFacility Gateway Immortal Stalker Adept Stalker Immortal Stalker Pylon Adept Immortal Stalker Stalker Adept TwilightCouncil Assimilator Pylon Immortal Stalker Stalker Pylon Stalker Stalker Immortal Pylon Probe Stalker Stalker Zealot Adept RoboticsFacility Gateway RoboticsFacility RoboticsFacility,43.75,122396
357,1067780,0,53181,15.1862,53181,Zealot RoboticsFacility Gateway Immortal Stalker Adept Stalker Immortal Stalker Pylon Adept Immortal Stalker Stalker Adept TwilightCouncil Assimilator Pylon Immortal Stalker Stalker Pylon Stalker Stalker Immortal Pylon Stalker Stalker Zealot Probe Nexus RoboticsBay Adept,43.75,122396
371,1077642,0,54402,15.3355,54402,Zealot RoboticsFacility Gateway Immortal Stalker Adept Stalker Immortal Stalker Pylon Adept Immortal Stalker Stalker Adept TwilightCouncil Assimilator Pylon Immortal Stalker Stalker Pylon Stalker Stalker Immortal Pylon Stalker Stalker Probe Zealot Probe DarkShrine Pylon Assimilator Stalker Gateway Probe,43.75,122396
371,1090928,0,56184,15.5191,56184,Zealot RoboticsFacility Gateway Immortal Stalker Adept Stalker Immortal Stalker Pylon Adept Immortal Stalker Stalker Adept TwilightCouncil Assimilator Pylon Immortal Stalker Stalker Pylon Stalker Stalker Immortal Pylon Stalker Stalker Probe Pylon Probe Zealot Immortal Adept Zealot Probe,43.75,122396
385,1095385,0,56844,15.5763,56844,Zealot RoboticsFacility Gateway Immortal Stalker Adept Stalker Immortal Stalker Pylon Adept Immortal Stalker Stalker Adept TwilightCouncil Assimilator Pylon Immortal Stalker Stalker Pylon Stalker Stalker Immortal Pylon Stalker Stalker Assimilator Zealot TemplarArchive Probe Pylon Probe Probe Zealot,43.75,122396
461,1139931,15,66162,16.1758,66162,Zealot RoboticsFacility Gateway Immortal Stalker Adept Stalker Immortal Stalker Pylon Adept Immortal Stalker Stalker Adept TwilightCouncil Assimilator Pylon Immortal Stalker Stalker Pylon Stalker Stalker Immortal Pylon Stalker Stalker Assimilator Zealot TemplarArchive Probe Pylon Probe Probe Stalker,43.75,122396
