{
    "Average": {
        "Eval": 123237.5390625,
        "FinishedEval": 123237.5390625,
        "FinishedValue": 47.5394744873047,
        "LeafNodesExpanded": 0,
        "LeafNodesVisited": 72400,
        "NodeVisits": 1184210,
        "NodesExpanded": 542,
        "NumRuns": 19,
        "NumSimulations": 72399,
        "TimeElapsed": 17.0717532631579,
        "TimeElapsedCPU": 8.60957988257895,
        "UsefulEval": 114570.3671875,
        "UsefulValue": 43.4473686218262,
        "Value": 47.5394744873047
    },
    "Best": {
        "BestRunEval": 17,
        "BestRunEvalFinished": 17,
        "BestRunEvalUseful": 17,
        "Eval": 136525.5,
        "EvalBuildOrder": "Probe RoboticsFacility Stalker RoboticsFacility Immortal Immortal Gateway Adept Pylon Immortal Immortal Immortal Stalker Pylon Immortal Stalker Pylon Immortal Immortal Stalker Pylon Stalker Immortal Stalker Stalker Pylon RoboticsBay Stalker Stalker Probe Probe Pylon Zealot Probe Probe Colossus",
        "FinishedBuildOrder": "Probe RoboticsFacility Stalker RoboticsFacility Immortal Immortal Gateway Adept Pylon Immortal Immortal Immortal Stalker Pylon Immortal Stalker Pylon Immortal Immortal Stalker Pylon Stalker Immortal Stalker Stalker Pylon RoboticsBay Stalker Stalker Probe Probe Pylon",
        "FinishedEval": 136525.5,
        "FinishedValue": 50.75,
        "LeafNodesExpanded": 9,
        "LeafNodesVisited": 72001,
        "NodeVisits": 1212670,
        "NodesExpanded": 497,
        "NumSimulations": 72000,
        "TimeElapsed": 12.682785,
        "TimeElapsedCPU": 8.673190427,
        "UsefulBuildOrder": "Probe RoboticsFacility Stalker RoboticsFacility Immortal Immortal Gateway Adept Pylon Immortal Immortal Immortal Stalker Pylon Immortal Stalker Pylon Immortal Immortal Stalker Pylon Stalker Immortal Stalker Stalker Pylon",
        "UsefulEval": 135809.75,
        "UsefulValue": 47.25,
        "Value": 50.75
    }
}
