0,0,0,0,0,0, ,0,0
0,30,0,1,0.000252,1,Gateway Gateway RoboticsFacility Probe Stalker Pylon Stalker Gateway Adept Gateway Nexus RoboticsBay Colossus Nexus Stargate Nexus Colossus Stalker Stalker Colossus Probe Nexus Probe VoidRay TwilightCouncil Stargate RoboticsFacility FleetBeacon Gateway,27.25,49801.8
0,95,0,3,0.000719,3,Adept Gateway RoboticsFacility Pylon Adept Adept Probe Stargate Adept Adept Assimilator Assimilator Stargate RoboticsBay Colossus Stargate Gateway Zealot Pylon VoidRay Stargate Immortal Zealot Zealot RoboticsFacility TwilightCouncil Nexus Stalker Pylon Stalker,22,64712.8
0,183,0,6,0.001355,6,Stalker Probe RoboticsFacility Immortal Nexus Immortal Probe Probe Stalker Assimilator Assimilator RoboticsBay Probe Adept Immortal Gateway Adept Zealot RoboticsFacility Gateway Immortal Gateway Probe Stalker RoboticsFacility Stargate Pylon TwilightCouncil Stalker Adept Assimilator Colossus Zealot TemplarArchive Probe,26.75,81325.2
0,6762,0,220,0.105872,220,Gateway TwilightCouncil RoboticsFacility Stalker Zealot Adept Probe Immortal Stalker Adept Assimilator Nexus DarkShrine Adept Immortal DarkTemplar Adept Stargate DarkTemplar Stalker Stargate RoboticsBay RoboticsFacility Gateway Adept VoidRay Assimilator Pylon Stalker Stalker TemplarArchive Gateway Stalker,32.5,82878.2
4,9849,0,319,0.153597,319,Zealot RoboticsFacility Immortal Adept Pylon Immortal Stalker Stargate FleetBeacon TwilightCouncil Gateway Immortal Gateway Adept Assimilator Stalker Zealot VoidRay Nexus Pylon Zealot Zealot Stalker RoboticsBay Gateway Stalker Adept Assimilator Stargate Stalker Pylon,30,85166.8
11,28184,0,909,0.487241,909,Adept RoboticsFacility Stalker RoboticsBay Immortal Adept Immortal Adept Immortal TwilightCouncil Pylon Probe Pylon Nexus DarkShrine Stalker Colossus Immortal Stalker DarkTemplar DarkTemplar Pylon TemplarArchive Stargate Pylon Nexus Gateway Assimilator Pylon Probe Nexus Probe Assimilator,31.5,88482
12,52799,0,1702,0.941719,1702,RoboticsFacility Pylon Adept Adept Immortal Stalker Immortal RoboticsBay RoboticsFacility Zealot Adept Assimilator Stargate Immortal Colossus Pylon Adept Colossus Adept Nexus RoboticsFacility Assimilator Colossus Adept FleetBeacon TwilightCouncil Probe,30.25,95463.5
39,142105,0,4698,2.61558,4698,RoboticsFacility Pylon Pylon Zealot Gateway Immortal Adept Probe Probe Stalker Zealot Probe Pylon Immortal Adept RoboticsBay Zealot Stargate Adept Immortal Probe Colossus Stalker Adept Pylon Assimilator VoidRay TwilightCouncil DarkShrine Probe Stalker Stalker Assimilator Nexus Immortal Stalker Gateway FleetBeacon Pylon,40.75,105294
50,158737,0,5261,2.94857,5261,RoboticsFacility Pylon Pylon Stargate Probe Probe Immortal Zealot VoidRay Adept Immortal Stalker Nexus Stalker VoidRay Immortal Zealot VoidRay Adept Probe RoboticsFacility Assimilator RoboticsBay VoidRay Pylon Stalker RoboticsFacility Adept Colossus Gateway FleetBeacon Pylon Probe Adept Assimilator Probe Probe,38.25,109921
218,639939,0,22416,10.8931,22416,RoboticsFacility Pylon Pylon Stargate Probe Probe Immortal Zealot VoidRay Adept Immortal VoidRay Adept Immortal Stalker Probe RoboticsBay VoidRay Pylon Zealot Immortal Nexus Zealot Adept FleetBeacon Adept RoboticsFacility VoidRay Probe Probe Adept Gateway Nexus Assimilator Probe Pylon Assimilator Gateway,36.75,110177
218,650437,0,22844,11.0689,22844,RoboticsFacility Pylon Pylon Stargate Probe Probe Immortal Zealot VoidRay Adept Immortal Stalker Pylon VoidRay Probe Adept Pylon Probe Probe Stalker Probe Gateway Immortal VoidRay Nexus Immortal Assimilator Immortal Adept VoidRay Nexus TwilightCouncil Zealot Stargate Immortal Stargate Assimilator Pylon Probe,44,112823
233,699110,0,24842,11.8787,24842,RoboticsFacility Pylon Pylon Stargate Probe Probe Immortal Zealot VoidRay Adept Immortal Stalker Immortal Probe Nexus Zealot Assimilator Probe TwilightCouncil Stalker VoidRay Immortal Adept Probe VoidRay Immortal RoboticsFacility Zealot Nexus Adept Assimilator Stargate Pylon DarkShrine RoboticsBay Assimilator Probe,41,113250
248,741385,0,26628,12.6247,26628,RoboticsFacility Pylon Pylon Stargate Probe Probe Immortal Zealot VoidRay Adept Immortal Stalker Immortal Gateway Probe Pylon VoidRay Zealot Nexus VoidRay Immortal Probe VoidRay Stalker Adept FleetBeacon Assimilator Zealot Pylon Stalker RoboticsFacility RoboticsFacility Stalker Nexus Adept Gateway,41.75,115016
253,777717,0,28223,13.1963,28223,RoboticsFacility Pylon Pylon Stargate Probe Probe Immortal Zealot VoidRay Adept Immortal Stalker Immortal Gateway VoidRay Adept Pylon Stalker Assimilator Nexus Immortal Stalker Immortal VoidRay TwilightCouncil Zealot Gateway Zealot DarkShrine Probe Adept RoboticsBay Immortal Probe,42.75,116529
263,791782,0,28861,13.4063,28861,RoboticsFacility Pylon Pylon Stargate Probe Probe Immortal Zealot VoidRay Adept Immortal Stalker Immortal Gateway Pylon Probe Adept Gateway Immortal Zealot VoidRay Pylon VoidRay Immortal Assimilator Stalker Stalker Zealot VoidRay Gateway RoboticsFacility Assimilator RoboticsBay Pylon FleetBeacon Pylon Pylon,45.5,116999
278,838466,0,30990,14.123,30990,RoboticsFacility Pylon Pylon Stargate Probe Probe Immortal Zealot VoidRay Adept Immortal Stalker Immortal Gateway Pylon VoidRay Stalker Immortal Zealot TwilightCouncil Pylon Adept Immortal Adept Stalker FleetBeacon Carrier Nexus Gateway Adept Gateway Pylon Probe Pylon Gateway,37.75,117030
278,854672,0,31736,14.3638,31736,RoboticsFacility Pylon Pylon Stargate Probe Probe Immortal Zealot VoidRay Adept Immortal Stalker Immortal Gateway Pylon Adept VoidRay Immortal VoidRay Stalker Stalker Immortal Stargate FleetBeacon Assimilator Stargate Nexus Nexus Nexus Pylon Assimilator,39.5,118916
293,877586,0,32817,14.7187,32817,RoboticsFacility Pylon Pylon Stargate Probe Probe Immortal Zealot VoidRay Adept Immortal Stalker Immortal Gateway Pylon Adept VoidRay VoidRay Probe Pylon Adept Gateway Immortal Zealot Zealot Stalker Probe TwilightCouncil Zealot Immortal RoboticsBay DarkShrine Pylon Stargate Nexus Gateway Probe Probe Assimilator Zealot Assimilator,42,119028
305,907836,0,34257,15.1767,34257,RoboticsFacility Pylon Pylon Stargate Probe Probe Immortal Zealot VoidRay Adept Immortal Stalker Immortal Gateway Pylon Adept VoidRay Immortal Assimilator Adept VoidRay Stalker Stalker Zealot Probe TwilightCouncil Pylon Assimilator RoboticsFacility Stargate Pylon Zealot Pylon Pylon DarkShrine Adept Zealot Pylon Probe Probe,39,119172
308,912516,0,34493,15.244,34493,RoboticsFacility Pylon Pylon Stargate Probe Probe Immortal Zealot VoidRay Adept Immortal Stalker Immortal Gateway Pylon Adept VoidRay Immortal Pylon Probe Assimilator Pylon Adept Adept Immortal VoidRay Zealot Immortal Pylon Gateway Zealot RoboticsBay Adept VoidRay Zealot Adept Gateway,45.5,120233
308,928316,0,35292,15.4826,35292,RoboticsFacility Pylon Pylon Stargate Probe Probe Immortal Zealot VoidRay Adept Immortal Stalker Immortal Gateway Pylon Adept VoidRay Immortal Adept Assimilator Stalker Assimilator VoidRay Adept Adept Pylon TwilightCouncil VoidRay Immortal Gateway TemplarArchive RoboticsFacility RoboticsFacility,45.5,121534
316,947507,0,36273,15.775,36273,RoboticsFacility Pylon Pylon Stargate Probe Probe Immortal Zealot VoidRay Adept Immortal Stalker Immortal Gateway Pylon Adept VoidRay Immortal Assimilator Adept Stalker Assimilator VoidRay Stalker Zealot Pylon Stalker FleetBeacon Adept Zealot Adept Pylon Adept Tempest Probe,42,121938
323,963095,0,37116,16.0175,37116,RoboticsFacility Pylon Pylon Stargate Probe Probe Immortal Zealot VoidRay Adept Immortal Stalker Immortal Gateway Pylon Adept VoidRay Immortal Adept Stalker Pylon VoidRay Gateway Immortal Stalker Zealot VoidRay TwilightCouncil Stargate Probe Nexus Assimilator Assimilator RoboticsFacility Pylon Pylon Gateway,45.75,123900
368,1061423,0,42699,17.1919,42699,RoboticsFacility Pylon Pylon Stargate Probe Probe Immortal Zealot VoidRay Adept Immortal Stalker Immortal Gateway Pylon Adept VoidRay Immortal Adept Stalker Pylon VoidRay Zealot Stalker Zealot Immortal Adept Pylon Gateway Gateway FleetBeacon Assimilator Zealot Zealot Probe Adept RoboticsFacility RoboticsBay Zealot,46,124626
368,1084834,0,44094,17.3761,44094,RoboticsFacility Pylon Pylon Stargate Probe Probe Immortal Zealot VoidRay Adept Immortal Stalker Immortal Gateway Pylon Adept VoidRay Immortal Adept Stalker Pylon VoidRay Zealot Stalker Assimilator Probe Stalker Immortal Adept Pylon FleetBeacon Assimilator RoboticsBay TwilightCouncil Zealot Gateway Gateway Probe,44.75,124859
372,1087690,0,44278,17.3995,44278,RoboticsFacility Pylon Pylon Stargate Probe Probe Immortal Zealot VoidRay Adept Immortal Stalker Immortal Gateway Pylon Adept VoidRay Immortal Adept Stalker Pylon VoidRay Zealot Assimilator Stalker Gateway Immortal Stalker Stalker RoboticsFacility RoboticsFacility Probe Nexus RoboticsBay Gateway,45.25,125827
391,1118899,0,46299,17.6434,46299,RoboticsFacility Pylon Pylon Stargate Probe Probe Immortal Zealot VoidRay Adept Immortal Stalker Immortal Gateway Pylon Adept VoidRay Immortal Adept Stalker Pylon VoidRay Zealot Stalker Immortal Zealot Probe Adept Pylon Adept Gateway Assimilator Immortal Stalker Gateway RoboticsBay Stargate Pylon Assimilator,50.75,126302
428,1183352,0,50821,18.1422,50821,RoboticsFacility Pylon Pylon Stargate Probe Probe Immortal Zealot VoidRay Adept Immortal Stalker Immortal Gateway Pylon Adept VoidRay Immortal Adept Stalker Pylon VoidRay Zealot Stalker Immortal Adept Pylon Stalker Stalker Immortal Adept TwilightCouncil Stargate Probe Nexus Pylon Pylon,51.5,126994
428,1193077,0,51590,18.2168,51590,RoboticsFacility Pylon Pylon Stargate Probe Probe Immortal Zealot VoidRay Adept Immortal Stalker Immortal Gateway Pylon Adept VoidRay Immortal Adept Stalker Pylon VoidRay Zealot Stalker Immortal Stalker Stalker Gateway Pylon Zealot Immortal TwilightCouncil Adept Stargate Gateway Assimilator Pylon Assimilator Probe,51.25,127020
441,1203730,0,52452,18.34,52452,RoboticsFacility Pylon Pylon Stargate Probe Probe Immortal Zealot VoidRay Adept Immortal Stalker Immortal Gateway Pylon Adept VoidRay Immortal Adept Stalker Pylon VoidRay Zealot Stalker Immortal Stalker Pylon Zealot VoidRay Probe Stalker Gateway Zealot RoboticsFacility Nexus Gateway Assimilator,51.25,127087
456,1226510,0,54361,18.7652,54361,RoboticsFacility Pylon Pylon Stargate Probe Probe Immortal Zealot VoidRay Adept Immortal Stalker Immortal Gateway Pylon Adept VoidRay Immortal Adept Stalker Pylon VoidRay Zealot Stalker Immortal Stalker Pylon Stalker Gateway Adept Probe Immortal Stalker Pylon Adept FleetBeacon Pylon Zealot Probe,52,127339
471,1257354,0,57091,19.2938,57091,RoboticsFacility Pylon Pylon Stargate Probe Probe Immortal Zealot VoidRay Adept Immortal Stalker Immortal Gateway Pylon Adept VoidRay Immortal Adept Stalker Pylon VoidRay Zealot Stalker Immortal Stalker Pylon Stalker Assimilator Stalker Immortal Assimilator Zealot RoboticsFacility RoboticsBay Probe TwilightCouncil,51.75,127362
471,1265782,0,57863,19.4371,57863,RoboticsFacility Pylon Pylon Stargate Probe Probe Immortal Zealot VoidRay Adept Immortal Stalker Immortal Gateway Pylon Adept VoidRay Immortal Adept Stalker Pylon VoidRay Zealot Stalker Immortal Stalker Pylon Stalker Assimilator Stalker Immortal Stalker Assimilator Pylon Probe Immortal RoboticsFacility,52.5,127442
514,1308028,0,62783,20.1457,62783,RoboticsFacility Pylon Pylon Stargate Probe Probe Immortal Zealot VoidRay Adept Immortal Stalker Immortal Gateway Pylon Adept VoidRay Immortal Adept Stalker Pylon VoidRay Zealot Stalker Immortal Stalker Pylon Stalker Assimilator Stalker Immortal Probe Stalker Assimilator Pylon Immortal Adept Probe,52.5,127442
514,1309916,0,63055,20.1785,63055,RoboticsFacility Pylon Pylon Stargate Probe Probe Immortal Zealot VoidRay Adept Immortal Stalker Immortal Gateway Pylon Adept VoidRay Immortal Adept Stalker Pylon VoidRay Zealot Stalker Immortal Stalker Pylon Stalker Assimilator Stalker Immortal Stalker Probe Assimilator Pylon VoidRay Adept Probe Probe,52.5,127442
524,1317835,0,64248,20.3034,64248,RoboticsFacility Pylon Pylon Stargate Probe Probe Immortal Zealot VoidRay Adept Immortal Stalker Immortal Gateway Pylon Adept VoidRay Immortal Adept Stalker Pylon VoidRay Zealot Stalker Immortal Stalker Pylon Stalker Assimilator Stalker Immortal Stalker Pylon Probe Zealot Stalker Immortal Assimilator,52.5,127442
524,1318418,0,64347,20.3125,64347,RoboticsFacility Pylon Pylon Stargate Probe Probe Immortal Zealot VoidRay Adept Immortal Stalker Immortal Gateway Pylon Adept VoidRay Immortal Adept Stalker Pylon VoidRay Zealot Stalker Immortal Stalker Pylon Stalker Assimilator Stalker Immortal Stalker Probe Pylon Probe Stargate Probe Stalker Assimilator Gateway,52.5,127442
560,1340129,0,68235,20.6578,68235,RoboticsFacility Pylon Pylon Stargate Probe Probe Immortal Zealot VoidRay Adept Immortal Stalker Immortal Gateway Pylon Adept VoidRay Immortal Adept Stalker Pylon VoidRay Zealot Stalker Immortal Stalker Pylon Stalker Assimilator Stalker Immortal Stalker Probe Pylon VoidRay Probe Probe RoboticsBay Assimilator,52.5,127442
562,1342474,0,68688,20.6945,68688,RoboticsFacility Pylon Pylon Stargate Probe Probe Immortal Zealot VoidRay Adept Immortal Stalker Immortal Gateway Pylon Adept VoidRay Immortal Adept Stalker Pylon VoidRay Zealot Stalker Immortal Stalker Pylon Stalker Assimilator Stalker Immortal Stalker Probe Pylon Probe Probe Zealot VoidRay Assimilator,52.5,127442
562,1349325,0,70033,20.8076,70033,RoboticsFacility Pylon Pylon Stargate Probe Probe Immortal Zealot VoidRay Adept Immortal Stalker Immortal Gateway Pylon Adept VoidRay Immortal Adept Stalker Pylon VoidRay Zealot Stalker Immortal Stalker Pylon Stalker Assimilator Stalker Immortal Stalker Probe Pylon Probe Probe VoidRay Stargate Adept,52.5,127442
562,1350275,0,70228,20.8259,70228,RoboticsFacility Pylon Pylon Stargate Probe Probe Immortal Zealot VoidRay Adept Immortal Stalker Immortal Gateway Pylon Adept VoidRay Immortal Adept Stalker Pylon VoidRay Zealot Stalker Immortal Stalker Pylon Stalker Assimilator Stalker Immortal Stalker Probe Pylon Probe Probe Stalker Immortal Assimilator,52.5,127442
577,1355700,0,71335,20.9147,71335,RoboticsFacility Pylon Pylon Stargate Probe Probe Immortal Zealot VoidRay Adept Immortal Stalker Immortal Gateway Pylon Adept VoidRay Immortal Adept Stalker Pylon VoidRay Zealot Stalker Immortal Stalker Pylon Stalker Assimilator Stalker Immortal Stalker Probe Pylon Probe VoidRay Probe Pylon Stalker,52.5,127442
615,1368568,16,74855,21.1146,74855,RoboticsFacility Pylon Pylon Stargate Probe Probe Immortal Zealot VoidRay Adept Immortal Stalker Immortal Gateway Pylon Adept VoidRay Immortal Adept Stalker Pylon VoidRay Zealot Stalker Immortal Stalker Pylon Stalker Assimilator Stalker Immortal Stalker Probe Pylon Probe VoidRay Probe Stalker Pylon,52.5,127442
