0,0,0,0,0,0, ,0,0
0,31,0,1,0.000276,1,Stalker Stargate Assimilator RoboticsFacility Stalker Zealot Gateway Immortal Adept RoboticsBay Stalker Pylon FleetBeacon Adept RoboticsFacility Colossus Stargate Stalker RoboticsFacility Stargate Nexus Pylon Adept Pylon Pylon Adept Stalker TwilightCouncil Gateway Probe,21.75,69916.2
0,83,0,3,0.000656,3,Stargate Assimilator Stalker VoidRay Nexus Stalker Probe Assimilator Zealot VoidRay TwilightCouncil Gateway Zealot RoboticsFacility Zealot Zealot Immortal Gateway Stargate DarkShrine Nexus Zealot DarkTemplar FleetBeacon,20.25,70580.8
0,335,0,11,0.002407,11,Zealot Gateway Stalker Adept TwilightCouncil Gateway Zealot Pylon Stalker Stalker RoboticsFacility Zealot Stalker Probe Assimilator Zealot DarkShrine RoboticsFacility TemplarArchive RoboticsBay RoboticsFacility Zealot Pylon DarkTemplar Zealot Gateway Colossus Immortal RoboticsFacility Stargate FleetBeacon Stalker Stargate Stalker Pylon Assimilator,25.5,72707.2
0,605,0,20,0.004292,20,Pylon Pylon Adept Adept Probe Stargate Zealot Pylon Gateway VoidRay VoidRay Pylon Zealot Probe FleetBeacon RoboticsFacility Gateway Zealot Stalker Nexus Assimilator Zealot Tempest RoboticsBay Carrier Zealot Immortal Gateway Colossus Carrier TwilightCouncil Zealot,31.25,74346
0,2085,0,68,0.031887,68,Stalker Pylon Gateway Gateway Probe Pylon Pylon RoboticsFacility Gateway Immortal Zealot RoboticsFacility RoboticsBay Adept Immortal Zealot Zealot Adept Immortal Pylon Probe Colossus Gateway Zealot Probe Stargate VoidRay VoidRay Probe Nexus Assimilator Immortal Adept Zealot Zealot Probe Gateway TwilightCouncil RoboticsFacility,28.5,78862
0,4952,0,161,0.078143,161,Zealot Pylon Stargate VoidRay RoboticsFacility Immortal Nexus VoidRay Stalker FleetBeacon Nexus Immortal Immortal Carrier Assimilator RoboticsFacility RoboticsFacility RoboticsBay Gateway Stargate Zealot Immortal VoidRay Adept Probe,29,79095.5
0,5966,0,193,0.08542,193,Pylon Gateway Stargate VoidRay Zealot VoidRay VoidRay Probe Pylon Probe Stalker Stargate Stargate Adept Adept Probe Gateway Probe Adept VoidRay VoidRay Stalker Stalker RoboticsFacility Probe TwilightCouncil RoboticsBay Gateway RoboticsFacility Pylon Gateway Nexus Assimilator Nexus Nexus Pylon Gateway,30,79272.8
0,7269,0,235,0.107707,235,RoboticsFacility Stalker RoboticsBay Immortal Gateway Stalker Probe Zealot Immortal Pylon Colossus Gateway Stalker Stargate TwilightCouncil Probe TemplarArchive RoboticsFacility Nexus Assimilator Immortal Stalker Assimilator VoidRay Pylon RoboticsFacility Probe Stalker Gateway Probe RoboticsFacility Probe Adept Pylon RoboticsFacility Zealot Probe,24.25,80438.2
7,9650,0,312,0.13716,312,Stargate Stalker Assimilator Pylon Stargate VoidRay Stalker VoidRay Adept VoidRay FleetBeacon Stalker Stargate Adept RoboticsFacility Stalker Tempest Stargate Adept Pylon Adept Adept Gateway VoidRay Nexus RoboticsBay Pylon,28.25,94543.2
74,242497,0,8643,3.46699,8643,Stargate Stalker Assimilator Pylon VoidRay Pylon Stalker RoboticsFacility VoidRay Zealot Immortal RoboticsBay VoidRay TwilightCouncil DarkShrine Stalker Immortal Immortal DarkTemplar Stalker Stargate Assimilator TemplarArchive Gateway Nexus Gateway,32,96108.2
87,303018,0,11279,4.34413,11279,Stargate Stalker Assimilator Pylon VoidRay Stalker Probe Stalker Stargate VoidRay VoidRay Assimilator RoboticsFacility Zealot Adept VoidRay Immortal FleetBeacon Nexus RoboticsBay Stargate TwilightCouncil Carrier Adept,27.25,97489.8
87,314751,0,11795,4.50583,11795,Stargate Stalker Assimilator Pylon VoidRay Gateway RoboticsFacility Adept Stargate VoidRay VoidRay Immortal VoidRay VoidRay Stalker TwilightCouncil Gateway Pylon Probe RoboticsBay Zealot Probe Stalker Probe DarkShrine Stalker Pylon Zealot Gateway Zealot Gateway Stalker Probe,33,100926
107,355212,0,13672,5.10829,13672,Stargate Stalker Assimilator Pylon VoidRay Gateway Stalker Adept VoidRay Adept Stargate VoidRay Adept Pylon Stalker Stargate Adept Stargate VoidRay VoidRay RoboticsFacility Gateway Stalker Stargate Stalker Gateway Stargate TwilightCouncil Pylon Assimilator Probe,33.75,101050
134,447031,0,18108,6.45039,18108,Stargate Stalker Assimilator Pylon VoidRay Gateway Stalker Adept VoidRay Adept VoidRay Adept Zealot TwilightCouncil Stalker Pylon Stalker VoidRay Probe Adept Assimilator Adept DarkShrine Stargate FleetBeacon Gateway Stargate RoboticsFacility Stalker RoboticsFacility,30.25,101446
146,462300,0,18900,6.67881,18900,Stargate Stalker Assimilator Pylon VoidRay Gateway Stalker Adept VoidRay Stalker Stargate VoidRay VoidRay Stalker Assimilator Stargate Stalker Pylon Gateway Stalker Stalker Zealot Stalker Gateway RoboticsFacility Adept RoboticsFacility Gateway,33.5,104114
154,485588,0,20113,7.01816,20113,Stargate Stalker Assimilator Pylon VoidRay Gateway Stalker Adept VoidRay Stalker Stalker Adept Probe Stalker RoboticsFacility VoidRay Immortal Assimilator Pylon Stalker VoidRay FleetBeacon Pylon Adept Zealot Immortal Stargate Pylon Adept,35,106899
159,487799,0,20230,7.04744,20230,Stargate Stalker Assimilator Pylon VoidRay Gateway Stalker Adept VoidRay Stalker Stalker Gateway Stalker VoidRay Stalker Probe Stalker Pylon VoidRay Assimilator Adept Stalker Pylon Probe Stargate FleetBeacon Stargate Gateway Tempest Stargate,32.5,110646
211,627257,0,28213,9.04183,28213,Stargate Stalker Assimilator Pylon VoidRay Gateway Stalker Adept VoidRay Stalker Stalker Gateway Stalker VoidRay Stalker Stalker Pylon Assimilator Stalker Adept Stargate Stalker Zealot Stalker Gateway Gateway RoboticsFacility TwilightCouncil Pylon Pylon,33,110713
211,656154,0,30128,9.45641,30128,Stargate Stalker Assimilator Pylon VoidRay Gateway Stalker Adept VoidRay Stalker Stalker Gateway Stalker VoidRay Stalker Pylon Adept Zealot Probe Probe Gateway VoidRay Stalker Probe Pylon TwilightCouncil Zealot Adept Adept DarkShrine Zealot TemplarArchive Gateway Assimilator FleetBeacon,36.25,110843
217,657018,0,30189,9.47602,30189,Stargate Stalker Assimilator Pylon VoidRay Gateway Stalker Adept VoidRay Stalker Stalker Gateway Stalker VoidRay Stalker Stalker Stalker Pylon Stalker Gateway Stargate VoidRay Pylon Pylon Adept FleetBeacon RoboticsFacility Carrier Probe,34.25,110967
224,659271,0,30346,9.505,30346,Stargate Stalker Assimilator Pylon VoidRay Gateway Stalker Adept VoidRay Stalker Stalker Gateway Stalker VoidRay Stalker Pylon Stalker VoidRay Zealot Pylon Zealot Zealot Stargate Probe Adept Zealot Zealot Zealot Stargate Pylon RoboticsFacility Nexus,36.75,114247
237,705514,0,33610,10.1596,33610,Stargate Stalker Assimilator Pylon VoidRay Gateway Stalker Adept VoidRay Stalker Stalker Gateway Stalker VoidRay Stalker Pylon Adept VoidRay Adept Adept Assimilator Pylon VoidRay Adept Zealot Gateway Stalker RoboticsFacility Probe Pylon Pylon,39.5,114950
250,739528,0,36147,10.6553,36147,Stargate Stalker Assimilator Pylon VoidRay Gateway Stalker Adept VoidRay Stalker Stalker Gateway Stalker VoidRay Stalker Pylon Adept VoidRay Stalker Stalker Stalker Pylon Stargate Adept Stargate VoidRay Gateway Gateway Pylon Adept Probe Assimilator,39.5,115298
263,755559,0,37484,10.8835,37484,Stargate Stalker Assimilator Pylon VoidRay Gateway Stalker Adept VoidRay Stalker Stalker Gateway Stalker VoidRay Stalker Pylon Adept VoidRay Probe Pylon Adept Stalker Zealot VoidRay Adept Adept Pylon FleetBeacon Zealot Assimilator Stargate Gateway Probe,40.5,116213
315,836433,0,44345,12.0582,44345,Stargate Stalker Assimilator Pylon VoidRay Gateway Stalker Adept VoidRay Stalker Stalker Gateway Stalker VoidRay Stalker Pylon Adept VoidRay Probe Pylon Adept Stalker Adept Stalker VoidRay Adept TwilightCouncil DarkShrine Nexus Assimilator TemplarArchive,40.25,116443
315,837304,0,44429,12.0644,44429,Stargate Stalker Assimilator Pylon VoidRay Gateway Stalker Adept VoidRay Stalker Stalker Gateway Stalker VoidRay Stalker Pylon Adept VoidRay Probe Pylon Adept Stalker Stalker Assimilator Stalker Stalker Pylon Zealot Stalker FleetBeacon Gateway Probe,40,116602
315,838453,0,44538,12.0858,44538,Stargate Stalker Assimilator Pylon VoidRay Gateway Stalker Adept VoidRay Stalker Stalker Gateway Stalker VoidRay Stalker Pylon Adept VoidRay Probe Pylon Adept Stalker Stalker VoidRay Adept Adept Pylon Assimilator Pylon Adept TwilightCouncil Stalker Gateway,41.5,117064
328,856584,0,46262,12.3474,46262,Stargate Stalker Assimilator Pylon VoidRay Gateway Stalker Adept VoidRay Stalker Stalker Gateway Stalker VoidRay Stalker Pylon Adept VoidRay Probe Pylon Adept Stalker Stalker Stalker Adept Stalker Pylon Stalker VoidRay Nexus Assimilator Probe,40.25,117072
328,857564,0,46360,12.3543,46360,Stargate Stalker Assimilator Pylon VoidRay Gateway Stalker Adept VoidRay Stalker Stalker Gateway Stalker VoidRay Stalker Pylon Adept VoidRay Probe Pylon Adept Stalker Stalker VoidRay Adept Stalker Assimilator Pylon FleetBeacon Pylon Adept Pylon,40.75,117155
328,865743,0,47182,12.4775,47182,Stargate Stalker Assimilator Pylon VoidRay Gateway Stalker Adept VoidRay Stalker Stalker Gateway Stalker VoidRay Stalker Pylon Adept VoidRay Probe Pylon Adept Stalker Stalker VoidRay Stalker Adept Assimilator RoboticsFacility TwilightCouncil DarkShrine Gateway Pylon,40.75,117183
328,873931,0,48022,12.5878,48022,Stargate Stalker Assimilator Pylon VoidRay Gateway Stalker Adept VoidRay Stalker Stalker Gateway Stalker VoidRay Stalker Pylon Adept VoidRay Probe Pylon Adept Stalker Stalker VoidRay Stalker Adept Pylon FleetBeacon Nexus Assimilator,40.75,117183
328,874285,0,48064,12.6034,48064,Stargate Stalker Assimilator Pylon VoidRay Gateway Stalker Adept VoidRay Stalker Stalker Gateway Stalker VoidRay Stalker Pylon Adept VoidRay Probe Pylon Adept Stalker Stalker VoidRay Pylon Adept Stalker Adept Adept RoboticsFacility Nexus Probe,43.25,117286
328,874482,0,48088,12.605,48088,Stargate Stalker Assimilator Pylon VoidRay Gateway Stalker Adept VoidRay Stalker Stalker Gateway Stalker VoidRay Stalker Pylon Adept VoidRay Probe Pylon Adept Stalker Stalker VoidRay Stalker Stalker TwilightCouncil Nexus Assimilator Stargate Pylon,41.25,117469
341,876366,0,48311,12.632,48311,Stargate Stalker Assimilator Pylon VoidRay Gateway Stalker Adept VoidRay Stalker Stalker Gateway Stalker VoidRay Stalker Pylon Adept VoidRay Probe Pylon Adept Stalker Stalker VoidRay Stalker Stalker Gateway RoboticsFacility Pylon RoboticsFacility Stalker Stargate Probe,41.25,117469
341,877198,0,48411,12.6377,48411,Stargate Stalker Assimilator Pylon VoidRay Gateway Stalker Adept VoidRay Stalker Stalker Gateway Stalker VoidRay Stalker Pylon Adept VoidRay Probe Pylon Adept Stalker Stalker VoidRay Stalker Zealot Pylon Stalker Adept VoidRay Stargate Stargate,43.5,117527
341,884381,0,49276,12.7383,49276,Stargate Stalker Assimilator Pylon VoidRay Gateway Stalker Adept VoidRay Stalker Stalker Gateway Stalker VoidRay Stalker Pylon Adept VoidRay Probe Pylon Adept Stalker Stalker VoidRay Stalker Stalker Assimilator Pylon Zealot Zealot Zealot TwilightCouncil Gateway,43.25,117597
353,892014,0,50214,12.8434,50214,Stargate Stalker Assimilator Pylon VoidRay Gateway Stalker Adept VoidRay Stalker Stalker Gateway Stalker VoidRay Stalker Pylon Adept VoidRay Probe Pylon Adept Stalker Stalker VoidRay Stalker Stalker Pylon Zealot FleetBeacon VoidRay Stalker,42.25,117647
353,901918,0,51527,12.975,51527,Stargate Stalker Assimilator Pylon VoidRay Gateway Stalker Adept VoidRay Stalker Stalker Gateway Stalker VoidRay Stalker Pylon Adept VoidRay Probe Pylon Adept Stalker Stalker VoidRay Stalker Zealot Pylon Stalker Zealot Zealot Stargate FleetBeacon,44.25,117674
406,924756,0,54993,13.2872,54993,Stargate Stalker Assimilator Pylon VoidRay Gateway Stalker Adept VoidRay Stalker Stalker Gateway Stalker VoidRay Stalker Pylon Adept VoidRay Probe Pylon Adept Stalker Stalker VoidRay Stalker Zealot Pylon Stalker Zealot Zealot Adept Stargate TwilightCouncil Assimilator,44.25,117674
406,931295,0,55982,13.3844,55982,Stargate Stalker Assimilator Pylon VoidRay Gateway Stalker Adept VoidRay Stalker Stalker Gateway Stalker VoidRay Stalker Pylon Adept VoidRay Probe Pylon Adept Stalker Stalker VoidRay Stalker Zealot Pylon Stalker Stalker Zealot Pylon RoboticsFacility TwilightCouncil Probe,45,117686
406,931789,0,56063,13.3883,56063,Stargate Stalker Assimilator Pylon VoidRay Gateway Stalker Adept VoidRay Stalker Stalker Gateway Stalker VoidRay Stalker Pylon Adept VoidRay Probe Pylon Adept Stalker Stalker VoidRay Stalker Zealot Pylon Stalker Stalker Zealot Probe FleetBeacon Assimilator,45,117686
419,944298,0,58228,13.5671,58228,Stargate Stalker Assimilator Pylon VoidRay Gateway Stalker Adept VoidRay Stalker Stalker Gateway Stalker VoidRay Stalker Pylon Adept VoidRay Probe Pylon Adept Stalker Stalker VoidRay Stalker Zealot Pylon Stalker Stalker Zealot Stargate Probe Probe Gateway,45,117686
445,958997,1,61379,13.7549,61379,Stargate Stalker Assimilator Pylon VoidRay Gateway Stalker Adept VoidRay Stalker Stalker Gateway Stalker VoidRay Stalker Pylon Adept VoidRay Probe Pylon Adept Stalker Stalker VoidRay Stalker Zealot Pylon Stalker Stalker Zealot Pylon Probe Probe Probe Stalker Assimilator,45,117686
445,959199,1,61426,13.7562,61426,Stargate Stalker Assimilator Pylon VoidRay Gateway Stalker Adept VoidRay Stalker Stalker Gateway Stalker VoidRay Stalker Pylon Adept VoidRay Probe Pylon Adept Stalker Stalker VoidRay Stalker Zealot Pylon Stalker Stalker Zealot Probe Pylon Probe VoidRay,45,117686
