0,0,0,0,0,0, ,0,0
0,35,0,1,0.00027,1,Zealot Probe Adept Adept Pylon Pylon Nexus Probe Assimilator RoboticsFacility RoboticsFacility Stalker Gateway RoboticsFacility Pylon Gateway Adept Adept Assimilator Gateway RoboticsBay Immortal Probe Adept Gateway Stalker Nexus RoboticsFacility Probe Nexus Gateway Adept Adept Stargate,14.5,48086.5
0,108,0,3,0.00077,3,Pylon Zealot Pylon TwilightCouncil RoboticsFacility RoboticsBay RoboticsFacility Stalker Immortal Probe TemplarArchive Assimilator Nexus Probe Assimilator RoboticsFacility Gateway Colossus RoboticsFacility Adept RoboticsFacility Adept RoboticsFacility Probe Immortal Stalker Adept Probe Immortal Stargate Zealot Probe Stalker Probe,20.75,50525.5
0,138,0,4,0.001,4,Stargate Adept TwilightCouncil Assimilator Gateway Stargate Stargate VoidRay RoboticsFacility TemplarArchive Probe VoidRay Immortal Immortal Pylon DarkShrine Adept Stalker VoidRay Stargate FleetBeacon RoboticsFacility Stargate Assimilator DarkTemplar Stalker RoboticsFacility Gateway Pylon,23.75,62350.2
0,198,0,6,0.001456,6,Stalker Stargate Zealot RoboticsFacility Assimilator Adept Immortal Stalker Stalker Nexus Immortal Pylon Stalker Pylon Pylon Probe Adept Immortal RoboticsBay TwilightCouncil Assimilator Pylon Stargate DarkShrine RoboticsFacility Probe Pylon Stalker VoidRay Probe Adept Probe,23.5,77450.8
0,2131,0,70,0.014923,70,Adept Stargate RoboticsFacility Immortal VoidRay Immortal Gateway Assimilator Nexus Immortal Assimilator Adept Stalker RoboticsFacility RoboticsBay Adept VoidRay TwilightCouncil Probe DarkShrine Immortal Nexus Zealot Probe Adept Pylon,28.5,81476.5
10,13967,0,447,0.09822,447,Pylon Stalker Probe RoboticsFacility Adept Gateway TwilightCouncil Immortal RoboticsBay Stalker Immortal Probe Assimilator Assimilator RoboticsFacility Immortal Immortal Immortal Stalker Pylon Adept Adept Pylon Nexus Colossus Adept Zealot Stargate Probe Gateway,30,90019.8
11,29377,0,943,0.201738,943,RoboticsFacility Immortal RoboticsFacility Gateway Adept Immortal Immortal Probe Immortal Immortal Assimilator Pylon Stalker Nexus Zealot Immortal Probe Adept Stargate Pylon Zealot RoboticsFacility Probe RoboticsFacility Stalker Nexus RoboticsBay Pylon Gateway Assimilator Zealot Probe Probe,30.5,93828.2
21,62737,0,2003,0.434269,2003,RoboticsFacility Pylon RoboticsFacility Adept Zealot Immortal Immortal RoboticsFacility Immortal Immortal Adept Adept Zealot Assimilator Assimilator RoboticsFacility Immortal Nexus RoboticsFacility Nexus RoboticsFacility Zealot Stargate Adept Pylon RoboticsFacility Pylon,25.5,95183
30,100098,0,3249,0.702119,3249,RoboticsFacility Immortal Stargate Gateway Immortal Adept Nexus VoidRay Immortal VoidRay Adept Immortal RoboticsFacility Immortal Adept Stalker RoboticsFacility RoboticsBay FleetBeacon Zealot RoboticsFacility Assimilator Gateway Pylon Pylon Immortal Pylon Pylon Probe Zealot,33.25,95829
76,248492,0,8572,2.0353,8572,RoboticsFacility Immortal Stargate Gateway Stalker RoboticsFacility Stalker Pylon VoidRay Immortal Adept Immortal Assimilator Pylon Immortal Zealot Zealot Nexus Immortal Stargate Stalker Assimilator Zealot FleetBeacon Pylon Gateway Stalker Probe,32.25,99011.2
76,264024,0,9154,2.30387,9154,RoboticsFacility Immortal Stargate Gateway Pylon Adept Stalker VoidRay Stalker Assimilator Pylon Immortal Probe Zealot Adept Immortal Pylon Gateway RoboticsBay Immortal VoidRay VoidRay Zealot Immortal Stalker Gateway Gateway TwilightCouncil Assimilator Gateway Pylon,40.5,103248
151,482105,0,17872,6.06705,17872,RoboticsFacility Immortal Stargate Gateway Pylon Adept Stalker VoidRay Adept Immortal Stalker Nexus Stalker VoidRay Immortal Nexus Adept Stargate Zealot Stargate VoidRay RoboticsBay Stalker FleetBeacon Zealot Zealot Gateway Assimilator Gateway Assimilator,35,103346
165,493974,0,18385,6.26753,18385,RoboticsFacility Immortal Stargate Gateway Pylon Adept Stalker VoidRay Adept Immortal Probe Zealot Zealot Assimilator Immortal Pylon VoidRay Stalker Pylon Stalker FleetBeacon Probe Tempest Stalker Stargate TwilightCouncil Probe TemplarArchive Pylon Mothership Nexus,35,106990
166,504005,0,18827,6.43429,18827,RoboticsFacility Immortal Stargate Gateway Pylon Adept Stalker VoidRay Adept Immortal Gateway Gateway Probe Stalker Immortal VoidRay Stalker Pylon Stalker VoidRay Nexus Stargate Gateway RoboticsBay Zealot Adept RoboticsFacility TwilightCouncil Assimilator RoboticsFacility Probe Assimilator Stalker Adept Probe Zealot,33.75,107825
166,512592,0,19199,6.57643,19199,RoboticsFacility Immortal Stargate Gateway Pylon Adept Stalker VoidRay Adept Immortal Stalker Stalker Zealot Immortal Pylon VoidRay Pylon Gateway Stargate Stalker Probe Stalker RoboticsFacility Adept Stargate Stargate Probe VoidRay Probe Adept Assimilator Nexus Assimilator Gateway Pylon Gateway,32.75,108547
169,522715,0,19638,6.74371,19638,RoboticsFacility Immortal Stargate Gateway Pylon Adept Stalker VoidRay Adept Immortal Zealot Immortal Pylon VoidRay VoidRay Pylon RoboticsFacility Immortal Pylon Stalker VoidRay Immortal Pylon RoboticsFacility FleetBeacon Pylon Nexus Assimilator Gateway,41.75,110515
193,579721,0,22254,7.69388,22254,RoboticsFacility Immortal Stargate Gateway Pylon Adept Stalker VoidRay Adept Immortal Zealot Zealot Gateway Stalker Pylon Immortal RoboticsBay Stalker Stalker Adept Probe Pylon VoidRay Assimilator Immortal Probe Adept Pylon Stargate Gateway FleetBeacon Assimilator Stalker VoidRay Probe,37,111521
241,732710,0,29876,10.512,29876,RoboticsFacility Immortal Stargate Gateway Pylon Adept Stalker VoidRay Adept Immortal Zealot Zealot Gateway Stalker Adept Immortal Pylon Assimilator Stalker Pylon Stalker VoidRay Stalker Stalker Zealot Pylon Probe Gateway VoidRay Immortal RoboticsBay Stargate Zealot,40.5,112392
266,793255,0,33234,11.7075,33234,RoboticsFacility Immortal Stargate Gateway Pylon Adept Stalker VoidRay Adept Immortal Zealot Zealot Gateway Stalker Adept Immortal Pylon Adept VoidRay Zealot Pylon Immortal VoidRay Assimilator Gateway FleetBeacon TwilightCouncil RoboticsFacility RoboticsBay Gateway Assimilator Probe,38.5,113744
273,806855,0,34028,11.9992,34028,RoboticsFacility Immortal Stargate Gateway Pylon Adept Stalker VoidRay Adept Immortal Zealot Zealot Gateway Stalker Adept Immortal Pylon Stalker Probe Adept VoidRay Pylon Zealot Immortal Pylon RoboticsBay VoidRay Stalker Stalker Pylon RoboticsFacility Stargate Probe Probe Zealot Probe Assimilator Adept Adept Probe,43.75,116176
297,858712,0,37181,13.0079,37181,RoboticsFacility Immortal Stargate Gateway Pylon Adept Stalker VoidRay Adept Immortal Zealot Zealot Gateway Stalker Adept Immortal Pylon Stalker Pylon VoidRay Zealot Immortal Stalker Stalker Pylon Zealot Immortal RoboticsFacility Gateway RoboticsBay TwilightCouncil Stalker Stargate Probe Assimilator,43.25,117905
342,959704,0,44126,14.7319,44126,RoboticsFacility Immortal Stargate Gateway Pylon Adept Stalker VoidRay Adept Immortal Zealot Zealot Gateway Stalker Adept Immortal Pylon Stalker Pylon VoidRay Zealot Immortal Stalker Pylon Stalker Immortal Zealot TwilightCouncil TemplarArchive Probe Assimilator Pylon Adept Gateway RoboticsBay Pylon,43.25,117919
370,987662,0,46467,15.1978,46467,RoboticsFacility Immortal Stargate Gateway Pylon Adept Stalker VoidRay Adept Immortal Zealot Zealot Gateway Stalker Adept Immortal Pylon Stalker Pylon VoidRay Zealot Immortal Stalker Pylon VoidRay Adept Immortal Assimilator RoboticsFacility RoboticsFacility Gateway Gateway Probe Assimilator,45.75,117952
370,989297,0,46608,15.2239,46608,RoboticsFacility Immortal Stargate Gateway Pylon Adept Stalker VoidRay Adept Immortal Zealot Zealot Gateway Stalker Adept Immortal Pylon Stalker Pylon VoidRay Zealot Immortal Stalker Pylon VoidRay Adept Immortal Pylon RoboticsFacility Pylon VoidRay Immortal,45.75,117952
370,989545,0,46630,15.2257,46630,RoboticsFacility Immortal Stargate Gateway Pylon Adept Stalker VoidRay Adept Immortal Zealot Zealot Gateway Stalker Adept Immortal Pylon Stalker Pylon VoidRay Zealot Immortal Stalker Stalker Pylon Adept Adept Assimilator Immortal RoboticsFacility Gateway RoboticsBay Assimilator Probe Pylon,44.75,118180
370,989627,0,46637,15.2263,46637,RoboticsFacility Immortal Stargate Gateway Pylon Adept Stalker VoidRay Adept Immortal Zealot Zealot Gateway Stalker Adept Immortal Pylon Stalker Pylon VoidRay Zealot Immortal Stalker Pylon Adept Adept Stalker Immortal Pylon FleetBeacon RoboticsBay Pylon Probe Adept Zealot,44.75,118428
370,993291,0,46961,15.2878,46961,RoboticsFacility Immortal Stargate Gateway Pylon Adept Stalker VoidRay Adept Immortal Zealot Zealot Gateway Stalker Adept Immortal Pylon Stalker Pylon VoidRay Zealot Immortal Stalker Stalker Pylon Zealot Stalker Immortal TwilightCouncil Stargate Probe Nexus Stargate,45,118698
380,1007448,0,48210,15.524,48210,RoboticsFacility Immortal Stargate Gateway Pylon Adept Stalker VoidRay Adept Immortal Zealot Zealot Gateway Stalker Adept Immortal Pylon Stalker Pylon VoidRay Zealot Immortal Stalker Stalker Pylon Stalker Adept Stalker Probe Adept FleetBeacon Pylon Stargate Immortal Pylon,44.5,118946
380,1008221,0,48282,15.5338,48282,RoboticsFacility Immortal Stargate Gateway Pylon Adept Stalker VoidRay Adept Immortal Zealot Zealot Gateway Stalker Adept Immortal Pylon Stalker Pylon VoidRay Zealot Immortal Stalker Stalker Pylon VoidRay Probe Stalker Stalker RoboticsBay Pylon TwilightCouncil Immortal Assimilator Pylon Probe,46,119210
380,1008654,0,48324,15.542,48324,RoboticsFacility Immortal Stargate Gateway Pylon Adept Stalker VoidRay Adept Immortal Zealot Zealot Gateway Stalker Adept Immortal Pylon Stalker Pylon VoidRay Zealot Immortal Stalker Stalker Pylon Immortal Adept Stalker Probe Assimilator RoboticsBay Gateway Stargate Assimilator Gateway,45.25,119214
395,1037326,0,51104,16.018,51104,RoboticsFacility Immortal Stargate Gateway Pylon Adept Stalker VoidRay Adept Immortal Zealot Zealot Gateway Stalker Adept Immortal Pylon Stalker Pylon VoidRay Zealot Immortal Stalker Stalker Pylon Immortal Stalker Adept FleetBeacon TwilightCouncil RoboticsFacility Gateway Assimilator Assimilator,45.25,119238
395,1045759,0,51933,16.1596,51933,RoboticsFacility Immortal Stargate Gateway Pylon Adept Stalker VoidRay Adept Immortal Zealot Zealot Gateway Stalker Adept Immortal Pylon Stalker Pylon VoidRay Zealot Immortal Stalker Stalker Pylon Immortal Stalker Stalker Gateway Pylon TwilightCouncil Adept Assimilator Assimilator RoboticsFacility Probe,45.75,119451
395,1047749,0,52159,16.1945,52159,RoboticsFacility Immortal Stargate Gateway Pylon Adept Stalker VoidRay Adept Immortal Zealot Zealot Gateway Stalker Adept Immortal Pylon Stalker Pylon VoidRay Zealot Immortal Stalker Stalker Pylon Immortal Stalker Stalker Pylon VoidRay Nexus Pylon,45.75,119451
410,1052328,0,52693,16.2735,52693,RoboticsFacility Immortal Stargate Gateway Pylon Adept Stalker VoidRay Adept Immortal Zealot Zealot Gateway Stalker Adept Immortal Pylon Stalker Pylon VoidRay Zealot Immortal Stalker Stalker Pylon Immortal Stalker Stalker RoboticsBay Assimilator Probe Nexus TwilightCouncil,45.75,119451
410,1055468,0,53064,16.3247,53064,RoboticsFacility Immortal Stargate Gateway Pylon Adept Stalker VoidRay Adept Immortal Zealot Zealot Gateway Stalker Adept Immortal Pylon Stalker Pylon VoidRay Zealot Immortal Stalker Stalker Pylon Immortal Stalker Stalker Probe RoboticsBay Gateway Pylon Immortal RoboticsFacility,45.75,119451
410,1064993,0,54194,16.4835,54194,RoboticsFacility Immortal Stargate Gateway Pylon Adept Stalker VoidRay Adept Immortal Zealot Zealot Gateway Stalker Adept Immortal Pylon Stalker Pylon VoidRay Zealot Immortal Stalker Stalker Pylon Immortal Stalker Stalker Pylon Pylon Stargate Probe Probe Probe RoboticsBay Adept Adept Probe,45.75,119451
423,1072811,0,55181,16.6124,55181,RoboticsFacility Immortal Stargate Gateway Pylon Adept Stalker VoidRay Adept Immortal Zealot Zealot Gateway Stalker Adept Immortal Pylon Stalker Pylon VoidRay Zealot Immortal Stalker Stalker Pylon Immortal Stalker Stalker Pylon Probe Zealot FleetBeacon Pylon RoboticsBay Adept,46.75,119488
433,1084838,0,56804,16.8058,56804,RoboticsFacility Immortal Stargate Gateway Pylon Adept Stalker VoidRay Adept Immortal Zealot Zealot Gateway Stalker Adept Immortal Pylon Stalker Pylon VoidRay Zealot Immortal Stalker Stalker Pylon Immortal Stalker Stalker Pylon Pylon Zealot Zealot Zealot TwilightCouncil RoboticsBay Probe,47.75,119522
433,1086773,0,57084,16.8347,57084,RoboticsFacility Immortal Stargate Gateway Pylon Adept Stalker VoidRay Adept Immortal Zealot Zealot Gateway Stalker Adept Immortal Pylon Stalker Pylon VoidRay Zealot Immortal Stalker Stalker Pylon Immortal Stalker Stalker Pylon Zealot Zealot Adept Pylon RoboticsFacility Pylon Zealot,47.75,119525
433,1089709,0,57514,16.8796,57514,RoboticsFacility Immortal Stargate Gateway Pylon Adept Stalker VoidRay Adept Immortal Zealot Zealot Gateway Stalker Adept Immortal Pylon Stalker Pylon VoidRay Zealot Immortal Stalker Stalker Pylon Immortal Stalker Stalker Pylon Zealot Zealot VoidRay FleetBeacon,47.75,119525
433,1091727,0,57814,16.9132,57814,RoboticsFacility Immortal Stargate Gateway Pylon Adept Stalker VoidRay Adept Immortal Zealot Zealot Gateway Stalker Adept Immortal Pylon Stalker Pylon VoidRay Zealot Immortal Stalker Stalker Pylon Immortal Stalker Stalker Pylon Zealot Zealot Probe Stargate Probe Pylon RoboticsFacility Probe Probe,47.75,119525
448,1106439,0,60081,17.1597,60081,RoboticsFacility Immortal Stargate Gateway Pylon Adept Stalker VoidRay Adept Immortal Zealot Zealot Gateway Stalker Adept Immortal Pylon Stalker Pylon VoidRay Zealot Immortal Stalker Stalker Pylon Immortal Stalker Stalker Pylon Zealot Zealot Gateway Probe Assimilator Probe Assimilator Zealot Probe,47.75,119525
463,1118206,0,62138,17.3605,62138,RoboticsFacility Immortal Stargate Gateway Pylon Adept Stalker VoidRay Adept Immortal Zealot Zealot Gateway Stalker Adept Immortal Pylon Stalker Pylon VoidRay Zealot Immortal Stalker Stalker Pylon Immortal Stalker Stalker Pylon Zealot Zealot TwilightCouncil Zealot Probe Probe RoboticsBay Assimilator,47.75,119525
463,1118309,0,62159,17.3614,62159,RoboticsFacility Immortal Stargate Gateway Pylon Adept Stalker VoidRay Adept Immortal Zealot Zealot Gateway Stalker Adept Immortal Pylon Stalker Pylon VoidRay Zealot Immortal Stalker Stalker Pylon Immortal Stalker Stalker Pylon Zealot Zealot Adept Probe Probe Assimilator TwilightCouncil Stargate,47.75,119525
463,1119034,0,62300,17.3715,62300,RoboticsFacility Immortal Stargate Gateway Pylon Adept Stalker VoidRay Adept Immortal Zealot Zealot Gateway Stalker Adept Immortal Pylon Stalker Pylon VoidRay Zealot Immortal Stalker Stalker Pylon Immortal Stalker Stalker Pylon Zealot Zealot Stalker Probe Probe FleetBeacon Probe,47.75,119525
478,1120397,0,62565,17.3967,62565,RoboticsFacility Immortal Stargate Gateway Pylon Adept Stalker VoidRay Adept Immortal Zealot Zealot Gateway Stalker Adept Immortal Pylon Stalker Pylon VoidRay Zealot Immortal Stalker Stalker Pylon Immortal Stalker Stalker Pylon Zealot Zealot Probe Probe Gateway Probe Stargate Assimilator Probe,47.75,119525
478,1126087,0,63675,17.4853,63675,RoboticsFacility Immortal Stargate Gateway Pylon Adept Stalker VoidRay Adept Immortal Zealot Zealot Gateway Stalker Adept Immortal Pylon Stalker Pylon VoidRay Zealot Immortal Stalker Stalker Pylon Immortal Stalker Stalker Pylon Zealot Zealot Probe Adept Probe Probe TwilightCouncil Stargate,47.75,119525
478,1128015,0,64055,17.5185,64055,RoboticsFacility Immortal Stargate Gateway Pylon Adept Stalker VoidRay Adept Immortal Zealot Zealot Gateway Stalker Adept Immortal Pylon Stalker Pylon VoidRay Zealot Immortal Stalker Stalker Pylon Immortal Stalker Stalker Pylon Zealot Zealot Probe Probe Probe Stalker FleetBeacon,47.75,119525
493,1135131,0,65510,17.634,65510,RoboticsFacility Immortal Stargate Gateway Pylon Adept Stalker VoidRay Adept Immortal Zealot Zealot Gateway Stalker Adept Immortal Pylon Stalker Pylon VoidRay Zealot Immortal Stalker Stalker Pylon Immortal Stalker Stalker Pylon Zealot Zealot Probe Probe Probe Probe TwilightCouncil Assimilator RoboticsFacility,47.75,119525
506,1147137,0,67970,17.8284,67970,RoboticsFacility Immortal Stargate Gateway Pylon Adept Stalker VoidRay Adept Immortal Zealot Zealot Gateway Stalker Adept Immortal Pylon Stalker Pylon VoidRay Zealot Immortal Stalker Stalker Pylon Immortal Stalker Stalker Pylon Zealot Zealot Probe Probe Probe Probe Nexus,47.75,119525
530,1156530,2,70178,17.9792,70178,RoboticsFacility Immortal Stargate Gateway Pylon Adept Stalker VoidRay Adept Immortal Zealot Zealot Gateway Stalker Adept Immortal Pylon Stalker Pylon VoidRay Zealot Immortal Stalker Stalker Pylon Immortal Stalker Stalker Pylon Zealot Zealot Probe Probe Probe Probe Nexus,47.75,119525
