0,0,0,0,0,0, ,0,0
0,27,0,1,0.000217,1,Nexus Zealot Assimilator Assimilator Zealot Stargate Pylon RoboticsFacility Probe RoboticsBay Adept Immortal Zealot Colossus FleetBeacon Stalker Stalker Adept VoidRay RoboticsFacility Zealot Probe Carrier Zealot Probe Pylon,22.75,49258.8
0,53,0,2,0.000426,2,Assimilator Stalker Gateway Stargate Stalker Zealot Assimilator Zealot RoboticsFacility Pylon FleetBeacon Immortal Gateway Nexus Carrier Zealot Zealot Pylon VoidRay Stargate Stalker Zealot Probe Probe Probe,17.25,50256.8
0,119,0,4,0.000894,4,Stargate VoidRay Pylon Stalker Pylon Probe Assimilator TwilightCouncil Assimilator Adept Adept VoidRay TemplarArchive Gateway DarkShrine RoboticsFacility Pylon Pylon VoidRay Probe FleetBeacon RoboticsFacility Pylon Adept Tempest Stargate Carrier DarkTemplar Probe,21.75,61489.8
0,412,0,14,0.003004,14,RoboticsFacility Gateway Immortal RoboticsBay Stalker RoboticsFacility Probe Nexus Adept Colossus Assimilator Probe Pylon Immortal Adept RoboticsFacility Nexus Gateway Colossus Pylon RoboticsFacility Colossus Stalker RoboticsFacility Immortal Pylon Colossus Stargate,28.5,72994.8
0,1472,0,48,0.023658,48,RoboticsFacility Stalker Gateway RoboticsFacility RoboticsBay Zealot Stalker Assimilator Adept Immortal Probe Immortal Gateway Colossus Nexus Probe Stargate FleetBeacon Gateway Immortal Probe Adept Adept Assimilator Probe VoidRay Nexus Pylon Assimilator Stargate,20.75,73448.2
0,3522,0,112,0.05131,112,Stalker RoboticsFacility Stargate Zealot VoidRay Adept VoidRay Nexus Zealot Zealot Adept FleetBeacon TwilightCouncil VoidRay Stalker Stargate Immortal RoboticsFacility Zealot Stargate Gateway TemplarArchive Assimilator Probe Nexus Assimilator Probe Assimilator Probe Gateway Nexus Pylon,25.75,74820.5
0,3989,0,127,0.054598,127,Stalker RoboticsFacility Zealot Stargate RoboticsBay Gateway Adept Probe VoidRay Stalker Probe Gateway Assimilator Probe Zealot Colossus Gateway Assimilator Pylon Immortal VoidRay RoboticsFacility FleetBeacon TwilightCouncil Nexus Stargate DarkShrine Pylon Tempest Probe Stalker,23.5,77640
0,5922,0,190,0.080893,190,Stalker Stargate Gateway Stalker RoboticsFacility Assimilator Stargate Gateway Probe Adept Nexus Adept Stalker Zealot Immortal Stalker Zealot Immortal Immortal RoboticsBay VoidRay Stalker FleetBeacon Assimilator Pylon Probe Carrier RoboticsFacility Adept,28.5,78544.5
2,8603,0,277,0.11291,277,Probe Zealot Probe Gateway Stargate Pylon VoidRay Stalker Stalker Assimilator VoidRay Stalker RoboticsFacility Probe FleetBeacon Immortal Stalker Gateway Zealot Adept Stalker Gateway TwilightCouncil RoboticsFacility RoboticsFacility DarkShrine Pylon Stargate Nexus TemplarArchive RoboticsFacility Gateway RoboticsBay Immortal Assimilator Probe,23.75,84198
8,12630,0,408,0.166951,408,Gateway Stalker Stargate Pylon Adept Probe RoboticsFacility RoboticsBay VoidRay Zealot Immortal Adept Zealot Colossus Nexus Gateway Adept Stalker Stargate Immortal Stalker Immortal Pylon Pylon Probe TwilightCouncil Pylon Nexus Assimilator Assimilator Stargate Stalker Probe DarkShrine Zealot Probe,31.25,86876.8
11,30398,0,974,0.423931,974,Adept RoboticsFacility Stalker Stalker Immortal Assimilator Pylon RoboticsFacility Pylon Immortal Gateway Adept Stargate Probe Gateway Zealot Assimilator Immortal Adept Adept Immortal Immortal Immortal Pylon TwilightCouncil Immortal Gateway Probe,32,91802.2
11,30899,0,991,0.427452,991,Adept RoboticsFacility Pylon Adept Zealot Immortal RoboticsFacility Gateway RoboticsFacility Pylon Stalker RoboticsBay Immortal Stalker Colossus Zealot RoboticsFacility Immortal Immortal Gateway Zealot Pylon Zealot Adept Nexus Adept Gateway Stargate VoidRay Assimilator Probe Pylon TwilightCouncil Pylon,32.5,95136.2
74,251860,0,8421,3.62719,8421,Adept RoboticsFacility Pylon Adept Immortal Pylon Stargate Stalker Adept VoidRay Stargate Adept Immortal VoidRay Adept Nexus Stalker FleetBeacon Zealot Immortal Immortal Adept RoboticsBay Pylon Stalker Pylon Probe Gateway Assimilator Assimilator Immortal Gateway Assimilator,35,97292.5
87,308314,0,10433,4.45123,10433,Adept RoboticsFacility Pylon Adept Immortal RoboticsFacility Probe Immortal Immortal Immortal RoboticsFacility Gateway Assimilator Probe Pylon Stalker Stalker Immortal Nexus Immortal Gateway Immortal Adept Pylon Nexus TwilightCouncil Immortal Zealot Stalker,33.5,100792
87,337237,0,11500,4.86817,11500,Adept RoboticsFacility Pylon Adept Immortal Gateway Stalker RoboticsFacility RoboticsBay Zealot Immortal Zealot Immortal Gateway Immortal Adept Stalker Pylon Pylon Zealot Colossus Assimilator Nexus Adept Probe RoboticsFacility RoboticsFacility Assimilator Gateway Adept Adept TwilightCouncil Zealot,32.75,105127
127,468751,0,16572,6.80847,16572,Adept RoboticsFacility Pylon Adept Immortal Gateway Stalker RoboticsFacility Immortal Zealot Immortal Nexus Immortal Adept RoboticsBay Zealot Immortal Colossus Stalker Probe Stalker Assimilator Adept Assimilator Probe TwilightCouncil Nexus Nexus,36,106800
127,481708,0,17099,6.99662,17099,Adept RoboticsFacility Pylon Adept Immortal Gateway Stalker RoboticsFacility Immortal Immortal Immortal Gateway RoboticsBay Adept Probe Gateway Stalker Immortal Pylon Assimilator Adept Stalker Zealot Pylon Zealot Stalker TwilightCouncil Adept Stargate RoboticsFacility Probe Nexus Assimilator RoboticsFacility Probe,34,108120
140,527179,0,18977,7.66938,18977,Adept RoboticsFacility Pylon Adept Immortal Gateway Stalker RoboticsFacility Immortal Probe Zealot Adept Zealot Immortal Immortal Pylon Immortal TwilightCouncil Immortal Stargate Adept DarkShrine FleetBeacon RoboticsFacility Pylon Probe Pylon Gateway Stargate RoboticsFacility Gateway Zealot Zealot Nexus,31.25,109600
153,568911,0,20724,8.28158,20724,Adept RoboticsFacility Pylon Adept Immortal Gateway Stalker RoboticsFacility Immortal Probe Pylon Adept Immortal Adept Stalker Immortal Stalker RoboticsFacility Gateway Probe RoboticsBay RoboticsFacility Stalker Zealot Probe Gateway Pylon Assimilator Stalker Assimilator Stalker Immortal Stargate RoboticsFacility Zealot Stargate RoboticsFacility Pylon,36.25,110493
153,592932,0,21713,8.64008,21713,Adept RoboticsFacility Pylon Adept Immortal Gateway Stalker RoboticsFacility Immortal Probe Zealot Immortal Pylon Probe Immortal Gateway Pylon Immortal Immortal Immortal Gateway Probe Assimilator Assimilator Stalker RoboticsFacility Stalker Nexus Gateway RoboticsFacility RoboticsFacility Stalker Probe Probe,35,111184
166,616052,0,22675,8.97978,22675,Adept RoboticsFacility Pylon Adept Immortal Gateway Stalker RoboticsFacility Immortal Probe Zealot Immortal Stalker Immortal Stalker Probe Stargate Pylon Immortal Stalker RoboticsBay Stalker Pylon Gateway FleetBeacon Stalker Assimilator Carrier Stargate Gateway Gateway Nexus Assimilator Probe,32.75,112029
166,642793,0,23797,9.36951,23797,Adept RoboticsFacility Pylon Adept Immortal Gateway Stalker RoboticsFacility Immortal Probe Zealot Pylon Stalker Immortal Pylon RoboticsBay Stalker Probe RoboticsFacility Pylon Immortal Immortal Adept Adept Immortal Zealot Pylon Pylon Stalker Stargate Adept Nexus Gateway Zealot Zealot Pylon TwilightCouncil Assimilator Probe,37.75,112544
179,654171,0,24275,9.54568,24275,Adept RoboticsFacility Pylon Adept Immortal Gateway Stalker RoboticsFacility Immortal Probe Zealot Pylon Stalker Immortal Immortal Immortal Gateway Immortal Immortal Assimilator RoboticsBay Gateway Nexus Assimilator Pylon Pylon Nexus RoboticsFacility Probe Probe,33.25,113180
179,679062,0,25334,9.91162,25334,Adept RoboticsFacility Pylon Adept Immortal Gateway Stalker RoboticsFacility Immortal Probe Zealot Pylon Zealot Immortal Probe Probe Adept Immortal Stalker Pylon Immortal Probe Pylon Gateway Immortal Stalker Stargate Assimilator Adept RoboticsBay Adept Adept VoidRay Nexus Gateway Stargate Stargate Gateway,41.25,118308
218,799322,0,30708,11.6677,30708,Adept RoboticsFacility Pylon Adept Immortal Gateway Stalker RoboticsFacility Immortal Probe Zealot Pylon Zealot Immortal Probe Stalker Stalker Pylon Pylon RoboticsFacility Immortal Adept Immortal Immortal Immortal Assimilator Adept Probe Adept Zealot TwilightCouncil Adept Pylon Stargate RoboticsBay Adept Assimilator DarkShrine Pylon Probe,42,119229
244,875844,0,34228,12.8054,34228,Adept RoboticsFacility Pylon Adept Immortal Gateway Stalker RoboticsFacility Immortal Probe Zealot Pylon Zealot Immortal Probe Stalker Stalker Stalker Pylon RoboticsBay Immortal Pylon Probe Stalker Stalker Immortal Zealot Immortal Pylon Stalker Probe Zealot Adept Stalker RoboticsFacility Stargate Assimilator Immortal Nexus,44.25,121752
257,943663,0,37534,13.7913,37534,Adept RoboticsFacility Pylon Adept Immortal Gateway Stalker RoboticsFacility Immortal Probe Zealot Pylon Zealot Immortal Probe Stalker Stalker Stalker Immortal Pylon Immortal Pylon Immortal Zealot Assimilator Pylon Immortal Stalker Pylon Stalker Stargate RoboticsFacility Gateway Adept Pylon Gateway Stargate,42.25,123944
270,984964,0,39722,14.3709,39722,Adept RoboticsFacility Pylon Adept Immortal Gateway Stalker RoboticsFacility Immortal Probe Zealot Pylon Zealot Immortal Probe Stalker Stalker Stalker Immortal Pylon Stalker Immortal Zealot Zealot Adept Probe RoboticsFacility Pylon Immortal Pylon Adept Stalker Stargate Stargate FleetBeacon Zealot Gateway Zealot Pylon Gateway,42,124313
270,991327,0,40066,14.4686,40066,Adept RoboticsFacility Pylon Adept Immortal Gateway Stalker RoboticsFacility Immortal Probe Zealot Pylon Zealot Immortal Probe Stalker Stalker Stalker Immortal Pylon Immortal Pylon Stalker Immortal Adept Gateway Immortal RoboticsFacility Zealot Gateway Probe Stargate RoboticsFacility Gateway RoboticsFacility Adept FleetBeacon,41.75,124556
283,1017184,0,41489,14.8467,41489,Adept RoboticsFacility Pylon Adept Immortal Gateway Stalker RoboticsFacility Immortal Probe Zealot Pylon Zealot Immortal Probe Stalker Stalker Stalker Immortal Pylon Immortal Immortal Stalker Pylon Immortal Pylon Immortal Immortal Nexus Pylon Immortal Zealot Pylon Probe,47,126213
296,1036341,0,42587,15.1308,42587,Adept RoboticsFacility Pylon Adept Immortal Gateway Stalker RoboticsFacility Immortal Probe Zealot Pylon Zealot Immortal Probe Stalker Stalker Stalker Immortal Pylon Immortal Stalker Immortal Adept Pylon Immortal Immortal Pylon Assimilator Probe Pylon RoboticsFacility Assimilator Immortal RoboticsBay Probe TwilightCouncil,44.5,127613
321,1103023,0,46781,16.0909,46781,Adept RoboticsFacility Pylon Adept Immortal Gateway Stalker RoboticsFacility Immortal Probe Zealot Pylon Zealot Immortal Probe Stalker Stalker Stalker Immortal Pylon Immortal Stalker Immortal Stalker Pylon Stalker Adept Immortal Nexus Stargate Pylon Zealot TwilightCouncil Adept Gateway Pylon Assimilator,44.25,128138
321,1111456,0,47363,16.2205,47363,Adept RoboticsFacility Pylon Adept Immortal Gateway Stalker RoboticsFacility Immortal Probe Zealot Pylon Zealot Immortal Probe Stalker Stalker Stalker Immortal Pylon Immortal Stalker Immortal Stalker Pylon Adept Immortal Pylon Immortal RoboticsFacility Immortal Adept TwilightCouncil Pylon RoboticsFacility Gateway,47.5,128288
330,1126434,0,48437,16.4307,48437,Adept RoboticsFacility Pylon Adept Immortal Gateway Stalker RoboticsFacility Immortal Probe Zealot Pylon Zealot Immortal Probe Stalker Stalker Stalker Immortal Pylon Immortal Stalker Immortal Stalker Pylon Adept Immortal Pylon Zealot Stargate Adept Assimilator Nexus Stalker Assimilator RoboticsFacility Zealot,44.75,128398
330,1141808,0,49580,16.6427,49580,Adept RoboticsFacility Pylon Adept Immortal Gateway Stalker RoboticsFacility Immortal Probe Zealot Pylon Zealot Immortal Probe Stalker Stalker Stalker Immortal Pylon Immortal Stalker Immortal Stalker Pylon Stalker Immortal Stalker RoboticsFacility Probe TwilightCouncil Pylon Pylon DarkShrine Gateway Assimilator Immortal Assimilator Probe,44.75,128949
330,1148282,0,50061,16.7409,50061,Adept RoboticsFacility Pylon Adept Immortal Gateway Stalker RoboticsFacility Immortal Probe Zealot Pylon Zealot Immortal Probe Stalker Stalker Stalker Immortal Pylon Immortal Stalker Immortal Stalker Pylon Immortal Stalker Stalker TwilightCouncil RoboticsBay Assimilator TemplarArchive Stargate Pylon Assimilator Pylon Gateway Pylon,44.75,129111
343,1161709,0,51080,16.9292,51080,Adept RoboticsFacility Pylon Adept Immortal Gateway Stalker RoboticsFacility Immortal Probe Zealot Pylon Zealot Immortal Probe Stalker Stalker Stalker Immortal Pylon Immortal Stalker Immortal Stalker Pylon Stalker Immortal Pylon Immortal Probe Stalker Gateway TwilightCouncil RoboticsFacility Gateway RoboticsFacility Stalker Probe,48.5,129330
356,1180331,0,52518,17.2083,52518,Adept RoboticsFacility Pylon Adept Immortal Gateway Stalker RoboticsFacility Immortal Probe Zealot Pylon Zealot Immortal Probe Stalker Stalker Stalker Immortal Pylon Immortal Stalker Immortal Stalker Pylon Stalker Immortal Stalker Pylon TwilightCouncil Stalker Adept Assimilator Probe Assimilator Adept DarkShrine Stalker RoboticsBay,47.75,129953
356,1200582,0,54157,17.5002,54157,Adept RoboticsFacility Pylon Adept Immortal Gateway Stalker RoboticsFacility Immortal Probe Zealot Pylon Zealot Immortal Probe Stalker Stalker Stalker Immortal Pylon Immortal Stalker Immortal Stalker Pylon Stalker Immortal Stalker Pylon Stalker Pylon Stalker RoboticsBay Pylon Assimilator Probe Probe Adept Gateway Stargate Probe,48.25,130076
368,1207799,0,54821,17.6039,54821,Adept RoboticsFacility Pylon Adept Immortal Gateway Stalker RoboticsFacility Immortal Probe Zealot Pylon Zealot Immortal Probe Stalker Stalker Stalker Immortal Pylon Immortal Stalker Immortal Stalker Pylon Stalker Immortal Stalker Pylon Immortal Adept Gateway Zealot TwilightCouncil RoboticsBay Pylon Gateway,50.75,130206
377,1221882,0,56136,17.8087,56136,Adept RoboticsFacility Pylon Adept Immortal Gateway Stalker RoboticsFacility Immortal Probe Zealot Pylon Zealot Immortal Probe Stalker Stalker Stalker Immortal Pylon Immortal Stalker Immortal Stalker Pylon Stalker Immortal Stalker Pylon Zealot Immortal Adept Nexus Stargate Assimilator Probe,50.75,130216
377,1222911,0,56241,17.816,56241,Adept RoboticsFacility Pylon Adept Immortal Gateway Stalker RoboticsFacility Immortal Probe Zealot Pylon Zealot Immortal Probe Stalker Stalker Stalker Immortal Pylon Immortal Stalker Immortal Stalker Pylon Stalker Immortal Stalker Pylon Immortal Stalker Stargate TwilightCouncil Adept Gateway Probe Gateway,50.25,130216
377,1224021,0,56355,17.8368,56355,Adept RoboticsFacility Pylon Adept Immortal Gateway Stalker RoboticsFacility Immortal Probe Zealot Pylon Zealot Immortal Probe Stalker Stalker Stalker Immortal Pylon Immortal Stalker Immortal Stalker Pylon Stalker Immortal Stalker Pylon Stalker Immortal Adept Probe Nexus Assimilator RoboticsBay,51.5,130300
377,1238252,0,57808,18.0413,57808,Adept RoboticsFacility Pylon Adept Immortal Gateway Stalker RoboticsFacility Immortal Probe Zealot Pylon Zealot Immortal Probe Stalker Stalker Stalker Immortal Pylon Immortal Stalker Immortal Stalker Pylon Stalker Immortal Stalker Pylon Immortal Stalker Adept Stargate Probe Gateway TwilightCouncil Gateway Assimilator,51.5,130462
390,1254530,0,59512,18.2766,59512,Adept RoboticsFacility Pylon Adept Immortal Gateway Stalker RoboticsFacility Immortal Probe Zealot Pylon Zealot Immortal Probe Stalker Stalker Stalker Immortal Pylon Immortal Stalker Immortal Stalker Pylon Stalker Immortal Stalker Pylon Immortal Stalker Zealot TwilightCouncil Stargate Probe Assimilator Pylon Pylon Assimilator,51.25,130477
390,1259290,0,60012,18.337,60012,Adept RoboticsFacility Pylon Adept Immortal Gateway Stalker RoboticsFacility Immortal Probe Zealot Pylon Zealot Immortal Probe Stalker Stalker Stalker Immortal Pylon Immortal Stalker Immortal Stalker Pylon Stalker Immortal Stalker Pylon Immortal Stalker Zealot RoboticsBay Gateway Assimilator Probe Assimilator RoboticsFacility,51.25,130477
390,1259603,0,60051,18.3394,60051,Adept RoboticsFacility Pylon Adept Immortal Gateway Stalker RoboticsFacility Immortal Probe Zealot Pylon Zealot Immortal Probe Stalker Stalker Stalker Immortal Pylon Immortal Stalker Immortal Stalker Pylon Stalker Immortal Stalker Pylon Immortal Stalker Stalker Gateway RoboticsFacility Pylon TwilightCouncil Pylon,52,130508
391,1261046,0,60233,18.3637,60233,Adept RoboticsFacility Pylon Adept Immortal Gateway Stalker RoboticsFacility Immortal Probe Zealot Pylon Zealot Immortal Probe Stalker Stalker Stalker Immortal Pylon Immortal Stalker Immortal Stalker Pylon Stalker Immortal Stalker Pylon Immortal Stalker Stalker Probe TwilightCouncil Assimilator RoboticsFacility Pylon Assimilator Pylon,52,130508
403,1261448,0,60285,18.3797,60285,Adept RoboticsFacility Pylon Adept Immortal Gateway Stalker RoboticsFacility Immortal Probe Zealot Pylon Zealot Immortal Probe Stalker Stalker Stalker Immortal Pylon Immortal Stalker Immortal Stalker Pylon Stalker Immortal Stalker Pylon Immortal Stalker Stalker Gateway Pylon Assimilator Probe RoboticsBay Stargate,52,130508
403,1266020,0,60858,18.438,60858,Adept RoboticsFacility Pylon Adept Immortal Gateway Stalker RoboticsFacility Immortal Probe Zealot Pylon Zealot Immortal Probe Stalker Stalker Stalker Immortal Pylon Immortal Stalker Immortal Stalker Pylon Stalker Immortal Stalker Pylon Immortal Stalker Stalker Probe RoboticsFacility Stargate TwilightCouncil Gateway,52,130508
403,1275871,0,62126,18.5803,62126,Adept RoboticsFacility Pylon Adept Immortal Gateway Stalker RoboticsFacility Immortal Probe Zealot Pylon Zealot Immortal Probe Stalker Stalker Stalker Immortal Pylon Immortal Stalker Immortal Stalker Pylon Stalker Immortal Stalker Pylon Immortal Stalker Stalker Stargate Probe Pylon Immortal Adept,52,130508
415,1276565,0,62222,18.5857,62222,Adept RoboticsFacility Pylon Adept Immortal Gateway Stalker RoboticsFacility Immortal Probe Zealot Pylon Zealot Immortal Probe Stalker Stalker Stalker Immortal Pylon Immortal Stalker Immortal Stalker Pylon Stalker Immortal Stalker Pylon Immortal Stalker Stalker TwilightCouncil Probe Pylon Immortal Stalker,52,130508
415,1281289,0,62881,18.6575,62881,Adept RoboticsFacility Pylon Adept Immortal Gateway Stalker RoboticsFacility Immortal Probe Zealot Pylon Zealot Immortal Probe Stalker Stalker Stalker Immortal Pylon Immortal Stalker Immortal Stalker Pylon Stalker Immortal Stalker Pylon Immortal Stalker Stalker Pylon Probe Probe Stargate Stargate Zealot Pylon,52,130508
415,1289923,0,64104,18.7695,64104,Adept RoboticsFacility Pylon Adept Immortal Gateway Stalker RoboticsFacility Immortal Probe Zealot Pylon Zealot Immortal Probe Stalker Stalker Stalker Immortal Pylon Immortal Stalker Immortal Stalker Pylon Stalker Immortal Stalker Pylon Immortal Stalker Stalker Pylon RoboticsFacility Probe Assimilator Probe RoboticsBay Adept,52,130508
424,1292216,0,64473,18.7986,64473,Adept RoboticsFacility Pylon Adept Immortal Gateway Stalker RoboticsFacility Immortal Probe Zealot Pylon Zealot Immortal Probe Stalker Stalker Stalker Immortal Pylon Immortal Stalker Immortal Stalker Pylon Stalker Immortal Stalker Pylon Immortal Stalker Stalker Pylon Probe RoboticsFacility Probe Stalker Gateway Assimilator,52,130508
424,1302546,0,66156,18.9487,66156,Adept RoboticsFacility Pylon Adept Immortal Gateway Stalker RoboticsFacility Immortal Probe Zealot Pylon Zealot Immortal Probe Stalker Stalker Stalker Immortal Pylon Immortal Stalker Immortal Stalker Pylon Stalker Immortal Stalker Pylon Immortal Stalker Stalker Pylon Probe Zealot Pylon Probe Immortal,52,130508
425,1302622,0,66169,18.9493,66169,Adept RoboticsFacility Pylon Adept Immortal Gateway Stalker RoboticsFacility Immortal Probe Zealot Pylon Zealot Immortal Probe Stalker Stalker Stalker Immortal Pylon Immortal Stalker Immortal Stalker Pylon Stalker Immortal Stalker Pylon Immortal Stalker Stalker Pylon Probe Probe Assimilator Adept Immortal Probe,52,130508
437,1306387,0,66858,19.002,66858,Adept RoboticsFacility Pylon Adept Immortal Gateway Stalker RoboticsFacility Immortal Probe Zealot Pylon Zealot Immortal Probe Stalker Stalker Stalker Immortal Pylon Immortal Stalker Immortal Stalker Pylon Stalker Immortal Stalker Pylon Immortal Stalker Stalker Pylon Probe Probe Stargate Assimilator Probe Stargate Probe,52,130508
437,1308269,0,67196,19.0282,67196,Adept RoboticsFacility Pylon Adept Immortal Gateway Stalker RoboticsFacility Immortal Probe Zealot Pylon Zealot Immortal Probe Stalker Stalker Stalker Immortal Pylon Immortal Stalker Immortal Stalker Pylon Stalker Immortal Stalker Pylon Immortal Stalker Stalker Pylon Probe Probe Assimilator Probe Zealot Pylon RoboticsBay,52,130508
437,1313751,0,68200,19.107,68200,Adept RoboticsFacility Pylon Adept Immortal Gateway Stalker RoboticsFacility Immortal Probe Zealot Pylon Zealot Immortal Probe Stalker Stalker Stalker Immortal Pylon Immortal Stalker Immortal Stalker Pylon Stalker Immortal Stalker Pylon Immortal Stalker Stalker Pylon Probe Pylon Probe Probe Adept Assimilator Stargate,52,130508
450,1314719,0,68382,19.1273,68382,Adept RoboticsFacility Pylon Adept Immortal Gateway Stalker RoboticsFacility Immortal Probe Zealot Pylon Zealot Immortal Probe Stalker Stalker Stalker Immortal Pylon Immortal Stalker Immortal Stalker Pylon Stalker Immortal Stalker Pylon Immortal Stalker Stalker Pylon Probe Pylon Probe Adept Probe Gateway Adept,52,130508
450,1315121,0,68459,19.1301,68459,Adept RoboticsFacility Pylon Adept Immortal Gateway Stalker RoboticsFacility Immortal Probe Zealot Pylon Zealot Immortal Probe Stalker Stalker Stalker Immortal Pylon Immortal Stalker Immortal Stalker Pylon Stalker Immortal Stalker Pylon Immortal Stalker Stalker Pylon Probe Probe Assimilator Probe Immortal Adept,52,130508
463,1326153,0,70568,19.287,70568,Adept RoboticsFacility Pylon Adept Immortal Gateway Stalker RoboticsFacility Immortal Probe Zealot Pylon Zealot Immortal Probe Stalker Stalker Stalker Immortal Pylon Immortal Stalker Immortal Stalker Pylon Stalker Immortal Stalker Pylon Immortal Stalker Stalker Pylon Probe Probe Probe Immortal Stalker,52,130508
