0,0,0,0,0,0, ,0,0
0,32,0,1,0.02527,1,Probe Nexus Nexus Stalker RoboticsFacility Adept Gateway Zealot Zealot Stalker TwilightCouncil Stalker TemplarArchive RoboticsBay Assimilator Colossus Stalker Assimilator Zealot Probe RoboticsFacility Stargate Immortal Pylon Stargate DarkShrine Colossus Nexus Stalker RoboticsFacility Adept,20,39512
0,60,0,2,0.025473,2,Gateway Assimilator Probe Gateway Stargate VoidRay RoboticsFacility Assimilator Immortal Immortal Probe Adept Probe FleetBeacon VoidRay Stalker Stargate Gateway Gateway TwilightCouncil RoboticsBay Gateway RoboticsFacility RoboticsFacility TemplarArchive Nexus Pylon,18.5,56001.8
0,231,0,8,0.026693,8,Stargate Adept Gateway Adept Probe Stalker Stalker Zealot Probe Assimilator Adept VoidRay Gateway TwilightCouncil VoidRay FleetBeacon Pylon Mothership TemplarArchive Probe Pylon Nexus Tempest VoidRay Nexus Gateway DarkShrine Nexus Adept Probe,28.5,68751.8
0,381,0,13,0.027795,13,Gateway Adept Pylon RoboticsFacility Gateway Immortal Pylon Zealot Immortal RoboticsBay Probe Stalker Zealot Adept Nexus Stalker TwilightCouncil Assimilator DarkShrine Pylon Adept Adept Immortal Zealot Stargate Probe Stalker FleetBeacon TemplarArchive Adept Pylon Probe DarkTemplar Zealot Zealot Pylon Probe Assimilator,25.75,77944.2
0,1734,0,57,0.045401,57,Zealot RoboticsFacility Stargate Pylon Adept Adept Nexus VoidRay VoidRay Gateway Gateway Immortal Gateway TwilightCouncil Stalker Assimilator DarkShrine Zealot Assimilator Immortal Probe Adept Probe Pylon VoidRay RoboticsFacility Gateway Stargate Immortal RoboticsFacility,27,79008.5
0,5592,0,179,0.110911,179,Stalker Stalker Gateway RoboticsFacility Zealot Immortal RoboticsBay RoboticsFacility Adept Colossus Probe RoboticsFacility Pylon Probe TwilightCouncil Adept Pylon Adept Immortal Immortal RoboticsFacility Zealot Zealot TemplarArchive Stargate RoboticsFacility Adept Probe Assimilator Pylon Assimilator Adept Pylon RoboticsFacility Pylon Nexus Pylon Nexus,26.5,84499.8
8,12004,0,388,0.248894,388,Gateway Stalker Adept Adept Adept Gateway Zealot Pylon RoboticsFacility Nexus Stalker Immortal Zealot Stalker Pylon Immortal Probe Stalker Stalker RoboticsBay Stalker RoboticsFacility Colossus Stalker Pylon Stargate VoidRay RoboticsFacility Assimilator Probe Stalker Nexus Adept Pylon Probe Pylon,32.25,88950.2
12,51977,0,1680,0.793382,1680,Probe Stalker Pylon Adept Pylon RoboticsFacility Stargate Zealot Immortal VoidRay Zealot Stalker Adept Immortal Stalker Immortal Assimilator Gateway Immortal RoboticsFacility Zealot Stalker Nexus RoboticsBay Gateway Nexus Gateway TwilightCouncil Pylon VoidRay Stargate Probe,31.5,93408
63,200697,0,6307,2.83067,6307,Probe Stalker Pylon RoboticsFacility Immortal RoboticsBay Zealot Pylon RoboticsFacility Adept Colossus Immortal Zealot Zealot Colossus Pylon Immortal Gateway Stalker Gateway RoboticsFacility Adept Immortal TwilightCouncil Gateway TemplarArchive Probe Assimilator RoboticsFacility Nexus Stalker Gateway Gateway Pylon Pylon,34,100294
99,368970,0,11916,5.90916,11916,Probe Stalker Pylon RoboticsFacility Immortal Assimilator Adept RoboticsFacility Pylon Stargate Pylon VoidRay Immortal Gateway Immortal Immortal VoidRay Immortal Zealot Assimilator Stargate Stalker Immortal Pylon FleetBeacon VoidRay Adept,36.25,101588
155,529697,0,18533,9.06568,18533,Probe Stalker Pylon RoboticsFacility Immortal Assimilator Adept RoboticsFacility Pylon Zealot RoboticsBay Immortal Immortal Stalker Colossus Adept Pylon Gateway Pylon Immortal Stalker Zealot Probe Stalker TwilightCouncil Gateway Stalker Gateway Adept TemplarArchive Probe DarkShrine Gateway Stargate Probe Pylon,34.5,102114
195,659546,0,24452,11.1053,24452,Probe Stalker Pylon RoboticsFacility Immortal Assimilator Adept RoboticsFacility Pylon Zealot RoboticsBay Immortal Immortal Immortal Stalker Colossus Pylon Immortal Adept Probe Pylon Immortal RoboticsFacility Nexus RoboticsFacility Gateway Adept TwilightCouncil Probe Gateway Probe Assimilator,35.75,105092
208,719888,0,27645,12.0513,27645,Probe Stalker Pylon RoboticsFacility Immortal Assimilator Adept RoboticsFacility Pylon Zealot RoboticsBay Immortal Immortal Immortal Probe Adept Colossus Pylon Probe Adept Immortal Stalker Gateway Stargate Stalker Gateway Immortal Assimilator Pylon Zealot FleetBeacon Immortal,38.5,105140
221,732718,0,28378,12.253,28378,Probe Stalker Pylon RoboticsFacility Immortal Assimilator Adept RoboticsFacility Pylon Zealot RoboticsBay Immortal Immortal Immortal Colossus Adept Pylon Colossus Colossus Immortal Nexus Gateway Pylon Nexus TwilightCouncil Probe,39,105625
221,761501,0,30103,12.6953,30103,Probe Stalker Pylon RoboticsFacility Immortal Assimilator Adept RoboticsFacility Pylon Zealot RoboticsBay Immortal Immortal Immortal Colossus Immortal Immortal Pylon Stalker Zealot Immortal Pylon Adept Immortal Probe Probe Probe Probe Pylon Stargate Assimilator Colossus,43,106172
234,764260,0,30285,12.7395,30285,Probe Stalker Pylon RoboticsFacility Immortal Assimilator Adept RoboticsFacility Pylon Zealot RoboticsBay Immortal Immortal Immortal Colossus RoboticsFacility Stalker Colossus Pylon Stalker Colossus Stalker RoboticsFacility Stargate Assimilator Nexus Stargate Pylon,39.25,106658
234,765657,0,30378,12.7644,30378,Probe Stalker Pylon RoboticsFacility Immortal Assimilator Adept RoboticsFacility Pylon Zealot RoboticsBay Immortal Immortal Immortal Colossus Gateway Adept Immortal Pylon Adept Stalker Adept Immortal Stalker Stargate RoboticsFacility Gateway RoboticsFacility FleetBeacon Pylon,38.75,107814
234,777560,0,31159,12.948,31159,Probe Stalker Pylon RoboticsFacility Immortal Assimilator Adept RoboticsFacility Pylon Zealot RoboticsBay Immortal Immortal Immortal Colossus Stalker Colossus Adept Pylon Immortal Stalker Zealot Stargate Nexus Assimilator Pylon TwilightCouncil Gateway Pylon Probe,38.5,109670
247,811549,0,33462,13.5311,33462,Probe Stalker Pylon RoboticsFacility Immortal Assimilator Adept RoboticsFacility Pylon Zealot RoboticsBay Immortal Immortal Immortal Colossus Stalker Pylon Immortal Adept Immortal Immortal Stalker Nexus Pylon Stargate Stalker TwilightCouncil Assimilator Probe,40,111186
286,897363,0,40114,15.2662,40114,Probe Stalker Pylon RoboticsFacility Immortal Assimilator Adept RoboticsFacility Pylon Zealot RoboticsBay Immortal Immortal Immortal Colossus Stalker Pylon Immortal Adept Immortal Stalker Immortal Pylon Adept TwilightCouncil Stargate Stalker Immortal DarkShrine,41.25,111635
299,906678,0,41016,15.3864,41016,Probe Stalker Pylon RoboticsFacility Immortal Assimilator Adept RoboticsFacility Pylon Zealot RoboticsBay Immortal Immortal Immortal Colossus Stalker Pylon Immortal Adept Immortal Immortal Pylon Adept Immortal Stalker Stargate TwilightCouncil Assimilator Gateway Probe,45,111810
310,919714,0,42325,15.5671,42325,Probe Stalker Pylon RoboticsFacility Immortal Assimilator Adept RoboticsFacility Pylon Zealot RoboticsBay Immortal Immortal Immortal Colossus Stalker Pylon Immortal Adept Immortal Immortal Pylon Stalker Immortal Stalker Adept Nexus Assimilator,45.5,111969
336,955337,0,46542,16.0606,46542,Probe Stalker Pylon RoboticsFacility Immortal Assimilator Adept RoboticsFacility Pylon Zealot RoboticsBay Immortal Immortal Immortal Colossus Stalker Pylon Immortal Adept Immortal Immortal Pylon Stalker Immortal Stalker Probe Nexus Gateway,45.5,111969
336,966877,0,48074,16.2169,48074,Probe Stalker Pylon RoboticsFacility Immortal Assimilator Adept RoboticsFacility Pylon Zealot RoboticsBay Immortal Immortal Immortal Colossus Stalker Pylon Immortal Adept Immortal Immortal Pylon Stalker Immortal Stalker Probe Gateway Probe RoboticsFacility Pylon Assimilator,45.5,111969
348,972910,0,49056,16.2967,49056,Probe Stalker Pylon RoboticsFacility Immortal Assimilator Adept RoboticsFacility Pylon Zealot RoboticsBay Immortal Immortal Immortal Colossus Stalker Pylon Immortal Adept Immortal Immortal Pylon Stalker Immortal Stalker Gateway Probe Probe Stargate Stargate,45.5,111969
348,978889,0,50038,16.3751,50038,Probe Stalker Pylon RoboticsFacility Immortal Assimilator Adept RoboticsFacility Pylon Zealot RoboticsBay Immortal Immortal Immortal Colossus Stalker Pylon Immortal Adept Immortal Immortal Pylon Stalker Immortal Stalker Probe Probe Nexus Pylon,45.5,111969
348,979172,0,50093,16.3903,50093,Probe Stalker Pylon RoboticsFacility Immortal Assimilator Adept RoboticsFacility Pylon Zealot RoboticsBay Immortal Immortal Immortal Colossus Stalker Pylon Immortal Adept Immortal Immortal Pylon Stalker Immortal Stalker Probe Stargate Pylon Probe Zealot Gateway,45.5,111969
359,980108,0,50270,16.401,50270,Probe Stalker Pylon RoboticsFacility Immortal Assimilator Adept RoboticsFacility Pylon Zealot RoboticsBay Immortal Immortal Immortal Colossus Stalker Pylon Immortal Adept Immortal Immortal Pylon Stalker Immortal Stalker Pylon Probe Probe Zealot Immortal,45.5,111969
359,985175,0,51237,16.4731,51237,Probe Stalker Pylon RoboticsFacility Immortal Assimilator Adept RoboticsFacility Pylon Zealot RoboticsBay Immortal Immortal Immortal Colossus Stalker Pylon Immortal Adept Immortal Immortal Pylon Stalker Immortal Stalker Probe Probe Pylon Stalker Colossus,45.5,111969
