0,0,0,0,0,0, ,0,0
0,34,0,1,0.000289,1,Pylon Nexus Probe TwilightCouncil Stalker Stargate DarkShrine RoboticsFacility FleetBeacon TemplarArchive Gateway Pylon Zealot Immortal Mothership Pylon Probe Stargate Zealot Assimilator RoboticsBay Tempest Zealot Immortal Assimilator Zealot Pylon Assimilator Gateway Nexus Nexus Pylon Probe,7.5,22003
0,99,0,3,0.005807,3,Probe Zealot Gateway RoboticsFacility TwilightCouncil Probe Immortal Stargate Assimilator Immortal Gateway RoboticsBay Zealot Gateway Stargate VoidRay RoboticsFacility Assimilator Pylon Adept Stalker Pylon Pylon Pylon RoboticsFacility Zealot Stargate Nexus Adept RoboticsFacility RoboticsFacility TemplarArchive Probe Probe,18.75,61953
0,694,0,22,0.014981,22,Probe Stalker Probe Pylon Pylon Nexus RoboticsFacility Probe Nexus Stalker RoboticsFacility Stargate Nexus Stargate Zealot Immortal Assimilator Zealot Probe Adept VoidRay Immortal Assimilator VoidRay VoidRay Stalker TwilightCouncil VoidRay Adept VoidRay Adept RoboticsFacility RoboticsBay,33.25,64121.2
0,763,0,24,0.015473,24,Zealot Stalker Probe RoboticsFacility Immortal Pylon Stalker Pylon Gateway Gateway Gateway Zealot Adept Stalker Adept Stalker Pylon Adept Assimilator Immortal Stargate Zealot RoboticsBay Immortal Probe Adept Nexus Stargate Assimilator Gateway Immortal TwilightCouncil Pylon FleetBeacon,30,86874.8
9,13186,0,424,0.202304,424,RoboticsFacility Stargate Adept Pylon Immortal Assimilator VoidRay VoidRay Immortal Zealot TwilightCouncil Stalker Probe Nexus VoidRay Nexus Stargate Zealot Nexus Stargate Gateway Zealot FleetBeacon Adept Assimilator Probe,25.5,87044.2
10,15367,0,493,0.237813,493,Probe TwilightCouncil RoboticsFacility Gateway Zealot Stalker Assimilator Probe Immortal Stargate RoboticsFacility VoidRay Stalker Stalker RoboticsBay Pylon Immortal Pylon Colossus Adept TemplarArchive Pylon Adept Adept Zealot Gateway VoidRay Zealot DarkShrine Zealot Gateway Gateway Zealot Stargate RoboticsFacility Probe,33.5,90527.2
11,28564,0,916,0.447699,916,Probe Gateway Adept RoboticsFacility Probe Probe Stalker RoboticsFacility RoboticsFacility Stalker Zealot Stalker Immortal Pylon Adept Pylon TwilightCouncil Stalker Probe Immortal Zealot Adept Assimilator Probe Assimilator DarkShrine RoboticsBay Zealot Adept DarkTemplar Pylon Colossus Probe Probe RoboticsFacility Adept RoboticsFacility TemplarArchive Gateway Gateway Nexus Stargate Stargate,31.25,92260
57,210847,0,6624,4.41591,6624,Probe Gateway Adept RoboticsFacility Adept Stalker Immortal Pylon Stalker Immortal Nexus Zealot Probe Stalker TwilightCouncil RoboticsFacility Immortal Adept Stalker Stalker Stargate Immortal TemplarArchive FleetBeacon Zealot Carrier RoboticsFacility Nexus Pylon Nexus Gateway Pylon,29.5,101046
97,376683,0,12163,7.50754,12163,Probe Gateway Adept RoboticsFacility Adept Stalker Stalker Immortal Probe Pylon RoboticsFacility Immortal Stalker Immortal Pylon Stalker TwilightCouncil Adept Stalker DarkShrine Stalker Immortal DarkTemplar RoboticsFacility TemplarArchive Probe RoboticsBay Assimilator Gateway Nexus Pylon Gateway Probe Assimilator DarkTemplar Pylon Pylon Probe Gateway Gateway Gateway Pylon,31.75,106824
148,578457,0,19384,10.9121,19384,Probe Gateway Adept RoboticsFacility Adept Stalker Stalker Immortal Probe RoboticsBay Zealot RoboticsFacility Pylon Pylon Immortal Stalker Zealot Pylon Probe Colossus Zealot Stargate Immortal Stalker Stalker Nexus Stalker Immortal Adept Zealot Stargate RoboticsFacility Pylon FleetBeacon Zealot Gateway Zealot Probe Assimilator Gateway Probe Probe,38.25,109428
198,757018,0,26236,14.1773,26236,Probe Gateway Adept RoboticsFacility Adept Stalker Stalker Immortal Probe RoboticsBay Zealot RoboticsFacility Pylon Pylon Immortal Immortal Adept Immortal Immortal Immortal Nexus Pylon Zealot Pylon Colossus Pylon Pylon Probe Zealot TwilightCouncil Gateway Assimilator Stargate DarkShrine Probe Pylon Immortal Assimilator,37.75,110459
203,763414,0,26496,14.3151,26496,Probe Gateway Adept RoboticsFacility Adept Stalker Stalker Immortal Probe RoboticsBay Zealot RoboticsFacility Pylon Adept Immortal Pylon Immortal Adept Pylon Colossus Stalker Assimilator Probe Colossus Adept Adept Gateway Stargate FleetBeacon Stargate Nexus Gateway Nexus Gateway,35,110704
229,858169,0,30391,16.2884,30391,Probe Gateway Adept RoboticsFacility Adept Stalker Stalker Immortal Probe RoboticsBay Zealot RoboticsFacility Pylon Adept Immortal Immortal Pylon TwilightCouncil Stalker Immortal Immortal RoboticsFacility Adept Pylon Zealot Gateway Immortal DarkShrine Stalker Nexus Nexus Stargate Stargate Pylon Gateway,36.5,111128
229,873035,0,31043,16.5262,31043,Probe Gateway Adept RoboticsFacility Adept Stalker Stalker Immortal Probe RoboticsBay Zealot RoboticsFacility Pylon Adept Immortal Immortal Pylon Colossus Zealot Immortal Gateway Pylon Immortal Stargate Immortal Stargate RoboticsFacility Probe RoboticsFacility Pylon Pylon TwilightCouncil Probe Nexus Pylon Assimilator Pylon Gateway,36.75,111220
229,875145,0,31134,16.5553,31134,Probe Gateway Adept RoboticsFacility Adept Stalker Stalker Immortal Probe RoboticsBay Zealot RoboticsFacility Pylon Adept Immortal Zealot Probe Colossus Pylon Immortal Zealot Stalker Gateway Pylon Assimilator Colossus Pylon Immortal Zealot TwilightCouncil Assimilator Zealot Stargate Pylon Zealot Adept Zealot DarkShrine Probe Stalker Probe,42.25,116416
242,902609,0,32342,16.9947,32342,Probe Gateway Adept RoboticsFacility Adept Stalker Stalker Immortal Probe RoboticsBay Zealot RoboticsFacility Pylon Adept Immortal Zealot Stalker Zealot Pylon Immortal Adept Pylon Adept Immortal Pylon Probe Colossus Immortal Zealot TwilightCouncil Zealot Assimilator Gateway TemplarArchive RoboticsFacility Stargate Gateway Assimilator Gateway DarkShrine Pylon,40.25,118106
242,925534,0,33362,17.3625,33362,Probe Gateway Adept RoboticsFacility Adept Stalker Stalker Immortal Probe RoboticsBay Zealot RoboticsFacility Pylon Adept Immortal Zealot Immortal Zealot Pylon Immortal Probe Stalker Zealot Pylon Pylon Assimilator Colossus Stalker Adept Stalker RoboticsFacility Adept RoboticsFacility Adept Pylon Nexus Zealot TwilightCouncil Stalker Probe Probe,40.25,119123
296,1055717,0,39705,19.4909,39705,Probe Gateway Adept RoboticsFacility Adept Stalker Stalker Immortal Probe RoboticsBay Zealot RoboticsFacility Pylon Adept Immortal Zealot Immortal Zealot Pylon Zealot Immortal Pylon Stalker Immortal Adept TwilightCouncil Pylon Probe Immortal Colossus Gateway Gateway RoboticsFacility Stargate Assimilator RoboticsFacility Gateway Gateway Pylon Pylon,41.75,119776
309,1078796,0,40880,19.8583,40880,Probe Gateway Adept RoboticsFacility Adept Stalker Stalker Immortal Probe RoboticsBay Zealot RoboticsFacility Pylon Adept Immortal Zealot Immortal Zealot Pylon Zealot Immortal Pylon Adept Pylon Immortal Adept Zealot Stalker Gateway Pylon Stalker Adept Immortal Stargate RoboticsFacility Adept RoboticsFacility FleetBeacon Zealot Pylon Assimilator,43.25,120211
320,1112940,0,42695,20.3997,42695,Probe Gateway Adept RoboticsFacility Adept Stalker Stalker Immortal Probe RoboticsBay Zealot RoboticsFacility Pylon Adept Immortal Zealot Immortal Zealot Pylon Zealot Immortal Adept Pylon Pylon Stalker Immortal Stalker Zealot Immortal Pylon Immortal Gateway Pylon Stargate Adept Adept Nexus Stargate Probe,45.75,123462
407,1271936,0,52286,22.9561,52286,Probe Gateway Adept RoboticsFacility Adept Stalker Stalker Immortal Probe RoboticsBay Zealot RoboticsFacility Pylon Adept Immortal Zealot Immortal Zealot Pylon Zealot Immortal Adept Pylon Pylon Stalker Immortal Adept Immortal Stalker Stalker Nexus Probe RoboticsFacility Nexus Pylon Gateway Stalker Probe Probe,41.5,123609
407,1272038,0,52293,22.9569,52293,Probe Gateway Adept RoboticsFacility Adept Stalker Stalker Immortal Probe RoboticsBay Zealot RoboticsFacility Pylon Adept Immortal Zealot Immortal Zealot Pylon Zealot Immortal Adept Pylon Pylon Stalker Immortal Stalker Immortal Pylon Stalker Stalker RoboticsFacility Probe TwilightCouncil Adept Nexus Assimilator Gateway Assimilator DarkShrine Probe,43.25,124328
407,1280321,0,52876,23.0937,52876,Probe Gateway Adept RoboticsFacility Adept Stalker Stalker Immortal Probe RoboticsBay Zealot RoboticsFacility Pylon Adept Immortal Zealot Immortal Zealot Pylon Zealot Immortal Adept Pylon Pylon Stalker Immortal Immortal Probe Stalker Pylon Stalker Immortal Probe Pylon Zealot Nexus Colossus Gateway Adept Probe,45,124381
407,1291912,0,53691,23.2788,53691,Probe Gateway Adept RoboticsFacility Adept Stalker Stalker Immortal Probe RoboticsBay Zealot RoboticsFacility Pylon Adept Immortal Zealot Immortal Zealot Pylon Zealot Immortal Adept Pylon Pylon Stalker Immortal Stalker Immortal Zealot Adept Pylon Zealot Immortal Assimilator Stalker Probe Assimilator TwilightCouncil Gateway Pylon Gateway,47.25,125279
420,1323740,0,56050,23.7448,56050,Probe Gateway Adept RoboticsFacility Adept Stalker Stalker Immortal Probe RoboticsBay Zealot RoboticsFacility Pylon Adept Immortal Zealot Immortal Zealot Pylon Zealot Immortal Adept Pylon Pylon Stalker Immortal Stalker Immortal Stalker Pylon Zealot Immortal Adept Probe Nexus Zealot RoboticsFacility Gateway TwilightCouncil,46.25,125652
443,1351975,0,58420,24.2871,58420,Probe Gateway Adept RoboticsFacility Adept Stalker Stalker Immortal Probe RoboticsBay Zealot RoboticsFacility Pylon Adept Immortal Zealot Immortal Zealot Pylon Zealot Immortal Adept Pylon Pylon Stalker Immortal Stalker Immortal Stalker Stalker Pylon Zealot Immortal Pylon Zealot Colossus Stargate Gateway Zealot Probe,47.75,126080
451,1377582,0,60754,24.8143,60754,Probe Gateway Adept RoboticsFacility Adept Stalker Stalker Immortal Probe RoboticsBay Zealot RoboticsFacility Pylon Adept Immortal Zealot Immortal Zealot Pylon Zealot Immortal Adept Pylon Pylon Stalker Immortal Stalker Immortal Stalker Stalker Pylon Immortal Stalker Gateway Adept Gateway Gateway TwilightCouncil Gateway Assimilator,48.75,126345
451,1382449,0,61226,24.8961,61226,Probe Gateway Adept RoboticsFacility Adept Stalker Stalker Immortal Probe RoboticsBay Zealot RoboticsFacility Pylon Adept Immortal Zealot Immortal Zealot Pylon Zealot Immortal Adept Pylon Pylon Stalker Immortal Stalker Immortal Stalker Stalker Pylon Immortal Adept Stalker Gateway Stargate Probe Nexus Assimilator,48.75,126547
480,1390846,0,62035,24.9567,62035,Probe Gateway Adept RoboticsFacility Adept Stalker Stalker Immortal Probe RoboticsBay Zealot RoboticsFacility Pylon Adept Immortal Zealot Immortal Zealot Pylon Zealot Immortal Adept Pylon Pylon Stalker Immortal Stalker Immortal Stalker Stalker Pylon Immortal Stalker Adept RoboticsFacility Probe Assimilator Stargate Stargate Assimilator Pylon,48.75,126570
493,1406714,0,63620,25.1637,63620,Probe Gateway Adept RoboticsFacility Adept Stalker Stalker Immortal Probe RoboticsBay Zealot RoboticsFacility Pylon Adept Immortal Zealot Immortal Zealot Pylon Zealot Immortal Adept Pylon Pylon Stalker Immortal Stalker Immortal Stalker Stalker Pylon Immortal Stalker Stalker RoboticsFacility Nexus Gateway Pylon,49.25,126680
505,1413342,0,64337,25.2868,64337,Probe Gateway Adept RoboticsFacility Adept Stalker Stalker Immortal Probe RoboticsBay Zealot RoboticsFacility Pylon Adept Immortal Zealot Immortal Zealot Pylon Zealot Immortal Adept Pylon Pylon Stalker Immortal Stalker Immortal Stalker Stalker Pylon Immortal Stalker Stalker Assimilator RoboticsFacility Probe Stargate Assimilator TwilightCouncil Pylon,49.25,126680
505,1414406,0,64463,25.3124,64463,Probe Gateway Adept RoboticsFacility Adept Stalker Stalker Immortal Probe RoboticsBay Zealot RoboticsFacility Pylon Adept Immortal Zealot Immortal Zealot Pylon Zealot Immortal Adept Pylon Pylon Stalker Immortal Stalker Immortal Stalker Stalker Pylon Immortal Stalker Stalker Assimilator Pylon Pylon Zealot Assimilator Probe RoboticsFacility Zealot,49.25,126680
516,1428966,0,66197,25.6111,66197,Probe Gateway Adept RoboticsFacility Adept Stalker Stalker Immortal Probe RoboticsBay Zealot RoboticsFacility Pylon Adept Immortal Zealot Immortal Zealot Pylon Zealot Immortal Adept Pylon Pylon Stalker Immortal Stalker Immortal Stalker Stalker Pylon Immortal Stalker Stalker Probe Assimilator Pylon Stalker Immortal Adept,49.25,126680
516,1431652,0,66537,25.6541,66537,Probe Gateway Adept RoboticsFacility Adept Stalker Stalker Immortal Probe RoboticsBay Zealot RoboticsFacility Pylon Adept Immortal Zealot Immortal Zealot Pylon Zealot Immortal Adept Pylon Pylon Stalker Immortal Stalker Immortal Stalker Stalker Pylon Immortal Stalker Stalker Pylon Assimilator Zealot Probe TwilightCouncil Probe Gateway Assimilator,49.25,126680
516,1434313,0,66873,25.7118,66873,Probe Gateway Adept RoboticsFacility Adept Stalker Stalker Immortal Probe RoboticsBay Zealot RoboticsFacility Pylon Adept Immortal Zealot Immortal Zealot Pylon Zealot Immortal Adept Pylon Pylon Stalker Immortal Stalker Immortal Stalker Stalker Pylon Immortal Stalker Stalker Probe Pylon Probe Pylon Pylon Assimilator Probe Gateway TwilightCouncil,49.25,126680
524,1446282,0,68464,25.9636,68464,Probe Gateway Adept RoboticsFacility Adept Stalker Stalker Immortal Probe RoboticsBay Zealot RoboticsFacility Pylon Adept Immortal Zealot Immortal Zealot Pylon Zealot Immortal Adept Pylon Pylon Stalker Immortal Stalker Immortal Stalker Stalker Pylon Immortal Stalker Stalker Probe Pylon Gateway Assimilator Pylon Probe Probe TwilightCouncil Adept,49.25,126680
524,1447431,0,68632,25.9858,68632,Probe Gateway Adept RoboticsFacility Adept Stalker Stalker Immortal Probe RoboticsBay Zealot RoboticsFacility Pylon Adept Immortal Zealot Immortal Zealot Pylon Zealot Immortal Adept Pylon Pylon Stalker Immortal Stalker Immortal Stalker Stalker Pylon Immortal Stalker Stalker Probe Pylon Adept Adept Probe Probe RoboticsFacility RoboticsFacility Assimilator,49.25,126680
578,1457108,0,70060,26.1592,70060,Probe Gateway Adept RoboticsFacility Adept Stalker Stalker Immortal Probe RoboticsBay Zealot RoboticsFacility Pylon Adept Immortal Zealot Immortal Zealot Pylon Zealot Immortal Adept Pylon Pylon Stalker Immortal Stalker Immortal Stalker Stalker Pylon Immortal Stalker Stalker Probe Pylon Probe Immortal Probe Zealot TwilightCouncil,49.25,126680
578,1462241,0,70879,26.2206,70879,Probe Gateway Adept RoboticsFacility Adept Stalker Stalker Immortal Probe RoboticsBay Zealot RoboticsFacility Pylon Adept Immortal Zealot Immortal Zealot Pylon Zealot Immortal Adept Pylon Pylon Stalker Immortal Stalker Immortal Stalker Stalker Pylon Immortal Stalker Stalker Probe Pylon Probe Colossus Probe Gateway Assimilator,49.25,126680
631,1474029,0,72776,26.3923,72776,Probe Gateway Adept RoboticsFacility Adept Stalker Stalker Immortal Probe RoboticsBay Zealot RoboticsFacility Pylon Adept Immortal Zealot Immortal Zealot Pylon Zealot Immortal Adept Pylon Pylon Stalker Immortal Stalker Immortal Stalker Stalker Pylon Immortal Stalker Stalker Probe Pylon Probe Probe Stargate Stalker Immortal,49.25,126680
