0,0,0,0,0,0, ,0,0
0,26,0,1,0.000222,1,Stalker Stargate RoboticsFacility Stargate Stalker Immortal RoboticsBay VoidRay Zealot Zealot Assimilator Nexus TwilightCouncil Nexus Colossus Gateway Probe Immortal FleetBeacon Mothership Stalker Tempest Pylon VoidRay Gateway,22,61917.5
0,476,0,15,0.003375,15,RoboticsFacility Probe Adept Immortal Zealot Stalker Pylon Stargate Pylon Assimilator TwilightCouncil Gateway Immortal Gateway Adept RoboticsBay Pylon FleetBeacon Stargate Stalker Mothership Adept RoboticsFacility TemplarArchive Tempest Adept Gateway Pylon Tempest Pylon Adept Stargate,21.25,64720.5
0,844,0,26,0.005938,26,Adept RoboticsFacility Adept Stalker Gateway Pylon Immortal Assimilator Adept Stargate Assimilator VoidRay Immortal Immortal Immortal Adept Stargate Stargate Pylon RoboticsFacility Probe Immortal Gateway Adept Stargate RoboticsFacility Probe,30.75,80449.2
0,1859,0,59,0.013071,59,RoboticsFacility Gateway Zealot Immortal Immortal TwilightCouncil Stalker RoboticsFacility Gateway Immortal Stalker Pylon Probe RoboticsBay Immortal Zealot Immortal RoboticsFacility Pylon Zealot Zealot Probe RoboticsFacility Immortal Nexus DarkShrine Gateway Probe TemplarArchive Pylon Probe Pylon Stargate Adept Stalker Assimilator Probe Probe,30,92624
2,9445,0,298,0.065781,298,RoboticsFacility Immortal Pylon Adept Pylon Stargate Assimilator Zealot RoboticsFacility RoboticsBay VoidRay VoidRay Colossus Adept Immortal Stargate Probe Stalker Pylon Immortal VoidRay Zealot Stalker Immortal Gateway FleetBeacon Gateway Assimilator,40,93414.2
13,35859,0,1153,0.252358,1153,RoboticsFacility RoboticsFacility Stalker Probe Pylon Gateway Assimilator Stalker Stargate Stalker Immortal Zealot Adept Immortal Probe Stalker VoidRay Pylon Probe Probe RoboticsBay Adept Immortal Probe Immortal Stargate Pylon Pylon VoidRay Adept RoboticsFacility Adept Adept Pylon Nexus Zealot Zealot Probe Probe,37.25,98901.5
31,102043,0,3350,0.727352,3350,RoboticsFacility Stalker Adept Assimilator Gateway Immortal Stalker Stalker Pylon Probe Immortal Probe Immortal Pylon Stalker Pylon Immortal Stalker Probe Stargate VoidRay Gateway Adept Adept Assimilator VoidRay FleetBeacon Probe Stargate Pylon Tempest Stargate Pylon,35.5,102912
152,428859,0,16230,3.38014,16230,RoboticsFacility Stalker Adept Assimilator Gateway Immortal Stalker Stalker Zealot Immortal Zealot Zealot Pylon Pylon Adept Stalker Pylon Immortal Stalker Immortal Stalker Immortal Adept Nexus Pylon Probe Assimilator Immortal Gateway,36,109222
228,650815,0,27834,6.83397,27834,RoboticsFacility Stalker Adept Assimilator Gateway Immortal Stalker Stalker Zealot Immortal Zealot Zealot Pylon Pylon Probe Stalker Immortal Pylon Stalker Stalker Immortal RoboticsFacility Adept Zealot Adept Zealot TwilightCouncil Probe Pylon Pylon Adept Nexus Pylon Pylon Assimilator,35.5,111042
267,732988,0,32556,8.04354,32556,RoboticsFacility Stalker Adept Assimilator Gateway Immortal Stalker Stalker Zealot Immortal Zealot Zealot Pylon Pylon Probe Stalker Immortal Stalker Pylon Pylon Stalker Adept Immortal Probe Adept Adept Immortal Probe Zealot TwilightCouncil Adept TemplarArchive Pylon Assimilator Stalker RoboticsBay Pylon,39.5,113236
293,792874,0,36292,9.15876,36292,RoboticsFacility Stalker Adept Assimilator Gateway Immortal Stalker Stalker Zealot Immortal Zealot Zealot Pylon Pylon Probe Stalker Immortal Stalker Immortal Stalker Stalker Pylon Stalker Probe Stalker Nexus RoboticsBay TwilightCouncil TemplarArchive Assimilator Zealot Gateway Probe Pylon,35,113243
306,843241,0,39922,9.73871,39922,RoboticsFacility Stalker Adept Assimilator Gateway Immortal Stalker Stalker Zealot Immortal Zealot Zealot Pylon Pylon Probe Stalker Immortal Stalker Immortal Adept Stalker Pylon Zealot Immortal RoboticsFacility Pylon Adept TwilightCouncil Assimilator Gateway Probe Stalker TemplarArchive Probe Probe,37,113468
306,844832,0,40043,9.76387,40043,RoboticsFacility Stalker Adept Assimilator Gateway Immortal Stalker Stalker Zealot Immortal Zealot Zealot Pylon Pylon Probe Stalker Immortal Stalker Immortal Adept Stalker Pylon Zealot Assimilator Immortal Zealot Gateway TwilightCouncil Nexus Pylon,36.75,113530
318,864901,0,41647,10.0356,41647,RoboticsFacility Stalker Adept Assimilator Gateway Immortal Stalker Stalker Zealot Immortal Zealot Zealot Pylon Pylon Probe Stalker Immortal Stalker Immortal Adept Adept Pylon Immortal Adept Adept Pylon Pylon Stalker Stalker Immortal Stalker Pylon Adept Probe,40.25,114517
368,904686,0,45082,10.4672,45082,RoboticsFacility Stalker Adept Assimilator Gateway Immortal Stalker Stalker Zealot Immortal Zealot Zealot Pylon Pylon Probe Stalker Immortal Stalker Immortal Adept Adept Pylon Adept Adept Pylon Immortal Adept Stalker Gateway Pylon RoboticsBay Adept Adept Pylon Assimilator,39.75,114734
381,930630,0,47398,10.9766,47398,RoboticsFacility Stalker Adept Assimilator Gateway Immortal Stalker Stalker Zealot Immortal Zealot Zealot Pylon Pylon Probe Stalker Immortal Stalker Immortal Adept Adept Pylon Adept Immortal Stalker Pylon Stalker Probe Probe Probe Adept Nexus RoboticsBay TwilightCouncil Probe,40.25,114926
393,943980,0,48748,11.2368,48748,RoboticsFacility Stalker Adept Assimilator Gateway Immortal Stalker Stalker Zealot Immortal Zealot Zealot Pylon Pylon Probe Stalker Immortal Stalker Immortal Adept Adept Pylon Adept Immortal Stalker Pylon Adept Probe Probe Stalker Stalker TwilightCouncil Assimilator Nexus,40.25,115056
393,955683,0,50031,11.4479,50031,RoboticsFacility Stalker Adept Assimilator Gateway Immortal Stalker Stalker Zealot Immortal Zealot Zealot Pylon Pylon Probe Stalker Immortal Stalker Immortal Adept Adept Pylon Adept Immortal Stalker Pylon Stalker Adept TwilightCouncil RoboticsFacility Zealot Zealot RoboticsFacility Pylon,40.25,115116
401,966386,0,51381,11.6688,51381,RoboticsFacility Stalker Adept Assimilator Gateway Immortal Stalker Stalker Zealot Immortal Zealot Zealot Pylon Pylon Probe Stalker Immortal Stalker Immortal Adept Adept Pylon Adept Immortal Stalker Pylon Stalker Stalker Nexus RoboticsBay Probe TwilightCouncil,40.75,115298
401,967842,0,51564,11.7058,51564,RoboticsFacility Stalker Adept Assimilator Gateway Immortal Stalker Stalker Zealot Immortal Zealot Zealot Pylon Pylon Probe Stalker Immortal Stalker Immortal Adept Adept Pylon Adept Immortal Stalker Pylon Stalker Stalker TwilightCouncil Immortal RoboticsBay Pylon Assimilator,40.75,115298
438,973089,0,52216,11.8166,52216,RoboticsFacility Stalker Adept Assimilator Gateway Immortal Stalker Stalker Zealot Immortal Zealot Zealot Pylon Pylon Probe Stalker Immortal Stalker Immortal Adept Adept Pylon Adept Immortal Stalker Pylon Stalker Stalker Probe Stargate Probe Zealot Gateway Pylon Stargate Assimilator,40.75,115298
438,973384,0,52253,11.8227,52253,RoboticsFacility Stalker Adept Assimilator Gateway Immortal Stalker Stalker Zealot Immortal Zealot Zealot Pylon Pylon Probe Stalker Immortal Stalker Immortal Adept Adept Pylon Adept Immortal Stalker Pylon Assimilator Stalker Stalker RoboticsBay TwilightCouncil Probe Probe Stalker,40.75,115298
438,974027,0,52334,11.8311,52334,RoboticsFacility Stalker Adept Assimilator Gateway Immortal Stalker Stalker Zealot Immortal Zealot Zealot Pylon Pylon Probe Stalker Immortal Stalker Immortal Adept Adept Pylon Adept Immortal Stalker Pylon Probe Stalker Stalker Probe Gateway Probe RoboticsBay Nexus,40.75,115298
464,1006536,0,56381,12.4844,56381,RoboticsFacility Stalker Adept Assimilator Gateway Immortal Stalker Stalker Zealot Immortal Zealot Zealot Pylon Pylon Probe Stalker Immortal Stalker Immortal Adept Adept Pylon Adept Immortal Stalker Pylon Probe Stalker Stalker Gateway Pylon Assimilator Zealot Probe Probe Zealot Pylon,40.75,115298
464,1012409,0,57175,12.5325,57175,RoboticsFacility Stalker Adept Assimilator Gateway Immortal Stalker Stalker Zealot Immortal Zealot Zealot Pylon Pylon Probe Stalker Immortal Stalker Immortal Adept Adept Pylon Adept Immortal Stalker Pylon Probe Stalker Stalker Probe Pylon Stalker Adept Pylon Probe Assimilator Gateway,40.75,115298
464,1018760,0,58044,12.6131,58044,RoboticsFacility Stalker Adept Assimilator Gateway Immortal Stalker Stalker Zealot Immortal Zealot Zealot Pylon Pylon Probe Stalker Immortal Stalker Immortal Adept Adept Pylon Adept Immortal Stalker Pylon Probe Stalker Stalker Probe Probe Assimilator TwilightCouncil Gateway Probe Gateway Pylon,40.75,115298
464,1019567,0,58164,12.6192,58164,RoboticsFacility Stalker Adept Assimilator Gateway Immortal Stalker Stalker Zealot Immortal Zealot Zealot Pylon Pylon Probe Stalker Immortal Stalker Immortal Adept Adept Pylon Adept Immortal Stalker Pylon Probe Stalker Stalker Probe Probe TwilightCouncil Probe Pylon Stalker Assimilator Gateway Probe,40.75,115298
476,1025763,0,59100,12.6922,59100,RoboticsFacility Stalker Adept Assimilator Gateway Immortal Stalker Stalker Zealot Immortal Zealot Zealot Pylon Pylon Probe Stalker Immortal Stalker Immortal Adept Adept Pylon Adept Immortal Stalker Pylon Probe Stalker Stalker Probe Pylon Probe Stalker Gateway Probe TwilightCouncil Zealot,40.75,115298
488,1033262,0,60248,12.8611,60248,RoboticsFacility Stalker Adept Assimilator Gateway Immortal Stalker Stalker Zealot Immortal Zealot Zealot Pylon Pylon Probe Stalker Immortal Stalker Immortal Adept Adept Pylon Adept Immortal Stalker Pylon Probe Stalker Stalker Probe Probe Pylon Probe Probe Stalker RoboticsBay Assimilator RoboticsFacility,40.75,115298
488,1034031,0,60369,12.8662,60369,RoboticsFacility Stalker Adept Assimilator Gateway Immortal Stalker Stalker Zealot Immortal Zealot Zealot Pylon Pylon Probe Stalker Immortal Stalker Immortal Adept Adept Pylon Adept Immortal Stalker Pylon Probe Stalker Stalker Probe Pylon Probe Probe Probe Pylon TwilightCouncil Immortal,40.75,115298
501,1056722,0,64125,13.3449,64125,RoboticsFacility Stalker Adept Assimilator Gateway Immortal Stalker Stalker Zealot Immortal Zealot Zealot Pylon Pylon Probe Stalker Immortal Stalker Immortal Adept Adept Pylon Adept Immortal Stalker Pylon Probe Stalker Stalker Probe Pylon Probe Probe RoboticsBay Probe Immortal Zealot,40.75,115298
514,1059412,0,64593,13.3989,64593,RoboticsFacility Stalker Adept Assimilator Gateway Immortal Stalker Stalker Zealot Immortal Zealot Zealot Pylon Pylon Probe Stalker Immortal Stalker Immortal Adept Adept Pylon Adept Immortal Stalker Pylon Probe Stalker Stalker Probe Pylon Probe Probe Probe Stalker Probe Assimilator Probe RoboticsFacility Zealot,40.75,115298
514,1067624,0,66035,13.5645,66035,RoboticsFacility Stalker Adept Assimilator Gateway Immortal Stalker Stalker Zealot Immortal Zealot Zealot Pylon Pylon Probe Stalker Immortal Stalker Immortal Adept Adept Pylon Adept Immortal Stalker Pylon Probe Stalker Stalker Probe Pylon Probe Probe Probe Zealot Assimilator Probe Immortal,40.75,115298
527,1077464,0,67842,13.7804,67842,RoboticsFacility Stalker Adept Assimilator Gateway Immortal Stalker Stalker Zealot Immortal Zealot Zealot Pylon Pylon Probe Stalker Immortal Stalker Immortal Adept Adept Pylon Adept Immortal Stalker Pylon Probe Stalker Stalker Probe Pylon Probe Probe Probe Stalker Probe Immortal Assimilator,40.75,115298
570,1101621,4,72980,14.1506,72980,RoboticsFacility Stalker Adept Assimilator Gateway Immortal Stalker Stalker Zealot Immortal Zealot Zealot Pylon Pylon Probe Stalker Immortal Stalker Immortal Adept Adept Pylon Adept Immortal Stalker Pylon Probe Stalker Stalker Probe Pylon Probe Probe Probe Stalker Probe Immortal Pylon,40.75,115298
