0,0,0,0,0,0, ,0,0
0,31,0,1,0.00024,1,Pylon Zealot Stalker Stargate VoidRay Probe Zealot Assimilator Pylon Stalker VoidRay FleetBeacon Mothership Gateway Zealot Pylon Zealot Stalker Carrier VoidRay Gateway Stalker TwilightCouncil Zealot Nexus Adept RoboticsFacility Gateway Assimilator Pylon,34,74120
0,730,0,23,0.018255,23,Stargate Stargate Assimilator Adept VoidRay Stalker Stalker TwilightCouncil VoidRay Pylon VoidRay VoidRay Nexus Gateway VoidRay Probe Stargate Probe Stalker Gateway Zealot Gateway Probe FleetBeacon RoboticsFacility Stargate Stalker Carrier Probe,27.5,89805
26,74817,0,2430,1.06557,2430,Stargate Adept Nexus VoidRay Zealot Stalker VoidRay Stargate Gateway VoidRay VoidRay Adept Pylon Stargate Pylon VoidRay Zealot Stalker Stalker Adept TwilightCouncil Gateway RoboticsFacility RoboticsFacility Nexus Stalker DarkShrine Nexus Probe Assimilator Assimilator,31,92310.5
42,139220,0,4636,2.01467,4636,Stargate Adept Nexus VoidRay Zealot Stargate Stalker VoidRay VoidRay VoidRay VoidRay Stalker Probe Probe VoidRay FleetBeacon Gateway Adept Nexus Zealot TwilightCouncil Gateway Gateway Pylon Probe Nexus Tempest RoboticsFacility Pylon Pylon Probe,32,95634.5
70,213223,0,7307,3.12447,7307,Stargate Adept Nexus VoidRay RoboticsFacility Stalker Immortal TwilightCouncil VoidRay Stalker Probe Assimilator Immortal VoidRay Immortal Zealot Zealot Zealot RoboticsBay Assimilator TemplarArchive RoboticsFacility FleetBeacon Gateway DarkShrine Pylon Stargate Adept Zealot,31,97128.5
106,348764,0,12636,5.36228,12636,Stargate Adept Nexus VoidRay RoboticsFacility Stalker VoidRay Adept Immortal Gateway Gateway Adept Zealot Immortal Zealot Immortal Stargate Probe Stalker Pylon VoidRay Stalker Stargate Pylon Zealot Probe Assimilator Gateway FleetBeacon RoboticsFacility Nexus,35.25,104004
136,468917,0,17861,7.37782,17861,Stargate Adept Nexus VoidRay RoboticsFacility Stalker VoidRay Adept Immortal Gateway Adept VoidRay Immortal Gateway Zealot VoidRay Stargate Assimilator Zealot Nexus Pylon Assimilator VoidRay Immortal Zealot RoboticsFacility Probe,35,105550
151,480296,0,18392,7.5687,18392,Stargate Adept Nexus VoidRay RoboticsFacility Stalker VoidRay Adept Immortal Stalker VoidRay Stalker Assimilator Immortal VoidRay Gateway Gateway VoidRay Pylon Probe Nexus Adept Stargate Gateway Pylon Stalker RoboticsBay Probe Probe,36.5,108346
151,481968,0,18472,7.59535,18472,Stargate Adept Nexus VoidRay RoboticsFacility Stalker VoidRay Adept Immortal Gateway VoidRay Pylon VoidRay Adept Immortal Gateway Stalker Zealot Immortal VoidRay FleetBeacon Adept RoboticsFacility TwilightCouncil Gateway Pylon Pylon Pylon Pylon Gateway,40.75,108540
181,578146,0,23259,9.20308,23259,Stargate Adept Nexus VoidRay RoboticsFacility Stalker VoidRay Adept Immortal Gateway VoidRay Stalker Zealot Stalker VoidRay Adept Immortal RoboticsBay Pylon Adept Stalker Zealot RoboticsFacility Stalker Assimilator Assimilator FleetBeacon RoboticsFacility Pylon Gateway Gateway Pylon,39.25,110169
181,581401,0,23431,9.25792,23431,Stargate Adept Nexus VoidRay RoboticsFacility Stalker VoidRay Adept Immortal Gateway VoidRay Immortal Adept VoidRay Stalker Pylon Stalker Immortal Nexus RoboticsBay Stargate RoboticsFacility Nexus Zealot Pylon Stalker RoboticsFacility Probe,36.25,110835
181,593472,0,24068,9.45468,24068,Stargate Adept Nexus VoidRay RoboticsFacility Stalker VoidRay Adept Immortal Gateway VoidRay Immortal Adept Stalker Probe Stalker Adept Probe Pylon Immortal TwilightCouncil Zealot VoidRay DarkShrine TemplarArchive Assimilator Gateway Nexus Nexus Assimilator Gateway,38.5,111537
193,597692,0,24305,9.53151,24305,Stargate Adept Nexus VoidRay RoboticsFacility Stalker VoidRay Adept Immortal Gateway VoidRay Immortal Adept VoidRay Stalker Adept Probe Pylon VoidRay Probe Gateway Gateway Immortal FleetBeacon TwilightCouncil Pylon Pylon Assimilator Immortal Pylon Zealot Probe Probe,39.75,111647
196,600622,0,24468,9.57801,24468,Stargate Adept Nexus VoidRay RoboticsFacility Stalker VoidRay Adept Immortal Gateway VoidRay Immortal Adept Pylon Adept Adept Immortal Stalker Stargate Adept VoidRay Zealot RoboticsFacility TwilightCouncil Assimilator RoboticsBay Gateway Gateway Pylon Pylon Pylon Gateway,39.25,112493
196,607985,0,24885,9.69786,24885,Stargate Adept Nexus VoidRay RoboticsFacility Stalker VoidRay Adept Immortal Gateway VoidRay Immortal Pylon Zealot Adept Immortal Adept Stalker TwilightCouncil Stalker Pylon Adept RoboticsFacility Immortal Pylon DarkShrine Immortal Gateway RoboticsFacility Probe Zealot Assimilator,39.5,112875
196,612792,0,25154,9.77949,25154,Stargate Adept Nexus VoidRay RoboticsFacility Stalker VoidRay Adept Immortal Gateway VoidRay Immortal Adept Pylon Zealot Adept Zealot Immortal VoidRay Adept TwilightCouncil Zealot Stargate FleetBeacon RoboticsBay Gateway Pylon Nexus Assimilator,38.25,114548
225,667550,0,28336,10.6058,28336,Stargate Adept Nexus VoidRay RoboticsFacility Stalker VoidRay Adept Immortal Gateway VoidRay Immortal Adept Pylon Stalker Stalker Immortal VoidRay Probe Zealot Gateway Stalker Assimilator Nexus Assimilator RoboticsBay Gateway FleetBeacon,39,114870
226,673376,0,28683,10.6503,28683,Stargate Adept Nexus VoidRay RoboticsFacility Stalker VoidRay Adept Immortal Gateway VoidRay Immortal Adept Pylon Zealot Zealot Immortal VoidRay Pylon Probe Adept Gateway Stalker VoidRay Probe Gateway Immortal TwilightCouncil Stargate Pylon Pylon Assimilator Assimilator,41.75,115217
226,695820,0,30026,10.883,30026,Stargate Adept Nexus VoidRay RoboticsFacility Stalker VoidRay Adept Immortal Gateway VoidRay Immortal Adept Pylon Zealot Pylon VoidRay Stalker Stalker Pylon Immortal Adept Probe VoidRay Probe RoboticsFacility Assimilator Probe Stargate Probe Probe RoboticsFacility Zealot Immortal Probe,42.5,116528
256,759295,0,34048,11.7352,34048,Stargate Adept Nexus VoidRay RoboticsFacility Stalker VoidRay Adept Immortal Gateway VoidRay Immortal Adept Pylon Zealot Pylon VoidRay Stalker Stalker Gateway Immortal Probe Stalker Stalker Stargate Adept Zealot Gateway Gateway Nexus Adept,43,117002
271,764118,0,34386,11.8137,34386,Stargate Adept Nexus VoidRay RoboticsFacility Stalker VoidRay Adept Immortal Gateway VoidRay Immortal Adept Pylon Zealot Pylon VoidRay Immortal Pylon Zealot VoidRay Zealot Immortal Stalker Adept RoboticsFacility Probe Probe Stargate Zealot Adept Pylon Probe Probe,46.5,117534
286,800079,0,37002,12.3662,37002,Stargate Adept Nexus VoidRay RoboticsFacility Stalker VoidRay Adept Immortal Gateway VoidRay Immortal Adept Pylon Zealot Pylon VoidRay Immortal Adept Adept Immortal Stalker Zealot Stalker Stalker FleetBeacon Pylon Pylon Stargate Probe Gateway,46.25,118091
286,815561,0,38216,12.5503,38216,Stargate Adept Nexus VoidRay RoboticsFacility Stalker VoidRay Adept Immortal Gateway VoidRay Immortal Adept Pylon Zealot Pylon VoidRay Immortal Adept Stalker Stalker Probe Stalker Immortal Stalker TwilightCouncil DarkShrine Gateway Pylon Pylon Pylon Pylon Assimilator,45.75,118418
316,851009,0,41176,13.0526,41176,Stargate Adept Nexus VoidRay RoboticsFacility Stalker VoidRay Adept Immortal Gateway VoidRay Immortal Adept Pylon Zealot Pylon VoidRay Immortal Adept Stalker Immortal Stalker Adept Stalker TwilightCouncil TemplarArchive Pylon Stalker Pylon Gateway Assimilator Pylon,45.25,118482
316,851029,0,41178,13.0527,41178,Stargate Adept Nexus VoidRay RoboticsFacility Stalker VoidRay Adept Immortal Gateway VoidRay Immortal Adept Pylon Zealot Pylon VoidRay Immortal Adept Stalker VoidRay Zealot Immortal Adept TwilightCouncil Assimilator Nexus TemplarArchive,46.75,118706
331,870938,0,43029,13.3255,43029,Stargate Adept Nexus VoidRay RoboticsFacility Stalker VoidRay Adept Immortal Gateway VoidRay Immortal Adept Pylon Zealot Pylon VoidRay Immortal Adept Stalker VoidRay Zealot Adept Immortal RoboticsFacility Gateway RoboticsFacility Assimilator TwilightCouncil Gateway,46.75,118740
331,880639,0,43979,13.4241,43979,Stargate Adept Nexus VoidRay RoboticsFacility Stalker VoidRay Adept Immortal Gateway VoidRay Immortal Adept Pylon Zealot Pylon VoidRay Immortal Adept Stalker VoidRay Zealot Immortal Stalker TwilightCouncil Gateway RoboticsBay Gateway Pylon Pylon,47.25,118795
331,881261,0,44042,13.4422,44042,Stargate Adept Nexus VoidRay RoboticsFacility Stalker VoidRay Adept Immortal Gateway VoidRay Immortal Adept Pylon Zealot Pylon VoidRay Immortal Adept Stalker VoidRay Zealot Immortal Stalker FleetBeacon Nexus Assimilator Assimilator,47.25,118795
346,890069,0,44971,13.5626,44971,Stargate Adept Nexus VoidRay RoboticsFacility Stalker VoidRay Adept Immortal Gateway VoidRay Immortal Adept Pylon Zealot Pylon VoidRay Immortal Adept Stalker VoidRay Zealot Stalker Stalker Stalker RoboticsBay TwilightCouncil Pylon Gateway Pylon Gateway Assimilator,47,118806
346,901055,0,46138,13.7423,46138,Stargate Adept Nexus VoidRay RoboticsFacility Stalker VoidRay Adept Immortal Gateway VoidRay Immortal Adept Pylon Zealot Pylon VoidRay Immortal Adept Stalker VoidRay Zealot Stalker Stalker Stalker TwilightCouncil RoboticsBay Nexus Assimilator Pylon,47,118806
346,901433,0,46183,13.7454,46183,Stargate Adept Nexus VoidRay RoboticsFacility Stalker VoidRay Adept Immortal Gateway VoidRay Immortal Adept Pylon Zealot Pylon VoidRay Immortal Adept Stalker VoidRay Zealot Stalker Stalker Stalker Nexus Gateway Stargate TwilightCouncil,47,118806
346,901571,0,46198,13.7505,46198,Stargate Adept Nexus VoidRay RoboticsFacility Stalker VoidRay Adept Immortal Gateway VoidRay Immortal Adept Pylon Zealot Pylon VoidRay Immortal Adept Stalker VoidRay Zealot Stalker Stalker Stalker Stargate Gateway Pylon Zealot Gateway Adept Assimilator Probe,47,118806
361,903029,0,46364,13.7775,46364,Stargate Adept Nexus VoidRay RoboticsFacility Stalker VoidRay Adept Immortal Gateway VoidRay Immortal Adept Pylon Zealot Pylon VoidRay Immortal Adept Stalker VoidRay Zealot Stalker Gateway Stalker Stalker TwilightCouncil Pylon Adept Immortal Assimilator,47,118806
361,904459,0,46528,13.7972,46528,Stargate Adept Nexus VoidRay RoboticsFacility Stalker VoidRay Adept Immortal Gateway VoidRay Immortal Adept Pylon Zealot Pylon VoidRay Immortal Adept Stalker VoidRay Zealot Stalker Stalker Stalker Pylon FleetBeacon Probe Zealot Adept Assimilator Pylon Probe,47,118806
361,912767,0,47487,13.934,47487,Stargate Adept Nexus VoidRay RoboticsFacility Stalker VoidRay Adept Immortal Gateway VoidRay Immortal Adept Pylon Zealot Pylon VoidRay Immortal Adept Stalker VoidRay Zealot Stalker Stalker Gateway Pylon Stalker Probe RoboticsBay Immortal Pylon Probe,47,118806
374,920388,0,48397,14.0641,48397,Stargate Adept Nexus VoidRay RoboticsFacility Stalker VoidRay Adept Immortal Gateway VoidRay Immortal Adept Pylon Zealot Pylon VoidRay Immortal Adept Stalker VoidRay Zealot Stalker Stalker Stalker Pylon Probe Probe RoboticsBay Zealot Gateway Zealot Assimilator Pylon,47,118806
383,934187,0,50174,14.2803,50174,Stargate Adept Nexus VoidRay RoboticsFacility Stalker VoidRay Adept Immortal Gateway VoidRay Immortal Adept Pylon Zealot Pylon VoidRay Immortal Adept Stalker VoidRay Zealot Stalker Stalker Stalker Pylon Stalker RoboticsFacility Probe Probe Probe Probe Stalker Gateway,47,118806
418,955226,0,53261,14.6199,53261,Stargate Adept Nexus VoidRay RoboticsFacility Stalker VoidRay Adept Immortal Gateway VoidRay Immortal Adept Pylon Zealot Pylon VoidRay Immortal Adept Stalker VoidRay Zealot Stalker Stalker Stalker Pylon VoidRay Pylon Probe Probe Assimilator Probe Probe TwilightCouncil,47,118806
432,971083,0,55974,14.8686,55974,Stargate Adept Nexus VoidRay RoboticsFacility Stalker VoidRay Adept Immortal Gateway VoidRay Immortal Adept Pylon Zealot Pylon VoidRay Immortal Adept Stalker VoidRay Zealot Stalker Stalker Stalker Pylon VoidRay Probe Probe Probe TwilightCouncil Gateway Assimilator,47,118806
546,1000293,5,62037,15.3241,62037,Stargate Adept Nexus VoidRay RoboticsFacility Stalker VoidRay Adept Immortal Gateway VoidRay Immortal Adept Pylon Zealot Pylon VoidRay Immortal Adept Stalker VoidRay Zealot Stalker Stalker Stalker Pylon VoidRay Probe Probe Probe TwilightCouncil Gateway Probe,47,118806
