0,0,0,0,0,0, ,0,0
0,30,0,1,0.000236,1,Adept Gateway Zealot TwilightCouncil Adept RoboticsFacility Assimilator RoboticsBay Stargate Colossus RoboticsFacility Probe Adept Stargate Zealot RoboticsFacility Stalker Immortal FleetBeacon DarkShrine RoboticsFacility Gateway Assimilator RoboticsFacility Nexus RoboticsFacility Gateway Pylon Stargate,16.25,47796
0,342,0,11,0.002478,11,RoboticsFacility Gateway Gateway Adept Assimilator Stargate Stalker Adept RoboticsFacility Stalker Zealot VoidRay FleetBeacon Carrier Stargate RoboticsBay RoboticsFacility Gateway Stalker Assimilator TwilightCouncil TemplarArchive DarkShrine Probe RoboticsFacility Gateway Stargate RoboticsFacility Pylon,18.75,62504.5
0,372,0,12,0.002701,12,RoboticsFacility Immortal Nexus Immortal Stargate Pylon VoidRay Pylon Adept VoidRay Zealot VoidRay Zealot RoboticsFacility TwilightCouncil Nexus Gateway Zealot Nexus FleetBeacon Probe Probe RoboticsFacility Pylon Stargate Assimilator Carrier Adept Assimilator,23.75,63988
0,785,0,25,0.018652,25,Pylon Zealot Assimilator RoboticsFacility Immortal Immortal Pylon Probe RoboticsBay TwilightCouncil RoboticsFacility RoboticsFacility Zealot Immortal TemplarArchive Adept Colossus Stargate VoidRay VoidRay Probe Assimilator Zealot Nexus Nexus Adept Stargate,24.5,66648.5
0,1141,0,37,0.021106,37,Stargate Pylon RoboticsFacility Assimilator Zealot VoidRay Stargate Immortal VoidRay RoboticsFacility FleetBeacon Zealot Tempest Nexus Tempest RoboticsFacility Tempest TwilightCouncil RoboticsBay Mothership Carrier Probe,26.5,77764.8
0,1822,0,58,0.025738,58,Adept RoboticsFacility Immortal Zealot Stalker Immortal Adept Immortal RoboticsBay Pylon Zealot Nexus Colossus Pylon Nexus Probe Adept Probe Stargate Adept Nexus Colossus Pylon Zealot Stargate TwilightCouncil Colossus Probe RoboticsFacility Adept Probe RoboticsFacility,31,87271.5
0,4735,0,150,0.071894,150,RoboticsFacility Zealot Immortal Probe RoboticsFacility Stalker TwilightCouncil Pylon Assimilator Stalker Adept Gateway Immortal Pylon Immortal Immortal TemplarArchive Adept RoboticsFacility DarkShrine Stalker Gateway Adept Pylon Probe Nexus Adept Adept Nexus Gateway RoboticsBay,27.5,88599.5
11,54926,0,1761,0.766102,1761,Probe Probe Probe Adept Gateway RoboticsFacility RoboticsFacility Probe Stalker Nexus Probe Stalker Zealot Stalker Gateway Immortal Adept Nexus Immortal Immortal Pylon Immortal Stargate Gateway Zealot RoboticsFacility Immortal Pylon Probe TwilightCouncil Nexus FleetBeacon Gateway Zealot DarkShrine Stargate Stalker Pylon Nexus Probe,29.5,90722.5
22,95007,0,2985,1.30687,2985,Probe Probe RoboticsFacility Probe Pylon Adept Probe Zealot Immortal Adept Pylon RoboticsFacility Adept Assimilator Immortal Immortal Immortal Assimilator Adept Immortal RoboticsBay Probe Immortal Stargate TwilightCouncil Stargate DarkShrine Gateway Gateway TemplarArchive RoboticsFacility Stargate FleetBeacon Stargate Pylon Pylon Zealot Adept Stalker,28.5,94002.5
24,106779,0,3348,1.48173,3348,Probe Stalker RoboticsFacility Pylon Zealot Immortal RoboticsFacility Pylon Adept Zealot Gateway Stalker RoboticsBay Immortal Immortal Pylon Adept Pylon Immortal Stalker Immortal Zealot Stalker RoboticsFacility Zealot Stalker Colossus Pylon Assimilator Pylon Adept Probe Pylon Gateway TwilightCouncil Pylon Stalker Stargate Zealot,40.25,112548
254,855711,0,31128,12.6833,31128,Probe Stalker RoboticsFacility Pylon Zealot Immortal RoboticsFacility Pylon Adept Zealot Gateway Stalker RoboticsBay Immortal Immortal Adept Adept Colossus Immortal Assimilator Pylon Adept Adept Probe Immortal Pylon Stalker RoboticsFacility Immortal Probe Adept Stargate Stargate Nexus Assimilator,42.25,113167
267,891303,0,32887,13.2001,32887,Probe Stalker RoboticsFacility Pylon Zealot Immortal RoboticsFacility Pylon Adept Zealot Gateway Stalker RoboticsBay Immortal Immortal Adept Pylon Zealot Immortal Immortal Zealot Immortal Immortal Adept Nexus Adept Zealot Gateway Immortal Colossus Probe RoboticsFacility Gateway,37.5,113197
275,917394,0,34200,13.5701,34200,Probe Stalker RoboticsFacility Pylon Zealot Immortal RoboticsFacility Pylon Adept Zealot Gateway Stalker RoboticsBay Immortal Immortal Adept Pylon Probe Immortal Stalker Stalker Stalker Probe Immortal Pylon Immortal Probe Zealot Probe Gateway Stalker Zealot Assimilator Stalker Gateway TwilightCouncil TemplarArchive Assimilator Nexus Pylon Gateway,41.25,115393
306,1006076,0,38732,14.8698,38732,Probe Stalker RoboticsFacility Pylon Zealot Immortal RoboticsFacility Pylon Adept Zealot Gateway Stalker RoboticsBay Immortal Immortal Adept Pylon Probe Immortal Stalker Stalker Adept Immortal Colossus Assimilator Pylon Stalker Immortal Gateway RoboticsFacility Adept Gateway Gateway Assimilator TwilightCouncil Stargate Probe,43.25,115689
306,1025927,0,39795,15.1559,39795,Probe Stalker RoboticsFacility Pylon Zealot Immortal RoboticsFacility Pylon Adept Zealot Gateway Stalker RoboticsBay Immortal Immortal Adept Pylon Probe Immortal Colossus Adept Adept Immortal Adept Gateway Pylon Immortal Adept Zealot Pylon Assimilator Pylon Stalker Probe RoboticsFacility Adept Stargate TwilightCouncil Assimilator Probe Pylon,44.5,116494
332,1085253,0,43260,16.0107,43260,Probe Stalker RoboticsFacility Pylon Zealot Immortal RoboticsFacility Pylon Adept Zealot Gateway Stalker RoboticsBay Immortal Immortal Adept Pylon Probe Immortal Colossus Adept Immortal Pylon Assimilator Stalker Zealot Immortal Adept Stalker Pylon Zealot Pylon Colossus Stargate Gateway Adept Probe,43.5,116741
332,1086513,0,43337,16.0246,43337,Probe Stalker RoboticsFacility Pylon Zealot Immortal RoboticsFacility Pylon Adept Zealot Gateway Stalker RoboticsBay Immortal Immortal Adept Pylon Probe Immortal Colossus Adept Adept Immortal Zealot Pylon Immortal Stalker Gateway Zealot Stargate RoboticsFacility Stargate Gateway TwilightCouncil Nexus Probe Assimilator,41.75,116812
345,1114221,0,45037,16.4166,45037,Probe Stalker RoboticsFacility Pylon Zealot Immortal RoboticsFacility Pylon Adept Zealot Gateway Stalker RoboticsBay Immortal Immortal Adept Pylon Probe Immortal Colossus Adept Adept Immortal Probe Pylon Stalker Immortal Pylon Immortal RoboticsFacility Zealot Adept Adept Adept TwilightCouncil Pylon Nexus Assimilator,45.75,118218
356,1132652,0,46211,16.6798,46211,Probe Stalker RoboticsFacility Pylon Zealot Immortal RoboticsFacility Pylon Adept Zealot Gateway Stalker RoboticsBay Immortal Immortal Adept Pylon Probe Immortal Colossus Adept Adept Immortal Stalker Pylon Immortal Stalker Assimilator Pylon Stalker RoboticsFacility Immortal Immortal TwilightCouncil Assimilator Pylon,47,118336
364,1171479,0,48928,17.256,48928,Probe Stalker RoboticsFacility Pylon Zealot Immortal RoboticsFacility Pylon Adept Zealot Gateway Stalker RoboticsBay Immortal Immortal Adept Pylon Probe Immortal Colossus Adept Adept Immortal Stalker Pylon Immortal Adept Stalker Pylon Zealot Stalker Gateway TwilightCouncil Pylon Nexus Stalker Probe Adept,45.5,119297
400,1214427,0,52129,17.8819,52129,Probe Stalker RoboticsFacility Pylon Zealot Immortal RoboticsFacility Pylon Adept Zealot Gateway Stalker RoboticsBay Immortal Immortal Adept Pylon Probe Immortal Colossus Adept Adept Immortal Stalker Pylon Immortal Stalker Pylon Immortal Adept Assimilator Stalker Stargate Pylon Zealot Colossus Assimilator,48.25,119796
412,1216406,0,52298,17.9099,52298,Probe Stalker RoboticsFacility Pylon Zealot Immortal RoboticsFacility Pylon Adept Zealot Gateway Stalker RoboticsBay Immortal Immortal Adept Pylon Probe Immortal Colossus Adept Adept Immortal Stalker Pylon Immortal Stalker Stalker Pylon Immortal Probe Stalker RoboticsFacility RoboticsFacility Gateway Stalker Gateway Gateway,48.75,120207
412,1222029,0,52773,17.9899,52773,Probe Stalker RoboticsFacility Pylon Zealot Immortal RoboticsFacility Pylon Adept Zealot Gateway Stalker RoboticsBay Immortal Immortal Adept Pylon Probe Immortal Colossus Adept Adept Immortal Stalker Pylon Immortal Stalker Stalker Pylon Adept Immortal Adept RoboticsFacility Stargate Gateway Probe Pylon Pylon Pylon,49.5,120390
431,1260599,0,56163,18.554,56163,Probe Stalker RoboticsFacility Pylon Zealot Immortal RoboticsFacility Pylon Adept Zealot Gateway Stalker RoboticsBay Immortal Immortal Adept Pylon Probe Immortal Colossus Adept Adept Immortal Stalker Pylon Immortal Stalker Stalker Pylon Immortal Zealot Probe Stalker Pylon Adept Adept TwilightCouncil Immortal,49.75,120485
431,1263485,0,56448,18.5878,56448,Probe Stalker RoboticsFacility Pylon Zealot Immortal RoboticsFacility Pylon Adept Zealot Gateway Stalker RoboticsBay Immortal Immortal Adept Pylon Probe Immortal Colossus Adept Adept Immortal Stalker Pylon Immortal Stalker Stalker Pylon Immortal Stalker Zealot Assimilator Assimilator RoboticsFacility TwilightCouncil RoboticsFacility Pylon,49.75,120650
474,1282051,0,58289,18.8659,58289,Probe Stalker RoboticsFacility Pylon Zealot Immortal RoboticsFacility Pylon Adept Zealot Gateway Stalker RoboticsBay Immortal Immortal Adept Pylon Probe Immortal Colossus Adept Adept Immortal Stalker Pylon Immortal Stalker Stalker Pylon Immortal Stalker Adept Nexus Gateway Pylon Assimilator Probe,50,120654
474,1284883,0,58576,18.8992,58576,Probe Stalker RoboticsFacility Pylon Zealot Immortal RoboticsFacility Pylon Adept Zealot Gateway Stalker RoboticsBay Immortal Immortal Adept Pylon Probe Immortal Colossus Adept Adept Immortal Stalker Pylon Immortal Stalker Stalker Pylon Immortal Stalker Stalker Nexus Assimilator Probe RoboticsFacility Assimilator,50.5,120706
486,1304927,0,60724,19.1897,60724,Probe Stalker RoboticsFacility Pylon Zealot Immortal RoboticsFacility Pylon Adept Zealot Gateway Stalker RoboticsBay Immortal Immortal Adept Pylon Probe Immortal Colossus Adept Adept Immortal Stalker Pylon Immortal Stalker Stalker Pylon Immortal Stalker Stalker TwilightCouncil Pylon Probe Zealot RoboticsFacility Assimilator Adept,50.5,120706
486,1308088,0,61104,19.2385,61104,Probe Stalker RoboticsFacility Pylon Zealot Immortal RoboticsFacility Pylon Adept Zealot Gateway Stalker RoboticsBay Immortal Immortal Adept Pylon Probe Immortal Colossus Adept Adept Immortal Stalker Pylon Immortal Stalker Stalker Pylon Immortal Stalker Stalker RoboticsFacility Pylon Probe Probe Stalker Assimilator Adept Pylon,50.5,120706
497,1318842,0,62440,19.3945,62440,Probe Stalker RoboticsFacility Pylon Zealot Immortal RoboticsFacility Pylon Adept Zealot Gateway Stalker RoboticsBay Immortal Immortal Adept Pylon Probe Immortal Colossus Adept Adept Immortal Stalker Pylon Immortal Stalker Stalker Pylon Immortal Stalker Stalker Probe Pylon Pylon Colossus Adept Zealot,50.5,120706
497,1323078,0,62996,19.4637,62996,Probe Stalker RoboticsFacility Pylon Zealot Immortal RoboticsFacility Pylon Adept Zealot Gateway Stalker RoboticsBay Immortal Immortal Adept Pylon Probe Immortal Colossus Adept Adept Immortal Stalker Pylon Immortal Stalker Stalker Pylon Immortal Stalker Stalker Assimilator Pylon Probe Probe Probe Probe RoboticsFacility Assimilator Adept,50.5,120706
604,1355720,0,68089,19.9137,68089,Probe Stalker RoboticsFacility Pylon Zealot Immortal RoboticsFacility Pylon Adept Zealot Gateway Stalker RoboticsBay Immortal Immortal Adept Pylon Probe Immortal Colossus Adept Adept Immortal Stalker Pylon Immortal Stalker Stalker Pylon Immortal Stalker Stalker Assimilator Pylon Probe Probe Probe TwilightCouncil Stalker Probe Assimilator,50.5,120706
617,1366258,0,70169,20.0707,70169,Probe Stalker RoboticsFacility Pylon Zealot Immortal RoboticsFacility Pylon Adept Zealot Gateway Stalker RoboticsBay Immortal Immortal Adept Pylon Probe Immortal Colossus Adept Adept Immortal Stalker Pylon Immortal Stalker Stalker Pylon Immortal Stalker Stalker Assimilator Pylon Probe Probe Pylon Probe Adept Stalker Probe,50.5,120706
630,1368198,0,70562,20.0981,70562,Probe Stalker RoboticsFacility Pylon Zealot Immortal RoboticsFacility Pylon Adept Zealot Gateway Stalker RoboticsBay Immortal Immortal Adept Pylon Probe Immortal Colossus Adept Adept Immortal Stalker Pylon Immortal Stalker Stalker Pylon Immortal Stalker Stalker Assimilator Pylon Probe Assimilator Probe Stalker Probe Stalker Probe,50.5,120706
630,1368210,0,70564,20.0982,70564,Probe Stalker RoboticsFacility Pylon Zealot Immortal RoboticsFacility Pylon Adept Zealot Gateway Stalker RoboticsBay Immortal Immortal Adept Pylon Probe Immortal Colossus Adept Adept Immortal Stalker Pylon Immortal Stalker Stalker Pylon Immortal Stalker Stalker Assimilator Pylon Probe Stalker Probe Probe Stalker TwilightCouncil,50.5,120706
630,1369135,0,70754,20.1177,70754,Probe Stalker RoboticsFacility Pylon Zealot Immortal RoboticsFacility Pylon Adept Zealot Gateway Stalker RoboticsBay Immortal Immortal Adept Pylon Probe Immortal Colossus Adept Adept Immortal Stalker Pylon Immortal Stalker Stalker Pylon Immortal Stalker Stalker Assimilator Pylon Probe Probe Probe Colossus Assimilator,50.5,120706
630,1375627,0,72074,20.2031,72074,Probe Stalker RoboticsFacility Pylon Zealot Immortal RoboticsFacility Pylon Adept Zealot Gateway Stalker RoboticsBay Immortal Immortal Adept Pylon Probe Immortal Colossus Adept Adept Immortal Stalker Pylon Immortal Stalker Stalker Pylon Immortal Stalker Stalker Assimilator Pylon Probe Probe Probe Immortal Stalker,50.5,120706
