0,0,0,0,0,0, ,0,0
0,25,0,1,0.00021,1,Nexus TwilightCouncil Adept Nexus Stalker Gateway Nexus TemplarArchive DarkShrine Stalker RoboticsFacility Pylon Assimilator Nexus Stargate Assimilator Nexus RoboticsBay Zealot Nexus DarkTemplar Stalker Probe Probe,5.75,22210.8
0,67,0,2,0.0005,2,Zealot Nexus Probe Pylon Probe Zealot Stalker Gateway TwilightCouncil Stalker Stalker Adept DarkShrine Zealot Probe DarkTemplar Stargate Probe Stargate Stargate Pylon Stalker RoboticsFacility Pylon Nexus Adept Nexus Gateway Assimilator Adept DarkTemplar Pylon Gateway Nexus Zealot Stalker Pylon RoboticsBay TemplarArchive DarkTemplar Assimilator,21.5,50063.5
0,100,0,3,0.00076,3,Probe Pylon RoboticsFacility RoboticsBay Stargate Probe Zealot RoboticsFacility Adept Nexus VoidRay FleetBeacon Assimilator Stalker Immortal Stalker Immortal VoidRay Adept Stalker Probe Pylon RoboticsFacility Immortal Colossus Gateway Stalker Tempest TwilightCouncil Gateway Immortal Probe,34.75,68815.2
0,358,0,11,0.002589,11,Adept RoboticsFacility Immortal TwilightCouncil Stalker Pylon Zealot Pylon Pylon DarkShrine RoboticsBay Gateway Immortal Nexus Immortal Zealot Adept DarkTemplar RoboticsFacility Adept DarkTemplar TemplarArchive Probe Adept Zealot Stalker Pylon Stargate Assimilator Stalker Stargate Stalker Probe Pylon Assimilator Gateway Gateway Pylon Probe,27.75,78959.5
0,6494,0,213,0.083782,213,Assimilator Gateway Stargate RoboticsFacility Adept VoidRay RoboticsFacility Immortal Immortal Gateway Gateway Immortal VoidRay TwilightCouncil Probe Pylon Stargate VoidRay Nexus TemplarArchive Assimilator RoboticsBay Zealot Zealot FleetBeacon,26.5,79372
8,10851,0,354,0.13949,354,RoboticsFacility Stalker RoboticsFacility Immortal Immortal Gateway Gateway RoboticsBay Gateway Colossus Gateway Immortal Probe Adept Stargate Gateway Pylon TwilightCouncil Gateway Stalker Zealot TemplarArchive Immortal FleetBeacon RoboticsFacility Gateway Nexus Assimilator Pylon Immortal Zealot,25.75,81308.8
10,11987,0,389,0.160234,389,Adept Stargate Zealot VoidRay Zealot Nexus RoboticsFacility Zealot VoidRay Gateway Immortal VoidRay Zealot FleetBeacon VoidRay Stalker Tempest Stargate TwilightCouncil Nexus Gateway RoboticsFacility Pylon DarkShrine Zealot Gateway Nexus,31,95715.5
72,245897,0,8315,3.47404,8315,Adept Stargate Zealot VoidRay Pylon Probe Pylon Probe Stalker VoidRay Pylon Zealot Stargate VoidRay Stalker VoidRay Probe Adept Zealot Nexus Nexus RoboticsFacility VoidRay Probe Assimilator Adept TwilightCouncil Stargate Zealot Adept RoboticsBay RoboticsFacility Assimilator FleetBeacon Probe Pylon Nexus,31.25,96119.2
72,246061,0,8321,3.48822,8321,Adept Stargate Zealot VoidRay Pylon Stargate Gateway VoidRay Assimilator Stalker VoidRay VoidRay Stargate Nexus VoidRay VoidRay Pylon Zealot VoidRay Gateway Stargate RoboticsFacility Adept Assimilator Adept Nexus,35.5,98224
113,424075,0,15055,6.09698,15055,Adept Stargate Zealot VoidRay Pylon Stargate Gateway VoidRay Pylon VoidRay Gateway Assimilator Stalker Adept Pylon VoidRay Adept VoidRay Stalker VoidRay RoboticsFacility Stargate FleetBeacon Probe Tempest TwilightCouncil Pylon Probe Probe VoidRay Stargate,32.25,103521
160,571608,0,21238,8.273,21238,Adept Stargate Zealot VoidRay Pylon Stargate Gateway VoidRay Pylon VoidRay Stalker Probe Stalker Adept Assimilator Nexus Adept Probe VoidRay VoidRay RoboticsFacility Probe VoidRay Pylon Stalker Zealot Immortal Immortal Adept RoboticsBay Stargate Gateway Stalker Probe Probe,38.75,104428
173,601186,0,22567,8.71953,22567,Adept Stargate Zealot VoidRay Pylon Stargate Gateway VoidRay Pylon VoidRay Stalker Zealot Zealot Pylon Probe Stalker Zealot VoidRay VoidRay Stalker VoidRay Stalker Pylon Pylon Pylon Stalker TwilightCouncil Gateway Assimilator Zealot TemplarArchive FleetBeacon Gateway Probe Stalker Adept Zealot Assimilator,39,106857
199,691981,0,26801,10.071,26801,Adept Stargate Zealot VoidRay Pylon Stargate Gateway VoidRay Pylon VoidRay Stalker Zealot Zealot Pylon VoidRay Stalker Pylon Assimilator Adept Adept Stalker VoidRay Adept VoidRay Nexus VoidRay RoboticsFacility Zealot Nexus,42.25,107391
221,761165,0,30204,11.0934,30204,Adept Stargate Zealot VoidRay Pylon Stargate Gateway VoidRay Pylon VoidRay Stalker Zealot Zealot Pylon VoidRay Zealot Zealot Stalker VoidRay VoidRay Stalker Zealot Stalker Nexus Nexus FleetBeacon RoboticsFacility RoboticsFacility TwilightCouncil Gateway Probe,38.25,109670
251,860890,0,35596,12.5851,35596,Adept Stargate Zealot VoidRay Pylon Stargate Gateway VoidRay Pylon VoidRay Stalker Zealot Zealot Pylon VoidRay Zealot Zealot Adept VoidRay Stalker VoidRay Stalker Pylon Zealot FleetBeacon Adept Stalker Pylon TwilightCouncil Adept Pylon Nexus Stalker Pylon Assimilator,40.75,110273
264,899880,0,37816,13.1571,37816,Adept Stargate Zealot VoidRay Pylon Stargate Gateway VoidRay Pylon VoidRay Stalker Zealot Zealot Pylon VoidRay Zealot Zealot Adept VoidRay VoidRay Adept Stalker Stalker Pylon FleetBeacon Stalker Adept Tempest Assimilator Nexus Gateway Pylon Gateway,41,110586
264,904022,0,38057,13.2268,38057,Adept Stargate Zealot VoidRay Pylon Stargate Gateway VoidRay Pylon VoidRay Stalker Zealot Zealot Pylon VoidRay Zealot Zealot Adept VoidRay Assimilator Pylon Probe Probe Stalker VoidRay VoidRay Stalker Zealot Stargate Adept RoboticsFacility Probe RoboticsFacility RoboticsBay Gateway Pylon RoboticsFacility Assimilator,43,113120
290,963137,0,42081,14.092,42081,Adept Stargate Zealot VoidRay Pylon Stargate Gateway VoidRay Pylon VoidRay Stalker Zealot Zealot Pylon VoidRay Zealot Zealot Adept VoidRay Assimilator Pylon Stalker VoidRay Stalker VoidRay Stargate Probe Probe Stalker Adept Probe TwilightCouncil Nexus Gateway,43.75,113327
303,969197,0,42550,14.1899,42550,Adept Stargate Zealot VoidRay Pylon Stargate Gateway VoidRay Pylon VoidRay Stalker Zealot Zealot Pylon VoidRay Zealot Zealot Adept VoidRay Assimilator Pylon VoidRay Adept Probe Stalker Stalker VoidRay Assimilator VoidRay Gateway Gateway RoboticsFacility Stargate,46,113622
314,990225,0,44221,14.5009,44221,Adept Stargate Zealot VoidRay Pylon Stargate Gateway VoidRay Pylon VoidRay Stalker Zealot Zealot Pylon VoidRay Zealot Zealot Adept VoidRay Assimilator Pylon VoidRay Stalker VoidRay Stalker VoidRay Stalker TwilightCouncil Nexus Assimilator Pylon Probe,46.5,114723
342,1039147,0,48703,15.2134,48703,Adept Stargate Zealot VoidRay Pylon Stargate Gateway VoidRay Pylon VoidRay Stalker Zealot Zealot Pylon VoidRay Zealot Zealot Adept VoidRay Assimilator Pylon VoidRay Stalker VoidRay Stalker Stalker VoidRay Probe Gateway RoboticsFacility Pylon Zealot Adept Gateway,46.5,114780
355,1059108,0,50890,15.5012,50890,Adept Stargate Zealot VoidRay Pylon Stargate Gateway VoidRay Pylon VoidRay Stalker Zealot Zealot Pylon VoidRay Zealot Zealot Adept VoidRay Assimilator Pylon VoidRay Stalker VoidRay Stalker Stalker VoidRay Pylon Stargate Stargate Probe VoidRay Assimilator,46.5,114780
355,1061008,0,51107,15.5408,51107,Adept Stargate Zealot VoidRay Pylon Stargate Gateway VoidRay Pylon VoidRay Stalker Zealot Zealot Pylon VoidRay Zealot Zealot Adept VoidRay Assimilator Pylon VoidRay Stalker VoidRay Stalker VoidRay Pylon Stalker Zealot Probe FleetBeacon Stalker Assimilator Probe,47.5,114801
355,1063402,0,51377,15.5709,51377,Adept Stargate Zealot VoidRay Pylon Stargate Gateway VoidRay Pylon VoidRay Stalker Zealot Zealot Pylon VoidRay Zealot Zealot Adept VoidRay Assimilator Pylon VoidRay Stalker VoidRay Stalker Stalker VoidRay Pylon Stalker Adept Stargate Stargate Gateway,49.5,114945
368,1072591,0,52479,15.7023,52479,Adept Stargate Zealot VoidRay Pylon Stargate Gateway VoidRay Pylon VoidRay Stalker Zealot Zealot Pylon VoidRay Zealot Zealot Adept VoidRay Assimilator Pylon VoidRay Stalker VoidRay Stalker Stalker VoidRay Pylon Zealot Zealot Stargate Gateway Stargate,48.5,115018
377,1089946,0,54835,15.9402,54835,Adept Stargate Zealot VoidRay Pylon Stargate Gateway VoidRay Pylon VoidRay Stalker Zealot Zealot Pylon VoidRay Zealot Zealot Adept VoidRay Assimilator Pylon VoidRay Stalker VoidRay Stalker Stalker VoidRay Pylon Zealot Zealot Stalker FleetBeacon Probe,48.5,115018
377,1090635,0,54942,15.9579,54942,Adept Stargate Zealot VoidRay Pylon Stargate Gateway VoidRay Pylon VoidRay Stalker Zealot Zealot Pylon VoidRay Zealot Zealot Adept VoidRay Assimilator Pylon VoidRay Stalker VoidRay Stalker Stalker VoidRay Pylon Zealot Zealot Zealot Stalker Pylon TwilightCouncil,48.5,115018
390,1104347,0,57191,16.1442,57191,Adept Stargate Zealot VoidRay Pylon Stargate Gateway VoidRay Pylon VoidRay Stalker Zealot Zealot Pylon VoidRay Zealot Zealot Adept VoidRay Assimilator Pylon VoidRay Stalker VoidRay Stalker Stalker VoidRay Pylon Zealot Zealot Probe Stalker Pylon Pylon Adept,48.5,115018
390,1109734,0,58120,16.2213,58120,Adept Stargate Zealot VoidRay Pylon Stargate Gateway VoidRay Pylon VoidRay Stalker Zealot Zealot Pylon VoidRay Zealot Zealot Adept VoidRay Assimilator Pylon VoidRay Stalker VoidRay Stalker Stalker VoidRay Pylon Zealot Zealot Pylon Assimilator Probe VoidRay,48.5,115018
390,1109877,0,58146,16.2224,58146,Adept Stargate Zealot VoidRay Pylon Stargate Gateway VoidRay Pylon VoidRay Stalker Zealot Zealot Pylon VoidRay Zealot Zealot Adept VoidRay Assimilator Pylon VoidRay Stalker VoidRay Stalker Stalker VoidRay Pylon Zealot Zealot Probe Probe Probe Gateway Zealot Pylon,48.5,115018
416,1122685,0,60632,16.4046,60632,Adept Stargate Zealot VoidRay Pylon Stargate Gateway VoidRay Pylon VoidRay Stalker Zealot Zealot Pylon VoidRay Zealot Zealot Adept VoidRay Assimilator Pylon VoidRay Stalker VoidRay Stalker Stalker VoidRay Pylon Zealot Zealot Probe Assimilator Probe Probe Gateway Adept,48.5,115018
416,1124114,0,60931,16.4138,60931,Adept Stargate Zealot VoidRay Pylon Stargate Gateway VoidRay Pylon VoidRay Stalker Zealot Zealot Pylon VoidRay Zealot Zealot Adept VoidRay Assimilator Pylon VoidRay Stalker VoidRay Stalker Stalker VoidRay Pylon Zealot Zealot Probe Probe Probe Stalker TwilightCouncil Pylon,48.5,115018
432,1133023,3,62880,16.538,62880,Adept Stargate Zealot VoidRay Pylon Stargate Gateway VoidRay Pylon VoidRay Stalker Zealot Zealot Pylon VoidRay Zealot Zealot Adept VoidRay Assimilator Pylon VoidRay Stalker VoidRay Stalker Stalker VoidRay Pylon Zealot Zealot Probe Probe Probe Probe Assimilator Stargate Pylon,48.5,115018
444,1139265,4,64310,16.6185,64310,Adept Stargate Zealot VoidRay Pylon Stargate Gateway VoidRay Pylon VoidRay Stalker Zealot Zealot Pylon VoidRay Zealot Zealot Adept VoidRay Assimilator Pylon VoidRay Stalker VoidRay Stalker Stalker VoidRay Pylon Zealot Zealot Probe Probe Probe Probe Stargate RoboticsFacility,48.5,115018
444,1141697,4,64886,16.647,64886,Adept Stargate Zealot VoidRay Pylon Stargate Gateway VoidRay Pylon VoidRay Stalker Zealot Zealot Pylon VoidRay Zealot Zealot Adept VoidRay Assimilator Pylon VoidRay Stalker VoidRay Stalker Stalker VoidRay Pylon Zealot Zealot Probe Probe Probe Probe FleetBeacon,48.5,115018
444,1146187,4,65955,16.7017,65955,Adept Stargate Zealot VoidRay Pylon Stargate Gateway VoidRay Pylon VoidRay Stalker Zealot Zealot Pylon VoidRay Zealot Zealot Adept VoidRay Assimilator Pylon VoidRay Stalker VoidRay Stalker Stalker VoidRay Pylon Zealot Zealot Probe Probe Pylon Probe Probe Stalker Zealot,48.5,115018
458,1150614,7,67137,16.7719,67137,Adept Stargate Zealot VoidRay Pylon Stargate Gateway VoidRay Pylon VoidRay Stalker Zealot Zealot Pylon VoidRay Zealot Zealot Adept VoidRay Assimilator Pylon VoidRay Stalker VoidRay Stalker Stalker VoidRay Pylon Zealot Zealot Probe Probe Pylon Probe Probe Stalker Adept,48.5,115018
