0,0,0,0,0,0, ,0,0
0,25,0,1,0.000217,1,Adept Nexus Pylon Zealot Stargate Zealot Assimilator RoboticsFacility RoboticsFacility Pylon Immortal Nexus Stalker Assimilator RoboticsFacility VoidRay Nexus VoidRay Stalker TwilightCouncil Zealot VoidRay Stalker Probe,19.5,49007
0,102,0,3,0.000785,3,Zealot Zealot Adept Probe TwilightCouncil Probe Nexus Stalker Stargate Stargate Gateway TemplarArchive Probe DarkShrine Gateway Zealot Nexus VoidRay Zealot Zealot Gateway DarkTemplar Stalker Stargate Stargate Pylon VoidRay VoidRay VoidRay Gateway Gateway Pylon Probe Probe Nexus Probe Zealot Gateway Assimilator Probe,20.25,52980.5
0,190,0,6,0.009405,6,Nexus Stalker Stalker Adept Nexus Probe Stargate VoidRay Stalker Stargate Adept Nexus Nexus Stargate Stalker Zealot VoidRay Adept Stalker Adept Nexus Nexus Stargate RoboticsFacility Assimilator VoidRay Gateway Pylon,21.5,55359.5
0,252,0,8,0.009901,8,Assimilator Gateway RoboticsFacility Gateway Stalker Pylon RoboticsBay Pylon Zealot Stalker Stalker Immortal Nexus Immortal Immortal RoboticsFacility Stalker TwilightCouncil Stargate Zealot DarkShrine TemplarArchive VoidRay VoidRay Stargate Gateway Probe,24.25,64087.5
0,290,0,9,0.010198,9,Gateway Probe Gateway Stargate VoidRay Stalker Adept Pylon Gateway TwilightCouncil Pylon VoidRay VoidRay Gateway Nexus Zealot Probe Pylon Gateway FleetBeacon Pylon TemplarArchive Adept Carrier Adept RoboticsFacility Zealot Nexus Tempest Zealot Zealot Probe Pylon Stalker Probe Adept Assimilator,25.5,65404.5
0,479,0,15,0.011569,15,Probe RoboticsFacility Immortal Stalker RoboticsBay Probe Stalker TwilightCouncil Assimilator Pylon Pylon Gateway TemplarArchive Probe Probe DarkShrine Gateway Immortal Gateway Colossus Gateway Assimilator DarkTemplar Colossus Gateway Adept Stargate Probe DarkTemplar Adept Stargate DarkTemplar Stargate Stargate Gateway FleetBeacon Pylon,31,66624.5
0,1249,0,39,0.034973,39,Adept Probe Zealot Probe RoboticsFacility Stalker Gateway Zealot Stalker Zealot Adept Probe RoboticsBay Immortal Probe Pylon Pylon Assimilator Stalker Immortal Gateway Stargate Adept Gateway Adept Immortal Zealot Gateway Gateway Assimilator Pylon VoidRay VoidRay FleetBeacon Gateway RoboticsFacility Stargate Stargate Stargate,29.5,75180
0,2841,0,89,0.065542,89,Stargate TwilightCouncil Probe Pylon Adept VoidRay Adept Stalker Pylon Assimilator Adept TemplarArchive Gateway Pylon VoidRay RoboticsFacility VoidRay DarkShrine Adept Stalker Zealot Zealot Adept RoboticsFacility Nexus Gateway Nexus DarkTemplar Adept Nexus Assimilator Probe,27.5,76565.2
3,9538,0,308,0.199058,308,RoboticsFacility Stalker Pylon Stalker Stargate VoidRay Gateway Gateway RoboticsBay Probe Zealot Adept VoidRay Nexus Probe Colossus Adept Probe Nexus TwilightCouncil Immortal Stalker Pylon Assimilator Assimilator RoboticsFacility RoboticsFacility RoboticsFacility Stalker RoboticsFacility FleetBeacon Zealot Stargate Probe,27.25,79173.5
3,9664,0,312,0.208978,312,RoboticsFacility RoboticsBay Nexus Pylon Immortal RoboticsFacility Immortal Zealot Stargate Zealot Immortal VoidRay Adept Immortal Probe RoboticsFacility Probe Assimilator Adept RoboticsFacility Immortal VoidRay VoidRay Zealot Gateway Assimilator FleetBeacon Pylon Immortal,32.25,85166.8
4,10024,0,324,0.211474,324,RoboticsFacility Stalker Immortal Nexus Stalker Immortal Pylon Adept Pylon RoboticsFacility Immortal Adept Immortal RoboticsFacility RoboticsFacility Stalker TwilightCouncil Stargate RoboticsFacility Gateway TemplarArchive Pylon Pylon Stalker Stalker Pylon Zealot FleetBeacon Pylon Probe Stalker Gateway Gateway Probe,26.25,88527.2
11,37104,0,1193,0.692722,1193,Stalker RoboticsFacility Pylon Probe Stalker Probe Stalker Adept RoboticsBay Immortal Nexus Pylon RoboticsFacility Immortal Stalker Zealot Immortal Assimilator RoboticsFacility Immortal Zealot Pylon Adept Adept Immortal Adept Colossus RoboticsFacility TwilightCouncil Pylon Nexus Immortal Assimilator,31.5,88660
11,45177,0,1451,0.813402,1451,RoboticsFacility Adept Stargate Adept Immortal Zealot Assimilator Immortal VoidRay RoboticsFacility Zealot Stalker Probe Assimilator RoboticsFacility Pylon Adept RoboticsFacility VoidRay Gateway Pylon Zealot RoboticsBay TwilightCouncil Immortal FleetBeacon Pylon Probe Stargate,27.75,91070.5
22,64254,0,2077,1.10328,2077,RoboticsFacility Adept Gateway Stargate VoidRay Zealot Nexus Immortal Adept TwilightCouncil RoboticsFacility VoidRay Stalker Stalker Immortal Immortal Stalker FleetBeacon Pylon Probe Zealot Adept Mothership Assimilator Pylon Nexus Probe Assimilator Pylon Pylon Pylon Assimilator,30.25,92412.2
26,113216,0,3718,1.93906,3718,RoboticsFacility Stalker Immortal Stargate Adept Immortal Stalker VoidRay TwilightCouncil Gateway Immortal Pylon Stalker FleetBeacon Immortal RoboticsBay Gateway Assimilator DarkShrine Probe Pylon Adept Zealot Stalker Stalker Assimilator Nexus TemplarArchive Pylon Zealot Tempest,29.5,93803.5
27,121903,0,4008,2.07762,4008,RoboticsFacility Stalker Stalker Probe Immortal Assimilator RoboticsBay Adept Probe Stalker Pylon Colossus RoboticsFacility Colossus Gateway Stargate Zealot Assimilator Pylon Immortal VoidRay Stargate Nexus Pylon Colossus Gateway Adept TwilightCouncil Probe,29,94864.5
38,126626,0,4170,2.15011,4170,RoboticsFacility Stalker Stalker Pylon Assimilator Immortal RoboticsBay Pylon RoboticsFacility Immortal Immortal Immortal Colossus Adept TwilightCouncil Probe Adept Nexus Colossus Stargate Assimilator Nexus Nexus,31,95615
39,162046,0,5384,2.69688,5384,RoboticsFacility Stalker Gateway Zealot Pylon Immortal RoboticsBay Probe Immortal Adept RoboticsFacility Zealot Immortal Gateway Colossus Pylon Colossus Adept Probe Adept TwilightCouncil Probe Assimilator Pylon Colossus Stargate Gateway Probe Stargate Nexus Assimilator Nexus Gateway Probe,33.75,99746.5
66,292189,0,9965,4.80165,9965,RoboticsFacility Stalker Gateway Zealot Gateway Immortal Pylon Pylon Pylon Immortal Adept Stalker Stalker RoboticsBay Adept Immortal Gateway Adept Stalker Zealot Zealot Stalker Nexus Zealot Colossus Gateway Colossus Assimilator Nexus Gateway Stalker Pylon,32.75,103354
105,439169,0,15625,7.19367,15625,RoboticsFacility Stalker Gateway Zealot Gateway Immortal Pylon RoboticsFacility Stalker Immortal RoboticsFacility Immortal Stalker Stalker Immortal Pylon Stalker Immortal Probe Adept Immortal Stargate TwilightCouncil RoboticsFacility TemplarArchive RoboticsBay Pylon Gateway Nexus Pylon Assimilator Gateway Assimilator,33.5,111748
198,718341,0,28112,11.833,28112,RoboticsFacility Stalker Gateway Zealot Gateway Immortal Pylon RoboticsFacility Stalker Immortal RoboticsFacility Immortal Stalker Stalker Immortal Immortal Pylon Zealot Pylon Immortal TwilightCouncil Zealot Gateway Adept Assimilator RoboticsBay Adept Nexus Immortal Stargate,35,111882
209,732438,0,28851,12.0383,28851,RoboticsFacility Stalker Gateway Zealot Gateway Immortal Pylon RoboticsFacility Stalker Immortal RoboticsFacility Immortal Stalker Stalker Immortal Pylon Immortal Immortal Pylon Assimilator Stalker Assimilator Zealot Pylon Zealot Zealot RoboticsFacility Stalker RoboticsBay RoboticsFacility Stalker Probe,37,113646
209,746153,0,29566,12.3471,29566,RoboticsFacility Stalker Gateway Zealot Gateway Immortal Pylon RoboticsFacility Stalker Immortal RoboticsFacility Immortal Stalker Stalker Probe Pylon Adept Pylon Adept Adept Immortal Stalker Immortal Gateway RoboticsFacility Stalker Zealot Stalker TwilightCouncil Pylon Adept RoboticsFacility Probe Gateway Assimilator Assimilator Pylon RoboticsFacility Probe Probe,38,113659
235,803161,0,32466,13.3147,32466,RoboticsFacility Stalker Gateway Zealot Gateway Immortal Pylon RoboticsFacility Stalker Immortal RoboticsFacility Immortal Stalker Stalker Probe Pylon Immortal Immortal Pylon Stalker RoboticsBay Adept Stalker Immortal Probe Zealot Zealot Nexus RoboticsFacility Pylon TwilightCouncil RoboticsFacility Zealot Gateway Gateway,37.25,113752
248,838667,0,34327,13.7502,34327,RoboticsFacility Stalker Gateway Zealot Gateway Immortal Pylon RoboticsFacility Stalker Immortal RoboticsFacility Immortal Stalker Stalker Probe Pylon Immortal Adept Stalker Zealot Probe Immortal Assimilator Pylon Stalker Stalker Stalker Adept RoboticsFacility Nexus Nexus Stargate Assimilator Probe,37.25,114506
248,842461,0,34541,13.8391,34541,RoboticsFacility Stalker Gateway Zealot Gateway Immortal Pylon RoboticsFacility Stalker Immortal RoboticsFacility Immortal Stalker Stalker Probe Pylon Immortal Immortal Immortal Adept Assimilator Pylon Adept Probe Immortal Pylon Adept Immortal Probe Probe Gateway Gateway Assimilator Stalker Gateway Probe,41.75,115274
261,878077,0,36600,14.4285,36600,RoboticsFacility Stalker Gateway Zealot Gateway Immortal Pylon RoboticsFacility Stalker Immortal RoboticsFacility Immortal Stalker Stalker Probe Pylon Immortal Immortal Pylon Stalker Zealot Immortal Adept Immortal RoboticsBay Assimilator Gateway Zealot Stargate FleetBeacon TwilightCouncil Pylon Assimilator,39.25,115868
261,893759,0,37559,14.6737,37559,RoboticsFacility Stalker Gateway Zealot Gateway Immortal Pylon RoboticsFacility Stalker Immortal RoboticsFacility Immortal Stalker Stalker Probe Pylon Immortal Immortal Pylon Adept Adept Stalker Immortal Stalker Probe TwilightCouncil Stalker Probe RoboticsFacility Stargate RoboticsFacility RoboticsBay Pylon Nexus Gateway Assimilator,38.25,116043
261,899665,0,37919,14.7639,37919,RoboticsFacility Stalker Gateway Zealot Gateway Immortal Pylon RoboticsFacility Stalker Immortal RoboticsFacility Immortal Stalker Stalker Probe Pylon Immortal Immortal Immortal Pylon Immortal Stalker Probe Zealot Zealot Pylon Zealot Stargate Stargate Assimilator Zealot Stargate Probe Probe FleetBeacon Assimilator Adept,40,116611
261,902293,0,38095,14.8071,38095,RoboticsFacility Stalker Gateway Zealot Gateway Immortal Pylon RoboticsFacility Stalker Immortal RoboticsFacility Immortal Stalker Stalker Probe Pylon Immortal Immortal Immortal Pylon Immortal Stalker Stalker Zealot Assimilator Gateway Zealot Assimilator RoboticsBay Nexus Stargate,39.75,117347
274,930222,0,40017,15.2455,40017,RoboticsFacility Stalker Gateway Zealot Gateway Immortal Pylon RoboticsFacility Stalker Immortal RoboticsFacility Immortal Stalker Stalker Probe Pylon Immortal Immortal Immortal Pylon Adept Adept Immortal Adept Adept Pylon Zealot RoboticsFacility Stalker Zealot RoboticsBay TwilightCouncil Probe RoboticsFacility Assimilator Gateway Probe,43,118680
300,967013,0,42617,15.9012,42617,RoboticsFacility Stalker Gateway Zealot Gateway Immortal Pylon RoboticsFacility Stalker Immortal RoboticsFacility Immortal Stalker Stalker Probe Pylon Immortal Immortal Immortal Pylon Adept Immortal Pylon Stalker Immortal Stalker Assimilator Adept Zealot Assimilator Adept TwilightCouncil RoboticsFacility Pylon,45,118764
313,1001007,0,45250,16.5138,45250,RoboticsFacility Stalker Gateway Zealot Gateway Immortal Pylon RoboticsFacility Stalker Immortal RoboticsFacility Immortal Stalker Stalker Probe Pylon Immortal Immortal Immortal Pylon Adept Immortal Adept Adept Stalker Pylon Stargate Adept Stalker Stargate Gateway Assimilator Stargate Assimilator Probe Pylon Probe,42.75,118776
313,1010181,0,46019,16.6416,46019,RoboticsFacility Stalker Gateway Zealot Gateway Immortal Pylon RoboticsFacility Stalker Immortal RoboticsFacility Immortal Stalker Stalker Probe Pylon Immortal Immortal Immortal Pylon Adept Immortal Adept Stalker Stalker Pylon Stalker Immortal Zealot Gateway Gateway Pylon Pylon Pylon Assimilator,46.75,119568
346,1061688,0,50879,17.3629,50879,RoboticsFacility Stalker Gateway Zealot Gateway Immortal Pylon RoboticsFacility Stalker Immortal RoboticsFacility Immortal Stalker Stalker Probe Pylon Immortal Immortal Immortal Pylon Adept Immortal Adept Stalker Stalker Pylon Stalker Gateway Stalker Adept Stargate Zealot Gateway Assimilator Gateway Assimilator,45,119626
346,1062549,0,50974,17.3688,50974,RoboticsFacility Stalker Gateway Zealot Gateway Immortal Pylon RoboticsFacility Stalker Immortal RoboticsFacility Immortal Stalker Stalker Probe Pylon Immortal Immortal Immortal Pylon Adept Immortal Adept Stalker Stalker Pylon Stalker Stalker Zealot Pylon Gateway Pylon Pylon RoboticsBay Zealot RoboticsFacility,44.75,119910
388,1076552,0,52475,17.597,52475,RoboticsFacility Stalker Gateway Zealot Gateway Immortal Pylon RoboticsFacility Stalker Immortal RoboticsFacility Immortal Stalker Stalker Probe Pylon Immortal Immortal Immortal Pylon Adept Immortal Adept Stalker Stalker Pylon Stalker Stalker Adept Assimilator Stalker Assimilator Gateway Pylon RoboticsBay Zealot,45,119926
388,1091988,0,54113,17.7958,54113,RoboticsFacility Stalker Gateway Zealot Gateway Immortal Pylon RoboticsFacility Stalker Immortal RoboticsFacility Immortal Stalker Stalker Probe Pylon Immortal Immortal Immortal Pylon Adept Immortal Adept Stalker Stalker Pylon Stalker Stalker Stalker RoboticsBay Zealot Gateway Gateway TwilightCouncil Assimilator,45.5,120086
401,1093693,0,54308,17.8092,54308,RoboticsFacility Stalker Gateway Zealot Gateway Immortal Pylon RoboticsFacility Stalker Immortal RoboticsFacility Immortal Stalker Stalker Probe Pylon Immortal Immortal Immortal Pylon Adept Immortal Adept Stalker Stalker Pylon Stalker Probe Stalker Stalker RoboticsFacility RoboticsBay Stargate Probe Gateway Pylon Assimilator,45.5,120086
401,1096224,0,54602,17.8327,54602,RoboticsFacility Stalker Gateway Zealot Gateway Immortal Pylon RoboticsFacility Stalker Immortal RoboticsFacility Immortal Stalker Stalker Probe Pylon Immortal Immortal Immortal Pylon Adept Immortal Adept Stalker Stalker Pylon Stalker Stalker Probe Stalker Nexus TwilightCouncil Stargate Pylon,45.5,120086
401,1101756,0,55235,17.8732,55235,RoboticsFacility Stalker Gateway Zealot Gateway Immortal Pylon RoboticsFacility Stalker Immortal RoboticsFacility Immortal Stalker Stalker Probe Pylon Immortal Immortal Immortal Pylon Adept Immortal Adept Stalker Stalker Pylon Stalker Probe Stalker Stalker TwilightCouncil RoboticsBay Pylon Stalker Adept Gateway Probe,45.5,120086
401,1108778,0,56044,17.9247,56044,RoboticsFacility Stalker Gateway Zealot Gateway Immortal Pylon RoboticsFacility Stalker Immortal RoboticsFacility Immortal Stalker Stalker Probe Pylon Immortal Immortal Immortal Pylon Adept Immortal Adept Stalker Stalker Pylon Stalker Probe Stalker Stalker Probe Nexus Pylon Assimilator TwilightCouncil Assimilator,45.5,120086
414,1123720,0,57755,18.2526,57755,RoboticsFacility Stalker Gateway Zealot Gateway Immortal Pylon RoboticsFacility Stalker Immortal RoboticsFacility Immortal Stalker Stalker Probe Pylon Immortal Immortal Immortal Pylon Adept Immortal Adept Stalker Stalker Pylon Stalker Probe Stalker Stalker Probe Nexus Assimilator RoboticsBay Gateway,45.5,120086
414,1125851,0,58005,18.3125,58005,RoboticsFacility Stalker Gateway Zealot Gateway Immortal Pylon RoboticsFacility Stalker Immortal RoboticsFacility Immortal Stalker Stalker Probe Pylon Immortal Immortal Immortal Pylon Adept Immortal Adept Stalker Stalker Pylon Stalker Probe Stalker Stalker Stargate Pylon Pylon Probe Probe RoboticsBay TwilightCouncil Assimilator,45.5,120086
414,1125948,0,58017,18.3132,58017,RoboticsFacility Stalker Gateway Zealot Gateway Immortal Pylon RoboticsFacility Stalker Immortal RoboticsFacility Immortal Stalker Stalker Probe Pylon Immortal Immortal Immortal Pylon Adept Immortal Adept Stalker Stalker Pylon Stalker Probe Stalker Stalker Probe Pylon Nexus Probe Stalker Zealot,45.5,120086
426,1141955,0,60030,18.6133,60030,RoboticsFacility Stalker Gateway Zealot Gateway Immortal Pylon RoboticsFacility Stalker Immortal RoboticsFacility Immortal Stalker Stalker Probe Pylon Immortal Immortal Immortal Pylon Adept Immortal Adept Stalker Stalker Pylon Stalker Probe Stalker Stalker Probe Pylon RoboticsFacility RoboticsFacility Probe Probe RoboticsFacility Gateway,45.5,120086
435,1148672,0,60984,18.7976,60984,RoboticsFacility Stalker Gateway Zealot Gateway Immortal Pylon RoboticsFacility Stalker Immortal RoboticsFacility Immortal Stalker Stalker Probe Pylon Immortal Immortal Immortal Pylon Adept Immortal Adept Stalker Stalker Pylon Stalker Probe Stalker Stalker Probe Pylon Probe Probe Stargate Adept Gateway Stalker Assimilator,45.5,120086
435,1150853,0,61291,18.8424,61291,RoboticsFacility Stalker Gateway Zealot Gateway Immortal Pylon RoboticsFacility Stalker Immortal RoboticsFacility Immortal Stalker Stalker Probe Pylon Immortal Immortal Immortal Pylon Adept Immortal Adept Stalker Stalker Pylon Stalker Probe Stalker Stalker Pylon Probe Probe RoboticsBay Probe Stalker Pylon Zealot Adept,45.5,120086
435,1156213,0,62052,18.9594,62052,RoboticsFacility Stalker Gateway Zealot Gateway Immortal Pylon RoboticsFacility Stalker Immortal RoboticsFacility Immortal Stalker Stalker Probe Pylon Immortal Immortal Immortal Pylon Adept Immortal Adept Stalker Stalker Pylon Stalker Probe Stalker Stalker Pylon Probe Stalker Probe Adept Probe Adept Stargate Pylon,45.5,120086
461,1173292,0,64718,19.2982,64718,RoboticsFacility Stalker Gateway Zealot Gateway Immortal Pylon RoboticsFacility Stalker Immortal RoboticsFacility Immortal Stalker Stalker Probe Pylon Immortal Immortal Immortal Pylon Adept Immortal Adept Stalker Stalker Pylon Stalker Probe Stalker Stalker Pylon Probe Adept RoboticsBay Probe Assimilator Probe Immortal,45.5,120086
461,1180899,0,65946,19.4571,65946,RoboticsFacility Stalker Gateway Zealot Gateway Immortal Pylon RoboticsFacility Stalker Immortal RoboticsFacility Immortal Stalker Stalker Probe Pylon Immortal Immortal Immortal Pylon Adept Immortal Adept Stalker Stalker Pylon Stalker Probe Stalker Stalker Pylon Probe Stalker Probe Stargate Probe Immortal,45.5,120086
487,1196785,0,68945,19.7267,68945,RoboticsFacility Stalker Gateway Zealot Gateway Immortal Pylon RoboticsFacility Stalker Immortal RoboticsFacility Immortal Stalker Stalker Probe Pylon Immortal Immortal Immortal Pylon Adept Immortal Adept Stalker Stalker Pylon Stalker Probe Stalker Stalker Pylon Probe Stalker Probe Probe Pylon Immortal Zealot,45.5,120086
500,1204901,0,70556,19.8495,70556,RoboticsFacility Stalker Gateway Zealot Gateway Immortal Pylon RoboticsFacility Stalker Immortal RoboticsFacility Immortal Stalker Stalker Probe Pylon Immortal Immortal Immortal Pylon Adept Immortal Adept Stalker Stalker Pylon Stalker Probe Stalker Stalker Pylon Probe Stalker Probe Probe Pylon Adept Immortal,45.5,120086
