0,0,0,0,0,0, ,0,0
0,40,0,1,0.000343,1,Gateway Stalker Probe Nexus Probe RoboticsFacility Stargate Adept RoboticsFacility Stargate Stargate Pylon Stargate Adept Pylon FleetBeacon VoidRay Gateway Immortal Carrier Stalker Stargate Stalker Nexus Zealot Zealot Pylon Gateway Nexus Assimilator Probe Pylon Probe Pylon Probe Probe Probe Pylon Probe,13.75,32551
0,105,0,3,0.005819,3,Nexus Probe Pylon Stargate Stargate Adept Gateway Gateway Gateway Assimilator VoidRay Adept Gateway Assimilator VoidRay Pylon TwilightCouncil Pylon FleetBeacon Stargate Stalker TemplarArchive Tempest Probe Zealot Zealot Stargate Adept Pylon Adept Probe Probe,18.5,44262.2
0,144,0,4,0.00611,4,Probe Pylon RoboticsFacility Probe Nexus Stalker Adept TwilightCouncil Gateway Immortal Zealot Adept Pylon Stalker RoboticsFacility RoboticsBay Nexus TemplarArchive Zealot Assimilator Stalker Probe Stargate Zealot Adept Gateway Adept Probe Immortal Colossus Colossus Zealot Pylon Colossus Adept Gateway Probe Adept,26.75,64536
0,511,0,15,0.008753,15,RoboticsFacility Pylon Stalker Zealot Stargate Adept Assimilator Adept TwilightCouncil Stalker Immortal VoidRay Adept Gateway Stargate Adept VoidRay DarkShrine DarkTemplar Zealot Gateway Stargate Stargate Stargate RoboticsFacility Pylon Stargate Zealot Pylon VoidRay DarkTemplar TemplarArchive Probe,24.75,67132.5
0,959,0,29,0.016928,29,Pylon Stargate RoboticsFacility Probe Immortal Immortal Stalker Probe VoidRay RoboticsFacility Gateway Adept Immortal Zealot FleetBeacon VoidRay Assimilator Zealot Stargate Gateway Gateway Pylon Adept RoboticsBay Colossus Assimilator TwilightCouncil RoboticsFacility RoboticsFacility RoboticsFacility RoboticsFacility Probe Nexus,25.5,75609.5
0,2532,0,78,0.041938,78,Stargate RoboticsFacility RoboticsFacility VoidRay Immortal Pylon Adept VoidRay Immortal Assimilator Assimilator VoidRay TwilightCouncil VoidRay RoboticsBay Stargate Pylon Nexus DarkShrine Stalker Stalker RoboticsFacility Nexus Probe,28.25,80339.2
0,4993,0,159,0.078399,159,Stalker Zealot Stargate Adept Gateway Zealot VoidRay Pylon Nexus Stalker VoidRay Assimilator Stalker Zealot RoboticsFacility Probe Stargate Stalker VoidRay Gateway Gateway RoboticsBay VoidRay Gateway Colossus Stargate Zealot TwilightCouncil RoboticsFacility VoidRay Probe,33.25,85636
22,80078,0,2581,1.22879,2581,Stalker Gateway Probe Adept Stargate Stalker RoboticsFacility Nexus Adept Stalker VoidRay Pylon Immortal Nexus TwilightCouncil Zealot Stargate RoboticsFacility Immortal VoidRay Stalker TemplarArchive Immortal Gateway Assimilator Nexus Gateway Zealot Adept Adept RoboticsFacility Assimilator,30.75,86481.5
22,87131,0,2812,1.33682,2812,Stalker Gateway Zealot Gateway Stalker Zealot Probe RoboticsFacility Stalker Zealot Stalker Stalker RoboticsFacility Adept Immortal Nexus RoboticsBay Adept Zealot RoboticsFacility Gateway Stargate Adept Immortal Immortal TwilightCouncil Pylon RoboticsFacility Nexus Gateway Gateway FleetBeacon Stalker Pylon,27.75,88566.8
22,87576,0,2827,1.345,2827,Stalker Gateway Stargate Zealot Gateway Zealot Adept Stalker Adept Nexus VoidRay Adept Stargate Adept RoboticsFacility Stalker VoidRay Gateway Adept Immortal Stargate Zealot Assimilator RoboticsBay Probe Pylon Immortal Immortal FleetBeacon Pylon Gateway TwilightCouncil,30,93983
33,126133,0,4090,1.94427,4090,Stalker Gateway RoboticsFacility Adept Pylon Adept Zealot Stalker RoboticsFacility Adept TwilightCouncil Stalker RoboticsBay Immortal Stalker Pylon Stalker Stalker Pylon Immortal Colossus Pylon Gateway DarkShrine RoboticsFacility Immortal Stargate Assimilator Immortal RoboticsFacility Zealot Zealot Adept Gateway Pylon Assimilator,31.5,94024
33,143558,0,4678,2.2156,4678,Stalker Gateway Stalker Gateway Stargate Stalker Adept Stalker Gateway Probe Adept Pylon RoboticsFacility VoidRay Immortal Pylon VoidRay RoboticsBay Immortal Zealot Assimilator Probe Immortal RoboticsFacility Adept Gateway Stargate RoboticsFacility Pylon Stargate Assimilator VoidRay Zealot RoboticsFacility Stalker Probe,32,99573.2
84,309379,0,10450,4.81052,10450,Stalker Gateway Stalker Gateway Stargate Zealot Nexus VoidRay Stalker Stalker Adept Stalker TwilightCouncil VoidRay Stalker Stalker Zealot Assimilator FleetBeacon TemplarArchive Probe Adept Zealot Tempest Nexus Stargate DarkShrine Gateway RoboticsFacility Assimilator Gateway,30,99981.5
115,449975,0,15926,7.14115,15926,Stalker Gateway Stalker Gateway Stargate Zealot Nexus Probe VoidRay Gateway Zealot Stalker Stalker VoidRay Stargate Stalker VoidRay Stalker Pylon VoidRay Assimilator VoidRay Probe Gateway Gateway RoboticsFacility Gateway TwilightCouncil RoboticsFacility Adept RoboticsFacility Gateway TemplarArchive Stargate,33.75,101066
185,686173,0,26039,11.0742,26039,Stalker Gateway Stalker Gateway Stargate Zealot Nexus Probe VoidRay Gateway Zealot Stalker Stalker VoidRay Stalker Stalker Pylon Probe VoidRay Adept Gateway Stalker TwilightCouncil VoidRay FleetBeacon Stargate TemplarArchive VoidRay Pylon Assimilator Zealot Pylon Pylon Probe Pylon Probe Assimilator Gateway Pylon,31.5,101848
198,707496,0,27040,11.4313,27040,Stalker Gateway Stalker Gateway Stargate Zealot Nexus Probe VoidRay Gateway Zealot Stalker Stalker Adept Stalker VoidRay Gateway Probe Stargate Pylon Stalker VoidRay Zealot VoidRay Pylon Stalker RoboticsFacility Stalker TwilightCouncil Immortal RoboticsBay Stalker Stalker Nexus Zealot Pylon,34.25,102804
211,745688,0,28851,12.0607,28851,Stalker Gateway Stalker Gateway Stargate Zealot Nexus Probe VoidRay Gateway Zealot Stalker Stalker Adept VoidRay Adept Stargate Stalker Stalker RoboticsFacility Stalker Pylon VoidRay Zealot Immortal Immortal Pylon Immortal Pylon Adept TwilightCouncil Assimilator RoboticsBay Stalker Pylon Probe Assimilator,37.25,105341
224,783144,0,30689,12.6745,30689,Stalker Gateway Stalker Gateway Stargate Zealot Nexus Probe VoidRay Gateway Zealot Stalker Stalker Adept VoidRay Adept Stalker Pylon Zealot Zealot Stargate Adept Adept VoidRay Stalker Pylon TwilightCouncil VoidRay Gateway RoboticsFacility Pylon RoboticsFacility Pylon Immortal Pylon Gateway Stargate,35.5,106919
224,784737,0,30771,12.701,30771,Stalker Gateway Stalker Gateway Stargate Zealot Nexus Probe VoidRay Gateway Zealot Stalker Stalker Adept VoidRay Stargate Stalker Stalker Pylon VoidRay Adept Stalker Zealot Adept VoidRay TwilightCouncil Nexus TemplarArchive Stalker DarkShrine Pylon Gateway Zealot Adept Adept Assimilator Probe,36.75,108313
224,794313,0,31260,12.8523,31260,Stalker Gateway Stalker Gateway Stargate Zealot Nexus Probe VoidRay Gateway Zealot Stalker Stalker Adept VoidRay Zealot Zealot Stalker Pylon Stalker VoidRay Adept Zealot Adept TwilightCouncil Pylon DarkShrine Stalker VoidRay Pylon RoboticsFacility Zealot Stargate Gateway VoidRay Gateway RoboticsFacility,38,109675
251,886575,0,36126,14.3626,36126,Stalker Gateway Stalker Gateway Stargate Zealot Nexus Probe VoidRay Gateway Zealot Stalker Stalker Adept VoidRay Zealot Zealot Stalker Pylon Stargate Adept Stalker Probe Pylon VoidRay Adept Stalker Stalker VoidRay VoidRay Stalker FleetBeacon RoboticsFacility Assimilator Nexus Pylon,43.5,111369
263,903124,0,37059,14.6288,37059,Stalker Gateway Stalker Gateway Stargate Zealot Nexus Probe VoidRay Gateway Zealot Stalker Stalker Adept VoidRay Zealot Zealot Stalker Adept Stalker Adept Gateway Adept Pylon VoidRay Stalker Stalker Pylon Gateway VoidRay Pylon Adept Stalker VoidRay Nexus Stalker,42,112167
276,955104,0,40019,15.4694,40019,Stalker Gateway Stalker Gateway Stargate Zealot Nexus Probe VoidRay Gateway Zealot Stalker Stalker Adept VoidRay Zealot Zealot Stalker Adept Stalker Adept TwilightCouncil Adept Pylon VoidRay Pylon Stalker Stalker Stalker Pylon Stalker DarkShrine Pylon RoboticsFacility Zealot Probe Nexus Gateway Probe,39.5,112685
352,1114138,0,50420,18.0192,50420,Stalker Gateway Stalker Gateway Stargate Zealot Nexus Probe VoidRay Gateway Zealot Stalker Stalker Adept VoidRay Zealot Zealot Stalker Adept Stalker Adept TwilightCouncil Adept Pylon VoidRay Adept Stalker Pylon Zealot Adept Adept Pylon Adept Assimilator Pylon Pylon VoidRay Assimilator TemplarArchive Zealot Probe,39.25,112864
352,1128057,0,51498,18.2412,51498,Stalker Gateway Stalker Gateway Stargate Zealot Nexus Probe VoidRay Gateway Zealot Stalker Stalker Adept VoidRay Zealot Zealot Stalker Adept Stalker Adept TwilightCouncil Adept Pylon VoidRay Stalker Adept Pylon Probe Stalker Zealot Zealot TemplarArchive Zealot Gateway Pylon Nexus Pylon Adept Zealot,39.25,112872
365,1153831,0,53579,18.6622,53579,Stalker Gateway Stalker Gateway Stargate Zealot Nexus Probe VoidRay Gateway Zealot Stalker Stalker Adept VoidRay Zealot Zealot Stalker Adept Stalker Adept TwilightCouncil Adept Pylon VoidRay Stalker Pylon Stalker Stalker VoidRay Adept Pylon Assimilator Nexus Zealot TemplarArchive Pylon,42,113330
379,1170714,0,54996,18.9439,54996,Stalker Gateway Stalker Gateway Stargate Zealot Nexus Probe VoidRay Gateway Zealot Stalker Stalker Adept VoidRay Zealot Zealot Stalker Adept Stalker Adept TwilightCouncil Adept Pylon VoidRay Stalker Pylon Stalker Stalker Zealot Stalker Assimilator Adept Nexus TemplarArchive DarkShrine Pylon Probe,40.75,114254
393,1205046,0,58051,19.5116,58051,Stalker Gateway Stalker Gateway Stargate Zealot Nexus Probe VoidRay Gateway Zealot Stalker Stalker Adept VoidRay Zealot Zealot Stalker Adept Stalker Adept TwilightCouncil Adept Pylon VoidRay Stalker Pylon Stalker Stalker Probe Stalker Stalker Stalker Pylon RoboticsFacility Zealot Zealot Stargate Zealot DarkShrine RoboticsFacility,44,114973
407,1222349,0,59749,19.8011,59749,Stalker Gateway Stalker Gateway Stargate Zealot Nexus Probe VoidRay Gateway Zealot Stalker Stalker Adept VoidRay Zealot Zealot Stalker Adept Stalker Adept TwilightCouncil Adept Pylon VoidRay Stalker Pylon Stalker Stalker Stalker Stalker Stalker DarkShrine TemplarArchive RoboticsFacility Assimilator Gateway Probe Assimilator Gateway,42,115066
421,1229304,0,60459,19.9166,60459,Stalker Gateway Stalker Gateway Stargate Zealot Nexus Probe VoidRay Gateway Zealot Stalker Stalker Adept VoidRay Zealot Zealot Stalker Adept Stalker Adept TwilightCouncil Adept Pylon VoidRay Stalker Pylon Stalker Stalker Stalker Stalker Stalker DarkShrine Nexus Probe Gateway Pylon Stargate,42,115066
421,1230995,0,60637,19.9442,60637,Stalker Gateway Stalker Gateway Stargate Zealot Nexus Probe VoidRay Gateway Zealot Stalker Stalker Adept VoidRay Zealot Zealot Stalker Adept Stalker Adept TwilightCouncil Adept Pylon VoidRay Stalker Pylon Stalker Stalker Stalker Stalker Stalker Gateway Pylon Zealot RoboticsFacility TemplarArchive Assimilator Probe Stalker Pylon,42,115066
421,1243171,0,61911,20.144,61911,Stalker Gateway Stalker Gateway Stargate Zealot Nexus Probe VoidRay Gateway Zealot Stalker Stalker Adept VoidRay Zealot Zealot Stalker Adept Stalker Adept TwilightCouncil Adept Pylon VoidRay Stalker Pylon Stalker Stalker Stalker Stalker Pylon Stalker Adept Zealot Assimilator Assimilator VoidRay Stargate Probe,44.25,115477
448,1265095,0,64445,20.5057,64445,Stalker Gateway Stalker Gateway Stargate Zealot Nexus Probe VoidRay Gateway Zealot Stalker Stalker Adept VoidRay Zealot Zealot Stalker Adept Stalker Adept TwilightCouncil Adept Pylon VoidRay Stalker Pylon Stalker Stalker Stalker Stalker Pylon Stalker Stalker Stalker Gateway Probe FleetBeacon TemplarArchive,45.5,115579
448,1276124,0,65776,20.6902,65776,Stalker Gateway Stalker Gateway Stargate Zealot Nexus Probe VoidRay Gateway Zealot Stalker Stalker Adept VoidRay Zealot Zealot Stalker Adept Stalker Adept TwilightCouncil Adept Pylon VoidRay Stalker Pylon Stalker Stalker Stalker Stalker Pylon Stalker Stalker Stalker Stalker Stargate Probe FleetBeacon,45.5,115579
462,1280558,0,66348,20.7692,66348,Stalker Gateway Stalker Gateway Stargate Zealot Nexus Probe VoidRay Gateway Zealot Stalker Stalker Adept VoidRay Zealot Zealot Stalker Adept Stalker Adept TwilightCouncil Adept Pylon VoidRay Stalker Pylon Stalker Stalker Stalker Stalker Pylon Stalker Stalker Stalker Stargate TemplarArchive Probe Adept Stalker Assimilator,45.5,115579
462,1281697,0,66500,20.7868,66500,Stalker Gateway Stalker Gateway Stargate Zealot Nexus Probe VoidRay Gateway Zealot Stalker Stalker Adept VoidRay Zealot Zealot Stalker Adept Stalker Adept TwilightCouncil Adept Pylon VoidRay Stalker Pylon Stalker Stalker Stalker Stalker Pylon Stalker Stalker Zealot Zealot Pylon VoidRay Pylon Pylon,45.75,115682
476,1295953,0,68449,21.0253,68449,Stalker Gateway Stalker Gateway Stargate Zealot Nexus Probe VoidRay Gateway Zealot Stalker Stalker Adept VoidRay Zealot Zealot Stalker Adept Stalker Adept TwilightCouncil Adept Pylon VoidRay Stalker Pylon Stalker Stalker Stalker Stalker Pylon Stalker Stalker Zealot Zealot Stalker Probe TemplarArchive DarkShrine Assimilator,45.75,115682
476,1306539,0,70031,21.1948,70031,Stalker Gateway Stalker Gateway Stargate Zealot Nexus Probe VoidRay Gateway Zealot Stalker Stalker Adept VoidRay Zealot Zealot Stalker Adept Stalker Adept TwilightCouncil Adept Pylon VoidRay Stalker Pylon Stalker Stalker Stalker Stalker Pylon Stalker Stalker Zealot Zealot Probe Probe Nexus Probe,45.75,115682
490,1313588,0,71207,21.3102,71207,Stalker Gateway Stalker Gateway Stargate Zealot Nexus Probe VoidRay Gateway Zealot Stalker Stalker Adept VoidRay Zealot Zealot Stalker Adept Stalker Adept TwilightCouncil Adept Pylon VoidRay Stalker Pylon Stalker Stalker Stalker Stalker Pylon Stalker Stalker Zealot Zealot Probe Probe RoboticsFacility Probe Assimilator RoboticsFacility Assimilator,45.75,115682
503,1320234,0,72372,21.4159,72372,Stalker Gateway Stalker Gateway Stargate Zealot Nexus Probe VoidRay Gateway Zealot Stalker Stalker Adept VoidRay Zealot Zealot Stalker Adept Stalker Adept TwilightCouncil Adept Pylon VoidRay Stalker Pylon Stalker Stalker Stalker Stalker Pylon Stalker Stalker Zealot Zealot Probe Probe Pylon Probe FleetBeacon Probe,45.75,115682
503,1327664,0,73789,21.4771,73789,Stalker Gateway Stalker Gateway Stargate Zealot Nexus Probe VoidRay Gateway Zealot Stalker Stalker Adept VoidRay Zealot Zealot Stalker Adept Stalker Adept TwilightCouncil Adept Pylon VoidRay Stalker Pylon Stalker Stalker Stalker Stalker Pylon Stalker Stalker Zealot Zealot Probe Probe Probe Nexus,45.75,115682
516,1330027,0,74257,21.4952,74257,Stalker Gateway Stalker Gateway Stargate Zealot Nexus Probe VoidRay Gateway Zealot Stalker Stalker Adept VoidRay Zealot Zealot Stalker Adept Stalker Adept TwilightCouncil Adept Pylon VoidRay Stalker Pylon Stalker Stalker Stalker Stalker Pylon Stalker Stalker Zealot Zealot Probe Probe Probe Pylon Stalker Probe RoboticsFacility,45.75,115682
516,1337687,0,75817,21.5476,75817,Stalker Gateway Stalker Gateway Stargate Zealot Nexus Probe VoidRay Gateway Zealot Stalker Stalker Adept VoidRay Zealot Zealot Stalker Adept Stalker Adept TwilightCouncil Adept Pylon VoidRay Stalker Pylon Stalker Stalker Stalker Stalker Pylon Stalker Stalker Zealot Zealot Probe Probe Probe Pylon Zealot Stalker Pylon,45.75,115682
526,1339832,0,76256,21.5632,76256,Stalker Gateway Stalker Gateway Stargate Zealot Nexus Probe VoidRay Gateway Zealot Stalker Stalker Adept VoidRay Zealot Zealot Stalker Adept Stalker Adept TwilightCouncil Adept Pylon VoidRay Stalker Pylon Stalker Stalker Stalker Stalker Pylon Stalker Stalker Zealot Zealot Probe Probe Probe Pylon Probe VoidRay Probe,45.75,115682
526,1340259,0,76346,21.5661,76346,Stalker Gateway Stalker Gateway Stargate Zealot Nexus Probe VoidRay Gateway Zealot Stalker Stalker Adept VoidRay Zealot Zealot Stalker Adept Stalker Adept TwilightCouncil Adept Pylon VoidRay Stalker Pylon Stalker Stalker Stalker Stalker Pylon Stalker Stalker Zealot Zealot Probe Probe Probe Pylon Adept Adept Stalker,45.75,115682
529,1344565,3,77246,21.6083,77246,Stalker Gateway Stalker Gateway Stargate Zealot Nexus Probe VoidRay Gateway Zealot Stalker Stalker Adept VoidRay Zealot Zealot Stalker Adept Stalker Adept TwilightCouncil Adept Pylon VoidRay Stalker Pylon Stalker Stalker Stalker Stalker Pylon Stalker Stalker Zealot Zealot Probe Probe Probe Pylon Adept VoidRay,45.75,115682
