0,0,0,0,0,0, ,0,0
0,36,0,1,0.000314,1,RoboticsFacility RoboticsBay Stargate Zealot Zealot Adept Stargate Nexus Colossus TwilightCouncil TemplarArchive DarkShrine Stalker Adept Zealot Stargate Colossus Stalker Gateway Assimilator Assimilator VoidRay Assimilator RoboticsFacility Probe Gateway Gateway Pylon Probe Pylon Gateway Probe Nexus Gateway Pylon,12.25,34967
0,69,0,2,0.000563,2,Assimilator Zealot TwilightCouncil Stalker Zealot Gateway RoboticsFacility Immortal TemplarArchive Nexus Probe DarkShrine Zealot Zealot Zealot Pylon RoboticsBay Zealot Zealot Nexus Pylon DarkTemplar Stalker Stargate Pylon Probe DarkTemplar Immortal VoidRay Gateway Assimilator Assimilator,19.25,53382.2
0,106,0,3,0.000812,3,Stalker Probe Probe Assimilator Adept Stalker Nexus Adept Gateway Probe Probe Gateway Stalker Stargate Pylon TwilightCouncil Stalker Adept Stalker VoidRay VoidRay Zealot Stargate DarkShrine RoboticsFacility Stalker Adept TemplarArchive RoboticsBay Assimilator RoboticsFacility FleetBeacon Assimilator Immortal Immortal Stargate,24.5,69016
0,1052,0,33,0.007473,33,Stalker RoboticsFacility Zealot Gateway Gateway Stalker RoboticsBay Probe Immortal Gateway Pylon Stargate RoboticsFacility Adept Immortal Assimilator Assimilator FleetBeacon Probe Zealot Colossus Gateway VoidRay Nexus Gateway Stargate Gateway TwilightCouncil RoboticsFacility,23.25,72813
0,4035,0,129,0.05468,129,Stalker Gateway Zealot Gateway Stargate Adept Zealot Pylon RoboticsFacility TwilightCouncil VoidRay Gateway RoboticsFacility Immortal Adept TemplarArchive Immortal Pylon Gateway Gateway DarkShrine Pylon Zealot Adept Gateway Immortal Adept FleetBeacon Gateway Zealot Adept Assimilator Pylon Pylon Stalker Pylon Probe,27.25,77216
11,21750,0,703,0.309533,703,Adept RoboticsFacility Stalker Stalker Pylon Probe RoboticsFacility RoboticsFacility RoboticsFacility Immortal Immortal Probe Immortal Assimilator Stargate Immortal RoboticsBay Stalker Stargate Gateway Zealot RoboticsFacility FleetBeacon Gateway Adept RoboticsFacility Assimilator Gateway Stargate RoboticsFacility Nexus Probe,23.75,81249.5
11,28094,0,903,0.393609,903,Probe Zealot Gateway RoboticsFacility Adept Stalker Stalker Nexus Probe Probe Immortal Adept Assimilator Adept Stalker Stalker Stargate TwilightCouncil FleetBeacon DarkShrine Pylon Adept Probe VoidRay Tempest Assimilator VoidRay Zealot Pylon Stalker Probe Probe Probe Zealot RoboticsFacility Adept Nexus RoboticsBay Assimilator,27.75,81733.8
11,36339,0,1165,0.503407,1165,Stargate Gateway Zealot TwilightCouncil VoidRay VoidRay Pylon RoboticsFacility Probe Pylon Gateway VoidRay Assimilator Assimilator Immortal Pylon Zealot Zealot Immortal Adept Adept Immortal FleetBeacon RoboticsBay Gateway DarkShrine Tempest Stalker Pylon,28.75,83938.5
11,41430,0,1332,0.579102,1332,Stalker RoboticsFacility Probe Pylon Immortal Zealot Immortal Immortal Assimilator Stargate Stalker TwilightCouncil Gateway Stargate RoboticsFacility Adept Immortal VoidRay Zealot DarkShrine Gateway FleetBeacon RoboticsFacility RoboticsFacility TemplarArchive Nexus Assimilator RoboticsFacility RoboticsFacility Gateway,25.75,84589
11,42317,0,1360,0.598236,1360,Stalker RoboticsFacility Adept RoboticsBay Gateway Stalker Zealot Stalker Immortal Stalker Nexus Gateway Immortal Pylon RoboticsFacility Adept RoboticsFacility RoboticsFacility Immortal TwilightCouncil Immortal Immortal Nexus Pylon DarkShrine Pylon RoboticsFacility Stalker Pylon Pylon Adept,29.25,85743.2
11,44344,0,1425,0.625513,1425,Stalker RoboticsFacility Immortal Pylon Nexus RoboticsBay Stalker Immortal Gateway Colossus Immortal Pylon RoboticsFacility Assimilator Adept TwilightCouncil Stalker Stalker Pylon Immortal Pylon Stalker Probe Immortal Assimilator Pylon Nexus Stalker Zealot,33.75,85840.8
22,91370,0,2952,1.28516,2952,Stalker RoboticsFacility Zealot Immortal Zealot Immortal Probe Gateway Assimilator Stalker Gateway Probe RoboticsBay Probe Pylon Zealot Nexus Adept Colossus Pylon Zealot Adept Stargate Stargate Zealot Probe Assimilator Stalker RoboticsFacility Pylon FleetBeacon Stargate Stargate Colossus RoboticsFacility,25.25,86324.5
22,92518,0,2989,1.3061,2989,Stalker RoboticsFacility RoboticsBay Gateway Immortal Probe Pylon Stalker Nexus Stalker RoboticsFacility Colossus Immortal Probe Assimilator Zealot Stalker Adept Adept Probe Stargate Adept Probe Immortal TwilightCouncil FleetBeacon Tempest Gateway Gateway Gateway Pylon Probe RoboticsFacility Gateway RoboticsFacility Adept,28,90338
28,118241,0,3838,1.67169,3838,Stalker Zealot Gateway RoboticsFacility Pylon Zealot Stargate Stalker Adept Immortal Stargate VoidRay Stalker VoidRay Zealot Probe Assimilator Immortal Stargate RoboticsFacility Assimilator FleetBeacon TwilightCouncil Pylon VoidRay Adept Stalker TemplarArchive Stargate Stargate RoboticsFacility,32,94227
79,304142,0,10212,4.28082,10212,Stalker Zealot Gateway RoboticsFacility Pylon Stalker Stargate Pylon Immortal Immortal VoidRay Stalker Pylon Immortal Zealot Probe RoboticsFacility Adept Stalker RoboticsBay Adept Probe Nexus Stalker Stargate TwilightCouncil Assimilator Adept Zealot Adept Assimilator Zealot RoboticsFacility Colossus RoboticsFacility Gateway,33,95690.5
86,338881,0,11483,4.79957,11483,Stalker Zealot Gateway RoboticsFacility Pylon Probe Nexus Probe Immortal Zealot Probe RoboticsFacility Nexus Adept Immortal Immortal Stalker Immortal Zealot Immortal Stalker Immortal Probe Immortal RoboticsBay Probe TwilightCouncil Assimilator RoboticsFacility Pylon Immortal Assimilator Stalker DarkShrine TemplarArchive RoboticsFacility,39.5,96368.2
92,357883,0,12159,5.07142,12159,Stalker Zealot Gateway RoboticsFacility Pylon Probe Probe Stargate Zealot Zealot Adept VoidRay Adept TwilightCouncil Gateway Stalker Pylon Gateway Zealot Pylon Stalker VoidRay Immortal RoboticsFacility Pylon Stalker Gateway Zealot Immortal Nexus Stalker Zealot RoboticsFacility RoboticsBay Assimilator Stalker Zealot Gateway Stalker Stargate Probe,35.5,96482.5
99,377264,0,12841,5.37288,12841,Stalker Zealot Gateway RoboticsFacility Pylon Probe Zealot Pylon Stalker RoboticsFacility Immortal Adept Immortal Immortal Pylon Immortal RoboticsFacility Zealot Stargate Stalker RoboticsBay Gateway Stalker Nexus Stalker Immortal Colossus TwilightCouncil Probe Probe Adept VoidRay Zealot Stalker Pylon Pylon,36.75,97532.5
116,469732,0,16111,6.7503,16111,Stalker Zealot Gateway RoboticsFacility Pylon Probe Zealot Pylon Stalker Pylon Stargate Immortal VoidRay Immortal TwilightCouncil Stalker Adept Zealot Immortal Assimilator Stalker RoboticsBay FleetBeacon Adept Assimilator Stalker Tempest Tempest Gateway Nexus,33.75,99673
152,621462,0,21715,9.00768,21715,Stalker Zealot Gateway RoboticsFacility Pylon Probe Zealot Pylon Stalker Pylon Immortal Adept Probe Probe RoboticsFacility Probe Immortal Stalker Stargate Nexus Probe Immortal Zealot Adept Stalker VoidRay RoboticsBay Immortal Immortal RoboticsFacility Zealot Immortal Colossus Adept Pylon Pylon Immortal Gateway Gateway Gateway,40,103359
165,658536,0,23172,9.55481,23172,Stalker Zealot Gateway RoboticsFacility Pylon Probe Zealot Pylon Stalker Pylon Immortal Pylon Stargate Gateway Stalker VoidRay Immortal Zealot Adept Immortal Stalker Assimilator VoidRay Immortal Stargate RoboticsFacility Stalker RoboticsBay VoidRay RoboticsFacility TwilightCouncil Zealot RoboticsFacility Assimilator Probe,40,106448
