0,0,0,0,0,0, ,0,0
0,33,0,1,0.000281,1,TwilightCouncil Pylon Nexus Zealot Nexus Stargate DarkShrine DarkTemplar Stargate VoidRay Pylon VoidRay Stalker Zealot Gateway Probe FleetBeacon TemplarArchive DarkTemplar Adept Nexus Carrier RoboticsFacility Gateway Assimilator Gateway Pylon Zealot Probe Assimilator Assimilator Gateway,18,33668
0,96,0,3,0.000741,3,RoboticsFacility Nexus Assimilator Adept Stalker Gateway Immortal Pylon RoboticsBay Probe Gateway TwilightCouncil Adept Nexus Adept TemplarArchive DarkShrine Probe Stalker Adept Probe DarkTemplar DarkTemplar RoboticsFacility Colossus Colossus Zealot Colossus DarkTemplar Stalker Probe Probe,22.25,47071
0,126,0,4,0.000958,4,Adept Adept Assimilator TwilightCouncil Gateway RoboticsFacility Zealot Pylon Nexus DarkShrine Immortal Stalker Pylon Nexus Zealot TemplarArchive Probe Stargate Stalker Gateway DarkTemplar Probe Stargate Immortal Zealot Immortal Nexus Gateway Probe,19,50563.8
0,158,0,5,0.001187,5,Pylon Adept Zealot Gateway Zealot Probe Nexus Zealot Gateway Zealot Nexus Stargate Assimilator RoboticsFacility TwilightCouncil Zealot Assimilator Immortal Stalker Adept Probe Stargate Immortal Adept TemplarArchive Probe Nexus Stargate Stargate DarkShrine Probe,18,51673.5
0,188,0,6,0.001396,6,Stalker Assimilator Pylon Zealot Stargate Stargate Assimilator Stalker TwilightCouncil Pylon Adept Pylon TemplarArchive Adept Stalker Stargate VoidRay Pylon Gateway Pylon Adept Stalker Zealot Pylon Gateway RoboticsFacility Adept Stalker VoidRay,18,52838.2
0,430,0,14,0.003123,14,Stargate Stalker Gateway Zealot Adept Probe Gateway Adept Nexus Stalker Adept Pylon Probe VoidRay Stargate Stalker Probe FleetBeacon Probe Carrier Zealot Stargate Stalker Mothership Stalker Nexus TwilightCouncil Stalker Zealot Pylon Nexus Nexus Pylon Assimilator Gateway Assimilator,22.75,71340.2
0,560,0,18,0.004059,18,Assimilator Gateway Probe Stalker Gateway Pylon Zealot Zealot Stalker RoboticsFacility Stalker Zealot Immortal Stargate FleetBeacon Probe VoidRay Assimilator Zealot Adept VoidRay RoboticsFacility TwilightCouncil RoboticsFacility Gateway Pylon RoboticsBay Carrier Gateway Adept Pylon,22.25,73471.5
0,2720,0,87,0.01902,87,Gateway Stalker Zealot Adept Gateway Stargate Pylon VoidRay VoidRay Zealot Zealot Probe Adept TwilightCouncil RoboticsFacility VoidRay Gateway RoboticsFacility Immortal Zealot RoboticsFacility RoboticsFacility FleetBeacon TemplarArchive RoboticsBay Pylon Pylon Pylon Gateway Nexus Gateway Nexus Assimilator,24,74873
0,3204,0,102,0.022378,102,Probe Zealot Stargate Probe Gateway Nexus Pylon Adept Zealot FleetBeacon Stalker Assimilator VoidRay Adept TwilightCouncil Probe Adept Mothership VoidRay Zealot Stargate VoidRay VoidRay Probe Adept Assimilator Assimilator Pylon Nexus DarkShrine Stargate Pylon Pylon,33.75,76269.8
0,3822,0,122,0.0266,122,Stargate Stalker VoidRay Adept VoidRay Assimilator Assimilator Adept Pylon VoidRay Stargate Gateway RoboticsFacility TwilightCouncil Pylon Adept Zealot Zealot RoboticsBay VoidRay Colossus Zealot Stalker TemplarArchive Gateway Nexus,31.25,86230.2
11,59185,0,1917,1.08599,1917,Pylon Probe Stalker Stargate Probe Nexus Pylon VoidRay Stalker Assimilator VoidRay RoboticsFacility Immortal Stalker VoidRay Adept RoboticsBay VoidRay Zealot Colossus Gateway Pylon VoidRay Adept Pylon Adept Gateway VoidRay Adept Stargate Pylon Stalker Probe Probe,38.75,92362.5
54,200480,0,6428,3.37566,6428,Pylon Probe Stalker RoboticsFacility Immortal Stalker Probe Gateway Pylon Immortal Adept Adept Immortal Adept Pylon RoboticsBay RoboticsFacility TwilightCouncil Stalker Zealot Probe RoboticsFacility Immortal Immortal Adept TemplarArchive DarkShrine Pylon Stargate Adept Probe Stalker Nexus Probe Nexus Assimilator Assimilator Gateway Pylon Pylon Probe,30,95658
71,249711,0,8004,3.98832,8004,Pylon Probe Stalker RoboticsFacility Stalker Immortal Adept RoboticsBay Adept Immortal Gateway Stalker Pylon Pylon Pylon Gateway Pylon Stargate Probe RoboticsFacility Immortal VoidRay VoidRay Adept Nexus Immortal Stalker Assimilator Immortal Zealot TwilightCouncil Colossus RoboticsFacility Probe Assimilator Probe,38.5,96599
72,272554,0,8764,4.30007,8764,Pylon Probe Stalker RoboticsFacility Stalker Immortal Immortal Stalker Stargate Adept Immortal Pylon Pylon Stargate Gateway Immortal Gateway VoidRay Nexus Stalker Immortal VoidRay Assimilator TwilightCouncil Probe DarkShrine Nexus Immortal Stargate Zealot Probe,35,96813.8
87,339722,0,11011,5.58193,11011,Pylon Probe Stalker RoboticsFacility Stalker Immortal TwilightCouncil Zealot Gateway Pylon Immortal Stalker Probe Assimilator Immortal Adept Stalker Immortal Stalker Adept Stalker Probe Assimilator Adept Stargate Pylon Stargate Probe TemplarArchive Pylon VoidRay Gateway Zealot Probe FleetBeacon Pylon Adept Pylon Probe,35.25,100053
89,353810,0,11499,5.87777,11499,Pylon Probe Stalker RoboticsFacility Stalker Immortal Stalker Adept Adept Gateway RoboticsFacility Gateway Pylon Pylon Immortal RoboticsFacility Immortal Stalker Immortal Zealot Adept Stalker Adept TwilightCouncil Immortal Assimilator Pylon Zealot Zealot Adept Immortal RoboticsBay Zealot Stalker RoboticsFacility Stargate Assimilator,41.5,105994
100,377234,0,12308,6.2622,12308,Pylon Probe Stalker RoboticsFacility Stalker Immortal Adept Gateway Stalker Adept RoboticsFacility Immortal Immortal Stalker Zealot Immortal Assimilator Pylon Zealot RoboticsFacility RoboticsBay Immortal Stalker Gateway Pylon Immortal Stalker Pylon TwilightCouncil RoboticsFacility Gateway Probe Stargate Pylon Adept Probe,37.5,108727
141,543828,0,18384,8.85145,18384,Pylon Probe Stalker RoboticsFacility Stalker Immortal Adept Gateway Stalker Immortal Adept Assimilator Stalker Adept RoboticsFacility Pylon Immortal Pylon Zealot RoboticsBay Stargate Adept Stalker VoidRay Pylon Immortal Zealot Adept VoidRay TwilightCouncil Adept Gateway Stalker Probe DarkShrine Probe,41.25,109064
154,625244,0,21567,10.3464,21567,Pylon Probe Stalker RoboticsFacility Stalker Immortal Adept Gateway Stalker Immortal TwilightCouncil DarkShrine Gateway Probe Probe RoboticsFacility Stalker Immortal Pylon Stalker Stalker Gateway Immortal Zealot Stalker Pylon Immortal DarkTemplar Stalker Adept RoboticsBay Stargate Assimilator Nexus Nexus Assimilator Pylon Gateway,38.75,109313
322,1149673,0,45015,19.084,45015,Pylon Probe Stalker RoboticsFacility Stalker Immortal Adept Gateway Stalker Immortal TwilightCouncil DarkShrine Gateway Probe Probe RoboticsFacility Stalker Immortal Pylon Stalker Stalker Gateway Immortal Stalker Adept Pylon Immortal Immortal Stalker TemplarArchive Pylon Pylon Stalker Pylon Stalker Stalker Zealot Pylon Assimilator Pylon Probe Probe Assimilator,39,109808
350,1235221,0,50085,20.3427,50085,Pylon Probe Stalker RoboticsFacility Stalker Immortal Adept Gateway Stalker Immortal TwilightCouncil DarkShrine Gateway Probe Probe RoboticsFacility Stalker Immortal Pylon Stalker Stalker Gateway Immortal Stalker Adept Pylon Immortal Adept Pylon Immortal Pylon Assimilator Assimilator Stalker Zealot Stargate TemplarArchive RoboticsFacility Pylon Zealot,41.25,110219
363,1261111,0,51769,20.713,51769,Pylon Probe Stalker RoboticsFacility Stalker Immortal Adept Gateway Stalker Immortal TwilightCouncil DarkShrine Gateway Probe Probe RoboticsFacility Stalker Immortal Pylon Stalker Stalker Gateway Immortal Stalker Adept Pylon Adept DarkTemplar Probe Adept Stalker Probe Pylon Zealot Adept Assimilator Zealot RoboticsFacility Nexus Adept Stargate Gateway Gateway,39.75,110486
364,1267895,0,52215,20.8168,52215,Pylon Probe Stalker RoboticsFacility Stalker Immortal Adept Gateway Stalker Immortal TwilightCouncil DarkShrine Gateway Probe Probe RoboticsFacility Stalker Immortal Pylon Stalker Stalker Gateway Immortal Stalker Adept Pylon DarkTemplar Pylon Zealot Zealot Immortal Immortal TemplarArchive Gateway Assimilator RoboticsBay Probe Adept Gateway Pylon Probe Gateway,41.75,110610
377,1269556,0,52326,20.8429,52326,Pylon Probe Stalker RoboticsFacility Stalker Immortal Adept Gateway Stalker Immortal TwilightCouncil DarkShrine Gateway Probe Probe RoboticsFacility Stalker Immortal Pylon Stalker Stalker Gateway Immortal Stalker Adept Pylon Immortal Pylon Adept Immortal Gateway Stalker Stalker RoboticsBay Nexus Assimilator Assimilator Probe TemplarArchive Probe,42,110641
377,1273912,0,52612,20.9149,52612,Pylon Probe Stalker RoboticsFacility Stalker Immortal Adept Gateway Stalker Immortal TwilightCouncil DarkShrine Gateway Probe Probe RoboticsFacility Stalker Immortal Pylon Stalker Stalker Gateway Immortal Stalker Adept Pylon DarkTemplar Zealot Adept Adept Stalker Pylon Immortal Stalker Adept RoboticsBay Pylon Zealot RoboticsFacility Probe Gateway Gateway Zealot,44.25,110683
377,1276170,0,52761,20.945,52761,Pylon Probe Stalker RoboticsFacility Stalker Immortal Adept Gateway Stalker Immortal TwilightCouncil DarkShrine Gateway Probe Probe RoboticsFacility Stalker Immortal Pylon Stalker Stalker Gateway Immortal Stalker Adept Pylon Adept Adept Immortal Pylon Zealot Gateway Stalker DarkTemplar TemplarArchive Adept Probe Nexus Gateway Probe Assimilator Assimilator,41.25,110932
377,1295355,0,54020,21.2495,54020,Pylon Probe Stalker RoboticsFacility Stalker Immortal Adept Gateway Stalker Immortal TwilightCouncil DarkShrine Gateway Probe Probe RoboticsFacility Stalker Immortal Pylon Stalker Stalker Gateway Immortal Stalker Adept Pylon Adept Immortal Pylon DarkTemplar Pylon Stalker Immortal Zealot TemplarArchive Zealot Nexus Zealot Assimilator Adept,43.75,111062
377,1297801,0,54189,21.2822,54189,Pylon Probe Stalker RoboticsFacility Stalker Immortal Adept Gateway Stalker Immortal TwilightCouncil DarkShrine Gateway Probe Probe RoboticsFacility Stalker Immortal Pylon Stalker Stalker Gateway Immortal Stalker Adept Pylon Adept Adept Stalker Stalker DarkTemplar Pylon Immortal RoboticsFacility Adept Stalker Assimilator Pylon Zealot DarkTemplar Probe Assimilator Gateway Zealot,43.25,111139
391,1302101,0,54488,21.3543,54488,Pylon Probe Stalker RoboticsFacility Stalker Immortal Adept Gateway Stalker Immortal TwilightCouncil DarkShrine Gateway Probe Probe RoboticsFacility Stalker Immortal Pylon Stalker Stalker Gateway Immortal Stalker Adept Pylon Adept Zealot Stalker DarkTemplar Pylon Zealot RoboticsFacility Zealot Zealot Zealot Stalker Nexus Gateway Stargate RoboticsBay,42,111852
391,1309809,0,55014,21.451,55014,Pylon Probe Stalker RoboticsFacility Stalker Immortal Adept Gateway Stalker Immortal TwilightCouncil DarkShrine Gateway Probe Probe RoboticsFacility Stalker Immortal Pylon Stalker Stalker Gateway Immortal Stalker Adept Pylon Adept Stalker Immortal Pylon Adept Pylon Adept Stalker Stalker TemplarArchive Probe Probe DarkTemplar Adept Gateway Gateway Zealot Assimilator Probe,42.5,112320
418,1370756,0,59659,22.3714,59659,Pylon Probe Stalker RoboticsFacility Stalker Immortal Adept Gateway Stalker Immortal TwilightCouncil DarkShrine Gateway Probe Probe RoboticsFacility Stalker Immortal Pylon Stalker Stalker Gateway Immortal Stalker Adept Pylon Adept Stalker Immortal Adept Pylon Stalker Stalker Adept DarkTemplar RoboticsBay Gateway Gateway Nexus Assimilator,45,112510
426,1382254,0,60711,22.5332,60711,Pylon Probe Stalker RoboticsFacility Stalker Immortal Adept Gateway Stalker Immortal TwilightCouncil DarkShrine Gateway Probe Probe RoboticsFacility Stalker Immortal Pylon Stalker Stalker Gateway Immortal Stalker Adept Pylon Adept Stalker Immortal Adept Pylon Stalker Pylon Stalker Zealot DarkTemplar Adept Immortal Nexus Probe,44.75,112541
464,1396754,0,62070,22.7472,62070,Pylon Probe Stalker RoboticsFacility Stalker Immortal Adept Gateway Stalker Immortal TwilightCouncil DarkShrine Gateway Probe Probe RoboticsFacility Stalker Immortal Pylon Stalker Stalker Gateway Immortal Stalker Adept Pylon Adept Stalker Immortal Adept Pylon Zealot DarkTemplar Stalker Stalker Stargate Gateway Nexus Gateway Pylon,44.75,112736
478,1401847,0,62529,22.825,62529,Pylon Probe Stalker RoboticsFacility Stalker Immortal Adept Gateway Stalker Immortal TwilightCouncil DarkShrine Gateway Probe Probe RoboticsFacility Stalker Immortal Pylon Stalker Stalker Gateway Immortal Stalker Adept Pylon Adept Stalker Immortal Adept Pylon Stalker Zealot Stalker Zealot Nexus Stargate TemplarArchive Pylon Assimilator Assimilator,43.25,112866
478,1408259,0,63109,22.925,63109,Pylon Probe Stalker RoboticsFacility Stalker Immortal Adept Gateway Stalker Immortal TwilightCouncil DarkShrine Gateway Probe Probe RoboticsFacility Stalker Immortal Pylon Stalker Stalker Gateway Immortal Stalker Adept Pylon Adept Stalker Immortal Adept Pylon Adept Stalker Stalker Stalker TemplarArchive Nexus Pylon Assimilator RoboticsFacility Assimilator,44.25,113190
492,1439718,0,66107,23.3847,66107,Pylon Probe Stalker RoboticsFacility Stalker Immortal Adept Gateway Stalker Immortal TwilightCouncil DarkShrine Gateway Probe Probe RoboticsFacility Stalker Immortal Pylon Stalker Stalker Gateway Immortal Stalker Adept Pylon Adept Stalker Immortal Adept Pylon Adept Stalker Stalker Stalker RoboticsFacility Stargate Gateway Nexus Pylon,44.25,113190
492,1440749,0,66218,23.4061,66218,Pylon Probe Stalker RoboticsFacility Stalker Immortal Adept Gateway Stalker Immortal TwilightCouncil DarkShrine Gateway Probe Probe RoboticsFacility Stalker Immortal Pylon Stalker Stalker Gateway Immortal Stalker Adept Pylon Adept Stalker Immortal Adept Pylon Adept Stalker Stalker Stalker Pylon Adept RoboticsFacility Stalker DarkTemplar Zealot Gateway Pylon,44.25,113190
506,1446431,0,66811,23.5008,66811,Pylon Probe Stalker RoboticsFacility Stalker Immortal Adept Gateway Stalker Immortal TwilightCouncil DarkShrine Gateway Probe Probe RoboticsFacility Stalker Immortal Pylon Stalker Stalker Gateway Immortal Stalker Adept Pylon Adept Stalker Immortal Adept Pylon Adept Stalker Stalker Stalker Pylon Adept Nexus Probe Gateway Stalker,44.25,113190
519,1463405,0,68672,23.7463,68672,Pylon Probe Stalker RoboticsFacility Stalker Immortal Adept Gateway Stalker Immortal TwilightCouncil DarkShrine Gateway Probe Probe RoboticsFacility Stalker Immortal Pylon Stalker Stalker Gateway Immortal Stalker Adept Pylon Adept Stalker Immortal Adept Pylon Adept Stalker Stalker Stalker Pylon TemplarArchive Probe Assimilator Probe Stalker Gateway Adept Pylon Assimilator,44.25,113190
519,1467723,0,69178,23.8168,69178,Pylon Probe Stalker RoboticsFacility Stalker Immortal Adept Gateway Stalker Immortal TwilightCouncil DarkShrine Gateway Probe Probe RoboticsFacility Stalker Immortal Pylon Stalker Stalker Gateway Immortal Stalker Adept Pylon Adept Stalker Immortal Adept Pylon Adept Stalker Stalker Stalker Pylon DarkTemplar RoboticsFacility Probe Probe Assimilator Stalker Probe Gateway Assimilator,44.25,113190
527,1476320,0,70223,23.9388,70223,Pylon Probe Stalker RoboticsFacility Stalker Immortal Adept Gateway Stalker Immortal TwilightCouncil DarkShrine Gateway Probe Probe RoboticsFacility Stalker Immortal Pylon Stalker Stalker Gateway Immortal Stalker Adept Pylon Adept Stalker Immortal Adept Pylon Adept Stalker Stalker Stalker Pylon Pylon DarkTemplar Probe Probe Zealot Probe Stargate Assimilator Zealot Probe,44.25,113190
580,1495202,0,72757,24.2201,72757,Pylon Probe Stalker RoboticsFacility Stalker Immortal Adept Gateway Stalker Immortal TwilightCouncil DarkShrine Gateway Probe Probe RoboticsFacility Stalker Immortal Pylon Stalker Stalker Gateway Immortal Stalker Adept Pylon Adept Stalker Immortal Adept Pylon Adept Stalker Stalker Stalker Pylon Probe Adept Pylon Adept Assimilator Pylon Probe Probe Adept DarkTemplar,44.25,113190
580,1498310,0,73163,24.2563,73163,Pylon Probe Stalker RoboticsFacility Stalker Immortal Adept Gateway Stalker Immortal TwilightCouncil DarkShrine Gateway Probe Probe RoboticsFacility Stalker Immortal Pylon Stalker Stalker Gateway Immortal Stalker Adept Pylon Adept Stalker Immortal Adept Pylon Adept Stalker Stalker Stalker Pylon Probe Probe Pylon Probe Assimilator Probe Stargate Stalker RoboticsFacility Probe,44.25,113190
594,1507855,0,74444,24.4073,74444,Pylon Probe Stalker RoboticsFacility Stalker Immortal Adept Gateway Stalker Immortal TwilightCouncil DarkShrine Gateway Probe Probe RoboticsFacility Stalker Immortal Pylon Stalker Stalker Gateway Immortal Stalker Adept Pylon Adept Stalker Immortal Adept Pylon Adept Stalker Stalker Stalker Pylon Probe Adept Probe Zealot Probe Stargate Assimilator Probe Gateway Assimilator,44.25,113190
594,1510848,0,74849,24.4555,74849,Pylon Probe Stalker RoboticsFacility Stalker Immortal Adept Gateway Stalker Immortal TwilightCouncil DarkShrine Gateway Probe Probe RoboticsFacility Stalker Immortal Pylon Stalker Stalker Gateway Immortal Stalker Adept Pylon Adept Stalker Immortal Adept Pylon Adept Stalker Stalker Stalker Pylon Probe Immortal Probe Probe Gateway Probe Pylon Assimilator Assimilator,44.25,113190
607,1524764,0,76945,24.6629,76945,Pylon Probe Stalker RoboticsFacility Stalker Immortal Adept Gateway Stalker Immortal TwilightCouncil DarkShrine Gateway Probe Probe RoboticsFacility Stalker Immortal Pylon Stalker Stalker Gateway Immortal Stalker Adept Pylon Adept Stalker Immortal Adept Pylon Adept Stalker Stalker Stalker Pylon Probe Immortal Probe Probe RoboticsFacility Probe Gateway Pylon,44.25,113190
620,1535846,0,78986,24.8165,78986,Pylon Probe Stalker RoboticsFacility Stalker Immortal Adept Gateway Stalker Immortal TwilightCouncil DarkShrine Gateway Probe Probe RoboticsFacility Stalker Immortal Pylon Stalker Stalker Gateway Immortal Stalker Adept Pylon Adept Stalker Immortal Adept Pylon Adept Stalker Stalker Stalker Pylon Probe Immortal Probe Pylon Probe Probe Pylon Assimilator Zealot,44.25,113190
637,1542468,1,80300,24.9176,80300,Pylon Probe Stalker RoboticsFacility Stalker Immortal Adept Gateway Stalker Immortal TwilightCouncil DarkShrine Gateway Probe Probe RoboticsFacility Stalker Immortal Pylon Stalker Stalker Gateway Immortal Stalker Adept Pylon Adept Stalker Immortal Adept Pylon Adept Stalker Stalker Stalker Pylon Probe Immortal Probe Pylon Probe Probe Pylon DarkTemplar Probe,44.25,113190
637,1547208,1,81378,24.9789,81378,Pylon Probe Stalker RoboticsFacility Stalker Immortal Adept Gateway Stalker Immortal TwilightCouncil DarkShrine Gateway Probe Probe RoboticsFacility Stalker Immortal Pylon Stalker Stalker Gateway Immortal Stalker Adept Pylon Adept Stalker Immortal Adept Pylon Adept Stalker Stalker Stalker Pylon Probe Immortal Probe Pylon Probe Probe Stalker Probe DarkTemplar,44.25,113190
678,1567059,10,86547,25.2858,86547,Pylon Probe Stalker RoboticsFacility Stalker Immortal Adept Gateway Stalker Immortal TwilightCouncil DarkShrine Gateway Probe Probe RoboticsFacility Stalker Immortal Pylon Stalker Stalker Gateway Immortal Stalker Adept Pylon Adept Stalker Immortal Adept Pylon Adept Stalker Stalker Stalker Pylon Probe Immortal Probe Pylon Probe Probe Stalker DarkTemplar Probe,44.25,113190
