0,0,0,0,0,0, ,0,0
0,30,0,1,0.000245,1,Zealot Adept Zealot Gateway TwilightCouncil Stalker Stargate Adept VoidRay Nexus DarkShrine TemplarArchive Assimilator Adept VoidRay Stalker VoidRay FleetBeacon Stalker Assimilator Pylon RoboticsFacility Pylon RoboticsFacility Tempest Stalker Stalker Immortal Probe,30.75,64111
0,342,0,11,0.002494,11,Stalker Stalker Stargate Zealot Assimilator RoboticsFacility Probe RoboticsBay Adept VoidRay Probe Colossus Zealot RoboticsFacility Nexus Pylon Zealot VoidRay Adept FleetBeacon Probe TwilightCouncil Colossus Zealot Gateway TemplarArchive RoboticsFacility Nexus RoboticsFacility Gateway Probe Probe Assimilator,28,70044
0,2465,0,80,0.030785,80,Adept Nexus RoboticsFacility TwilightCouncil Adept DarkShrine Immortal Immortal Adept Stalker Probe Stalker Gateway TemplarArchive Immortal Pylon Probe Stargate Adept Adept VoidRay Pylon Immortal Stargate Pylon Nexus Immortal Probe FleetBeacon Gateway Gateway Pylon Pylon,28.75,73414
0,3515,0,114,0.038313,114,Stalker Probe Stargate Pylon RoboticsFacility VoidRay Immortal FleetBeacon Carrier Adept Immortal Probe Tempest Adept Gateway Nexus Adept RoboticsFacility TwilightCouncil Immortal Pylon Nexus Probe RoboticsFacility Adept Pylon RoboticsFacility Pylon Probe Pylon Nexus Assimilator Assimilator,26,74045
0,5908,0,192,0.081442,192,Stalker Gateway Stalker Stalker Adept Assimilator Gateway RoboticsFacility Assimilator RoboticsFacility Probe Immortal Immortal Pylon RoboticsBay Immortal Stalker Pylon RoboticsFacility Probe RoboticsFacility Adept Immortal Stargate Stalker Adept Stargate Probe Nexus,27.5,80863.2
10,13202,0,425,0.184597,425,RoboticsFacility Assimilator Pylon Immortal RoboticsFacility Immortal Immortal RoboticsBay TwilightCouncil Stalker RoboticsFacility Adept Colossus Assimilator Colossus Pylon Colossus Adept Gateway Stargate Probe Probe Gateway FleetBeacon Probe,30.5,82412
10,13404,0,431,0.186095,431,RoboticsFacility Pylon Adept Gateway Probe RoboticsFacility Probe Probe Probe Adept Stalker Nexus Stalker Immortal Assimilator Probe Stalker Gateway Immortal Immortal Adept Stalker RoboticsFacility Gateway RoboticsFacility Adept RoboticsFacility Zealot Pylon Stargate Pylon Gateway Stargate RoboticsBay Stargate FleetBeacon VoidRay Pylon Adept Colossus,24.25,85379.2
11,44955,0,1450,0.623617,1450,RoboticsFacility TwilightCouncil Zealot Zealot Immortal DarkShrine Gateway Probe Stalker Immortal Stargate Gateway Nexus DarkTemplar Stalker Stalker Adept Immortal VoidRay Immortal Assimilator Stalker TemplarArchive Pylon Nexus Zealot DarkTemplar Adept Gateway Assimilator FleetBeacon Probe,34,89726
25,98752,0,3226,1.38281,3226,RoboticsFacility Stalker Immortal RoboticsFacility Immortal Immortal Zealot RoboticsBay Assimilator Immortal Pylon Assimilator Immortal Colossus Nexus Zealot Immortal RoboticsFacility TwilightCouncil Probe TemplarArchive Immortal Adept,31.25,92438.8
30,119340,0,3907,1.68775,3907,RoboticsFacility Stalker RoboticsBay RoboticsFacility Immortal Pylon Adept Zealot Immortal Gateway Gateway Pylon Zealot Colossus Colossus Pylon Gateway Stalker Adept Immortal Stargate RoboticsFacility Colossus VoidRay Probe Pylon Adept Stalker Assimilator Adept Probe Pylon Pylon Probe Assimilator Gateway,29.25,92651.8
34,124113,0,4067,1.76145,4067,RoboticsFacility Stalker Stalker Immortal Probe TwilightCouncil Immortal Zealot Zealot Immortal Pylon Adept Gateway Pylon Immortal Pylon Assimilator TemplarArchive RoboticsFacility Stalker Probe Zealot RoboticsFacility DarkShrine Gateway Adept Pylon Nexus Stalker Stalker Immortal Immortal Gateway Stalker,29.25,93314
38,163515,0,5407,2.33601,5407,RoboticsFacility Stalker Immortal Adept Nexus Pylon Probe Stalker RoboticsFacility Immortal Stalker Immortal Pylon Gateway Immortal Stalker Assimilator Stargate TwilightCouncil Pylon RoboticsFacility Immortal Immortal VoidRay Assimilator VoidRay Probe Stargate Probe Stalker Probe,34.75,98293
42,179816,0,5953,2.57118,5953,RoboticsFacility Stalker Gateway Immortal Gateway Pylon Adept Adept Probe Immortal Stalker Stargate Pylon Adept Nexus Immortal Stalker Assimilator Adept VoidRay Adept RoboticsBay VoidRay Stargate VoidRay Colossus VoidRay Probe Stalker RoboticsFacility Assimilator,34.75,99554.2
55,224617,0,7530,3.23962,7530,RoboticsFacility Stalker Gateway Immortal Stalker Adept Assimilator Immortal Stargate Stargate Adept Pylon Pylon Pylon Immortal VoidRay Zealot Assimilator VoidRay Adept Stalker VoidRay Adept Zealot Immortal TwilightCouncil Gateway Probe,35.5,102931
68,265089,0,8988,3.95544,8988,RoboticsFacility Stalker Gateway Immortal Pylon Pylon Stalker Assimilator Adept Stalker Stalker RoboticsFacility Immortal RoboticsBay Pylon Immortal Immortal Stalker Immortal Colossus Colossus Pylon Probe Adept TwilightCouncil Immortal RoboticsFacility Pylon,40,104062
68,276267,0,9400,4.137,9400,RoboticsFacility Stalker Gateway Immortal Stalker RoboticsFacility Stalker Immortal Adept Immortal RoboticsFacility Pylon Pylon Zealot Immortal Zealot Stargate Adept Stalker Immortal FleetBeacon RoboticsFacility Assimilator Stargate Probe Gateway Gateway Nexus Stalker Stargate RoboticsFacility,30.25,110417
81,295323,0,10102,4.39137,10102,RoboticsFacility Stalker Gateway Immortal Stalker Adept Probe Pylon Stalker Stargate Stalker Stalker Adept Pylon Pylon Immortal VoidRay Adept Probe VoidRay Probe RoboticsBay Zealot Stalker RoboticsFacility Adept Immortal Adept TwilightCouncil TemplarArchive Nexus Pylon Gateway Nexus Gateway Gateway RoboticsFacility,37,114190
179,621600,0,22640,9.25626,22640,RoboticsFacility Stalker Gateway Immortal Stalker Adept Probe Pylon Stalker Stargate Stalker Immortal Pylon Assimilator VoidRay Immortal Stalker Zealot Immortal VoidRay FleetBeacon Stargate Pylon RoboticsBay Pylon VoidRay Carrier Immortal Probe,38,117768
195,669461,0,24686,10.0412,24686,RoboticsFacility Stalker Gateway Immortal Stalker Adept Probe Pylon Stalker Stargate Stalker Immortal Probe Zealot VoidRay Adept Adept Pylon Stalker VoidRay Pylon Zealot Zealot Zealot FleetBeacon Pylon Stalker VoidRay RoboticsFacility RoboticsBay Zealot Pylon Stargate Nexus Gateway Adept Adept Probe Assimilator Probe,38.75,121437
196,698125,0,25950,10.518,25950,RoboticsFacility Stalker Gateway Immortal Stalker Adept Probe Pylon Stalker Stargate Stalker Immortal Probe Immortal Pylon Stalker Immortal Stalker Probe Pylon VoidRay Adept Zealot VoidRay Adept Pylon Immortal RoboticsBay Gateway Stalker Zealot Stargate Pylon Assimilator Stalker Pylon Zealot Probe RoboticsFacility Adept Pylon Pylon,44.75,122409
315,1026814,0,42076,16.1041,42076,RoboticsFacility Stalker Gateway Immortal Stalker Adept Probe Pylon Stalker Stargate Stalker Immortal Probe Immortal Pylon Stalker Immortal Stalker Probe Pylon VoidRay Zealot Pylon Zealot Zealot Zealot VoidRay Immortal Stalker Pylon Zealot RoboticsBay Stalker Assimilator Adept Stargate Nexus RoboticsFacility Probe,47,123940
330,1063289,0,44192,16.7107,44192,RoboticsFacility Stalker Gateway Immortal Stalker Adept Probe Pylon Stalker Stargate Stalker Immortal Probe Immortal Pylon Stalker Immortal Stalker Probe Pylon VoidRay Zealot Adept Stalker Pylon VoidRay Immortal Pylon Stalker RoboticsFacility RoboticsBay Assimilator Stargate Gateway Adept Pylon Nexus Assimilator Probe Probe,44.25,124653
390,1163462,0,50489,18.4046,50489,RoboticsFacility Stalker Gateway Immortal Stalker Adept Probe Pylon Stalker Stargate Stalker Immortal Probe Immortal Pylon Stalker Immortal Stalker Probe Pylon VoidRay Zealot Adept Stalker Pylon Immortal VoidRay Nexus Zealot Adept Assimilator RoboticsFacility FleetBeacon RoboticsFacility Gateway Assimilator Pylon,44.75,124744
390,1167234,0,50743,18.4641,50743,RoboticsFacility Stalker Gateway Immortal Stalker Adept Probe Pylon Stalker Stargate Stalker Immortal Probe Immortal Pylon Stalker Immortal Stalker Probe Pylon VoidRay Zealot Adept Stalker Pylon Assimilator Immortal VoidRay Pylon Stalker FleetBeacon Mothership Probe Nexus,44.25,124815
390,1169436,0,50891,18.5053,50891,RoboticsFacility Stalker Gateway Immortal Stalker Adept Probe Pylon Stalker Stargate Stalker Immortal Probe Immortal Pylon Stalker Immortal Stalker Probe Pylon VoidRay Zealot Adept Stalker Pylon Immortal VoidRay Pylon Adept Zealot Nexus Nexus RoboticsBay Adept TwilightCouncil Assimilator Adept,44.75,125434
390,1187560,0,52104,18.8102,52104,RoboticsFacility Stalker Gateway Immortal Stalker Adept Probe Pylon Stalker Stargate Stalker Immortal Probe Immortal Pylon Stalker Immortal Stalker Probe Pylon VoidRay Zealot Adept Stalker Pylon Immortal Assimilator Adept VoidRay Pylon Stalker Immortal TwilightCouncil Probe RoboticsFacility Stargate Zealot DarkShrine Assimilator,49.25,126073
405,1191435,0,52398,18.8801,52398,RoboticsFacility Stalker Gateway Immortal Stalker Adept Probe Pylon Stalker Stargate Stalker Immortal Probe Immortal Pylon Stalker Immortal Stalker Probe Pylon VoidRay Zealot Adept Stalker Pylon Immortal VoidRay Stalker Pylon Stalker Pylon Stargate Stargate Stalker Gateway Zealot Nexus Gateway,46,126282
420,1218663,0,54474,19.3381,54474,RoboticsFacility Stalker Gateway Immortal Stalker Adept Probe Pylon Stalker Stargate Stalker Immortal Probe Immortal Pylon Stalker Immortal Stalker Probe Pylon VoidRay Zealot Adept Stalker Pylon Immortal VoidRay Pylon Stalker Zealot TwilightCouncil Stalker Assimilator Assimilator Zealot Stargate Zealot TemplarArchive Stalker Gateway,48,126776
420,1227268,0,55190,19.4829,55190,RoboticsFacility Stalker Gateway Immortal Stalker Adept Probe Pylon Stalker Stargate Stalker Immortal Probe Immortal Pylon Stalker Immortal Stalker Probe Pylon VoidRay Zealot Adept Stalker Pylon Immortal VoidRay Pylon Assimilator Zealot Stalker Immortal Zealot Pylon Pylon Stalker VoidRay Zealot Assimilator,50,127198
435,1258628,0,57831,20.0243,57831,RoboticsFacility Stalker Gateway Immortal Stalker Adept Probe Pylon Stalker Stargate Stalker Immortal Probe Immortal Pylon Stalker Immortal Stalker Probe Pylon VoidRay Zealot Adept Stalker Pylon Immortal VoidRay Pylon Zealot Zealot Immortal Adept Adept Gateway RoboticsFacility Pylon FleetBeacon Adept Probe Probe,50.75,127210
440,1264107,0,58309,20.1221,58309,RoboticsFacility Stalker Gateway Immortal Stalker Adept Probe Pylon Stalker Stargate Stalker Immortal Probe Immortal Pylon Stalker Immortal Stalker Probe Pylon VoidRay Zealot Adept Stalker Pylon Immortal VoidRay Pylon Zealot Adept Immortal Adept Gateway Adept TwilightCouncil Stargate Gateway Pylon Assimilator Pylon,51,127269
450,1264852,0,58375,20.1382,58375,RoboticsFacility Stalker Gateway Immortal Stalker Adept Probe Pylon Stalker Stargate Stalker Immortal Probe Immortal Pylon Stalker Immortal Stalker Probe Pylon VoidRay Zealot Adept Stalker Pylon Immortal VoidRay Pylon Zealot Stalker Immortal Adept Assimilator TwilightCouncil TemplarArchive Stalker Pylon Assimilator Gateway Pylon,50.25,127433
450,1283810,0,60088,20.4644,60088,RoboticsFacility Stalker Gateway Immortal Stalker Adept Probe Pylon Stalker Stargate Stalker Immortal Probe Immortal Pylon Stalker Immortal Stalker Probe Pylon VoidRay Zealot Adept Stalker Pylon Immortal VoidRay Pylon Zealot Stalker Immortal Stalker Stargate Gateway Assimilator Zealot TwilightCouncil Gateway Gateway,50.75,127620
450,1284125,0,60118,20.472,60118,RoboticsFacility Stalker Gateway Immortal Stalker Adept Probe Pylon Stalker Stargate Stalker Immortal Probe Immortal Pylon Stalker Immortal Stalker Probe Pylon VoidRay Zealot Adept Stalker Pylon Immortal VoidRay Pylon Zealot Stalker Immortal Stalker Gateway Probe RoboticsBay Assimilator Probe Nexus Assimilator,50.75,127620
465,1288284,0,60520,20.5298,60520,RoboticsFacility Stalker Gateway Immortal Stalker Adept Probe Pylon Stalker Stargate Stalker Immortal Probe Immortal Pylon Stalker Immortal Stalker Probe Pylon VoidRay Zealot Adept Stalker Pylon Immortal VoidRay Pylon Zealot Stalker Assimilator Immortal Adept Zealot RoboticsFacility RoboticsFacility Pylon Assimilator TwilightCouncil Probe,51.25,127735
465,1295682,0,61236,20.6,61236,RoboticsFacility Stalker Gateway Immortal Stalker Adept Probe Pylon Stalker Stargate Stalker Immortal Probe Immortal Pylon Stalker Immortal Stalker Probe Pylon VoidRay Zealot Adept Stalker Pylon Immortal VoidRay Pylon Zealot Stalker Immortal Adept Pylon Stalker FleetBeacon Stalker Pylon Pylon Pylon Probe,52,127827
465,1301774,0,61818,20.6865,61818,RoboticsFacility Stalker Gateway Immortal Stalker Adept Probe Pylon Stalker Stargate Stalker Immortal Probe Immortal Pylon Stalker Immortal Stalker Probe Pylon VoidRay Zealot Adept Stalker Pylon Immortal VoidRay Pylon Zealot Stalker Immortal Adept Stalker Gateway Stargate Assimilator TwilightCouncil Gateway Assimilator Pylon,52,127850
465,1303725,0,62006,20.7147,62006,RoboticsFacility Stalker Gateway Immortal Stalker Adept Probe Pylon Stalker Stargate Stalker Immortal Probe Immortal Pylon Stalker Immortal Stalker Probe Pylon VoidRay Zealot Adept Stalker Pylon Immortal VoidRay Pylon Zealot Stalker Immortal Stalker Pylon Zealot Immortal Gateway Stalker RoboticsFacility Probe,51.75,127909
465,1304013,0,62040,20.7301,62040,RoboticsFacility Stalker Gateway Immortal Stalker Adept Probe Pylon Stalker Stargate Stalker Immortal Probe Immortal Pylon Stalker Immortal Stalker Probe Pylon VoidRay Zealot Adept Stalker Pylon Immortal VoidRay Pylon Zealot Stalker Immortal Assimilator Stalker Stalker FleetBeacon Assimilator Gateway RoboticsFacility,52.5,128003
465,1304857,0,62139,20.7371,62139,RoboticsFacility Stalker Gateway Immortal Stalker Adept Probe Pylon Stalker Stargate Stalker Immortal Probe Immortal Pylon Stalker Immortal Stalker Probe Pylon VoidRay Zealot Adept Stalker Pylon Immortal VoidRay Pylon Zealot Stalker Immortal Stalker Assimilator Stalker TwilightCouncil Assimilator FleetBeacon Gateway,52.5,128014
480,1306521,0,62333,20.7639,62333,RoboticsFacility Stalker Gateway Immortal Stalker Adept Probe Pylon Stalker Stargate Stalker Immortal Probe Immortal Pylon Stalker Immortal Stalker Probe Pylon VoidRay Zealot Adept Stalker Pylon Immortal VoidRay Pylon Zealot Stalker Immortal Stalker Stalker Pylon FleetBeacon Pylon Adept Zealot Assimilator Assimilator,52.5,128014
480,1309734,0,62708,20.8144,62708,RoboticsFacility Stalker Gateway Immortal Stalker Adept Probe Pylon Stalker Stargate Stalker Immortal Probe Immortal Pylon Stalker Immortal Stalker Probe Pylon VoidRay Zealot Adept Stalker Pylon Immortal VoidRay Pylon Zealot Stalker Immortal Stalker Stalker Assimilator Pylon RoboticsFacility VoidRay Zealot Probe Probe,52.5,128014
480,1322398,0,64211,20.9462,64211,RoboticsFacility Stalker Gateway Immortal Stalker Adept Probe Pylon Stalker Stargate Stalker Immortal Probe Immortal Pylon Stalker Immortal Stalker Probe Pylon VoidRay Zealot Adept Stalker Pylon Immortal VoidRay Pylon Zealot Stalker Immortal Stalker Stalker Pylon Immortal Zealot Zealot Gateway Assimilator,52.5,128014
493,1323115,0,64302,20.9621,64302,RoboticsFacility Stalker Gateway Immortal Stalker Adept Probe Pylon Stalker Stargate Stalker Immortal Probe Immortal Pylon Stalker Immortal Stalker Probe Pylon VoidRay Zealot Adept Stalker Pylon Immortal VoidRay Pylon Zealot Stalker Immortal Stalker Stalker Gateway Pylon RoboticsFacility Probe Probe Probe TwilightCouncil Probe Assimilator,52.5,128014
493,1323717,0,64380,20.9685,64380,RoboticsFacility Stalker Gateway Immortal Stalker Adept Probe Pylon Stalker Stargate Stalker Immortal Probe Immortal Pylon Stalker Immortal Stalker Probe Pylon VoidRay Zealot Adept Stalker Pylon Immortal VoidRay Pylon Zealot Stalker Immortal Stalker Stalker Pylon RoboticsBay Probe Probe Adept Probe Assimilator Adept Probe Assimilator,52.5,128014
493,1331240,0,65343,21.079,65343,RoboticsFacility Stalker Gateway Immortal Stalker Adept Probe Pylon Stalker Stargate Stalker Immortal Probe Immortal Pylon Stalker Immortal Stalker Probe Pylon VoidRay Zealot Adept Stalker Pylon Immortal VoidRay Pylon Zealot Stalker Immortal Stalker Stalker Assimilator Pylon Stalker Probe Probe Zealot Probe RoboticsFacility Probe,52.5,128014
534,1350500,0,68199,21.3166,68199,RoboticsFacility Stalker Gateway Immortal Stalker Adept Probe Pylon Stalker Stargate Stalker Immortal Probe Immortal Pylon Stalker Immortal Stalker Probe Pylon VoidRay Zealot Adept Stalker Pylon Immortal VoidRay Pylon Zealot Stalker Immortal Stalker Stalker Assimilator Pylon Probe Probe Zealot Stalker RoboticsFacility RoboticsFacility,52.5,128014
534,1351112,0,68307,21.321,68307,RoboticsFacility Stalker Gateway Immortal Stalker Adept Probe Pylon Stalker Stargate Stalker Immortal Probe Immortal Pylon Stalker Immortal Stalker Probe Pylon VoidRay Zealot Adept Stalker Pylon Immortal VoidRay Pylon Zealot Stalker Immortal Stalker Stalker Assimilator Pylon VoidRay Probe Probe Pylon RoboticsFacility,52.5,128014
534,1355163,0,69018,21.3761,69018,RoboticsFacility Stalker Gateway Immortal Stalker Adept Probe Pylon Stalker Stargate Stalker Immortal Probe Immortal Pylon Stalker Immortal Stalker Probe Pylon VoidRay Zealot Adept Stalker Pylon Immortal VoidRay Pylon Zealot Stalker Immortal Stalker Stalker Assimilator Pylon Pylon Probe Probe Zealot Probe Immortal,52.5,128014
557,1361723,1,70172,21.4771,70172,RoboticsFacility Stalker Gateway Immortal Stalker Adept Probe Pylon Stalker Stargate Stalker Immortal Probe Immortal Pylon Stalker Immortal Stalker Probe Pylon VoidRay Zealot Adept Stalker Pylon Immortal VoidRay Pylon Zealot Stalker Immortal Stalker Stalker Assimilator Pylon VoidRay Probe Probe Adept Gateway,52.5,128014
572,1363507,1,70480,21.491,70480,RoboticsFacility Stalker Gateway Immortal Stalker Adept Probe Pylon Stalker Stargate Stalker Immortal Probe Immortal Pylon Stalker Immortal Stalker Probe Pylon VoidRay Zealot Adept Stalker Pylon Immortal VoidRay Pylon Zealot Stalker Immortal Stalker Stalker Assimilator Pylon Stalker Pylon Probe Probe Immortal,52.5,128014
572,1369016,1,71436,21.5316,71436,RoboticsFacility Stalker Gateway Immortal Stalker Adept Probe Pylon Stalker Stargate Stalker Immortal Probe Immortal Pylon Stalker Immortal Stalker Probe Pylon VoidRay Zealot Adept Stalker Pylon Immortal VoidRay Pylon Zealot Stalker Immortal Stalker Stalker Assimilator Pylon Pylon Stalker Probe Probe VoidRay Probe,52.5,128014
634,1400860,8,78745,21.947,78745,RoboticsFacility Stalker Gateway Immortal Stalker Adept Probe Pylon Stalker Stargate Stalker Immortal Probe Immortal Pylon Stalker Immortal Stalker Probe Pylon VoidRay Zealot Adept Stalker Pylon Immortal VoidRay Pylon Zealot Stalker Immortal Stalker Stalker Assimilator Pylon Pylon Stalker Probe Probe VoidRay Probe,52.5,128014
