0,0,0,0,0,0, ,0,0
0,32,0,1,0.000261,1,Assimilator RoboticsFacility Probe Nexus TwilightCouncil Pylon Probe Immortal Probe TemplarArchive Pylon Gateway Assimilator RoboticsBay Stalker DarkShrine Colossus Adept Colossus Probe Gateway Adept RoboticsFacility Nexus Pylon Immortal Stargate RoboticsFacility Gateway Probe Probe,18,42195
0,95,0,3,0.000697,3,RoboticsFacility Zealot Adept Gateway Assimilator Probe Pylon TwilightCouncil Pylon Immortal RoboticsFacility Assimilator Immortal Adept Stalker Gateway Nexus Stalker Probe RoboticsFacility Probe DarkShrine Zealot Nexus Immortal Pylon Adept Stalker Gateway Probe,15.5,58787.2
0,134,0,4,0.001004,4,Adept Stalker Stargate Stalker Probe RoboticsFacility TwilightCouncil Nexus VoidRay Stalker VoidRay Zealot DarkShrine RoboticsBay Adept Stargate RoboticsFacility Probe Probe Stargate Adept TemplarArchive VoidRay Probe Nexus Assimilator Gateway Gateway Zealot Gateway Gateway Pylon Probe Assimilator Nexus Probe Pylon Gateway,18,66749
0,338,0,11,0.004883,11,Stalker RoboticsFacility Zealot Immortal Zealot Stalker Probe Stalker Pylon Gateway Nexus RoboticsFacility Zealot Zealot Immortal RoboticsBay Adept Immortal Assimilator RoboticsFacility Colossus Nexus Colossus Stalker Immortal Assimilator Stargate Colossus Zealot,33.5,83539.2
8,11158,0,365,0.200182,365,Stalker Adept Probe Stargate Stargate Probe Gateway VoidRay VoidRay Stalker Zealot Pylon Assimilator Adept RoboticsFacility VoidRay VoidRay Gateway FleetBeacon Gateway Stargate Pylon Carrier Zealot Pylon RoboticsFacility Probe Assimilator Immortal Immortal Probe Gateway Stargate Probe,33.75,88176.8
10,18667,0,609,0.25193,609,Adept RoboticsFacility Adept Zealot Immortal RoboticsBay Stargate Gateway Gateway Assimilator Stalker VoidRay Pylon Colossus Stalker FleetBeacon Immortal Adept Probe Assimilator Pylon Colossus Stargate RoboticsFacility Pylon Stalker Carrier Probe,31.5,88350.5
11,23207,0,756,0.28388,756,Adept RoboticsFacility TwilightCouncil Zealot Stalker Gateway Immortal Stalker TemplarArchive Immortal Pylon Stalker Adept RoboticsFacility Gateway Immortal Gateway Zealot RoboticsBay Assimilator Stalker Adept Nexus Stalker Pylon Stargate Zealot Zealot Nexus Immortal Probe,24,88509.8
11,26430,0,861,0.306319,861,Stalker RoboticsFacility Adept Probe Immortal Assimilator Adept Immortal Zealot RoboticsBay Gateway Adept Stalker Pylon Immortal Assimilator Gateway Pylon Stalker RoboticsFacility Immortal Gateway Adept Nexus Adept Pylon Colossus Probe Probe Stalker Probe,27.5,90683.2
18,64303,0,2079,0.973297,2079,Stalker RoboticsFacility Stalker Pylon Gateway RoboticsBay Stalker Pylon Probe Pylon Adept Pylon Stalker RoboticsFacility Probe Adept Colossus Probe Zealot Colossus RoboticsFacility Immortal Probe Immortal Colossus Adept Probe Probe Gateway Colossus Gateway RoboticsFacility Assimilator Gateway TwilightCouncil Gateway Gateway Probe Nexus Gateway Assimilator Pylon,34.25,90886.5
23,77618,0,2522,1.23952,2522,Stalker Stargate Pylon Gateway VoidRay Stalker RoboticsFacility VoidRay Stalker VoidRay Pylon Assimilator TwilightCouncil Stalker RoboticsFacility VoidRay Immortal RoboticsBay Zealot Stargate Assimilator Zealot Stalker Gateway Adept Nexus FleetBeacon DarkShrine Probe,31.75,90970
48,184225,0,6164,2.61203,6164,Stalker Stargate Pylon Zealot VoidRay Gateway Gateway Zealot Adept VoidRay Stargate Probe Adept Nexus Gateway VoidRay VoidRay Stalker RoboticsFacility Immortal Probe Pylon TwilightCouncil Immortal Nexus Zealot Gateway Nexus VoidRay Stalker Zealot,32.5,91965.5
51,193344,0,6487,2.79989,6487,Stalker Stargate Pylon Gateway Stalker VoidRay Adept Zealot RoboticsFacility Gateway Pylon VoidRay Adept Assimilator Adept Immortal Stalker Stargate RoboticsFacility Assimilator Immortal TwilightCouncil Zealot Zealot DarkShrine Probe TemplarArchive RoboticsFacility RoboticsBay Gateway Gateway,27.5,98673.8
52,212715,0,7184,3.17924,7184,Stalker Stargate Pylon Gateway Stalker Adept VoidRay Zealot Zealot Adept Nexus Stalker Stalker Stalker Stargate Probe VoidRay RoboticsFacility Stalker Immortal Zealot RoboticsBay Assimilator Adept Zealot Gateway FleetBeacon Zealot Adept Nexus Nexus Probe,32.25,100396
80,320919,0,11136,4.91598,11136,Stalker Stargate Pylon Gateway Stalker Adept Adept Probe VoidRay Stalker Gateway Probe VoidRay Zealot Gateway Stalker Nexus Pylon Assimilator Stalker Adept VoidRay Assimilator Gateway Adept VoidRay Probe Stalker VoidRay Gateway Pylon Gateway Probe Stalker VoidRay,36.5,103998
121,499005,0,17867,7.49362,17867,Stalker Stargate Pylon Gateway Stalker Adept Adept Probe Probe VoidRay Zealot VoidRay RoboticsFacility Stalker Pylon Nexus Nexus Zealot Immortal Zealot VoidRay Stalker RoboticsBay Immortal Pylon Adept Stalker VoidRay Stalker TwilightCouncil Immortal Gateway Assimilator Stalker Gateway,40.75,105623
141,547228,0,19590,8.2435,19590,Stalker Stargate Pylon Gateway Stalker Adept Adept Probe Probe Stargate VoidRay VoidRay Probe Assimilator Pylon Probe Stalker VoidRay Probe Probe Stalker Zealot Pylon VoidRay Gateway TwilightCouncil Adept Stargate Probe VoidRay Adept Gateway Zealot Assimilator RoboticsFacility Stargate FleetBeacon RoboticsBay Nexus RoboticsFacility DarkShrine,34,106370
203,734950,0,26803,10.8384,26803,Stalker Stargate Pylon Gateway Stalker Adept Adept Probe Probe Stargate VoidRay VoidRay Probe Pylon Gateway VoidRay Zealot Stalker Pylon Probe Probe Zealot Nexus Zealot VoidRay Adept VoidRay Gateway Pylon Pylon Probe TwilightCouncil VoidRay Assimilator Adept Adept Pylon DarkShrine Stalker Probe Probe FleetBeacon Nexus Probe,40.25,106670
242,902720,0,33625,13.344,33625,Stalker Stargate Pylon Gateway Stalker Adept Adept Probe Probe Stargate VoidRay VoidRay Probe Pylon Gateway VoidRay Zealot Adept VoidRay Zealot VoidRay Pylon Gateway Pylon Stalker Adept Nexus VoidRay Assimilator Stalker RoboticsFacility TwilightCouncil Zealot Stargate Immortal RoboticsBay Assimilator Pylon Probe Probe,39,108931
255,924377,0,34580,13.7825,34580,Stalker Stargate Pylon Gateway Stalker Adept Adept Probe Probe Stargate VoidRay VoidRay Probe Pylon Gateway VoidRay Zealot Assimilator VoidRay Pylon Stalker Stalker VoidRay Stargate Assimilator Stalker Probe Stalker TwilightCouncil VoidRay Pylon VoidRay Pylon Adept Probe DarkShrine FleetBeacon Adept,43.25,109887
255,949519,0,35694,14.0198,35694,Stalker Stargate Pylon Gateway Stalker Adept Adept Probe Probe Stargate VoidRay VoidRay Probe Pylon Gateway VoidRay Zealot Adept Gateway Stalker Probe Stalker VoidRay Pylon Gateway Adept Zealot Zealot Assimilator RoboticsFacility Stalker Pylon Stalker Assimilator Stalker Probe RoboticsFacility Stalker Zealot FleetBeacon Gateway Pylon Zealot Pylon,39,110978
268,990531,0,37541,14.5934,37541,Stalker Stargate Pylon Gateway Stalker Adept Adept Probe Probe Stargate VoidRay VoidRay Probe Pylon Gateway VoidRay Zealot Adept Pylon Gateway Pylon VoidRay Adept Zealot Adept Probe Zealot Adept Zealot VoidRay Probe Probe Stalker Stargate Probe Stargate Gateway TwilightCouncil Zealot Stargate Pylon Nexus Nexus Assimilator Gateway Assimilator,37.75,111201
281,1028364,0,39283,15.2502,39283,Stalker Stargate Pylon Gateway Stalker Adept Adept Probe Probe Stargate VoidRay VoidRay Probe Pylon Gateway VoidRay Zealot Adept Pylon Assimilator Zealot Stalker VoidRay Adept Zealot Stalker Assimilator VoidRay Gateway Adept TwilightCouncil Pylon DarkShrine Zealot Stargate Nexus Pylon Probe,37.25,111664
294,1073068,0,41628,15.9811,41628,Stalker Stargate Pylon Gateway Stalker Adept Adept Probe Probe Stargate VoidRay VoidRay Probe Pylon Gateway VoidRay Zealot Adept Pylon Assimilator Pylon Stalker Stalker VoidRay Assimilator Adept VoidRay Pylon Stalker Pylon Adept VoidRay VoidRay TwilightCouncil VoidRay Probe Stalker,44,111774
307,1101279,0,43231,16.3847,43231,Stalker Stargate Pylon Gateway Stalker Adept Adept Probe Probe Stargate VoidRay VoidRay Probe Pylon Gateway VoidRay Zealot Adept Pylon Assimilator Pylon VoidRay Adept Stalker VoidRay Adept TwilightCouncil Zealot Assimilator Adept VoidRay DarkShrine FleetBeacon Tempest Pylon RoboticsFacility Pylon,38.75,112051
307,1116414,0,44093,16.579,44093,Stalker Stargate Pylon Gateway Stalker Adept Adept Probe Probe Stargate VoidRay VoidRay Probe Pylon Gateway VoidRay Zealot Adept Pylon Assimilator Pylon VoidRay Zealot VoidRay Adept RoboticsFacility VoidRay Adept VoidRay Gateway VoidRay RoboticsBay Nexus Stalker Assimilator TwilightCouncil,43.75,112836
320,1124983,0,44621,16.6422,44621,Stalker Stargate Pylon Gateway Stalker Adept Adept Probe Probe Stargate VoidRay VoidRay Probe Pylon Gateway VoidRay Zealot Adept Pylon Assimilator Pylon VoidRay Stalker Zealot Stalker VoidRay Stalker VoidRay Zealot RoboticsFacility Stalker RoboticsFacility RoboticsFacility RoboticsFacility Stargate Assimilator FleetBeacon Stalker Probe,41.25,116831
346,1199234,0,49371,17.637,49371,Stalker Stargate Pylon Gateway Stalker Adept Adept Probe Probe Stargate VoidRay VoidRay Probe Pylon Gateway VoidRay Zealot Adept Pylon Assimilator Pylon VoidRay Stalker Zealot VoidRay Stalker VoidRay Adept VoidRay Stalker RoboticsFacility RoboticsFacility Adept Nexus Pylon Probe RoboticsBay Probe,45,118680
359,1230294,0,51556,18.0146,51556,Stalker Stargate Pylon Gateway Stalker Adept Adept Probe Probe Stargate VoidRay VoidRay Probe Pylon Gateway VoidRay Zealot Adept Pylon Assimilator Pylon VoidRay Stalker Zealot VoidRay Stalker Adept VoidRay Pylon Stalker Stalker Stalker Stalker Zealot VoidRay Stalker Gateway Assimilator Gateway Pylon,47.75,119584
398,1297267,0,56892,19.0474,56892,Stalker Stargate Pylon Gateway Stalker Adept Adept Probe Probe Stargate VoidRay VoidRay Probe Pylon Gateway VoidRay Zealot Adept Pylon Assimilator Pylon VoidRay Stalker Zealot VoidRay Stalker Adept VoidRay VoidRay Stalker Pylon Stalker Adept Nexus TwilightCouncil RoboticsFacility RoboticsFacility,46.75,119770
411,1312927,0,58353,19.1736,58353,Stalker Stargate Pylon Gateway Stalker Adept Adept Probe Probe Stargate VoidRay VoidRay Probe Pylon Gateway VoidRay Zealot Adept Pylon Assimilator Pylon VoidRay Stalker Zealot VoidRay Stalker Adept VoidRay VoidRay Stalker Adept Pylon Adept Adept Assimilator Pylon Zealot Stalker Pylon Stargate Probe,48.5,119954
423,1335912,0,60822,19.6268,60822,Stalker Stargate Pylon Gateway Stalker Adept Adept Probe Probe Stargate VoidRay VoidRay Probe Pylon Gateway VoidRay Zealot Adept Pylon Assimilator Pylon VoidRay Stalker Zealot VoidRay Stalker Adept VoidRay VoidRay Stalker Stalker Assimilator Pylon Stalker Adept Adept RoboticsFacility RoboticsFacility TwilightCouncil,49.75,120060
423,1337124,0,60960,19.6454,60960,Stalker Stargate Pylon Gateway Stalker Adept Adept Probe Probe Stargate VoidRay VoidRay Probe Pylon Gateway VoidRay Zealot Adept Pylon Assimilator Pylon VoidRay Stalker Zealot VoidRay Stalker Adept VoidRay VoidRay Stalker Stalker Pylon Stalker Pylon Zealot Stargate Nexus Pylon,48.25,120204
423,1346459,0,62034,19.8295,62034,Stalker Stargate Pylon Gateway Stalker Adept Adept Probe Probe Stargate VoidRay VoidRay Probe Pylon Gateway VoidRay Zealot Adept Pylon Assimilator Pylon VoidRay Stalker Zealot VoidRay Stalker Adept VoidRay VoidRay Stalker Stalker Pylon Stalker Adept RoboticsFacility Nexus Gateway Probe,48.5,120239
431,1347547,0,62178,19.8514,62178,Stalker Stargate Pylon Gateway Stalker Adept Adept Probe Probe Stargate VoidRay VoidRay Probe Pylon Gateway VoidRay Zealot Adept Pylon Assimilator Pylon VoidRay Stalker Zealot VoidRay Stalker Adept VoidRay VoidRay Stalker Stalker Pylon Stalker Adept Zealot Adept Gateway TwilightCouncil Pylon Assimilator,49.5,120419
462,1362198,0,64115,20.1364,64115,Stalker Stargate Pylon Gateway Stalker Adept Adept Probe Probe Stargate VoidRay VoidRay Probe Pylon Gateway VoidRay Zealot Adept Pylon Assimilator Pylon VoidRay Stalker Zealot VoidRay Stalker Adept VoidRay VoidRay Stalker Stalker Pylon Zealot Stalker Probe Stalker Gateway FleetBeacon TwilightCouncil,50,120443
475,1362893,0,64206,20.1516,64206,Stalker Stargate Pylon Gateway Stalker Adept Adept Probe Probe Stargate VoidRay VoidRay Probe Pylon Gateway VoidRay Zealot Adept Pylon Assimilator Pylon VoidRay Stalker Zealot VoidRay Stalker Adept VoidRay VoidRay Stalker Stalker Pylon Stalker Stalker Stalker Stalker Stargate RoboticsFacility Pylon Assimilator,50.75,120569
488,1385311,0,67242,20.6001,67242,Stalker Stargate Pylon Gateway Stalker Adept Adept Probe Probe Stargate VoidRay VoidRay Probe Pylon Gateway VoidRay Zealot Adept Pylon Assimilator Pylon VoidRay Stalker Zealot VoidRay Stalker Adept VoidRay VoidRay Stalker Stalker Pylon Stalker Stalker Stalker TwilightCouncil Probe Probe Assimilator FleetBeacon,50.75,120569
501,1394044,0,68565,20.774,68565,Stalker Stargate Pylon Gateway Stalker Adept Adept Probe Probe Stargate VoidRay VoidRay Probe Pylon Gateway VoidRay Zealot Adept Pylon Assimilator Pylon VoidRay Stalker Zealot VoidRay Stalker Adept VoidRay VoidRay Stalker Stalker Pylon Stalker Stalker Stalker Probe Pylon Probe Nexus,50.75,120569
501,1402954,0,70034,20.9374,70034,Stalker Stargate Pylon Gateway Stalker Adept Adept Probe Probe Stargate VoidRay VoidRay Probe Pylon Gateway VoidRay Zealot Adept Pylon Assimilator Pylon VoidRay Stalker Zealot VoidRay Stalker Adept VoidRay VoidRay Stalker Stalker Pylon Stalker Stalker Stalker Pylon Probe Probe RoboticsFacility VoidRay,50.75,120569
513,1405685,0,70549,20.9571,70549,Stalker Stargate Pylon Gateway Stalker Adept Adept Probe Probe Stargate VoidRay VoidRay Probe Pylon Gateway VoidRay Zealot Adept Pylon Assimilator Pylon VoidRay Stalker Zealot VoidRay Stalker Adept VoidRay VoidRay Stalker Stalker Pylon Stalker Stalker Stalker Probe Probe Pylon Stalker VoidRay Assimilator,50.75,120569
542,1427631,0,74952,21.1585,74952,Stalker Stargate Pylon Gateway Stalker Adept Adept Probe Probe Stargate VoidRay VoidRay Probe Pylon Gateway VoidRay Zealot Adept Pylon Assimilator Pylon VoidRay Stalker Zealot VoidRay Stalker Adept VoidRay VoidRay Stalker Stalker Pylon Stalker Stalker Stalker Probe Probe Pylon VoidRay Adept Zealot,50.75,120569
542,1428098,0,75056,21.1757,75056,Stalker Stargate Pylon Gateway Stalker Adept Adept Probe Probe Stargate VoidRay VoidRay Probe Pylon Gateway VoidRay Zealot Adept Pylon Assimilator Pylon VoidRay Stalker Zealot VoidRay Stalker Adept VoidRay VoidRay Stalker Stalker Pylon Stalker Stalker Stalker Probe Probe Pylon VoidRay Adept Adept,50.75,120569
