0,0,0,0,0,0, ,0,0
0,28,0,1,0.000214,1,Adept Stalker Pylon Gateway Pylon Nexus Pylon Assimilator Pylon Probe Adept Assimilator TwilightCouncil Gateway Pylon DarkShrine Pylon Adept Stargate VoidRay Stargate VoidRay Nexus Stalker Stalker Nexus Zealot,17,36344.8
0,55,0,2,0.00042,2,Stargate Stargate Assimilator VoidRay Probe VoidRay Zealot Stargate Nexus FleetBeacon Adept Gateway RoboticsFacility RoboticsBay Tempest Zealot Assimilator RoboticsFacility Immortal Tempest Stargate VoidRay TwilightCouncil Stargate Stargate Probe,27.5,61602.8
0,456,0,15,0.003282,15,Probe Stalker Zealot Nexus Assimilator Gateway Stalker Probe Adept Zealot Pylon Stalker Probe Stargate Stalker Pylon Adept Stargate Gateway Pylon VoidRay Adept FleetBeacon Nexus VoidRay Tempest Mothership Gateway Tempest VoidRay RoboticsFacility,25,68243.5
0,894,0,29,0.008362,29,Pylon RoboticsFacility Immortal TwilightCouncil Assimilator Probe RoboticsFacility Immortal Stalker Assimilator Stargate Gateway Stalker Immortal Immortal Stalker Pylon Gateway Stalker Stalker DarkShrine Gateway Probe RoboticsBay TemplarArchive Stalker DarkTemplar Zealot Zealot Gateway,25.5,77762.2
6,9933,0,319,0.135628,319,Stalker RoboticsFacility Stargate Pylon Immortal Assimilator Assimilator Stalker Stargate Stalker TwilightCouncil Pylon VoidRay Stalker Probe Pylon VoidRay Stargate Probe VoidRay RoboticsBay RoboticsFacility VoidRay Stargate Nexus Zealot Probe Probe,26.75,78808.8
6,10518,0,338,0.139678,338,Stalker Pylon Gateway Adept Pylon Adept RoboticsFacility Immortal RoboticsBay Stalker Assimilator RoboticsFacility Adept Stargate Immortal Gateway VoidRay Gateway Immortal Colossus FleetBeacon Tempest RoboticsFacility RoboticsFacility Pylon Stargate Pylon Pylon Stalker,27.5,80947.8
11,19109,0,618,0.264384,618,Pylon Gateway Probe RoboticsFacility RoboticsBay Immortal Zealot Stalker TwilightCouncil Gateway Stalker Stalker Pylon Adept Adept Colossus Colossus Zealot Gateway Nexus Zealot Zealot Gateway Probe Stargate RoboticsFacility DarkShrine Stalker VoidRay Assimilator TemplarArchive Assimilator Zealot Pylon Probe Adept Stalker Gateway Probe Zealot,31.25,83864.8
11,20645,0,666,0.287902,666,Gateway RoboticsFacility Pylon Immortal Stargate Adept VoidRay Immortal Adept RoboticsBay VoidRay Gateway Assimilator Probe Zealot Immortal FleetBeacon Immortal Pylon Mothership Pylon Assimilator Tempest Probe Stalker Gateway RoboticsFacility Stargate Pylon,32.5,87252.8
11,27951,0,908,0.389748,908,Zealot RoboticsFacility Nexus Stalker Gateway Stargate Immortal VoidRay RoboticsBay Immortal RoboticsFacility Immortal Immortal Immortal Nexus Zealot Stargate Pylon VoidRay Immortal Assimilator Zealot Adept Immortal VoidRay Probe,36.5,87958
11,48403,0,1565,0.660235,1565,Pylon Adept Gateway Stargate Probe TwilightCouncil VoidRay Pylon Stalker Pylon Stalker Zealot Zealot Stalker Stalker Zealot Adept Stargate Nexus Stargate Stalker Pylon Assimilator Zealot VoidRay VoidRay Adept VoidRay TemplarArchive VoidRay RoboticsFacility Probe Nexus Stalker Assimilator,36.5,90283.5
36,124044,0,4016,1.72093,4016,Pylon Adept RoboticsFacility Stalker Stalker Immortal RoboticsFacility Pylon Zealot Assimilator Adept Immortal Stalker Immortal Immortal Stalker Nexus Adept Pylon Pylon Gateway Nexus Assimilator Nexus Probe TwilightCouncil Stargate,26.75,91012
45,174072,0,5687,2.42633,5687,Pylon Adept Gateway RoboticsFacility Stalker Adept Immortal Zealot Probe RoboticsFacility Immortal Stalker Stalker Probe Stargate Nexus VoidRay Pylon Adept RoboticsBay Zealot TwilightCouncil Probe Stalker Assimilator Gateway Nexus VoidRay VoidRay Adept Pylon Assimilator Zealot DarkShrine TemplarArchive Probe Stalker,28.25,91919.8
53,182809,0,5971,2.55401,5971,Pylon Adept Gateway RoboticsFacility Adept TwilightCouncil Zealot Stalker Zealot Immortal Pylon Probe Immortal Adept RoboticsFacility Gateway Zealot Probe Zealot Zealot Pylon TemplarArchive Immortal Adept RoboticsBay Gateway Stalker Adept Immortal Stalker Probe Nexus Zealot Pylon Zealot Pylon Probe Pylon Probe Pylon Immortal Zealot Assimilator,33.5,94530
81,253509,0,8378,3.55765,8378,Pylon Adept Gateway RoboticsFacility Probe Stalker Immortal Zealot Adept Gateway RoboticsBay Immortal Probe Stalker Stalker Colossus Stalker Nexus Pylon Stalker Adept TwilightCouncil Gateway Adept Probe Immortal DarkShrine Adept Pylon TemplarArchive Stargate Nexus Pylon Stalker Stalker Pylon Adept Assimilator Assimilator Zealot,32.25,101015
82,265205,0,8781,3.73486,8781,Pylon Adept Gateway RoboticsFacility Probe Stalker RoboticsFacility Pylon Stalker Probe Immortal Immortal Stalker Immortal Stalker Adept Immortal RoboticsBay Nexus Immortal Immortal Nexus Immortal Immortal Nexus TwilightCouncil Nexus Assimilator Assimilator,39.5,115906
257,751946,0,26358,10.9375,26358,Pylon Adept Gateway RoboticsFacility Probe Stalker RoboticsFacility Pylon Stalker Probe Immortal Immortal Stalker Stalker Immortal Probe Zealot Stargate Stalker Pylon Immortal Stalker Nexus Stalker VoidRay Gateway Gateway Zealot Immortal TwilightCouncil FleetBeacon Stalker Tempest Adept Assimilator Pylon Pylon Probe Probe,40,118490
257,754184,0,26450,10.9674,26450,Pylon Adept Gateway RoboticsFacility Probe Stalker RoboticsFacility Pylon Stalker Probe Immortal Immortal Stalker Immortal Pylon Adept Immortal Zealot Probe Pylon Zealot Probe Stalker Immortal TwilightCouncil Immortal Stalker Stargate RoboticsBay Nexus DarkShrine Gateway Stalker Stargate Pylon Nexus Gateway Probe Stalker,37.5,119277
257,780752,0,27525,11.3751,27525,Pylon Adept Gateway RoboticsFacility Probe Stalker RoboticsFacility Pylon Stalker Probe Immortal Immortal Stalker Immortal Adept Zealot Immortal Adept Assimilator RoboticsBay Stalker Immortal Pylon Stalker Zealot Assimilator Zealot Adept Probe TwilightCouncil Pylon Stalker Pylon Pylon Adept Adept Gateway Pylon Pylon Probe,38.5,120374
269,795407,0,28127,11.5901,28127,Pylon Adept Gateway RoboticsFacility Probe Stalker RoboticsFacility Pylon Stalker Probe Immortal Immortal Stalker Immortal Stalker Immortal Adept Pylon Stalker Probe Assimilator RoboticsBay Immortal Immortal Assimilator Immortal Probe Nexus Probe RoboticsFacility Pylon Stargate Immortal Pylon Zealot,37.5,121448
283,872110,0,31461,12.7508,31461,Pylon Adept Gateway RoboticsFacility Probe Stalker RoboticsFacility Pylon Stalker Probe Immortal Immortal Stalker Immortal Stalker Stalker RoboticsFacility Zealot Immortal Immortal Stalker RoboticsFacility Pylon Assimilator Immortal Gateway Probe Stalker Nexus TwilightCouncil DarkShrine Adept TemplarArchive Assimilator RoboticsBay Gateway,37,121578
283,874502,0,31566,12.7727,31566,Pylon Adept Gateway RoboticsFacility Probe Stalker RoboticsFacility Pylon Stalker Probe Immortal Immortal Stalker Immortal Stalker RoboticsFacility Immortal Zealot Adept Gateway Pylon Pylon Adept Probe Immortal Immortal Stargate Immortal Adept Immortal Zealot RoboticsBay Stargate Pylon Nexus Gateway Pylon,44,121938
296,901758,0,32799,13.1876,32799,Pylon Adept Gateway RoboticsFacility Probe Stalker RoboticsFacility Pylon Stalker Probe Immortal Immortal Stalker Immortal Stalker RoboticsFacility Immortal Pylon Immortal Adept Immortal Stalker Assimilator Immortal Gateway Assimilator Stalker Nexus RoboticsFacility Nexus Pylon,39.25,124235
309,955161,0,35317,14.0042,35317,Pylon Adept Gateway RoboticsFacility Probe Stalker RoboticsFacility Pylon Stalker Probe Immortal Immortal Stalker Immortal Stalker RoboticsFacility Immortal Stalker Immortal Probe Immortal Pylon Stalker Immortal Stargate Nexus Stalker TwilightCouncil Assimilator DarkShrine Probe RoboticsFacility Zealot Adept Immortal Gateway Probe,39.75,124821
322,990094,0,37070,14.5134,37070,Pylon Adept Gateway RoboticsFacility Probe Stalker RoboticsFacility Pylon Stalker Probe Immortal Immortal Stalker Immortal Stalker RoboticsFacility Immortal Stalker Adept Immortal Zealot Pylon Pylon Immortal Adept Immortal RoboticsBay TwilightCouncil Pylon Immortal Zealot Stalker DarkShrine Adept Pylon Pylon Zealot Probe Probe Pylon,46.25,126430
347,1078161,0,41805,15.8148,41805,Pylon Adept Gateway RoboticsFacility Probe Stalker RoboticsFacility Pylon Stalker Probe Immortal Immortal Stalker Immortal Stalker RoboticsFacility Immortal Stalker Adept Immortal Zealot Pylon Immortal Zealot Probe Stalker Pylon RoboticsBay Stalker Gateway Probe Gateway Stargate Zealot Stalker RoboticsFacility RoboticsFacility Gateway Pylon Probe Assimilator Pylon Gateway,42,126843
356,1088523,0,42414,15.9685,42414,Pylon Adept Gateway RoboticsFacility Probe Stalker RoboticsFacility Pylon Stalker Probe Immortal Immortal Stalker Immortal Stalker RoboticsFacility Immortal Stalker Adept Immortal Zealot Probe Pylon Immortal Stalker Stalker Assimilator Assimilator Gateway Pylon Adept Immortal RoboticsBay Stargate Stargate Pylon Stalker,43.25,127012
410,1168485,0,47173,17.11,47173,Pylon Adept Gateway RoboticsFacility Probe Stalker RoboticsFacility Pylon Stalker Probe Immortal Immortal Stalker Immortal Stalker RoboticsFacility Immortal Stalker Adept Immortal Zealot Probe Pylon Stalker Zealot Immortal RoboticsBay Assimilator Pylon Stalker Adept Immortal Pylon Stargate Probe Zealot Probe Immortal Pylon Gateway,45.25,127336
410,1170527,0,47293,17.1513,47293,Pylon Adept Gateway RoboticsFacility Probe Stalker RoboticsFacility Pylon Stalker Probe Immortal Immortal Stalker Immortal Stalker RoboticsFacility Immortal Stalker Adept Immortal Zealot Probe Pylon Adept Adept Immortal Pylon Stargate Immortal Pylon Immortal Adept Stargate Probe Stalker TwilightCouncil Pylon Gateway Pylon Probe Gateway,46,127640
410,1182947,0,48039,17.3348,48039,Pylon Adept Gateway RoboticsFacility Probe Stalker RoboticsFacility Pylon Stalker Probe Immortal Immortal Stalker Immortal Stalker RoboticsFacility Immortal Stalker Adept Immortal Zealot Probe Pylon Adept Immortal Pylon Immortal Adept Assimilator RoboticsBay Adept Stalker RoboticsFacility RoboticsFacility Assimilator TwilightCouncil Nexus,44,128385
423,1214914,0,50011,17.8039,50011,Pylon Adept Gateway RoboticsFacility Probe Stalker RoboticsFacility Pylon Stalker Probe Immortal Immortal Stalker Immortal Stalker RoboticsFacility Immortal Stalker Adept Immortal Zealot Probe Pylon Adept Immortal Pylon Stalker Immortal RoboticsBay Immortal Stargate Assimilator Stargate Nexus Pylon Gateway Assimilator,45.25,128432
435,1218285,0,50246,17.8555,50246,Pylon Adept Gateway RoboticsFacility Probe Stalker RoboticsFacility Pylon Stalker Probe Immortal Immortal Stalker Immortal Stalker RoboticsFacility Immortal Stalker Adept Immortal Zealot Probe Pylon Adept Immortal Stalker Pylon Immortal Adept Pylon Nexus Probe Zealot Immortal Probe Probe Nexus RoboticsFacility,43.75,128896
435,1219754,0,50349,17.879,50349,Pylon Adept Gateway RoboticsFacility Probe Stalker RoboticsFacility Pylon Stalker Probe Immortal Immortal Stalker Immortal Stalker RoboticsFacility Immortal Stalker Adept Immortal Zealot Probe Pylon Adept Immortal Stalker Pylon Immortal Immortal Stargate Stargate RoboticsFacility Nexus Assimilator Nexus,45.25,129625
435,1233501,0,51297,18.0686,51297,Pylon Adept Gateway RoboticsFacility Probe Stalker RoboticsFacility Pylon Stalker Probe Immortal Immortal Stalker Immortal Stalker RoboticsFacility Immortal Stalker Adept Immortal Zealot Probe Pylon Adept Immortal Stalker Pylon Immortal Adept Adept Stargate Pylon VoidRay Probe FleetBeacon Assimilator Pylon Gateway Assimilator Probe Pylon,44,129675
439,1244418,0,52057,18.2249,52057,Pylon Adept Gateway RoboticsFacility Probe Stalker RoboticsFacility Pylon Stalker Probe Immortal Immortal Stalker Immortal Stalker RoboticsFacility Immortal Stalker Adept Immortal Zealot Probe Pylon Adept Immortal Stalker Pylon Stalker Immortal RoboticsFacility Zealot Assimilator RoboticsBay Pylon Probe Pylon Pylon Nexus TwilightCouncil,44.25,129686
443,1252536,0,52673,18.3487,52673,Pylon Adept Gateway RoboticsFacility Probe Stalker RoboticsFacility Pylon Stalker Probe Immortal Immortal Stalker Immortal Stalker RoboticsFacility Immortal Stalker Adept Immortal Zealot Probe Pylon Adept Immortal Stalker Pylon Adept Immortal Stalker Assimilator RoboticsFacility Nexus Assimilator TwilightCouncil Gateway RoboticsBay,44.5,130044
443,1260476,0,53269,18.4582,53269,Pylon Adept Gateway RoboticsFacility Probe Stalker RoboticsFacility Pylon Stalker Probe Immortal Immortal Stalker Immortal Stalker RoboticsFacility Immortal Stalker Adept Immortal Zealot Probe Pylon Adept Immortal Stalker Pylon Adept Immortal Stalker RoboticsFacility TwilightCouncil Pylon Zealot DarkShrine Nexus Adept Stalker Pylon,45.5,130118
486,1276058,0,54429,18.6894,54429,Pylon Adept Gateway RoboticsFacility Probe Stalker RoboticsFacility Pylon Stalker Probe Immortal Immortal Stalker Immortal Stalker RoboticsFacility Immortal Stalker Adept Immortal Zealot Probe Pylon Adept Immortal Stalker Pylon Adept Immortal Adept Pylon Immortal Stalker RoboticsBay Gateway Nexus Assimilator Probe Probe,49.5,131064
499,1314427,0,57334,19.2596,57334,Pylon Adept Gateway RoboticsFacility Probe Stalker RoboticsFacility Pylon Stalker Probe Immortal Immortal Stalker Immortal Stalker RoboticsFacility Immortal Stalker Adept Immortal Zealot Probe Pylon Adept Immortal Stalker Pylon Adept Immortal Stalker Pylon Assimilator Immortal Stalker Zealot Gateway Nexus,51,131386
499,1323763,0,58070,19.4037,58070,Pylon Adept Gateway RoboticsFacility Probe Stalker RoboticsFacility Pylon Stalker Probe Immortal Immortal Stalker Immortal Stalker RoboticsFacility Immortal Stalker Adept Immortal Zealot Probe Pylon Adept Immortal Stalker Pylon Adept Immortal Pylon Adept Immortal Stalker TwilightCouncil Zealot Gateway RoboticsFacility RoboticsBay Assimilator Assimilator,50.5,131410
524,1358126,0,61206,19.9029,61206,Pylon Adept Gateway RoboticsFacility Probe Stalker RoboticsFacility Pylon Stalker Probe Immortal Immortal Stalker Immortal Stalker RoboticsFacility Immortal Stalker Adept Immortal Zealot Probe Pylon Adept Immortal Stalker Pylon Adept Immortal Pylon Stalker Immortal Adept Stargate Zealot Assimilator Nexus RoboticsBay,50.5,131484
524,1366858,0,62023,20.0329,62023,Pylon Adept Gateway RoboticsFacility Probe Stalker RoboticsFacility Pylon Stalker Probe Immortal Immortal Stalker Immortal Stalker RoboticsFacility Immortal Stalker Adept Immortal Zealot Probe Pylon Adept Immortal Stalker Pylon Adept Immortal Pylon Stalker Immortal Adept Zealot Nexus Nexus,50.5,131526
537,1369445,0,62282,20.0797,62282,Pylon Adept Gateway RoboticsFacility Probe Stalker RoboticsFacility Pylon Stalker Probe Immortal Immortal Stalker Immortal Stalker RoboticsFacility Immortal Stalker Adept Immortal Zealot Probe Pylon Adept Immortal Stalker Pylon Adept Immortal Pylon Stalker Immortal Stalker Adept TwilightCouncil Pylon Gateway RoboticsBay Stalker Pylon,51.25,131627
537,1372298,0,62568,20.1136,62568,Pylon Adept Gateway RoboticsFacility Probe Stalker RoboticsFacility Pylon Stalker Probe Immortal Immortal Stalker Immortal Stalker RoboticsFacility Immortal Stalker Adept Immortal Zealot Probe Pylon Adept Immortal Stalker Pylon Adept Immortal Pylon Stalker Immortal Stalker Zealot Nexus Assimilator Gateway RoboticsFacility,51,131660
537,1375558,0,62890,20.1637,62890,Pylon Adept Gateway RoboticsFacility Probe Stalker RoboticsFacility Pylon Stalker Probe Immortal Immortal Stalker Immortal Stalker RoboticsFacility Immortal Stalker Adept Immortal Zealot Probe Pylon Adept Immortal Stalker Pylon Adept Immortal Pylon Stalker Immortal Stalker Stalker RoboticsBay Assimilator Gateway Assimilator Pylon Gateway,51.75,131690
550,1389957,0,64389,20.4222,64389,Pylon Adept Gateway RoboticsFacility Probe Stalker RoboticsFacility Pylon Stalker Probe Immortal Immortal Stalker Immortal Stalker RoboticsFacility Immortal Stalker Adept Immortal Zealot Probe Pylon Adept Immortal Stalker Pylon Adept Immortal Pylon Stalker Immortal Stalker Stalker RoboticsBay TwilightCouncil Gateway Pylon Gateway,51.75,131690
550,1390059,0,64402,20.423,64402,Pylon Adept Gateway RoboticsFacility Probe Stalker RoboticsFacility Pylon Stalker Probe Immortal Immortal Stalker Immortal Stalker RoboticsFacility Immortal Stalker Adept Immortal Zealot Probe Pylon Adept Immortal Stalker Pylon Adept Immortal Pylon Stalker Immortal Stalker Stalker Nexus TwilightCouncil RoboticsFacility,51.75,131690
550,1393820,0,64862,20.4918,64862,Pylon Adept Gateway RoboticsFacility Probe Stalker RoboticsFacility Pylon Stalker Probe Immortal Immortal Stalker Immortal Stalker RoboticsFacility Immortal Stalker Adept Immortal Zealot Probe Pylon Adept Immortal Stalker Pylon Adept Immortal Pylon Stalker Immortal Stalker Stalker Stargate Assimilator Pylon Stalker Gateway Zealot Probe,51.75,131690
550,1403452,0,66030,20.6777,66030,Pylon Adept Gateway RoboticsFacility Probe Stalker RoboticsFacility Pylon Stalker Probe Immortal Immortal Stalker Immortal Stalker RoboticsFacility Immortal Stalker Adept Immortal Zealot Probe Pylon Adept Immortal Stalker Pylon Adept Immortal Pylon Stalker Immortal Stalker Stalker Pylon TwilightCouncil Immortal Gateway Assimilator,51.75,131690
550,1404351,0,66150,20.6927,66150,Pylon Adept Gateway RoboticsFacility Probe Stalker RoboticsFacility Pylon Stalker Probe Immortal Immortal Stalker Immortal Stalker RoboticsFacility Immortal Stalker Adept Immortal Zealot Probe Pylon Adept Immortal Stalker Pylon Adept Immortal Pylon Stalker Immortal Stalker Stalker Pylon Stargate Probe Nexus Probe,51.75,131690
550,1404616,0,66186,20.6947,66186,Pylon Adept Gateway RoboticsFacility Probe Stalker RoboticsFacility Pylon Stalker Probe Immortal Immortal Stalker Immortal Stalker RoboticsFacility Immortal Stalker Adept Immortal Zealot Probe Pylon Adept Immortal Stalker Pylon Adept Immortal Pylon Stalker Immortal Stalker Stalker Pylon Probe Probe Adept Stargate Immortal,51.75,131690
570,1426340,0,69340,21.1025,69340,Pylon Adept Gateway RoboticsFacility Probe Stalker RoboticsFacility Pylon Stalker Probe Immortal Immortal Stalker Immortal Stalker RoboticsFacility Immortal Stalker Adept Immortal Zealot Probe Pylon Adept Immortal Stalker Pylon Adept Immortal Pylon Stalker Immortal Stalker Stalker Pylon Probe RoboticsFacility Stalker Probe Immortal,51.75,131690
