{
    "Average": {
        "Eval": 123430.25,
        "FinishedEval": 123425.0703125,
        "FinishedValue": 49.1911773681641,
        "LeafNodesExpanded": 0,
        "LeafNodesVisited": 77764,
        "NodeVisits": 1323529,
        "NodesExpanded": 596,
        "NumRuns": 17,
        "NumSimulations": 77763,
        "TimeElapsed": 20.4681777647059,
        "TimeElapsedCPU": 9.73175097858823,
        "UsefulEval": 117688.984375,
        "UsefulValue": 46.6176452636719,
        "Value": 49.25
    },
    "Best": {
        "BestRunEval": 10,
        "BestRunEvalFinished": 10,
        "BestRunEvalUseful": 10,
        "Eval": 132689.25,
        "EvalBuildOrder": "RoboticsFacility Stalker RoboticsFacility Immortal Probe Pylon Immortal Immortal Pylon Probe Adept Immortal Immortal Zealot Zealot Pylon Immortal Probe Immortal Pylon Stalker Immortal Probe Immortal Zealot Pylon Immortal Stalker Immortal Pylon Probe Probe Zealot Probe Probe Probe Pylon Immortal Immortal Probe",
        "FinishedBuildOrder": "RoboticsFacility Stalker RoboticsFacility Immortal Probe Pylon Immortal Immortal Pylon Probe Adept Immortal Immortal Zealot Zealot Pylon Immortal Probe Immortal Pylon Stalker Immortal Probe Immortal Zealot Pylon Immortal Stalker Immortal Pylon Probe Probe Zealot Probe Probe Probe Pylon",
        "FinishedEval": 132689.25,
        "FinishedValue": 51.75,
        "LeafNodesExpanded": 1,
        "LeafNodesVisited": 80001,
        "NodeVisits": 1378459,
        "NodesExpanded": 511,
        "NumSimulations": 80000,
        "TimeElapsed": 21.049691,
        "TimeElapsedCPU": 9.874374786,
        "UsefulBuildOrder": "RoboticsFacility Stalker RoboticsFacility Immortal Probe Pylon Immortal Immortal Pylon Probe Adept Immortal Immortal Zealot Zealot Pylon Immortal Probe Immortal Pylon Stalker Immortal Probe Immortal Zealot Pylon Immortal Stalker Immortal Pylon Probe Probe Zealot Probe Probe Probe Pylon",
        "UsefulEval": 132689.25,
        "UsefulValue": 51.75,
        "Value": 51.75
    }
}
