0,0,0,0,0,0, ,0,0
0,30,0,1,0.000237,1,Stalker Zealot Zealot Stalker TwilightCouncil Probe Zealot Assimilator Stargate Assimilator Stalker Nexus VoidRay RoboticsFacility Stalker RoboticsBay Zealot Pylon Immortal RoboticsFacility Gateway Zealot Immortal RoboticsFacility Nexus RoboticsFacility Zealot Pylon Gateway,23.5,56788
0,524,0,18,0.003712,18,Pylon Zealot RoboticsFacility TwilightCouncil Immortal RoboticsFacility Adept Zealot Immortal Gateway Immortal TemplarArchive Assimilator Stalker DarkShrine Probe RoboticsFacility Adept Assimilator Gateway Zealot Gateway Nexus Probe Adept Gateway DarkTemplar DarkTemplar Stargate Stalker Zealot Pylon Probe,22.25,74562.8
0,1163,0,38,0.021139,38,Stalker Stalker RoboticsFacility Probe Gateway Zealot TwilightCouncil Stalker Adept Probe Probe Zealot RoboticsFacility DarkShrine Pylon Gateway Immortal RoboticsBay Assimilator Gateway Pylon RoboticsFacility Stalker RoboticsFacility DarkTemplar Colossus Colossus DarkTemplar Pylon RoboticsFacility Adept Adept Gateway Colossus Assimilator RoboticsFacility TemplarArchive Gateway Pylon,31.5,75856
0,1634,0,52,0.024395,52,Probe Zealot Pylon RoboticsFacility Immortal Stalker RoboticsFacility Immortal RoboticsFacility Stalker Stargate Stalker Pylon Immortal Stalker Stalker Stargate Immortal Gateway TwilightCouncil Gateway Probe Probe Zealot Pylon Zealot Pylon VoidRay TemplarArchive DarkShrine Adept Assimilator Probe Gateway Adept Adept Nexus Probe Gateway Gateway,30.75,87371
11,29792,0,960,0.412319,960,Stargate RoboticsFacility Gateway Adept Zealot VoidRay Immortal VoidRay Stargate Gateway Immortal Adept Pylon Adept RoboticsBay Stalker Stalker Pylon Stalker FleetBeacon RoboticsFacility Assimilator Assimilator Zealot RoboticsFacility VoidRay Gateway Gateway Adept Probe TwilightCouncil RoboticsFacility RoboticsFacility,26.5,89591.8
41,149417,0,5002,2.12564,5002,Stargate RoboticsFacility Adept Gateway Nexus Assimilator Adept Stalker Immortal VoidRay Immortal Zealot Adept Immortal Zealot VoidRay Zealot FleetBeacon Assimilator Adept Nexus RoboticsBay Stalker Gateway,29,90812.8
48,182976,0,6182,2.61976,6182,Stargate RoboticsFacility Adept Nexus Immortal Stalker VoidRay VoidRay Immortal Adept Adept VoidRay RoboticsBay Adept Nexus Colossus FleetBeacon Zealot TwilightCouncil Probe TemplarArchive Zealot Probe Pylon Nexus Probe Gateway Assimilator Gateway Probe,32.25,94773.5
56,210157,0,7157,3.03198,7157,Stargate RoboticsFacility Adept VoidRay Assimilator Immortal RoboticsBay Immortal Gateway VoidRay Gateway Pylon Zealot Zealot VoidRay Pylon Colossus Stalker Adept Stargate FleetBeacon Pylon Assimilator Gateway RoboticsFacility TwilightCouncil Probe Probe Stalker,30.75,95487
88,322584,0,11616,4.69093,11616,Stargate RoboticsFacility Adept VoidRay Assimilator Immortal Probe RoboticsFacility VoidRay Zealot Immortal Pylon VoidRay RoboticsFacility Stalker Stalker Probe Stargate Pylon Gateway Immortal Nexus Gateway Assimilator Adept Gateway RoboticsFacility Gateway Stargate Stalker,30.25,98748.8
103,344039,0,12614,4.98586,12614,Stargate RoboticsFacility Adept VoidRay Assimilator Immortal Pylon VoidRay Stalker Immortal Gateway VoidRay VoidRay Stalker TwilightCouncil TemplarArchive Pylon Pylon RoboticsBay Zealot VoidRay Stargate Pylon Nexus Colossus Assimilator,33.25,101559
118,392690,0,14960,5.7002,14960,Stargate RoboticsFacility Adept VoidRay Assimilator Immortal Pylon Adept VoidRay Immortal VoidRay Zealot Pylon TwilightCouncil Stargate VoidRay Pylon Stalker Pylon Stargate Probe VoidRay DarkShrine Pylon Pylon FleetBeacon Pylon Immortal Pylon,32.75,102870
118,399433,0,15291,5.80081,15291,Stargate RoboticsFacility Adept VoidRay Assimilator Immortal Pylon Immortal Zealot VoidRay FleetBeacon Gateway Stalker Immortal Tempest Pylon Adept Immortal Pylon Stalker Stalker Immortal RoboticsFacility Pylon Tempest Stalker,39.75,104107
118,408381,0,15730,5.92948,15730,Stargate RoboticsFacility Adept VoidRay Assimilator Immortal Pylon VoidRay Stalker Immortal Stalker Immortal Zealot Stargate Pylon Stargate Immortal Zealot Stargate Stargate Adept RoboticsFacility RoboticsBay Adept RoboticsFacility Probe TwilightCouncil RoboticsFacility Assimilator Gateway,32.25,105193
133,440053,0,17372,6.37849,17372,Stargate RoboticsFacility Adept VoidRay Assimilator Immortal Pylon VoidRay Immortal Pylon Pylon Zealot Stalker Immortal Zealot VoidRay Stalker Stalker Immortal TwilightCouncil Probe DarkShrine Stargate Pylon Immortal Stalker FleetBeacon Assimilator,35.5,106892
148,484547,0,19833,7.00615,19833,Stargate RoboticsFacility Adept VoidRay Assimilator Immortal Pylon VoidRay Immortal Adept Pylon RoboticsFacility VoidRay Immortal Zealot VoidRay TwilightCouncil Gateway VoidRay Pylon Adept Gateway Stalker Adept Probe Probe Probe Pylon Pylon Pylon Stargate,37.75,108982
178,530100,0,22476,7.65349,22476,Stargate RoboticsFacility Adept VoidRay Assimilator Immortal Pylon VoidRay Immortal Adept Pylon VoidRay Stalker Pylon Immortal Gateway Pylon Pylon VoidRay Stalker Stalker Zealot Probe FleetBeacon TwilightCouncil Adept RoboticsBay Immortal Probe,37.25,109659
178,555836,0,24020,8.02289,24020,Stargate RoboticsFacility Adept VoidRay Assimilator Immortal Pylon VoidRay Immortal Adept Pylon VoidRay Adept Immortal Stargate Stalker VoidRay Stalker Probe RoboticsBay Pylon FleetBeacon Stalker Immortal Gateway Adept Assimilator Stargate,36.25,112856
179,558866,0,24216,8.07144,24216,Stargate RoboticsFacility Adept VoidRay Assimilator Immortal Pylon VoidRay Immortal Adept Pylon VoidRay Immortal TwilightCouncil VoidRay Immortal Stalker Pylon Gateway Immortal RoboticsFacility Stalker TemplarArchive Stargate RoboticsBay Probe Pylon,40.75,113496
208,596699,0,26737,8.60144,26737,Stargate RoboticsFacility Adept VoidRay Assimilator Immortal Pylon VoidRay Immortal Adept Pylon VoidRay Immortal Adept Immortal Pylon VoidRay Adept Adept Assimilator Immortal RoboticsFacility Probe FleetBeacon Pylon TwilightCouncil Probe,41,115865
238,651976,0,30858,9.37621,30858,Stargate RoboticsFacility Adept VoidRay Assimilator Immortal Pylon VoidRay Immortal Adept Pylon VoidRay Immortal Adept Immortal Pylon VoidRay Stalker Immortal Probe Pylon Assimilator RoboticsFacility RoboticsBay Stalker Gateway Adept Pylon,42,116354
253,689054,0,34029,9.89411,34029,Stargate RoboticsFacility Adept VoidRay Assimilator Immortal Pylon VoidRay Immortal Adept Pylon VoidRay Immortal Adept Immortal Pylon VoidRay Stalker Stalker Assimilator VoidRay Stargate RoboticsFacility RoboticsFacility FleetBeacon,42.25,116631
253,689951,0,34116,9.90095,34116,Stargate RoboticsFacility Adept VoidRay Assimilator Immortal Pylon VoidRay Immortal Adept Pylon VoidRay Immortal Adept Immortal Pylon VoidRay Stalker Adept Immortal RoboticsBay Pylon FleetBeacon Colossus Zealot,41.5,116634
267,692094,0,34330,9.94328,34330,Stargate RoboticsFacility Adept VoidRay Assimilator Immortal Pylon VoidRay Immortal Adept Pylon VoidRay Immortal Adept Immortal Pylon VoidRay Stalker Gateway Immortal Stalker TwilightCouncil DarkShrine Gateway Stargate Gateway Probe,42,116684
268,696160,0,34728,9.99812,34728,Stargate RoboticsFacility Adept VoidRay Assimilator Immortal Pylon VoidRay Immortal Adept Pylon VoidRay Immortal Adept Immortal Pylon VoidRay Adept Immortal Stalker Gateway Gateway Pylon Nexus Pylon Probe,41.5,117018
268,700479,0,35150,10.0546,35150,Stargate RoboticsFacility Adept VoidRay Assimilator Immortal Pylon VoidRay Immortal Adept Pylon VoidRay Immortal Adept Immortal Pylon VoidRay Stalker Immortal Zealot Pylon Probe Zealot Nexus Assimilator Immortal,42.25,117507
268,701808,0,35279,10.0769,35279,Stargate RoboticsFacility Adept VoidRay Assimilator Immortal Pylon VoidRay Immortal Adept Pylon VoidRay Immortal Adept Immortal Pylon VoidRay Stalker Immortal Stalker Stargate Probe FleetBeacon Pylon Adept Immortal,42,117776
283,720771,0,37214,10.3494,37214,Stargate RoboticsFacility Adept VoidRay Assimilator Immortal Pylon VoidRay Immortal Adept Pylon VoidRay Immortal Adept Immortal Pylon VoidRay Stalker Immortal Stalker Probe Pylon Gateway Immortal Zealot Adept RoboticsFacility Assimilator,42,117776
283,729414,0,38137,10.4743,38137,Stargate RoboticsFacility Adept VoidRay Assimilator Immortal Pylon VoidRay Immortal Adept Pylon VoidRay Immortal Adept Immortal Pylon VoidRay Stalker Immortal Stalker Probe Assimilator Pylon Probe Immortal RoboticsFacility Gateway Probe,42,117776
283,729639,0,38163,10.476,38163,Stargate RoboticsFacility Adept VoidRay Assimilator Immortal Pylon VoidRay Immortal Adept Pylon VoidRay Immortal Adept Immortal Pylon VoidRay Stalker Immortal Stalker Assimilator RoboticsFacility Pylon Probe Probe Probe Adept Pylon Pylon Pylon,42,117776
296,731767,0,38426,10.5041,38426,Stargate RoboticsFacility Adept VoidRay Assimilator Immortal Pylon VoidRay Immortal Adept Pylon VoidRay Immortal Adept Immortal Pylon VoidRay Stalker Immortal Assimilator Stalker Pylon Zealot Pylon Stalker FleetBeacon,43,117781
296,732706,0,38539,10.5235,38539,Stargate RoboticsFacility Adept VoidRay Assimilator Immortal Pylon VoidRay Immortal Adept Pylon VoidRay Immortal Adept Immortal Pylon VoidRay Stalker Immortal Stalker Pylon VoidRay Stalker RoboticsBay Stargate Assimilator Pylon,47.75,118057
296,742701,0,39768,10.6553,39768,Stargate RoboticsFacility Adept VoidRay Assimilator Immortal Pylon VoidRay Immortal Adept Pylon VoidRay Immortal Adept Immortal Pylon VoidRay Stalker Immortal Stalker Pylon RoboticsFacility Stalker VoidRay TwilightCouncil Pylon Assimilator,43.75,118077
306,745980,0,40192,10.7043,40192,Stargate RoboticsFacility Adept VoidRay Assimilator Immortal Pylon VoidRay Immortal Adept Pylon VoidRay Immortal Adept Immortal Pylon VoidRay Stalker Immortal Stalker Probe Pylon Gateway Stalker Stalker Immortal RoboticsFacility,43.75,118077
315,764036,0,42753,10.9414,42753,Stargate RoboticsFacility Adept VoidRay Assimilator Immortal Pylon VoidRay Immortal Adept Pylon VoidRay Immortal Adept Immortal Pylon VoidRay Stalker Immortal Stalker Probe Pylon Stalker Stalker Gateway VoidRay Stargate,43.75,118077
315,766746,0,43156,10.9724,43156,Stargate RoboticsFacility Adept VoidRay Assimilator Immortal Pylon VoidRay Immortal Adept Pylon VoidRay Immortal Adept Immortal Pylon VoidRay Stalker Immortal Stalker Probe Pylon Pylon Stalker Probe RoboticsBay FleetBeacon Gateway,43.75,118077
315,767657,0,43294,10.9904,43294,Stargate RoboticsFacility Adept VoidRay Assimilator Immortal Pylon VoidRay Immortal Adept Pylon VoidRay Immortal Adept Immortal Pylon VoidRay Stalker Immortal Stalker Probe Pylon Stalker RoboticsFacility Probe Zealot Assimilator Stargate Stargate Probe,43.75,118077
315,769558,0,43580,11.016,43580,Stargate RoboticsFacility Adept VoidRay Assimilator Immortal Pylon VoidRay Immortal Adept Pylon VoidRay Immortal Adept Immortal Pylon VoidRay Stalker Immortal Stalker Probe Pylon RoboticsBay Stalker Pylon Probe Probe Nexus,43.75,118077
330,776280,0,44584,11.1024,44584,Stargate RoboticsFacility Adept VoidRay Assimilator Immortal Pylon VoidRay Immortal Adept Pylon VoidRay Immortal Adept Immortal Pylon VoidRay Stalker Immortal Stalker Probe Pylon Stalker TwilightCouncil Probe Probe RoboticsFacility Assimilator Stargate Adept,43.75,118077
330,776955,0,44685,11.12,44685,Stargate RoboticsFacility Adept VoidRay Assimilator Immortal Pylon VoidRay Immortal Adept Pylon VoidRay Immortal Adept Immortal Pylon VoidRay Stalker Immortal Stalker Probe Pylon Probe Stalker Nexus Probe RoboticsFacility Adept,43.75,118077
330,780273,0,45182,11.1558,45182,Stargate RoboticsFacility Adept VoidRay Assimilator Immortal Pylon VoidRay Immortal Adept Pylon VoidRay Immortal Adept Immortal Pylon VoidRay Stalker Immortal Stalker Probe Pylon Stalker Assimilator Immortal Probe Probe RoboticsBay,43.75,118077
330,784422,0,45809,11.2232,45809,Stargate RoboticsFacility Adept VoidRay Assimilator Immortal Pylon VoidRay Immortal Adept Pylon VoidRay Immortal Adept Immortal Pylon VoidRay Stalker Immortal Stalker Probe Pylon Stalker Probe Probe Probe RoboticsBay Zealot Stargate Gateway Probe,43.75,118077
345,789013,0,46558,11.2822,46558,Stargate RoboticsFacility Adept VoidRay Assimilator Immortal Pylon VoidRay Immortal Adept Pylon VoidRay Immortal Adept Immortal Pylon VoidRay Stalker Immortal Stalker Probe Pylon Stalker Probe Probe Probe Probe RoboticsBay TwilightCouncil Adept Assimilator Pylon,43.75,118077
360,804775,0,49248,11.4913,49248,Stargate RoboticsFacility Adept VoidRay Assimilator Immortal Pylon VoidRay Immortal Adept Pylon VoidRay Immortal Adept Immortal Pylon VoidRay Stalker Immortal Stalker Probe Pylon Stalker Probe Stargate Probe Probe Probe Stalker Assimilator Pylon Pylon,43.75,118077
360,806031,0,49464,11.5125,49464,Stargate RoboticsFacility Adept VoidRay Assimilator Immortal Pylon VoidRay Immortal Adept Pylon VoidRay Immortal Adept Immortal Pylon VoidRay Stalker Immortal Stalker Probe Pylon Stalker Probe Probe Probe Probe Gateway Gateway TwilightCouncil Stalker,43.75,118077
360,810108,0,50160,11.566,50160,Stargate RoboticsFacility Adept VoidRay Assimilator Immortal Pylon VoidRay Immortal Adept Pylon VoidRay Immortal Adept Immortal Pylon VoidRay Stalker Immortal Stalker Probe Pylon Stalker Probe Probe Probe RoboticsBay Probe Gateway Probe TwilightCouncil Assimilator,43.75,118077
375,812484,0,50580,11.5958,50580,Stargate RoboticsFacility Adept VoidRay Assimilator Immortal Pylon VoidRay Immortal Adept Pylon VoidRay Immortal Adept Immortal Pylon VoidRay Stalker Immortal Stalker Probe Pylon Stalker Probe Probe Probe Assimilator Probe Probe FleetBeacon RoboticsFacility,43.75,118077
375,820752,0,52043,11.7021,52043,Stargate RoboticsFacility Adept VoidRay Assimilator Immortal Pylon VoidRay Immortal Adept Pylon VoidRay Immortal Adept Immortal Pylon VoidRay Stalker Immortal Stalker Probe Pylon Stalker Probe Probe Probe RoboticsBay Probe Pylon Probe Zealot Assimilator Probe Probe,43.75,118077
375,820919,0,52073,11.7164,52073,Stargate RoboticsFacility Adept VoidRay Assimilator Immortal Pylon VoidRay Immortal Adept Pylon VoidRay Immortal Adept Immortal Pylon VoidRay Stalker Immortal Stalker Probe Pylon Stalker Probe Probe Probe Pylon Gateway Probe Probe Immortal,43.75,118077
388,825876,0,52956,11.7755,52956,Stargate RoboticsFacility Adept VoidRay Assimilator Immortal Pylon VoidRay Immortal Adept Pylon VoidRay Immortal Adept Immortal Pylon VoidRay Stalker Immortal Stalker Probe Pylon Stalker Probe Probe Probe Probe Probe Probe Pylon RoboticsBay RoboticsFacility Assimilator,43.75,118077
388,829146,0,53538,11.8224,53538,Stargate RoboticsFacility Adept VoidRay Assimilator Immortal Pylon VoidRay Immortal Adept Pylon VoidRay Immortal Adept Immortal Pylon VoidRay Stalker Immortal Stalker Probe Pylon Stalker Probe Probe Probe RoboticsBay Probe Probe Probe TwilightCouncil Gateway,43.75,118077
414,843485,2,56537,12.0075,56537,Stargate RoboticsFacility Adept VoidRay Assimilator Immortal Pylon VoidRay Immortal Adept Pylon VoidRay Immortal Adept Immortal Pylon VoidRay Stalker Immortal Stalker Probe Pylon Stalker Probe Probe Probe RoboticsBay Probe Probe Probe FleetBeacon,43.75,118077
462,857161,8,60012,12.1772,60012,Stargate RoboticsFacility Adept VoidRay Assimilator Immortal Pylon VoidRay Immortal Adept Pylon VoidRay Immortal Adept Immortal Pylon VoidRay Stalker Immortal Stalker Probe Pylon Stalker Probe Probe Probe RoboticsBay Probe Probe Probe FleetBeacon,43.75,118077
