0,0,0,0,0,0, ,0,0
0,31,0,1,0.000253,1,Stalker RoboticsFacility Zealot Stargate VoidRay Nexus Zealot RoboticsBay TwilightCouncil Stargate Pylon TemplarArchive Zealot Gateway Assimilator Probe Stargate Stargate Gateway Stargate Zealot Assimilator Nexus VoidRay Nexus Stalker Stargate Stalker DarkShrine Probe,15.5,44392
0,56,0,2,0.000447,2,Stargate FleetBeacon Nexus Probe Pylon Zealot Nexus Carrier Adept RoboticsFacility Tempest Adept Stargate Assimilator VoidRay RoboticsBay Pylon RoboticsFacility Colossus Assimilator Nexus Nexus Mothership Zealot,17.75,45817.2
0,96,0,3,0.000758,3,Zealot Stalker TwilightCouncil Gateway Adept DarkShrine Gateway Probe Probe Probe Stargate Stalker VoidRay Probe Adept FleetBeacon Pylon Carrier Pylon Zealot Gateway DarkTemplar RoboticsFacility Immortal DarkTemplar VoidRay Stargate Assimilator Assimilator Probe Pylon Gateway Pylon Pylon Nexus Nexus Nexus Pylon Pylon,26.75,62136.8
0,382,0,12,0.002808,12,Zealot Stalker Probe Zealot Nexus RoboticsFacility Zealot Immortal Nexus Probe Immortal Adept RoboticsBay Pylon Probe RoboticsFacility Stalker Zealot Nexus Stargate Gateway Colossus Gateway Adept Nexus Gateway Immortal RoboticsFacility Zealot Stalker VoidRay Colossus,27.25,63585
0,702,0,23,0.005084,23,Assimilator Adept Adept Pylon TwilightCouncil Probe Gateway Pylon Stalker Adept Adept Stalker TemplarArchive Stalker Stargate Zealot Adept Gateway VoidRay DarkShrine Assimilator VoidRay DarkTemplar Pylon Probe Nexus VoidRay VoidRay FleetBeacon Pylon,27,66820
0,825,0,27,0.005946,27,Stalker RoboticsFacility Nexus Pylon Immortal RoboticsBay Colossus Stargate Zealot Nexus Stargate Immortal RoboticsFacility VoidRay Nexus VoidRay RoboticsFacility Adept Gateway Assimilator Immortal RoboticsFacility Gateway Assimilator Pylon TwilightCouncil Probe,28.25,69172.8
0,1007,0,33,0.01523,33,Stalker Stalker Gateway Adept Pylon Nexus Probe Probe Stalker Stalker Pylon Stargate Assimilator Adept VoidRay Assimilator Stalker TwilightCouncil Adept DarkShrine Adept TemplarArchive VoidRay Pylon VoidRay RoboticsFacility RoboticsBay FleetBeacon Nexus Gateway Probe,25.75,78676
0,4305,0,138,0.037893,138,Assimilator RoboticsFacility Zealot Immortal Stargate Adept Zealot FleetBeacon VoidRay Tempest Assimilator RoboticsBay Adept Pylon RoboticsFacility Pylon Tempest Probe VoidRay Immortal Adept Stargate Pylon Stargate Tempest Probe,29.75,79489.2
8,11158,0,358,0.091725,358,Adept RoboticsFacility Pylon RoboticsFacility Stalker Stalker Gateway Immortal Immortal Adept RoboticsBay Zealot Gateway Colossus Immortal Stalker TwilightCouncil TemplarArchive Gateway Nexus Nexus Stalker DarkShrine Probe Probe Assimilator Pylon Gateway Immortal Stalker RoboticsFacility Probe,25,92755.8
42,157913,0,5164,2.02894,5164,Adept RoboticsFacility Probe Pylon Gateway Immortal RoboticsBay Pylon Zealot Probe RoboticsFacility Stalker Adept Gateway Colossus Immortal Immortal TwilightCouncil Assimilator Probe Stalker Stalker RoboticsFacility Adept TemplarArchive Immortal RoboticsFacility DarkShrine Gateway Gateway Pylon Zealot Stargate Gateway Gateway RoboticsFacility Colossus,31,94334.8
42,167438,0,5482,2.17612,5482,Adept RoboticsFacility Probe Adept Probe Pylon Adept Gateway Gateway Immortal Stalker Immortal Nexus Immortal Stalker Zealot Adept Immortal RoboticsFacility Stargate Pylon Nexus Stargate Stalker Stalker Immortal TwilightCouncil DarkShrine Stargate Zealot Nexus Stalker RoboticsBay Pylon Probe,32.75,94596.8
55,238837,0,7832,3.21891,7832,Adept RoboticsFacility Probe Immortal Pylon Gateway TwilightCouncil Stalker Immortal Zealot Zealot Zealot Stalker Immortal Pylon Zealot Gateway Probe RoboticsFacility Assimilator TemplarArchive Adept Immortal Nexus Immortal Probe Pylon Zealot RoboticsFacility Zealot Pylon Immortal Assimilator RoboticsFacility Probe RoboticsBay Zealot,30.75,96309.2
68,251827,0,8270,3.40427,8270,Adept RoboticsFacility Probe Immortal Pylon RoboticsFacility Zealot Pylon Immortal Adept Immortal Adept Immortal RoboticsBay Stalker Immortal Gateway Gateway Pylon TwilightCouncil Adept Stargate FleetBeacon Carrier Colossus Assimilator Probe Pylon Assimilator Pylon Nexus Probe Pylon Pylon Pylon,26.5,96625.5
68,287290,0,9474,3.90725,9474,Adept RoboticsFacility Probe Immortal Nexus Stalker Zealot Stargate Immortal Adept VoidRay Stalker Stalker Pylon VoidRay Immortal TwilightCouncil Immortal Immortal TemplarArchive Zealot DarkShrine FleetBeacon Nexus Nexus Probe Pylon Pylon Probe Gateway,36.5,100828
81,323323,0,10765,4.44409,10765,Adept RoboticsFacility Probe Immortal Nexus Stalker Gateway Stalker RoboticsFacility Immortal Stalker Stalker Stalker Stalker Immortal Zealot Stalker Stargate Pylon Gateway Gateway Pylon Stalker Assimilator Zealot Pylon Assimilator VoidRay RoboticsBay Probe RoboticsFacility Nexus Stalker Probe,32.5,102680
81,323430,0,10769,4.44489,10769,Adept RoboticsFacility Probe Immortal Nexus Stalker Gateway Stalker Immortal RoboticsFacility Probe Immortal Immortal Gateway Stalker Immortal Zealot Pylon Pylon RoboticsBay Stalker Immortal RoboticsFacility TwilightCouncil Adept Assimilator Gateway Probe Zealot Stargate DarkShrine Gateway Zealot Stalker Zealot TemplarArchive Assimilator,35,104097
83,331843,0,11073,4.57184,11073,Adept RoboticsFacility Probe Immortal Nexus RoboticsFacility Immortal Immortal Stargate RoboticsFacility Pylon Adept Immortal Immortal Immortal Probe Pylon Zealot VoidRay Immortal Immortal Immortal Assimilator Stalker Gateway Assimilator Pylon Probe Pylon Adept Pylon Zealot RoboticsFacility,43,107761
269,846157,0,35368,12.423,35368,Adept RoboticsFacility Probe Immortal Nexus RoboticsFacility Immortal Immortal Stargate RoboticsFacility Pylon Adept Immortal Immortal Immortal Probe Pylon Immortal Stalker Immortal Immortal Immortal VoidRay RoboticsBay Zealot Gateway Pylon Nexus Pylon,41.75,107810
284,882372,0,37712,12.9929,37712,Adept RoboticsFacility Probe Immortal Nexus RoboticsFacility Immortal Immortal Stargate RoboticsFacility Pylon Adept Immortal Immortal Immortal Probe Pylon Immortal Stalker Immortal Assimilator Zealot VoidRay Immortal Zealot RoboticsFacility RoboticsBay Adept Assimilator Gateway Gateway,44,108077
284,885604,0,37928,13.044,37928,Adept RoboticsFacility Probe Immortal Nexus RoboticsFacility Immortal Immortal Stargate RoboticsFacility Pylon Adept Immortal Immortal Immortal Probe Pylon Immortal Immortal Adept Immortal Adept Immortal Assimilator Immortal RoboticsBay Nexus Stargate,46.25,108645
314,922369,0,40686,13.6034,40686,Adept RoboticsFacility Probe Immortal Nexus RoboticsFacility Immortal Immortal Stargate RoboticsFacility Pylon Adept Immortal Immortal Immortal Probe Pylon Immortal Immortal Adept Immortal Immortal Stalker Probe Stargate Gateway Probe Zealot FleetBeacon Assimilator Gateway Assimilator Assimilator,44,108866
314,941128,0,42168,13.8891,42168,Adept RoboticsFacility Probe Immortal Nexus RoboticsFacility Immortal Immortal Stargate RoboticsFacility Pylon Adept Immortal Immortal Immortal Probe Pylon Immortal Immortal Adept Immortal Immortal Assimilator Immortal Zealot Pylon Stalker TwilightCouncil Probe Immortal,46,108869
314,942011,0,42249,13.8963,42249,Adept RoboticsFacility Probe Immortal Nexus RoboticsFacility Immortal Immortal Stargate RoboticsFacility Pylon Adept Immortal Immortal Immortal Probe Pylon Immortal Immortal Adept Immortal Adept Immortal Immortal Assimilator Pylon TwilightCouncil Zealot VoidRay Assimilator Probe,46.25,108960
344,980233,0,45708,14.4846,45708,Adept RoboticsFacility Probe Immortal Nexus RoboticsFacility Immortal Immortal Stargate RoboticsFacility Pylon Adept Immortal Immortal Immortal Probe Pylon Immortal Immortal Adept Immortal Adept Immortal Immortal Pylon Stargate Probe Probe Probe Stalker Probe Pylon Pylon Gateway,46.25,108960
401,1017984,0,50419,15.0306,50419,Adept RoboticsFacility Probe Immortal Nexus RoboticsFacility Immortal Immortal Stargate RoboticsFacility Pylon Adept Immortal Immortal Immortal Probe Pylon Immortal Immortal Adept Immortal Adept Immortal Immortal Pylon Stargate Probe Gateway Probe Probe Assimilator Gateway Stalker,46.25,108960
401,1024146,0,51310,15.1148,51310,Adept RoboticsFacility Probe Immortal Nexus RoboticsFacility Immortal Immortal Stargate RoboticsFacility Pylon Adept Immortal Immortal Immortal Probe Pylon Immortal Immortal Adept Immortal Adept Immortal Immortal Pylon Probe RoboticsFacility Probe Adept Pylon Probe Immortal Probe,46.25,108960
401,1029450,0,52078,15.1931,52078,Adept RoboticsFacility Probe Immortal Nexus RoboticsFacility Immortal Immortal Stargate RoboticsFacility Pylon Adept Immortal Immortal Immortal Probe Pylon Immortal Immortal Adept Immortal Adept Immortal Immortal Pylon Probe Probe Immortal Probe Probe RoboticsBay Gateway,46.25,108960
416,1031371,0,52364,15.2219,52364,Adept RoboticsFacility Probe Immortal Nexus RoboticsFacility Immortal Immortal Stargate RoboticsFacility Pylon Adept Immortal Immortal Immortal Probe Pylon Immortal Immortal Adept Immortal Adept Immortal Immortal Pylon Probe Pylon Probe Probe VoidRay Probe Gateway Zealot,46.25,108960
431,1055463,0,56189,15.5977,56189,Adept RoboticsFacility Probe Immortal Nexus RoboticsFacility Immortal Immortal Stargate RoboticsFacility Pylon Adept Immortal Immortal Immortal Probe Pylon Immortal Immortal Adept Immortal Adept Immortal Immortal Pylon Probe Pylon Probe Adept TwilightCouncil Probe Probe VoidRay,46.25,108960
446,1056445,0,56355,15.6194,56355,Adept RoboticsFacility Probe Immortal Nexus RoboticsFacility Immortal Immortal Stargate RoboticsFacility Pylon Adept Immortal Immortal Immortal Probe Pylon Immortal Immortal Adept Immortal Adept Immortal Immortal Pylon Probe Pylon Probe Probe VoidRay Probe Assimilator Stalker Probe,46.25,108960
446,1058478,0,56700,15.6479,56700,Adept RoboticsFacility Probe Immortal Nexus RoboticsFacility Immortal Immortal Stargate RoboticsFacility Pylon Adept Immortal Immortal Immortal Probe Pylon Immortal Immortal Adept Immortal Adept Immortal Immortal Pylon Probe Pylon Probe Probe Stargate Probe Probe Immortal Probe,46.25,108960
461,1068622,0,58475,15.8049,58475,Adept RoboticsFacility Probe Immortal Nexus RoboticsFacility Immortal Immortal Stargate RoboticsFacility Pylon Adept Immortal Immortal Immortal Probe Pylon Immortal Immortal Adept Immortal Adept Immortal Immortal Pylon Probe Pylon Probe Probe Probe Probe Zealot VoidRay Probe Probe,46.25,108960
461,1072719,0,59240,15.8611,59240,Adept RoboticsFacility Probe Immortal Nexus RoboticsFacility Immortal Immortal Stargate RoboticsFacility Pylon Adept Immortal Immortal Immortal Probe Pylon Immortal Immortal Adept Immortal Adept Immortal Immortal Pylon Probe Pylon Probe Probe Probe Probe Pylon Immortal Adept,46.25,108960
461,1073723,0,59425,15.8816,59425,Adept RoboticsFacility Probe Immortal Nexus RoboticsFacility Immortal Immortal Stargate RoboticsFacility Pylon Adept Immortal Immortal Immortal Probe Pylon Immortal Immortal Adept Immortal Adept Immortal Immortal Pylon Probe Pylon Probe Probe Stalker Probe Assimilator Probe Immortal,46.25,108960
461,1076775,0,60000,15.93,60000,Adept RoboticsFacility Probe Immortal Nexus RoboticsFacility Immortal Immortal Stargate RoboticsFacility Pylon Adept Immortal Immortal Immortal Probe Pylon Immortal Immortal Adept Immortal Adept Immortal Immortal Pylon Probe Pylon Probe Probe RoboticsBay Probe Probe Probe Pylon Assimilator Adept,46.25,108960
461,1077242,0,60099,15.9342,60099,Adept RoboticsFacility Probe Immortal Nexus RoboticsFacility Immortal Immortal Stargate RoboticsFacility Pylon Adept Immortal Immortal Immortal Probe Pylon Immortal Immortal Adept Immortal Adept Immortal Immortal Pylon Probe Pylon Probe Probe RoboticsBay Probe Probe Probe Gateway Adept,46.25,108960
486,1090310,1,62939,16.1217,62939,Adept RoboticsFacility Probe Immortal Nexus RoboticsFacility Immortal Immortal Stargate RoboticsFacility Pylon Adept Immortal Immortal Immortal Probe Pylon Immortal Immortal Adept Immortal Adept Immortal Immortal Pylon Probe Pylon Probe Probe RoboticsBay Probe Probe Probe Immortal,46.25,108960
