0,0,0,0,0,0, ,0,0
0,32,0,1,0.000279,1,Gateway TwilightCouncil RoboticsFacility Immortal DarkShrine Pylon DarkTemplar Zealot Stalker DarkTemplar Stargate FleetBeacon TemplarArchive DarkTemplar Carrier Immortal DarkTemplar Pylon Zealot Gateway Probe Gateway Nexus Nexus Probe Gateway Pylon Assimilator Pylon Nexus Assimilator,14,39277.5
0,64,0,2,0.000523,2,Nexus Zealot Gateway Stalker Stargate FleetBeacon Zealot Stargate Tempest Adept Pylon Probe Pylon Zealot Tempest Nexus Mothership VoidRay Nexus Assimilator Stargate Stalker Pylon TwilightCouncil DarkShrine Zealot Pylon Probe Adept Probe Stargate,20.25,53817.5
0,421,0,14,0.002982,14,Stalker Stargate RoboticsFacility Pylon Nexus Pylon Probe Nexus Immortal Stalker Probe Immortal Probe Stargate RoboticsBay Adept Immortal Assimilator RoboticsFacility Immortal TwilightCouncil Zealot RoboticsFacility Stalker Gateway Probe Immortal Stargate Stalker Assimilator Pylon Probe Gateway Adept DarkShrine Gateway,28,63667
0,1688,0,56,0.017019,56,RoboticsFacility Gateway Stalker Stargate Stalker Assimilator Nexus Adept Probe Adept Zealot VoidRay Adept Probe Adept Stalker Stalker Nexus Pylon Adept Gateway RoboticsFacility Pylon Assimilator VoidRay Zealot FleetBeacon Nexus VoidRay,23.25,75148
0,5809,0,189,0.072033,189,RoboticsFacility Stargate Stalker RoboticsFacility Immortal Stalker Gateway Adept Stalker Gateway Immortal RoboticsFacility Pylon RoboticsBay Zealot Assimilator VoidRay Nexus Stalker Colossus Adept TwilightCouncil FleetBeacon Nexus Colossus Probe Probe,27,78238.5
0,6289,0,205,0.075443,205,Gateway Stargate Pylon Adept Stalker Probe Gateway Probe Adept Probe VoidRay Stalker RoboticsFacility Gateway VoidRay Assimilator Zealot Stargate Probe Immortal FleetBeacon Stargate VoidRay TwilightCouncil Assimilator DarkShrine TemplarArchive Nexus Nexus Gateway RoboticsBay Stargate Gateway Probe,22.75,81411.2
2,8598,0,279,0.104738,279,Stalker Stalker Pylon Pylon Gateway TwilightCouncil Gateway Adept DarkShrine Stalker Adept Probe Adept Adept Gateway Stalker Zealot Zealot TemplarArchive Pylon Zealot Pylon Stalker Adept Stalker Probe Pylon Zealot Stalker Nexus RoboticsFacility Adept Pylon DarkTemplar Gateway DarkTemplar RoboticsBay DarkTemplar Nexus Gateway Stalker Pylon Probe,31.25,86704.8
11,25011,0,801,0.336253,801,Stalker Pylon Adept Pylon RoboticsFacility Stalker Immortal Stalker RoboticsBay TwilightCouncil Assimilator Gateway Stalker Immortal Stargate Adept Pylon Gateway Probe Stalker Immortal Adept Stargate Assimilator Stalker Stalker Stalker DarkShrine Immortal RoboticsFacility RoboticsFacility RoboticsFacility,32.75,90191.8
22,83175,0,2688,1.16721,2688,Stalker Probe RoboticsFacility RoboticsFacility Stalker Immortal Zealot Assimilator TwilightCouncil Immortal Stalker Probe Pylon Immortal Nexus Immortal RoboticsFacility Pylon TemplarArchive Stargate Zealot Zealot FleetBeacon Immortal Assimilator Adept Stalker Nexus DarkShrine Probe,28.25,93106
35,134761,0,4339,1.8942,4339,Stalker Probe Pylon Stargate Assimilator RoboticsFacility Adept RoboticsBay VoidRay Probe Adept Stalker Probe Immortal Pylon VoidRay Probe Adept Immortal Immortal Gateway TwilightCouncil Stalker FleetBeacon Stalker Pylon Zealot Stalker Adept Adept RoboticsFacility Pylon Immortal TemplarArchive Nexus,34,98957.5
84,343012,0,11382,5.41399,11382,Stalker Probe Pylon Stargate Assimilator Stalker Stargate VoidRay VoidRay VoidRay Adept VoidRay Pylon Stalker RoboticsFacility RoboticsFacility VoidRay Zealot Stargate Nexus Stargate FleetBeacon Adept RoboticsFacility TwilightCouncil Immortal Gateway Zealot Probe,28.75,100838
106,396744,0,13582,6.11146,13582,Stalker Probe Pylon Stargate Assimilator Stalker Stargate VoidRay FleetBeacon Stalker Probe Pylon VoidRay Tempest VoidRay Zealot Adept VoidRay Adept Pylon Tempest Stalker Stalker RoboticsFacility RoboticsFacility Nexus TwilightCouncil Probe Stargate DarkShrine Stalker Pylon,36.75,101330
110,423820,0,14720,6.34474,14720,Stalker Probe Pylon Stargate Assimilator Stalker Stargate VoidRay VoidRay VoidRay VoidRay Adept FleetBeacon VoidRay Pylon Carrier Gateway RoboticsFacility Zealot VoidRay RoboticsBay Nexus Gateway Stargate Assimilator TwilightCouncil Pylon,35.75,105121
128,494219,0,17842,7.61974,17842,Stalker Probe Pylon Stargate Assimilator Stalker Stargate VoidRay Adept Probe Zealot VoidRay Pylon VoidRay Zealot VoidRay Zealot Assimilator VoidRay Gateway FleetBeacon Stalker Zealot RoboticsFacility Probe TwilightCouncil Gateway DarkShrine Gateway Stargate RoboticsBay Gateway,30.5,107192
157,579772,0,21673,9.16775,21673,Stalker Probe Pylon Stargate Assimilator Stalker Stargate VoidRay Adept Probe Pylon VoidRay Stalker Pylon RoboticsFacility VoidRay VoidRay Adept Stargate Gateway Pylon Stalker Zealot VoidRay Immortal Stalker Probe RoboticsBay TwilightCouncil Pylon Assimilator Pylon TemplarArchive Gateway Pylon RoboticsFacility,36,107614
170,609375,0,23004,9.65141,23004,Stalker Probe Pylon Stargate Assimilator Stalker Stargate VoidRay Adept Probe Pylon Adept VoidRay VoidRay VoidRay VoidRay Stargate Adept Probe Zealot Assimilator Zealot Probe Gateway Pylon VoidRay Zealot FleetBeacon Zealot RoboticsFacility TwilightCouncil Nexus Probe Pylon,35.25,108860
200,685107,0,26526,10.866,26526,Stalker Probe Pylon Stargate Assimilator Stalker Stargate VoidRay Adept Probe Pylon Adept VoidRay VoidRay Stalker Stargate Stargate VoidRay Pylon VoidRay Assimilator Gateway Probe VoidRay VoidRay VoidRay TwilightCouncil Stalker Stargate Stargate Stargate Pylon,41.5,110085
200,689612,0,26752,10.9373,26752,Stalker Probe Pylon Stargate Assimilator Stalker Stargate VoidRay Adept Probe Pylon Adept VoidRay Pylon Probe VoidRay VoidRay Adept VoidRay Zealot Stalker VoidRay Adept Stalker Stalker Assimilator Nexus FleetBeacon Pylon RoboticsFacility Gateway Nexus Probe Probe,37,113537
213,726139,0,28566,11.5187,28566,Stalker Probe Pylon Stargate Assimilator Stalker Stargate VoidRay Adept Probe Pylon Adept VoidRay Pylon VoidRay Probe VoidRay VoidRay VoidRay VoidRay Adept Stalker Adept FleetBeacon Stalker Nexus Stargate Gateway Pylon Assimilator RoboticsFacility Gateway Pylon,38.25,113768
213,726262,0,28572,11.5196,28572,Stalker Probe Pylon Stargate Assimilator Stalker Stargate VoidRay Adept Probe Pylon Adept VoidRay Pylon VoidRay Probe Gateway VoidRay Zealot Stalker VoidRay VoidRay Adept Stalker Assimilator VoidRay TwilightCouncil Gateway Gateway Pylon Gateway Stalker Stalker DarkShrine Probe,39.75,117775
226,765574,0,30589,12.1526,30589,Stalker Probe Pylon Stargate Assimilator Stalker Stargate VoidRay Adept Probe Pylon Adept VoidRay Pylon VoidRay Stalker VoidRay Pylon Stalker Adept VoidRay Assimilator VoidRay Pylon VoidRay Stalker VoidRay TwilightCouncil Nexus RoboticsFacility,44.5,118834
239,810744,0,33062,12.7218,33062,Stalker Probe Pylon Stargate Assimilator Stalker Stargate VoidRay Adept Probe Pylon Adept VoidRay Pylon VoidRay Stalker VoidRay Zealot VoidRay Adept VoidRay Gateway Stalker TwilightCouncil VoidRay Probe Assimilator Gateway TemplarArchive RoboticsFacility Nexus Pylon,39.75,120254
252,829383,0,34114,12.9974,34114,Stalker Probe Pylon Stargate Assimilator Stalker Stargate VoidRay Adept Probe Pylon Adept VoidRay Pylon VoidRay Stalker VoidRay VoidRay VoidRay Stalker Stalker VoidRay Stargate Zealot RoboticsFacility Gateway Nexus RoboticsFacility TwilightCouncil Pylon Pylon Probe Pylon,40.25,121120
252,854345,0,35614,13.4001,35614,Stalker Probe Pylon Stargate Assimilator Stalker Stargate VoidRay Adept Probe Pylon Adept VoidRay Pylon VoidRay Stalker VoidRay Stalker Pylon VoidRay Stalker VoidRay RoboticsFacility VoidRay Zealot Stargate Stalker TwilightCouncil Nexus Stargate Assimilator TemplarArchive Probe,42,121998
252,859288,0,35913,13.4801,35913,Stalker Probe Pylon Stargate Assimilator Stalker Stargate VoidRay Adept Probe Pylon Adept VoidRay Pylon VoidRay Stalker VoidRay Zealot VoidRay Probe Adept VoidRay VoidRay Adept Pylon Zealot VoidRay Gateway TwilightCouncil FleetBeacon Gateway RoboticsFacility Pylon Gateway,44.25,123792
278,905469,0,38859,14.2027,38859,Stalker Probe Pylon Stargate Assimilator Stalker Stargate VoidRay Adept Probe Pylon Adept VoidRay Pylon VoidRay Stalker VoidRay Zealot VoidRay VoidRay Zealot Pylon VoidRay VoidRay Adept TwilightCouncil Probe VoidRay Gateway RoboticsFacility Nexus Assimilator,47,124528
303,952002,0,42244,14.9338,42244,Stalker Probe Pylon Stargate Assimilator Stalker Stargate VoidRay Adept Probe Pylon Adept VoidRay Pylon VoidRay Stalker VoidRay Zealot VoidRay VoidRay Zealot VoidRay Stalker Gateway Pylon Stalker VoidRay Nexus FleetBeacon RoboticsFacility Probe,45.25,124738
304,967293,0,43440,15.04,43440,Stalker Probe Pylon Stargate Assimilator Stalker Stargate VoidRay Adept Probe Pylon Adept VoidRay Pylon VoidRay Stalker VoidRay Zealot VoidRay VoidRay Zealot Pylon VoidRay VoidRay VoidRay Stalker Nexus Assimilator Probe Nexus,47.5,124959
304,974111,0,43970,15.1203,43970,Stalker Probe Pylon Stargate Assimilator Stalker Stargate VoidRay Adept Probe Pylon Adept VoidRay Pylon VoidRay Stalker VoidRay Zealot VoidRay VoidRay Zealot Pylon VoidRay Adept Assimilator VoidRay Stalker Stalker Probe Nexus TwilightCouncil Pylon,46.5,125220
304,975539,0,44086,15.1611,44086,Stalker Probe Pylon Stargate Assimilator Stalker Stargate VoidRay Adept Probe Pylon Adept VoidRay Pylon VoidRay Stalker VoidRay Zealot VoidRay VoidRay Zealot Pylon VoidRay Stalker VoidRay Assimilator VoidRay TwilightCouncil FleetBeacon TemplarArchive Probe,47.5,125806
330,1014721,0,47440,15.9693,47440,Stalker Probe Pylon Stargate Assimilator Stalker Stargate VoidRay Adept Probe Pylon Adept VoidRay Pylon VoidRay Stalker VoidRay Zealot VoidRay VoidRay Zealot Pylon VoidRay Stalker VoidRay Probe Stalker Nexus FleetBeacon Stargate Stargate Probe,45.25,125966
330,1022525,0,48165,16.1104,48165,Stalker Probe Pylon Stargate Assimilator Stalker Stargate VoidRay Adept Probe Pylon Adept VoidRay Pylon VoidRay Stalker VoidRay Zealot VoidRay VoidRay Zealot Pylon VoidRay Stalker VoidRay VoidRay Pylon RoboticsFacility Gateway Zealot Assimilator Pylon TwilightCouncil Zealot,48.5,125974
343,1023427,0,48251,16.1352,48251,Stalker Probe Pylon Stargate Assimilator Stalker Stargate VoidRay Adept Probe Pylon Adept VoidRay Pylon VoidRay Stalker VoidRay Zealot VoidRay VoidRay Zealot Pylon VoidRay Stalker VoidRay Probe Probe Stalker Pylon Adept TwilightCouncil Zealot Pylon Stargate FleetBeacon Probe,46.5,125988
343,1023938,0,48301,16.1388,48301,Stalker Probe Pylon Stargate Assimilator Stalker Stargate VoidRay Adept Probe Pylon Adept VoidRay Pylon VoidRay Stalker VoidRay Zealot VoidRay VoidRay Zealot Pylon VoidRay Stalker VoidRay Stalker Stalker Assimilator Pylon FleetBeacon Zealot RoboticsFacility Pylon Probe,47,126022
343,1024788,0,48385,16.1628,48385,Stalker Probe Pylon Stargate Assimilator Stalker Stargate VoidRay Adept Probe Pylon Adept VoidRay Pylon VoidRay Stalker VoidRay Zealot VoidRay VoidRay Zealot Pylon VoidRay Stalker VoidRay Stalker Assimilator Probe Stargate Pylon Stalker FleetBeacon RoboticsFacility,47,126022
343,1032819,0,49168,16.3175,49168,Stalker Probe Pylon Stargate Assimilator Stalker Stargate VoidRay Adept Probe Pylon Adept VoidRay Pylon VoidRay Stalker VoidRay Zealot VoidRay VoidRay Zealot Pylon VoidRay Stalker VoidRay Stalker Zealot Nexus Gateway TwilightCouncil Probe Stargate,46.25,126062
343,1042475,0,50141,16.5102,50141,Stalker Probe Pylon Stargate Assimilator Stalker Stargate VoidRay Adept Probe Pylon Adept VoidRay Pylon VoidRay Stalker VoidRay Zealot VoidRay VoidRay Zealot Pylon VoidRay Stalker VoidRay VoidRay Pylon Stargate Adept Pylon RoboticsFacility TwilightCouncil Zealot Assimilator,48.75,126112
356,1043447,0,50254,16.5356,50254,Stalker Probe Pylon Stargate Assimilator Stalker Stargate VoidRay Adept Probe Pylon Adept VoidRay Pylon VoidRay Stalker VoidRay Zealot VoidRay VoidRay Zealot Pylon VoidRay Stalker VoidRay VoidRay Pylon Zealot Gateway Nexus Probe Stalker,48.5,126146
356,1045395,0,50473,16.5799,50473,Stalker Probe Pylon Stargate Assimilator Stalker Stargate VoidRay Adept Probe Pylon Adept VoidRay Pylon VoidRay Stalker VoidRay Zealot VoidRay VoidRay Zealot Pylon VoidRay Stalker VoidRay VoidRay Pylon Stalker Stalker FleetBeacon VoidRay,49.25,126172
356,1046652,0,50619,16.6035,50619,Stalker Probe Pylon Stargate Assimilator Stalker Stargate VoidRay Adept Probe Pylon Adept VoidRay Pylon VoidRay Stalker VoidRay Zealot VoidRay VoidRay Zealot Pylon VoidRay Stalker VoidRay Pylon VoidRay Stalker TwilightCouncil Nexus Adept Probe,49.25,126260
356,1049185,0,50904,16.645,50904,Stalker Probe Pylon Stargate Assimilator Stalker Stargate VoidRay Adept Probe Pylon Adept VoidRay Pylon VoidRay Stalker VoidRay Zealot VoidRay VoidRay Zealot Pylon VoidRay Stalker VoidRay Pylon VoidRay Stalker Nexus Probe VoidRay,49.25,126260
369,1061102,0,52290,16.8726,52290,Stalker Probe Pylon Stargate Assimilator Stalker Stargate VoidRay Adept Probe Pylon Adept VoidRay Pylon VoidRay Stalker VoidRay Zealot VoidRay VoidRay Zealot Pylon VoidRay Stalker VoidRay Pylon Stalker VoidRay Probe Zealot Assimilator VoidRay Gateway,50.25,126261
382,1087181,0,55588,17.4001,55588,Stalker Probe Pylon Stargate Assimilator Stalker Stargate VoidRay Adept Probe Pylon Adept VoidRay Pylon VoidRay Stalker VoidRay Zealot VoidRay VoidRay Zealot Pylon VoidRay Stalker VoidRay Pylon Stalker VoidRay Zealot Assimilator Probe Probe RoboticsFacility Gateway Stalker,50.25,126261
408,1103750,0,58256,17.7316,58256,Stalker Probe Pylon Stargate Assimilator Stalker Stargate VoidRay Adept Probe Pylon Adept VoidRay Pylon VoidRay Stalker VoidRay Zealot VoidRay VoidRay Zealot Pylon VoidRay Stalker VoidRay Pylon Stalker VoidRay Zealot Probe Probe Stargate Probe FleetBeacon Probe,50.25,126261
408,1105589,0,58594,17.7699,58594,Stalker Probe Pylon Stargate Assimilator Stalker Stargate VoidRay Adept Probe Pylon Adept VoidRay Pylon VoidRay Stalker VoidRay Zealot VoidRay VoidRay Zealot Pylon VoidRay Stalker VoidRay Pylon Stalker VoidRay Zealot Probe Probe Probe Adept Gateway Gateway Pylon,50.25,126261
408,1113296,0,60009,17.9137,60009,Stalker Probe Pylon Stargate Assimilator Stalker Stargate VoidRay Adept Probe Pylon Adept VoidRay Pylon VoidRay Stalker VoidRay Zealot VoidRay VoidRay Zealot Pylon VoidRay Stalker VoidRay Pylon Stalker VoidRay Zealot Probe Probe Probe TwilightCouncil Gateway Stalker Assimilator,50.25,126261
421,1115399,0,60412,17.9582,60412,Stalker Probe Pylon Stargate Assimilator Stalker Stargate VoidRay Adept Probe Pylon Adept VoidRay Pylon VoidRay Stalker VoidRay Zealot VoidRay VoidRay Zealot Pylon VoidRay Stalker VoidRay Pylon Stalker VoidRay Zealot Probe Probe Probe Pylon Gateway VoidRay,50.25,126261
421,1116207,0,60568,17.9686,60568,Stalker Probe Pylon Stargate Assimilator Stalker Stargate VoidRay Adept Probe Pylon Adept VoidRay Pylon VoidRay Stalker VoidRay Zealot VoidRay VoidRay Zealot Pylon VoidRay Stalker VoidRay Pylon Stalker VoidRay Zealot Probe Probe Probe Probe FleetBeacon Gateway,50.25,126261
433,1125496,0,62370,18.1439,62370,Stalker Probe Pylon Stargate Assimilator Stalker Stargate VoidRay Adept Probe Pylon Adept VoidRay Pylon VoidRay Stalker VoidRay Zealot VoidRay VoidRay Zealot Pylon VoidRay Stalker VoidRay Pylon Stalker VoidRay Zealot Probe Probe Probe Probe Pylon Adept TwilightCouncil Assimilator,50.25,126261
433,1134136,0,64070,18.2287,64070,Stalker Probe Pylon Stargate Assimilator Stalker Stargate VoidRay Adept Probe Pylon Adept VoidRay Pylon VoidRay Stalker VoidRay Zealot VoidRay VoidRay Zealot Pylon VoidRay Stalker VoidRay Pylon Stalker VoidRay Zealot Probe Probe Probe Pylon Probe Stalker Gateway Probe,50.25,126261
445,1136293,0,64526,18.2437,64526,Stalker Probe Pylon Stargate Assimilator Stalker Stargate VoidRay Adept Probe Pylon Adept VoidRay Pylon VoidRay Stalker VoidRay Zealot VoidRay VoidRay Zealot Pylon VoidRay Stalker VoidRay Pylon Stalker VoidRay Zealot Probe Probe Probe Pylon Probe VoidRay Zealot,50.25,126261
445,1137933,0,64873,18.2542,64873,Stalker Probe Pylon Stargate Assimilator Stalker Stargate VoidRay Adept Probe Pylon Adept VoidRay Pylon VoidRay Stalker VoidRay Zealot VoidRay VoidRay Zealot Pylon VoidRay Stalker VoidRay Pylon Stalker VoidRay Zealot Probe Probe Probe Probe Pylon VoidRay Adept,50.25,126261
