{
    "Average": {
        "Eval": 121738.9140625,
        "FinishedEval": 121738.9140625,
        "FinishedValue": 47.7083320617676,
        "LeafNodesExpanded": 0,
        "LeafNodesVisited": 73782,
        "NodeVisits": 1250000,
        "NodesExpanded": 559,
        "NumRuns": 18,
        "NumSimulations": 73781,
        "TimeElapsed": 18.5252469444444,
        "TimeElapsedCPU": 9.12537586755556,
        "UsefulEval": 96854.015625,
        "UsefulValue": 35.8194427490234,
        "Value": 47.7083320617676
    },
    "Best": {
        "BestRunEval": 1,
        "BestRunEvalFinished": 1,
        "BestRunEvalUseful": 1,
        "Eval": 136867.5,
        "EvalBuildOrder": "Adept Gateway Stargate Stalker Pylon Stalker Pylon Probe VoidRay Gateway Stalker VoidRay Stalker Zealot Pylon Stalker Stalker VoidRay Stalker Zealot Zealot Pylon Adept Stalker Stalker VoidRay Stalker Stalker Zealot Pylon Stalker VoidRay Stalker Stalker Stalker Pylon Probe VoidRay Probe Stalker Pylon",
        "FinishedBuildOrder": "Adept Gateway Stargate Stalker Pylon Stalker Pylon Probe VoidRay Gateway Stalker VoidRay Stalker Zealot Pylon Stalker Stalker VoidRay Stalker Zealot Zealot Pylon Adept Stalker Stalker VoidRay Stalker Stalker Zealot Pylon Stalker VoidRay Stalker Stalker Stalker Pylon Probe",
        "FinishedEval": 136867.5,
        "FinishedValue": 52.75,
        "LeafNodesExpanded": 21,
        "LeafNodesVisited": 82001,
        "NodeVisits": 1435036,
        "NodesExpanded": 647,
        "NumSimulations": 82000,
        "TimeElapsed": 19.920602,
        "TimeElapsedCPU": 10.396803321,
        "UsefulBuildOrder": "Adept Gateway Stargate Stalker Pylon Stalker Pylon Probe VoidRay Gateway Stalker VoidRay Stalker Zealot Pylon Stalker Stalker VoidRay Stalker Zealot Zealot Pylon Adept Stalker Stalker VoidRay Stalker Stalker Zealot Pylon Stalker VoidRay Stalker Stalker Stalker Pylon Probe",
        "UsefulEval": 136867.5,
        "UsefulValue": 52.75,
        "Value": 52.75
    }
}
