0,0,0,0,0,0, ,0,0
0,32,0,1,0.000246,1,Assimilator Adept Adept Adept Probe Zealot Assimilator RoboticsFacility Stargate Immortal Adept Stargate RoboticsBay Probe Pylon Stalker Nexus Pylon Stalker Colossus Gateway TwilightCouncil VoidRay RoboticsFacility Stargate Stargate Stargate Adept Zealot Probe Probe,22.25,53468
0,161,0,5,0.001145,5,Probe Probe Probe Zealot Assimilator Gateway Adept RoboticsFacility Immortal Immortal Stargate Pylon RoboticsFacility Adept Stalker Probe Adept Zealot VoidRay Nexus VoidRay Assimilator Probe RoboticsFacility RoboticsBay Gateway Adept Pylon Pylon RoboticsFacility Stargate FleetBeacon Carrier Nexus Assimilator,24.25,64464
0,387,0,13,0.002755,13,Adept Adept Nexus Nexus Stalker Stargate RoboticsFacility VoidRay Adept Zealot RoboticsFacility VoidRay TwilightCouncil Nexus RoboticsFacility Pylon Pylon VoidRay DarkShrine Immortal VoidRay Assimilator Stargate Immortal Adept RoboticsBay Gateway Assimilator,26.25,64946.5
0,678,0,22,0.004833,22,Probe Stargate Gateway FleetBeacon Nexus Assimilator Probe Carrier Stalker Adept Stalker Stargate Tempest Stargate Tempest Zealot RoboticsFacility TwilightCouncil Immortal Zealot Nexus Probe Zealot Stalker Gateway RoboticsFacility Zealot Zealot Probe Adept TemplarArchive Gateway Probe,27.75,65600.5
0,747,0,24,0.005349,24,Pylon Stargate Zealot VoidRay Pylon Zealot Stargate Pylon Probe Stalker VoidRay Nexus Pylon Adept Nexus Nexus Zealot Pylon Adept FleetBeacon TwilightCouncil Pylon Stalker Pylon Stalker TemplarArchive Tempest Stargate VoidRay Gateway RoboticsFacility Pylon Stalker Probe,23,66047.5
0,870,0,28,0.006231,28,Stargate Assimilator Adept Gateway VoidRay Probe Nexus VoidRay Assimilator Stalker Stalker Pylon Stalker Stargate Gateway Gateway VoidRay RoboticsFacility RoboticsFacility TwilightCouncil Nexus RoboticsFacility RoboticsFacility RoboticsFacility Probe Probe,18.5,67427
0,1240,0,40,0.012769,40,RoboticsFacility Adept Zealot RoboticsBay Immortal Zealot Adept Nexus Gateway Zealot Probe Probe Nexus Adept Zealot Assimilator Immortal Colossus Stalker Pylon Nexus RoboticsFacility Stargate Pylon Colossus FleetBeacon Zealot RoboticsFacility Immortal,23,68385.5
0,1680,0,54,0.015916,54,RoboticsFacility Stalker Immortal Pylon Zealot Nexus RoboticsFacility Immortal Pylon Immortal Nexus RoboticsFacility Stargate RoboticsBay Colossus Adept VoidRay FleetBeacon RoboticsFacility Carrier Stalker Assimilator Gateway Pylon Pylon Nexus,24.25,72882.8
0,2989,0,94,0.043262,94,Stalker RoboticsFacility Immortal Stargate Probe Zealot RoboticsFacility VoidRay Immortal Assimilator Immortal Pylon RoboticsBay VoidRay Zealot Assimilator Adept TwilightCouncil Pylon Stargate Gateway Nexus Adept Pylon RoboticsFacility Nexus Adept Pylon,25.5,88733
11,26693,0,854,0.376709,854,RoboticsFacility Immortal Gateway Gateway Stargate Immortal Adept Zealot Zealot Gateway VoidRay Adept Adept Pylon Immortal Assimilator Adept Pylon Immortal Pylon Stargate RoboticsBay Gateway Stalker Colossus Adept Pylon Zealot Probe Stargate Colossus Probe,35,93376.2
26,82698,0,2682,1.15763,2682,RoboticsFacility Adept RoboticsFacility Probe Stalker Immortal Pylon Stalker Immortal Immortal Adept Probe Pylon Immortal Zealot Gateway Pylon Stargate TwilightCouncil Nexus Nexus Stalker Immortal VoidRay Stalker Nexus Nexus Stargate FleetBeacon Probe,33.25,107058
79,244800,0,8181,3.49988,8181,RoboticsFacility Adept RoboticsFacility Probe Probe Immortal Stargate Pylon Probe Zealot Adept Zealot VoidRay Immortal Immortal Pylon VoidRay Probe Immortal Adept Pylon Immortal Immortal TwilightCouncil FleetBeacon TemplarArchive Assimilator Probe Gateway Gateway RoboticsFacility Pylon Gateway Pylon Gateway Nexus Gateway Gateway Pylon,36.25,107935
294,910379,0,32295,13.4156,32295,RoboticsFacility Adept RoboticsFacility Probe Probe Immortal Stargate Pylon Probe Zealot Adept Zealot VoidRay Immortal Immortal Pylon Gateway Stalker Pylon Immortal VoidRay Immortal Adept FleetBeacon Stalker TwilightCouncil RoboticsFacility Nexus RoboticsFacility Assimilator Assimilator Adept Nexus Gateway Pylon Gateway Pylon,36,107999
296,924048,0,32894,13.622,32894,RoboticsFacility Adept RoboticsFacility Probe Probe Immortal Stargate Pylon Probe Zealot Adept Zealot VoidRay Immortal Immortal Pylon Pylon Nexus Probe VoidRay Immortal Immortal Stalker Nexus Immortal RoboticsFacility Immortal Probe Nexus RoboticsBay Adept Stargate Pylon Assimilator Assimilator Pylon Assimilator Probe,40.5,108820
311,963274,0,34630,14.2398,34630,RoboticsFacility Adept RoboticsFacility Probe Probe Immortal Stargate Pylon Probe Zealot Adept Zealot VoidRay Immortal Immortal Pylon Pylon Probe Pylon Immortal VoidRay Assimilator Nexus Stalker Assimilator Immortal Immortal VoidRay Immortal TwilightCouncil Immortal RoboticsFacility Probe Probe,44.5,109366
311,974052,0,35114,14.4276,35114,RoboticsFacility Adept RoboticsFacility Probe Probe Immortal Stargate Pylon Probe Zealot Adept Zealot VoidRay Immortal Immortal Pylon Pylon Probe Probe VoidRay Stalker Immortal Immortal Stalker RoboticsFacility Stalker Assimilator Gateway Pylon Gateway Pylon Immortal Probe FleetBeacon Assimilator RoboticsFacility VoidRay TwilightCouncil Gateway Zealot Zealot Probe Zealot,40.25,109771
326,1038518,0,37955,15.4825,37955,RoboticsFacility Adept RoboticsFacility Probe Probe Immortal Stargate Pylon Probe Zealot Adept Zealot VoidRay Immortal Immortal Pylon Pylon Probe Nexus Immortal VoidRay Immortal Immortal Pylon Immortal VoidRay Adept Immortal Stalker TwilightCouncil Pylon Assimilator Pylon Gateway Nexus Stalker,49.5,112934
371,1131432,0,42573,17.3168,42573,RoboticsFacility Adept RoboticsFacility Probe Probe Immortal Stargate Pylon Probe Zealot Adept Zealot VoidRay Immortal Immortal Pylon Pylon Probe Nexus Immortal VoidRay Immortal Immortal Assimilator Stalker TwilightCouncil Immortal Immortal Zealot Stalker Pylon FleetBeacon Stargate Assimilator Pylon RoboticsFacility,45.25,113737
386,1166291,0,44510,17.5948,44510,RoboticsFacility Adept RoboticsFacility Probe Probe Immortal Stargate Pylon Probe Zealot Adept Zealot VoidRay Immortal Immortal Pylon Pylon Probe Nexus Immortal VoidRay Immortal Assimilator Immortal VoidRay Immortal Zealot Adept RoboticsFacility Immortal Adept Pylon Assimilator RoboticsBay RoboticsFacility RoboticsFacility,48.75,114535
391,1195514,0,46286,17.8293,46286,RoboticsFacility Adept RoboticsFacility Probe Probe Immortal Stargate Pylon Probe Zealot Adept Zealot VoidRay Immortal Immortal Pylon Pylon Probe Nexus Immortal VoidRay Immortal Assimilator Stalker Immortal Immortal VoidRay Assimilator Adept TwilightCouncil DarkShrine Immortal Gateway Zealot Pylon,45.75,115520
416,1244594,0,49843,18.2113,49843,RoboticsFacility Adept RoboticsFacility Probe Probe Immortal Stargate Pylon Probe Zealot Adept Zealot VoidRay Immortal Immortal Pylon Pylon Probe Nexus Immortal VoidRay Immortal Assimilator Stalker Immortal Immortal Adept Immortal RoboticsBay Probe Adept Pylon FleetBeacon VoidRay Stalker Assimilator,46.75,115662
416,1247831,0,50097,18.2371,50097,RoboticsFacility Adept RoboticsFacility Probe Probe Immortal Stargate Pylon Probe Zealot Adept Zealot VoidRay Immortal Immortal Pylon Pylon Probe Nexus Immortal VoidRay Immortal Assimilator Stalker Immortal Immortal Stalker Immortal Stalker Stalker RoboticsBay Pylon Pylon TwilightCouncil Assimilator Assimilator Probe Pylon,47.75,116380
431,1261924,0,51271,18.3473,51271,RoboticsFacility Adept RoboticsFacility Probe Probe Immortal Stargate Pylon Probe Zealot Adept Zealot VoidRay Immortal Immortal Pylon Pylon Probe Nexus Immortal VoidRay Immortal Assimilator Stalker Immortal Immortal VoidRay Stalker Immortal TwilightCouncil Stalker FleetBeacon Gateway Assimilator,51.75,116747
446,1293141,0,54189,18.5913,54189,RoboticsFacility Adept RoboticsFacility Probe Probe Immortal Stargate Pylon Probe Zealot Adept Zealot VoidRay Immortal Immortal Pylon Pylon Probe Nexus Immortal VoidRay Immortal Assimilator Stalker Immortal Immortal VoidRay Stalker Immortal Stalker TwilightCouncil Assimilator RoboticsFacility Gateway RoboticsFacility,51.75,116793
461,1311808,0,56270,18.7376,56270,RoboticsFacility Adept RoboticsFacility Probe Probe Immortal Stargate Pylon Probe Zealot Adept Zealot VoidRay Immortal Immortal Pylon Pylon Probe Nexus Immortal VoidRay Immortal Assimilator Stalker Immortal Immortal VoidRay Stalker Immortal Pylon Zealot Gateway TwilightCouncil Pylon Stargate Assimilator,51,116804
476,1312295,0,56330,18.7417,56330,RoboticsFacility Adept RoboticsFacility Probe Probe Immortal Stargate Pylon Probe Zealot Adept Zealot VoidRay Immortal Immortal Pylon Pylon Probe Nexus Immortal VoidRay Immortal Assimilator Stalker Immortal Immortal VoidRay Stalker Immortal Zealot Pylon Adept RoboticsFacility Gateway TwilightCouncil Probe,51,116804
476,1320148,0,57267,18.8003,57267,RoboticsFacility Adept RoboticsFacility Probe Probe Immortal Stargate Pylon Probe Zealot Adept Zealot VoidRay Immortal Immortal Pylon Pylon Probe Nexus Immortal VoidRay Immortal Assimilator Stalker Immortal Immortal VoidRay Stalker Immortal Zealot Pylon Probe Immortal TwilightCouncil RoboticsFacility,51,116804
489,1333264,0,59054,18.9093,59054,RoboticsFacility Adept RoboticsFacility Probe Probe Immortal Stargate Pylon Probe Zealot Adept Zealot VoidRay Immortal Immortal Pylon Pylon Probe Nexus Immortal VoidRay Immortal Assimilator Stalker Immortal Immortal VoidRay Stalker Immortal Pylon Zealot RoboticsFacility Probe Immortal Zealot Assimilator,51,116804
489,1340757,0,60197,19.0139,60197,RoboticsFacility Adept RoboticsFacility Probe Probe Immortal Stargate Pylon Probe Zealot Adept Zealot VoidRay Immortal Immortal Pylon Pylon Probe Nexus Immortal VoidRay Immortal Assimilator Stalker Immortal Immortal VoidRay Stalker Immortal Pylon Zealot Probe Immortal Stargate Stalker Probe,51,116804
504,1343131,0,60587,19.0592,60587,RoboticsFacility Adept RoboticsFacility Probe Probe Immortal Stargate Pylon Probe Zealot Adept Zealot VoidRay Immortal Immortal Pylon Pylon Probe Nexus Immortal VoidRay Immortal Assimilator Stalker Immortal Immortal VoidRay Stalker Immortal Pylon Zealot Assimilator Probe Assimilator Stargate Probe RoboticsBay Probe,51,116804
504,1348729,0,61502,19.1166,61502,RoboticsFacility Adept RoboticsFacility Probe Probe Immortal Stargate Pylon Probe Zealot Adept Zealot VoidRay Immortal Immortal Pylon Pylon Probe Nexus Immortal VoidRay Immortal Assimilator Stalker Immortal Immortal VoidRay Stalker Immortal Pylon Zealot Gateway Probe Stargate Probe Assimilator Stargate,51,116804
504,1351044,0,61882,19.1345,61882,RoboticsFacility Adept RoboticsFacility Probe Probe Immortal Stargate Pylon Probe Zealot Adept Zealot VoidRay Immortal Immortal Pylon Pylon Probe Nexus Immortal VoidRay Immortal Assimilator Stalker Immortal Immortal VoidRay Stalker Immortal Pylon Zealot Probe Pylon Probe Stalker Immortal Probe,51,116804
519,1354626,0,62514,19.1646,62514,RoboticsFacility Adept RoboticsFacility Probe Probe Immortal Stargate Pylon Probe Zealot Adept Zealot VoidRay Immortal Immortal Pylon Pylon Probe Nexus Immortal VoidRay Immortal Assimilator Stalker Immortal Immortal VoidRay Stalker Immortal Pylon Zealot RoboticsFacility Probe Probe Probe RoboticsFacility RoboticsFacility Probe,51,116804
519,1354897,0,62563,19.1666,62563,RoboticsFacility Adept RoboticsFacility Probe Probe Immortal Stargate Pylon Probe Zealot Adept Zealot VoidRay Immortal Immortal Pylon Pylon Probe Nexus Immortal VoidRay Immortal Assimilator Stalker Immortal Immortal VoidRay Stalker Immortal Pylon Zealot Probe Probe Probe RoboticsBay Assimilator FleetBeacon,51,116804
519,1355807,0,62728,19.1734,62728,RoboticsFacility Adept RoboticsFacility Probe Probe Immortal Stargate Pylon Probe Zealot Adept Zealot VoidRay Immortal Immortal Pylon Pylon Probe Nexus Immortal VoidRay Immortal Assimilator Stalker Immortal Immortal VoidRay Stalker Immortal Pylon Zealot Probe RoboticsFacility Probe Probe VoidRay Probe,51,116804
534,1370717,0,65466,19.2879,65466,RoboticsFacility Adept RoboticsFacility Probe Probe Immortal Stargate Pylon Probe Zealot Adept Zealot VoidRay Immortal Immortal Pylon Pylon Probe Nexus Immortal VoidRay Immortal Assimilator Stalker Immortal Immortal VoidRay Stalker Immortal Pylon Zealot Probe Pylon Probe Probe VoidRay Adept Probe,51,116804
549,1377372,0,66790,19.3402,66790,RoboticsFacility Adept RoboticsFacility Probe Probe Immortal Stargate Pylon Probe Zealot Adept Zealot VoidRay Immortal Immortal Pylon Pylon Probe Nexus Immortal VoidRay Immortal Assimilator Stalker Immortal Immortal VoidRay Stalker Immortal Pylon Zealot Probe Pylon Probe Probe Immortal Stalker,51,116804
565,1388985,1,69315,19.4307,69315,RoboticsFacility Adept RoboticsFacility Probe Probe Immortal Stargate Pylon Probe Zealot Adept Zealot VoidRay Immortal Immortal Pylon Pylon Probe Nexus Immortal VoidRay Immortal Assimilator Stalker Immortal Immortal VoidRay Stalker Immortal Pylon Zealot Probe Pylon Probe Probe Stalker VoidRay,51,116804
