0,0,0,0,0,0, ,0,0
0,29,0,1,0.00022,1,Nexus Probe Pylon Assimilator Stalker Stalker Nexus Adept Stargate VoidRay RoboticsFacility Pylon Immortal VoidRay RoboticsFacility Assimilator Adept Pylon Gateway Adept Stalker VoidRay RoboticsFacility Stalker Stargate RoboticsFacility RoboticsBay Pylon,26.5,55360.2
0,224,0,7,0.005635,7,Gateway Adept Probe RoboticsFacility Stalker TwilightCouncil RoboticsBay Adept Adept RoboticsFacility TemplarArchive Assimilator Adept Immortal Stalker Gateway Stalker Gateway Stargate Stargate Stargate Stargate Stalker Assimilator Nexus FleetBeacon Pylon Stalker DarkShrine VoidRay Stalker Probe Stalker,17.5,58101.8
0,364,0,12,0.006601,12,Gateway Stalker Pylon Assimilator Stalker Zealot Zealot TwilightCouncil Assimilator Stalker DarkShrine Stalker Stargate Stalker TemplarArchive Nexus Stalker Stalker Nexus Stargate Probe FleetBeacon Adept Zealot Stargate Adept,15.5,58390
0,482,0,16,0.007371,16,Zealot Stalker Stargate FleetBeacon Assimilator TwilightCouncil VoidRay VoidRay Stargate Nexus Stalker Carrier Stalker Stalker Adept Adept TemplarArchive Mothership Stalker Nexus DarkShrine Nexus Assimilator,24.5,64263.5
0,682,0,23,0.008809,23,Zealot RoboticsFacility Gateway Pylon Assimilator Stalker Probe RoboticsBay Colossus Pylon Stalker TwilightCouncil Adept Assimilator Stargate VoidRay Stalker Stargate TemplarArchive Gateway Probe Zealot Immortal Nexus Colossus VoidRay Stargate,21.25,64719.2
0,714,0,24,0.009064,24,RoboticsFacility Gateway Zealot Pylon Stargate Probe Immortal Stargate RoboticsFacility Nexus RoboticsBay Immortal Stalker Zealot Assimilator Gateway RoboticsFacility VoidRay VoidRay Probe Pylon Colossus Colossus Pylon Gateway FleetBeacon Colossus Stalker Probe Assimilator Probe,29.25,67275.8
0,739,0,25,0.009237,25,Gateway Stalker Stalker Stalker Zealot Assimilator Stalker Stargate Zealot Probe Adept Assimilator VoidRay Nexus FleetBeacon VoidRay Carrier Pylon Stalker Zealot Nexus Mothership VoidRay Probe,27,78515
0,1159,0,38,0.018244,38,Gateway Stalker Gateway RoboticsFacility Zealot Zealot Probe Probe Nexus RoboticsBay TwilightCouncil Colossus Adept Pylon DarkShrine Stalker Zealot Stalker Gateway Probe Stalker Adept Stalker Colossus Stalker Nexus Stalker Stalker Stargate DarkTemplar Pylon TemplarArchive Nexus RoboticsFacility Pylon Nexus Probe,32,81486.8
5,10515,0,336,0.200237,336,Gateway Adept Stargate Adept Zealot VoidRay Stalker Stalker VoidRay RoboticsFacility Stalker Nexus Nexus Stalker RoboticsFacility Zealot RoboticsBay Immortal FleetBeacon VoidRay TwilightCouncil Stalker Tempest Gateway RoboticsFacility Assimilator Zealot Pylon Gateway Zealot Assimilator,29,91793.2
22,79190,0,2562,1.39122,2562,Gateway Adept RoboticsFacility Stalker Zealot Pylon Zealot Immortal Probe RoboticsFacility Zealot Pylon Stargate RoboticsBay Pylon Stalker Immortal Colossus VoidRay Adept Probe TwilightCouncil Assimilator Colossus Pylon Immortal Stargate Probe Probe Nexus DarkShrine Probe VoidRay Stalker Stalker Pylon,34.25,91958
22,84436,0,2735,1.47634,2735,Gateway RoboticsFacility Probe Adept Adept Zealot Immortal Stalker Immortal Stalker Gateway Stalker Gateway RoboticsFacility Stargate Adept Pylon FleetBeacon Stalker Gateway Stalker Stalker RoboticsBay Zealot Assimilator Pylon Immortal Adept Assimilator Pylon Stalker Carrier Stalker RoboticsFacility Pylon,30.5,97544.8
26,92357,0,2998,1.59949,2998,Gateway RoboticsFacility Zealot RoboticsFacility Adept Probe Stalker Zealot Stargate Immortal Nexus Zealot Immortal Pylon VoidRay Immortal Immortal Pylon Adept RoboticsFacility Adept Stalker Nexus Assimilator VoidRay Gateway TwilightCouncil Assimilator Pylon RoboticsFacility Zealot TemplarArchive,33.25,97634.5
77,275311,0,9273,4.45019,9273,Gateway RoboticsFacility Zealot RoboticsFacility Adept Immortal Zealot Pylon Stalker Immortal Adept Stalker Stalker Immortal Adept Nexus Zealot RoboticsBay RoboticsFacility Adept Pylon Stalker RoboticsFacility Gateway Stalker Zealot Stalker Zealot TwilightCouncil Colossus Nexus Gateway Probe Probe,30.75,100573
105,362407,0,12485,5.86349,12485,Gateway RoboticsFacility Zealot RoboticsFacility Adept Immortal Immortal Immortal Stalker Stalker RoboticsBay Pylon Assimilator Immortal RoboticsFacility Zealot Adept Zealot Pylon Colossus Pylon Adept Pylon Stalker RoboticsFacility Probe Assimilator Immortal Nexus Adept,35.75,105492
118,412725,0,14459,6.72411,14459,Gateway RoboticsFacility Zealot RoboticsFacility Adept Immortal Immortal Pylon Pylon Probe Immortal RoboticsBay Immortal Adept Assimilator Adept Immortal Immortal Stargate Adept Immortal Nexus Zealot FleetBeacon Assimilator Immortal Colossus,32.25,106735
131,461275,0,16445,7.59199,16445,Gateway RoboticsFacility Zealot RoboticsFacility Adept Immortal Immortal Pylon Probe Zealot Pylon Probe Immortal Immortal Assimilator Immortal Adept Zealot Immortal RoboticsBay Stalker Pylon Colossus Assimilator Adept RoboticsFacility Pylon Nexus Stalker Zealot Immortal,37.75,110972
135,498272,0,17957,8.31945,17957,Gateway RoboticsFacility Zealot RoboticsFacility Adept Immortal Immortal Pylon Immortal Stalker Nexus Zealot Immortal Immortal Stalker Immortal RoboticsFacility Adept Adept Immortal RoboticsBay TwilightCouncil Adept RoboticsFacility DarkShrine Stargate Zealot Assimilator Nexus,36.75,110987
147,506128,0,18297,8.46951,18297,Gateway RoboticsFacility Zealot RoboticsFacility Adept Immortal Immortal Pylon Immortal Zealot Immortal Immortal Stalker Pylon TwilightCouncil Pylon Probe Immortal Immortal TemplarArchive Adept Probe Gateway Stargate Zealot Pylon FleetBeacon RoboticsBay Adept Probe RoboticsFacility Assimilator Zealot Gateway Assimilator Gateway Probe,33.5,111856
161,566612,0,20990,9.8074,20990,Gateway RoboticsFacility Zealot RoboticsFacility Adept Immortal Immortal Pylon Immortal Zealot Immortal Zealot Stalker RoboticsBay Gateway Immortal Pylon Stalker Colossus Pylon Probe Adept Stalker TwilightCouncil Adept TemplarArchive Stalker Assimilator Nexus RoboticsFacility Stargate RoboticsFacility Assimilator,37.5,113959
174,603763,0,22703,10.2414,22703,Gateway RoboticsFacility Zealot RoboticsFacility Adept Immortal Immortal Pylon Immortal Zealot Immortal Probe Stalker TwilightCouncil Immortal Stargate Pylon Immortal Adept Adept Stalker Pylon Assimilator VoidRay FleetBeacon Adept Adept Assimilator RoboticsBay Gateway RoboticsFacility DarkShrine,38.25,114580
174,622204,0,23586,10.5792,23586,Gateway RoboticsFacility Zealot RoboticsFacility Adept Immortal Immortal Pylon Immortal Zealot Immortal Immortal Pylon Adept Stalker Pylon Immortal Stargate Stalker TwilightCouncil Immortal VoidRay FleetBeacon RoboticsBay Gateway Probe Assimilator Assimilator Nexus RoboticsFacility,38.25,117939
187,647489,0,24873,11.0369,24873,Gateway RoboticsFacility Zealot RoboticsFacility Adept Immortal Immortal Pylon Immortal Zealot Immortal Immortal Pylon Immortal Immortal Adept Stalker TwilightCouncil Pylon RoboticsBay Assimilator Probe Stalker Assimilator Zealot Immortal Stargate RoboticsFacility RoboticsFacility TemplarArchive,39,118124
187,651605,0,25087,11.1314,25087,Gateway RoboticsFacility Zealot RoboticsFacility Adept Immortal Immortal Pylon Immortal Zealot Immortal Immortal Immortal Pylon Zealot Adept Pylon Immortal Stalker TwilightCouncil Immortal DarkShrine Gateway Nexus Nexus Nexus,37.25,118577
196,676280,0,26398,11.655,26398,Gateway RoboticsFacility Zealot RoboticsFacility Adept Immortal Immortal Pylon Immortal Zealot Immortal Immortal Immortal Pylon Stalker Immortal Probe Pylon Stalker Adept Immortal Zealot RoboticsBay Pylon Probe Probe Immortal Gateway Stargate RoboticsFacility Nexus Pylon Assimilator,42.75,123543
