0,0,0,0,0,0, ,0,0
0,29,0,1,0.000241,1,Probe Stalker Probe Assimilator RoboticsFacility Probe Zealot Zealot Nexus Pylon Adept RoboticsBay Colossus Assimilator Immortal Nexus Stargate Zealot Zealot TwilightCouncil FleetBeacon Gateway Gateway Nexus VoidRay Immortal DarkShrine Zealot,15.75,48796
0,94,0,3,0.000724,3,Pylon Pylon Gateway Stargate Nexus RoboticsFacility Gateway Probe Probe Immortal Immortal Probe FleetBeacon Stalker Stalker RoboticsBay Adept Zealot Tempest TwilightCouncil Carrier Probe TemplarArchive Zealot RoboticsFacility Stargate Assimilator Nexus Pylon Zealot Gateway Assimilator Adept Probe Nexus Pylon Probe Assimilator Probe,24.5,50989
0,127,0,4,0.000964,4,Zealot Probe Stargate Gateway Pylon Assimilator Gateway Stargate Adept Adept Stalker TwilightCouncil Pylon Stargate Adept VoidRay Stalker Stalker TemplarArchive Probe Stalker VoidRay VoidRay Stargate Pylon Adept Gateway VoidRay Nexus Nexus Pylon Stargate,29,78389
0,988,0,31,0.019967,31,RoboticsFacility Adept Immortal Stalker Immortal Adept Stalker Immortal Zealot RoboticsBay RoboticsFacility Probe Gateway RoboticsFacility Gateway Nexus Adept Gateway Stalker Colossus Probe TwilightCouncil DarkShrine Stalker Gateway Stalker Nexus Pylon RoboticsFacility Probe Nexus Pylon Assimilator,29.75,81532.5
0,2668,0,85,0.04755,85,Pylon Adept Stargate Adept RoboticsFacility RoboticsBay Probe Probe Pylon Stalker VoidRay Assimilator Adept Immortal Immortal VoidRay TwilightCouncil Pylon Colossus Adept Pylon RoboticsFacility Gateway FleetBeacon Assimilator VoidRay Zealot RoboticsFacility Colossus TemplarArchive Gateway Probe,32.25,86655.2
11,30633,0,986,0.570903,986,RoboticsFacility Adept Probe Pylon Stalker Nexus Probe Pylon Probe Immortal Stalker Probe Adept Immortal Immortal Gateway RoboticsFacility Immortal Adept Gateway Stalker Gateway Immortal Probe Nexus Nexus Probe Gateway Assimilator Immortal Gateway RoboticsFacility Pylon Immortal Adept Adept Stalker Gateway Probe,31.5,87629.8
11,43259,0,1384,0.804805,1384,Probe Gateway Probe RoboticsFacility Adept Stalker Gateway TwilightCouncil Stalker Adept Stalker Pylon Pylon Stargate Immortal Assimilator Immortal Adept Pylon Probe Assimilator DarkShrine Immortal RoboticsFacility Stalker VoidRay RoboticsFacility Probe VoidRay DarkTemplar Adept Stalker Nexus DarkTemplar Stargate,35.5,88202
11,43965,0,1405,0.814679,1405,Probe RoboticsFacility Pylon Stalker Adept Pylon Pylon RoboticsFacility Immortal TwilightCouncil Pylon Probe Gateway Immortal Immortal Immortal Adept Immortal Probe TemplarArchive Immortal Gateway Gateway Stargate FleetBeacon Adept RoboticsBay VoidRay Pylon Stalker Zealot Zealot Pylon Probe Zealot Pylon Pylon Nexus Probe,28,92599.5
11,45176,0,1441,0.837991,1441,Probe Adept Stargate Probe Pylon Stalker Stalker Stargate Assimilator VoidRay VoidRay Stalker Gateway Nexus VoidRay Adept Pylon Adept Stalker Stalker Adept Adept RoboticsFacility FleetBeacon VoidRay Carrier RoboticsFacility Stargate RoboticsBay Adept Zealot RoboticsFacility RoboticsFacility,31,96744
37,162002,0,5038,3.09843,5038,Probe Adept Adept RoboticsFacility Stargate Pylon Adept Stargate Probe Pylon Stalker Probe VoidRay Nexus Assimilator VoidRay VoidRay VoidRay VoidRay Assimilator Immortal Adept Pylon Pylon Stargate VoidRay Stalker Pylon Stalker Adept TwilightCouncil RoboticsFacility Stargate Probe Pylon,38,96913.5
64,284818,0,8978,4.95751,8978,Probe Adept Adept RoboticsFacility RoboticsFacility Immortal Stalker Immortal Probe Nexus Immortal Pylon Immortal Pylon RoboticsFacility Stalker Zealot Immortal Adept Gateway Zealot Stargate RoboticsFacility RoboticsBay Adept Immortal TwilightCouncil Zealot TemplarArchive Adept Probe Immortal Probe Assimilator Zealot Assimilator Assimilator Pylon Assimilator Pylon,34,97002.2
79,323672,0,10263,5.49705,10263,Probe Adept Adept RoboticsFacility RoboticsFacility Gateway RoboticsBay Stalker Probe Immortal Zealot Immortal Pylon Stalker Assimilator Adept Pylon TwilightCouncil Stalker Stalker Adept TemplarArchive Stalker Colossus Zealot Pylon Pylon Gateway Colossus Gateway Probe DarkShrine Probe Zealot Probe Assimilator Colossus Gateway Gateway,34.25,97113.5
119,447527,0,14557,7.22398,14557,Probe Adept Adept RoboticsFacility RoboticsFacility Gateway RoboticsBay Pylon Stalker Immortal Pylon Probe Immortal Immortal Pylon Immortal Stalker Probe Zealot Zealot Immortal Stalker Stargate Assimilator Gateway Colossus Probe Gateway RoboticsFacility Gateway Stargate Zealot Gateway Gateway Gateway Probe TwilightCouncil Gateway Gateway Assimilator,34.5,103929
191,656588,0,22484,10.2079,22484,Probe Adept Adept RoboticsFacility RoboticsFacility Gateway RoboticsBay Pylon Stalker Immortal Pylon Immortal Pylon Pylon Zealot Immortal Immortal Colossus Immortal Stalker Adept Gateway Nexus Colossus TwilightCouncil Colossus Colossus Pylon Nexus,37,104040
204,699625,0,24253,10.831,24253,Probe Adept Adept RoboticsFacility RoboticsFacility Gateway RoboticsBay Pylon Stalker Immortal Pylon Immortal Stalker Stalker Zealot Stalker Immortal Stalker Immortal Colossus Nexus Immortal Colossus TwilightCouncil Stargate Nexus RoboticsFacility Probe Zealot Gateway Gateway Probe,32.25,104830
204,730101,0,25576,11.2682,25576,Probe Adept Adept RoboticsFacility RoboticsFacility Gateway RoboticsBay Pylon Stalker Immortal Pylon Immortal Immortal Immortal Zealot Immortal Zealot Pylon Colossus Probe Colossus Stargate Adept Probe TwilightCouncil Pylon TemplarArchive Gateway Stalker Stalker Probe Gateway Gateway Assimilator Nexus Pylon Probe Assimilator,36.25,105072
204,734020,0,25745,11.3215,25745,Probe Adept Adept RoboticsFacility RoboticsFacility Gateway RoboticsBay Pylon Stalker Immortal Pylon Immortal Immortal Immortal Stalker Assimilator Pylon Adept Immortal Adept Stargate Immortal Stalker Probe RoboticsFacility FleetBeacon VoidRay Adept RoboticsFacility Pylon Nexus Probe,38,106207
204,741513,0,26067,11.4275,26067,Probe Adept Adept RoboticsFacility RoboticsFacility Gateway RoboticsBay Pylon Stalker Immortal Pylon Immortal Immortal Immortal Stalker Immortal Immortal Zealot Pylon Immortal Assimilator Stalker Pylon Adept Immortal Pylon Nexus Probe Zealot Stalker Gateway Assimilator Stargate,41,114338
269,912721,0,34774,13.8372,34774,Probe Adept Adept RoboticsFacility RoboticsFacility Gateway RoboticsBay Pylon Stalker Immortal Pylon Immortal Immortal Immortal Stalker Immortal Immortal Adept Pylon Zealot Pylon Immortal Colossus Gateway Gateway Stalker Adept Stalker Stargate Nexus Adept Assimilator Pylon Pylon,44.25,114857
269,912830,0,34781,13.8379,34781,Probe Adept Adept RoboticsFacility RoboticsFacility Gateway RoboticsBay Pylon Stalker Immortal Pylon Immortal Immortal Immortal Stalker Immortal Immortal Stalker Pylon Stalker Stalker Immortal RoboticsFacility Gateway Stalker RoboticsFacility Gateway Probe Pylon TwilightCouncil Stalker Gateway Pylon Immortal Gateway,41,115093
269,916427,0,34992,13.8886,34992,Probe Adept Adept RoboticsFacility RoboticsFacility Gateway RoboticsBay Pylon Stalker Immortal Pylon Immortal Immortal Immortal Stalker Immortal Immortal Zealot Pylon Pylon Stalker Stalker Immortal Immortal Probe Assimilator Zealot Pylon Adept Assimilator Stalker TwilightCouncil Stalker Immortal Probe,44.5,117950
320,1033052,0,42396,15.5402,42396,Probe Adept Adept RoboticsFacility RoboticsFacility Gateway RoboticsBay Pylon Stalker Immortal Pylon Immortal Immortal Immortal Stalker Immortal Immortal Zealot Pylon Pylon Stalker Immortal Adept Immortal Stalker Zealot Zealot Zealot Assimilator Pylon Zealot TwilightCouncil Colossus Gateway Pylon,44.75,118871
320,1056777,0,44036,15.8694,44036,Probe Adept Adept RoboticsFacility RoboticsFacility Gateway RoboticsBay Pylon Stalker Immortal Pylon Immortal Immortal Immortal Stalker Immortal Immortal Zealot Pylon Pylon Stalker Immortal Stalker Immortal Pylon Stalker Stalker Adept Adept Stalker Immortal Assimilator TwilightCouncil Zealot RoboticsFacility,46.5,119104
333,1063727,0,44573,15.9845,44573,Probe Adept Adept RoboticsFacility RoboticsFacility Gateway RoboticsBay Pylon Stalker Immortal Pylon Immortal Immortal Immortal Stalker Immortal Immortal Zealot Pylon Pylon Stalker Immortal Stalker Adept Immortal Adept Stalker Assimilator Nexus Stalker Stargate Stargate Assimilator,44.75,119404
333,1070674,0,45113,16.0724,45113,Probe Adept Adept RoboticsFacility RoboticsFacility Gateway RoboticsBay Pylon Stalker Immortal Pylon Immortal Immortal Immortal Stalker Immortal Immortal Zealot Pylon Pylon Stalker Immortal Adept Stalker Immortal Stalker Stalker Adept Gateway Stargate TwilightCouncil Assimilator Gateway RoboticsFacility Gateway,46.5,120114
359,1113163,0,48538,16.6811,48538,Probe Adept Adept RoboticsFacility RoboticsFacility Gateway RoboticsBay Pylon Stalker Immortal Pylon Immortal Immortal Immortal Stalker Immortal Immortal Zealot Pylon Pylon Stalker Immortal Adept Stalker Immortal Stalker Assimilator Stalker Stalker Nexus Stargate Assimilator TwilightCouncil,47,120134
359,1119993,0,49124,16.7751,49124,Probe Adept Adept RoboticsFacility RoboticsFacility Gateway RoboticsBay Pylon Stalker Immortal Pylon Immortal Immortal Immortal Stalker Immortal Immortal Zealot Pylon Pylon Stalker Immortal Adept Stalker Immortal Stalker Stalker Stalker Nexus Nexus Stargate,47,120223
372,1144299,0,51400,17.1145,51400,Probe Adept Adept RoboticsFacility RoboticsFacility Gateway RoboticsBay Pylon Stalker Immortal Pylon Immortal Immortal Immortal Stalker Immortal Immortal Zealot Pylon Pylon Stalker Immortal Adept Stalker Immortal Stalker Stalker Pylon Stalker Nexus Gateway Immortal Probe,47,120223
372,1151982,0,52178,17.2205,52178,Probe Adept Adept RoboticsFacility RoboticsFacility Gateway RoboticsBay Pylon Stalker Immortal Pylon Immortal Immortal Immortal Stalker Immortal Immortal Zealot Pylon Pylon Stalker Immortal Adept Stalker Immortal Stalker Stalker Stalker Gateway RoboticsFacility Pylon Gateway Colossus Adept,47,120223
384,1159783,0,53014,17.3264,53014,Probe Adept Adept RoboticsFacility RoboticsFacility Gateway RoboticsBay Pylon Stalker Immortal Pylon Immortal Immortal Immortal Stalker Immortal Immortal Zealot Pylon Pylon Stalker Immortal Adept Stalker Immortal Stalker Stalker Stalker Pylon TwilightCouncil Gateway Probe Zealot TemplarArchive Adept Assimilator Probe Probe,47,120223
384,1160011,0,53038,17.328,53038,Probe Adept Adept RoboticsFacility RoboticsFacility Gateway RoboticsBay Pylon Stalker Immortal Pylon Immortal Immortal Immortal Stalker Immortal Immortal Zealot Pylon Pylon Stalker Immortal Adept Stalker Immortal Stalker Stalker Pylon Stalker Zealot Adept Assimilator Pylon Probe Zealot Pylon Pylon RoboticsFacility,48,120308
395,1176774,0,54902,17.5607,54902,Probe Adept Adept RoboticsFacility RoboticsFacility Gateway RoboticsBay Pylon Stalker Immortal Pylon Immortal Immortal Immortal Stalker Immortal Immortal Zealot Pylon Pylon Stalker Immortal Adept Stalker Immortal Stalker Stalker Pylon Stalker Probe Assimilator Zealot Assimilator TwilightCouncil Gateway Adept Adept,48,120308
395,1183971,0,55742,17.6616,55742,Probe Adept Adept RoboticsFacility RoboticsFacility Gateway RoboticsBay Pylon Stalker Immortal Pylon Immortal Immortal Immortal Stalker Immortal Immortal Zealot Pylon Pylon Stalker Immortal Adept Stalker Immortal Stalker Stalker Pylon Stalker Stargate Assimilator Zealot Probe Gateway Probe RoboticsFacility Probe Assimilator,48,120308
408,1196759,0,57312,17.8461,57312,Probe Adept Adept RoboticsFacility RoboticsFacility Gateway RoboticsBay Pylon Stalker Immortal Pylon Immortal Immortal Immortal Stalker Immortal Immortal Zealot Pylon Pylon Stalker Immortal Adept Stalker Immortal Stalker Stalker Pylon Stalker Probe Probe Zealot Zealot Stalker Pylon RoboticsFacility TwilightCouncil Assimilator,48,120308
408,1203360,0,58140,17.9319,58140,Probe Adept Adept RoboticsFacility RoboticsFacility Gateway RoboticsBay Pylon Stalker Immortal Pylon Immortal Immortal Immortal Stalker Immortal Immortal Zealot Pylon Pylon Stalker Immortal Adept Stalker Immortal Stalker Stalker Pylon Stalker Zealot Probe Immortal TwilightCouncil Probe Stargate Pylon,48,120308
421,1204888,0,58345,17.9562,58345,Probe Adept Adept RoboticsFacility RoboticsFacility Gateway RoboticsBay Pylon Stalker Immortal Pylon Immortal Immortal Immortal Stalker Immortal Immortal Zealot Pylon Pylon Stalker Immortal Adept Stalker Immortal Stalker Stalker Pylon Stalker Pylon Probe Zealot Gateway Probe Probe Probe Gateway Adept Stalker,48,120308
460,1246093,0,64425,18.5477,64425,Probe Adept Adept RoboticsFacility RoboticsFacility Gateway RoboticsBay Pylon Stalker Immortal Pylon Immortal Immortal Immortal Stalker Immortal Immortal Zealot Pylon Pylon Stalker Immortal Adept Stalker Immortal Stalker Stalker Pylon Stalker Pylon Probe Zealot Probe Probe Probe Gateway Colossus Zealot,48,120308
460,1255491,0,66035,18.6773,66035,Probe Adept Adept RoboticsFacility RoboticsFacility Gateway RoboticsBay Pylon Stalker Immortal Pylon Immortal Immortal Immortal Stalker Immortal Immortal Zealot Pylon Pylon Stalker Immortal Adept Stalker Immortal Stalker Stalker Pylon Stalker Pylon Probe Zealot Probe Probe RoboticsFacility Probe Probe Gateway Stargate Probe,48,120308
460,1256387,0,66191,18.6976,66191,Probe Adept Adept RoboticsFacility RoboticsFacility Gateway RoboticsBay Pylon Stalker Immortal Pylon Immortal Immortal Immortal Stalker Immortal Immortal Zealot Pylon Pylon Stalker Immortal Adept Stalker Immortal Stalker Stalker Pylon Stalker Pylon Probe Zealot Probe Probe Probe Probe Stargate Colossus Probe,48,120308
473,1267541,0,68178,18.8544,68178,Probe Adept Adept RoboticsFacility RoboticsFacility Gateway RoboticsBay Pylon Stalker Immortal Pylon Immortal Immortal Immortal Stalker Immortal Immortal Zealot Pylon Pylon Stalker Immortal Adept Stalker Immortal Stalker Stalker Pylon Stalker Pylon Probe Zealot Probe Probe Probe Probe Pylon Immortal Stalker,48,120308
486,1271507,0,68932,18.9083,68932,Probe Adept Adept RoboticsFacility RoboticsFacility Gateway RoboticsBay Pylon Stalker Immortal Pylon Immortal Immortal Immortal Stalker Immortal Immortal Zealot Pylon Pylon Stalker Immortal Adept Stalker Immortal Stalker Stalker Pylon Stalker Pylon Probe Zealot Probe Probe Probe Probe Stalker Colossus Probe,48,120308
526,1301294,2,74977,19.316,74977,Probe Adept Adept RoboticsFacility RoboticsFacility Gateway RoboticsBay Pylon Stalker Immortal Pylon Immortal Immortal Immortal Stalker Immortal Immortal Zealot Pylon Pylon Stalker Immortal Adept Stalker Immortal Stalker Stalker Pylon Stalker Pylon Probe Zealot Probe Probe Probe Probe Stalker Colossus Probe,48,120308
