0,0,0,0,0,0, ,0,0
0,34,0,1,0.000271,1,Pylon Zealot Pylon RoboticsFacility Adept RoboticsBay Pylon Stalker Probe Pylon Colossus TwilightCouncil Gateway RoboticsFacility Zealot Nexus RoboticsFacility Colossus Immortal Assimilator Assimilator TemplarArchive Zealot Stalker DarkShrine Zealot Stargate Stalker FleetBeacon RoboticsFacility Gateway Probe Probe,24.25,65970.2
0,699,0,22,0.004874,22,Stargate Stalker VoidRay FleetBeacon Probe VoidRay Pylon Gateway VoidRay Carrier TwilightCouncil Probe Adept Nexus Stalker TemplarArchive Probe Zealot VoidRay VoidRay Pylon Probe Nexus Stargate Probe Nexus Gateway Nexus Assimilator Assimilator Zealot Probe,27.75,68863.2
0,992,0,31,0.006926,31,Stalker Gateway Stargate Probe Zealot Probe Zealot Stalker Nexus Zealot Zealot Nexus Probe Zealot VoidRay Stargate VoidRay Adept Stalker Gateway Pylon Stargate Stargate Nexus Adept Stalker TwilightCouncil FleetBeacon Stargate Gateway Tempest Assimilator Zealot Tempest Nexus,23.5,76277.8
0,1089,0,34,0.007586,34,Stargate Zealot VoidRay Stalker Assimilator TwilightCouncil Adept VoidRay VoidRay Zealot Probe Stargate Pylon Stalker DarkShrine FleetBeacon Pylon Adept RoboticsFacility RoboticsFacility VoidRay Tempest Probe Stalker Gateway Pylon RoboticsBay Immortal Gateway Probe DarkTemplar Stargate,30,86219
9,14599,0,472,0.10108,472,Stalker RoboticsFacility Probe Zealot Pylon Gateway Gateway RoboticsFacility Zealot Stalker Stalker Stalker Gateway Stalker Gateway Pylon RoboticsBay Immortal Immortal Immortal Immortal RoboticsFacility Pylon RoboticsFacility Colossus RoboticsFacility Zealot Pylon Assimilator Pylon Gateway Colossus Colossus Pylon Probe,31.75,91230.5
24,67562,0,2178,0.642546,2178,Stalker RoboticsFacility Immortal RoboticsBay Stalker RoboticsFacility Nexus Immortal Immortal Adept Colossus Colossus Nexus Assimilator Stalker Nexus RoboticsFacility Zealot Pylon TwilightCouncil Stalker Assimilator Stargate Adept DarkShrine Probe Probe,30.5,92901.8
36,125191,0,4075,1.41824,4075,Stalker RoboticsFacility Stalker Immortal Probe Gateway Adept Adept Immortal RoboticsBay Stalker Adept Nexus Stalker Stargate Pylon Nexus Gateway Probe Zealot VoidRay Colossus Immortal FleetBeacon Stargate Zealot Stalker TwilightCouncil Nexus Adept Stalker Adept,34.75,94295.2
37,142712,0,4669,1.67583,4669,Stalker RoboticsFacility Gateway Immortal Zealot Adept Immortal Immortal Probe RoboticsBay Probe Stalker Pylon Stalker Pylon Pylon Gateway Assimilator Adept Assimilator Pylon Probe RoboticsFacility Immortal Adept Probe Adept Immortal TwilightCouncil Zealot Colossus Nexus Zealot Gateway Probe,31,94684.5
37,173434,0,5729,2.09629,5729,Stalker RoboticsFacility Stalker Stargate Probe Adept VoidRay Immortal Gateway VoidRay TwilightCouncil Adept Nexus Zealot Pylon Zealot Immortal RoboticsFacility Adept Gateway Probe Stalker Nexus DarkShrine Stargate Immortal Immortal Zealot Pylon Zealot DarkTemplar Assimilator Assimilator Probe Assimilator Gateway,36,95850
37,178939,0,5913,2.16215,5913,Stalker RoboticsFacility Adept Probe Gateway Pylon Gateway Stalker Immortal Stalker Assimilator Stalker Probe Adept Probe Immortal Adept TwilightCouncil RoboticsBay Stalker Stargate Pylon Zealot Nexus Zealot Stalker VoidRay FleetBeacon Stalker Stalker Carrier Assimilator Stargate Gateway Pylon Pylon,31.25,98955
78,356832,0,11965,4.68507,11965,Stalker RoboticsFacility Adept Probe Gateway Immortal Adept Immortal Pylon Gateway Adept Probe Stalker Stalker Stalker Immortal Adept Assimilator Pylon Stalker Adept Gateway Adept TwilightCouncil Nexus Gateway Probe RoboticsBay Stargate VoidRay TemplarArchive FleetBeacon Colossus Assimilator Gateway,27.5,104752
91,404463,0,13678,5.34804,13678,Stalker RoboticsFacility Adept Probe Gateway Immortal Adept Pylon Probe Stalker Immortal Probe Immortal Assimilator Probe Stargate Assimilator Stalker Stargate Stalker RoboticsFacility Zealot Pylon VoidRay Adept Stargate Zealot Probe Pylon Immortal VoidRay RoboticsFacility RoboticsFacility Gateway Stargate RoboticsBay FleetBeacon,35.75,105056
117,474971,0,16261,6.21709,16261,Stalker RoboticsFacility Adept Probe Gateway Immortal Adept Pylon Pylon Stalker Stargate Immortal Immortal VoidRay Pylon VoidRay Zealot VoidRay Gateway Stargate Pylon Gateway Assimilator Immortal Stalker FleetBeacon VoidRay Adept RoboticsBay Stargate Gateway Gateway Assimilator,37,105264
117,488421,0,16761,6.35109,16761,Stalker RoboticsFacility Adept Probe Gateway Immortal Adept Pylon RoboticsFacility Probe Stalker Adept Pylon RoboticsFacility Immortal Stalker TwilightCouncil Gateway RoboticsBay Stalker Probe Immortal Pylon Zealot Assimilator Immortal Immortal Stalker Stalker Pylon DarkShrine Adept Zealot Gateway Adept Nexus Stargate Adept Probe,37.5,106638
117,495985,0,17038,6.45658,17038,Stalker RoboticsFacility Adept Probe Gateway Immortal Adept Pylon Stargate Nexus Stalker VoidRay Immortal Adept Probe Stalker Immortal VoidRay RoboticsFacility Nexus Zealot Probe Immortal Stargate Probe Pylon Zealot FleetBeacon Gateway Adept Stargate TwilightCouncil Zealot Zealot Pylon Assimilator Pylon,35.25,107692
132,550436,0,19132,7.19977,19132,Stalker RoboticsFacility Adept Probe Gateway Immortal Adept Pylon Stargate VoidRay Immortal Stalker Stargate Adept VoidRay Stalker Adept Nexus Pylon Stalker Immortal Stalker Gateway Stalker Stargate Nexus Stalker Stalker Assimilator Immortal RoboticsFacility TwilightCouncil Probe,38.25,108143
160,627128,0,22288,8.44256,22288,Stalker RoboticsFacility Adept Probe Gateway Immortal Adept Pylon Stargate VoidRay Immortal Pylon Stalker Pylon Immortal Zealot Probe VoidRay Assimilator Gateway FleetBeacon Stalker VoidRay Nexus Stalker Tempest Assimilator Probe TwilightCouncil VoidRay TemplarArchive Zealot,38,108810
162,629842,0,22405,8.4865,22405,Stalker RoboticsFacility Adept Probe Gateway Immortal Adept Pylon Stargate VoidRay Immortal Stalker Probe Adept Pylon Immortal Pylon Stalker Probe Zealot Probe Assimilator RoboticsFacility RoboticsFacility Stalker Zealot Immortal Pylon Zealot Adept Gateway RoboticsBay TwilightCouncil VoidRay DarkShrine TemplarArchive Stargate Probe Probe Adept Gateway Assimilator,38,112506
162,652212,0,23382,8.84708,23382,Stalker RoboticsFacility Adept Probe Gateway Immortal Adept Pylon Stargate VoidRay Immortal Stalker Stalker Adept Pylon Zealot VoidRay Immortal Pylon Assimilator Adept Immortal Zealot Gateway RoboticsBay Assimilator Immortal Gateway FleetBeacon TwilightCouncil Pylon Pylon,39,118550
207,773691,0,28961,10.7854,28961,Stalker RoboticsFacility Adept Probe Gateway Immortal Adept Pylon Stargate VoidRay Immortal Stalker Stalker Adept Pylon Pylon Immortal Zealot VoidRay Stalker Immortal Zealot Gateway TwilightCouncil Nexus RoboticsBay Adept Nexus Zealot Probe Gateway Adept Stargate Gateway,38,120437
237,865979,0,33488,12.2951,33488,Stalker RoboticsFacility Adept Probe Gateway Immortal Adept Pylon Stargate VoidRay Immortal Stalker Stalker Adept Pylon Pylon Immortal Stalker Zealot Probe Pylon VoidRay Zealot Adept Immortal RoboticsFacility Probe Stalker Nexus Assimilator Stalker FleetBeacon Assimilator Stalker Stargate RoboticsFacility Probe Probe,40.5,123101
252,901397,0,35358,12.8754,35358,Stalker RoboticsFacility Adept Probe Gateway Immortal Adept Pylon Stargate VoidRay Immortal Stalker Stalker Adept Pylon Pylon Immortal VoidRay Pylon Adept Immortal Zealot Stalker Probe VoidRay RoboticsBay Stalker Zealot Nexus Stargate Zealot Probe Stargate Assimilator Assimilator Nexus,43.75,124372
282,983313,0,40065,14.2296,40065,Stalker RoboticsFacility Adept Probe Gateway Immortal Adept Pylon Stargate VoidRay Immortal Stalker Stalker Adept Pylon Pylon Immortal VoidRay Pylon Adept Immortal VoidRay Adept Adept Pylon Probe Immortal TwilightCouncil Stargate Immortal Zealot Probe Adept Probe Assimilator Probe Assimilator Gateway Pylon,43.5,124504
297,989521,0,40444,14.337,40444,Stalker RoboticsFacility Adept Probe Gateway Immortal Adept Pylon Stargate VoidRay Immortal Stalker Stalker Adept Pylon Pylon Immortal VoidRay Pylon Adept Immortal Adept Immortal Assimilator Adept Zealot VoidRay Assimilator RoboticsFacility RoboticsFacility Stalker Stargate Gateway RoboticsFacility,46.25,124838
297,1018651,0,42249,14.8217,42249,Stalker RoboticsFacility Adept Probe Gateway Immortal Adept Pylon Stargate VoidRay Immortal Stalker Stalker Adept Pylon Pylon Immortal VoidRay Pylon Adept Immortal Adept VoidRay Immortal RoboticsFacility Zealot Stalker FleetBeacon Pylon RoboticsFacility Zealot Gateway Gateway Pylon Zealot Probe,45,125136
301,1019003,0,42272,14.8285,42272,Stalker RoboticsFacility Adept Probe Gateway Immortal Adept Pylon Stargate VoidRay Immortal Stalker Stalker Adept Pylon Pylon Immortal VoidRay Pylon Adept Immortal Assimilator Adept Adept VoidRay Stalker Immortal Stalker Assimilator FleetBeacon Pylon VoidRay,47,127965
372,1125350,0,51117,16.563,51117,Stalker RoboticsFacility Adept Probe Gateway Immortal Adept Pylon Stargate VoidRay Immortal Stalker Stalker Adept Pylon Pylon Immortal VoidRay Pylon Adept Immortal Assimilator Adept Adept VoidRay Immortal Stalker Stalker Pylon Nexus Stargate Zealot Pylon,47,127996
387,1140848,0,52863,16.8039,52863,Stalker RoboticsFacility Adept Probe Gateway Immortal Adept Pylon Stargate VoidRay Immortal Stalker Stalker Adept Pylon Pylon Immortal VoidRay Pylon Adept Immortal Assimilator Adept Adept VoidRay Immortal Stalker Stalker Gateway Pylon Stalker Nexus Probe,47,127996
387,1142315,0,53044,16.8281,53044,Stalker RoboticsFacility Adept Probe Gateway Immortal Adept Pylon Stargate VoidRay Immortal Stalker Stalker Adept Pylon Pylon Immortal VoidRay Pylon Adept Immortal Assimilator Adept Adept VoidRay Immortal Stalker Stalker RoboticsFacility Assimilator Gateway Pylon VoidRay Probe,47,127996
387,1150601,0,54074,16.953,54074,Stalker RoboticsFacility Adept Probe Gateway Immortal Adept Pylon Stargate VoidRay Immortal Stalker Stalker Adept Pylon Pylon Immortal VoidRay Pylon Adept Immortal Assimilator Adept Adept VoidRay Immortal Stalker Stalker Pylon Adept Nexus Adept Stalker,48.25,128123
387,1151298,0,54165,16.9684,54165,Stalker RoboticsFacility Adept Probe Gateway Immortal Adept Pylon Stargate VoidRay Immortal Stalker Stalker Adept Pylon Pylon Immortal VoidRay Pylon Adept Immortal Assimilator Adept Adept VoidRay Immortal Stalker Stalker Pylon Zealot Adept Pylon Adept Pylon Probe Gateway Probe,48,128162
400,1164609,0,55963,17.1704,55963,Stalker RoboticsFacility Adept Probe Gateway Immortal Adept Pylon Stargate VoidRay Immortal Stalker Stalker Adept Pylon Pylon Immortal VoidRay Pylon Adept Immortal Assimilator Adept Adept VoidRay Immortal Stalker Stalker Pylon Pylon Stalker Probe Gateway RoboticsFacility TwilightCouncil Probe,48.75,128173
400,1165370,0,56078,17.181,56078,Stalker RoboticsFacility Adept Probe Gateway Immortal Adept Pylon Stargate VoidRay Immortal Stalker Stalker Adept Pylon Pylon Immortal VoidRay Pylon Adept Immortal Assimilator Adept Adept VoidRay Immortal Stalker Stalker Pylon Zealot Zealot Zealot Adept Assimilator TwilightCouncil Pylon,49,128206
409,1165989,0,56177,17.1906,56177,Stalker RoboticsFacility Adept Probe Gateway Immortal Adept Pylon Stargate VoidRay Immortal Stalker Stalker Adept Pylon Pylon Immortal VoidRay Pylon Adept Immortal Assimilator Adept Adept VoidRay Immortal Stalker Stalker Pylon Probe Zealot Zealot Probe Gateway Zealot TwilightCouncil Assimilator,49,128206
409,1166853,0,56321,17.2065,56321,Stalker RoboticsFacility Adept Probe Gateway Immortal Adept Pylon Stargate VoidRay Immortal Stalker Stalker Adept Pylon Pylon Immortal VoidRay Pylon Adept Immortal Assimilator Adept Adept VoidRay Immortal Stalker Stalker Pylon Assimilator Stalker Zealot Pylon Stalker Probe Pylon,49.75,128218
409,1170801,0,56962,17.2612,56962,Stalker RoboticsFacility Adept Probe Gateway Immortal Adept Pylon Stargate VoidRay Immortal Stalker Stalker Adept Pylon Pylon Immortal VoidRay Pylon Adept Immortal Assimilator Adept Adept VoidRay Immortal Stalker Stalker Pylon Stalker Zealot Stargate Immortal Pylon,49.75,128218
409,1176440,0,57873,17.3472,57873,Stalker RoboticsFacility Adept Probe Gateway Immortal Adept Pylon Stargate VoidRay Immortal Stalker Stalker Adept Pylon Pylon Immortal VoidRay Pylon Adept Immortal Assimilator Adept Adept VoidRay Immortal Stalker Stalker Pylon Stalker Zealot VoidRay Pylon Assimilator Pylon,49.75,128218
409,1176492,0,57882,17.3476,57882,Stalker RoboticsFacility Adept Probe Gateway Immortal Adept Pylon Stargate VoidRay Immortal Stalker Stalker Adept Pylon Pylon Immortal VoidRay Pylon Adept Immortal Assimilator Adept Adept VoidRay Immortal Stalker Stalker Pylon Probe Stalker Zealot Stalker FleetBeacon Probe,49.75,128218
424,1182951,0,58917,17.4527,58917,Stalker RoboticsFacility Adept Probe Gateway Immortal Adept Pylon Stargate VoidRay Immortal Stalker Stalker Adept Pylon Pylon Immortal VoidRay Pylon Adept Immortal Assimilator Adept Adept VoidRay Immortal Stalker Stalker Pylon Stalker Zealot Pylon Probe Immortal Adept,49.75,128218
424,1184428,0,59154,17.4731,59154,Stalker RoboticsFacility Adept Probe Gateway Immortal Adept Pylon Stargate VoidRay Immortal Stalker Stalker Adept Pylon Pylon Immortal VoidRay Pylon Adept Immortal Assimilator Adept Adept VoidRay Immortal Stalker Stalker Pylon Stalker Probe Zealot Assimilator Probe TwilightCouncil Pylon Adept,49.75,128218
439,1196608,0,61248,17.6646,61248,Stalker RoboticsFacility Adept Probe Gateway Immortal Adept Pylon Stargate VoidRay Immortal Stalker Stalker Adept Pylon Pylon Immortal VoidRay Pylon Adept Immortal Assimilator Adept Adept VoidRay Immortal Stalker Stalker Pylon Stalker Probe Probe Zealot Probe Stargate Probe Gateway Pylon,49.75,128218
482,1223163,0,66384,18.071,66384,Stalker RoboticsFacility Adept Probe Gateway Immortal Adept Pylon Stargate VoidRay Immortal Stalker Stalker Adept Pylon Pylon Immortal VoidRay Pylon Adept Immortal Assimilator Adept Adept VoidRay Immortal Stalker Stalker Pylon Stalker Probe Probe Zealot Probe Probe FleetBeacon Pylon,49.75,128218
484,1226885,2,67203,18.1296,67203,Stalker RoboticsFacility Adept Probe Gateway Immortal Adept Pylon Stargate VoidRay Immortal Stalker Stalker Adept Pylon Pylon Immortal VoidRay Pylon Adept Immortal Assimilator Adept Adept VoidRay Immortal Stalker Stalker Pylon Stalker Probe Probe Zealot Probe Pylon Probe Stargate Adept Probe,49.75,128218
494,1234764,3,69009,18.2454,69009,Stalker RoboticsFacility Adept Probe Gateway Immortal Adept Pylon Stargate VoidRay Immortal Stalker Stalker Adept Pylon Pylon Immortal VoidRay Pylon Adept Immortal Assimilator Adept Adept VoidRay Immortal Stalker Stalker Pylon Stalker Probe Probe Zealot Probe Pylon Probe Stalker Stalker Probe,49.75,128218
497,1235939,4,69289,18.2632,69289,Stalker RoboticsFacility Adept Probe Gateway Immortal Adept Pylon Stargate VoidRay Immortal Stalker Stalker Adept Pylon Pylon Immortal VoidRay Pylon Adept Immortal Assimilator Adept Adept VoidRay Immortal Stalker Stalker Pylon Stalker Probe Probe Zealot Probe Pylon Probe Immortal,49.75,128218
497,1236525,4,69429,18.2711,69429,Stalker RoboticsFacility Adept Probe Gateway Immortal Adept Pylon Stargate VoidRay Immortal Stalker Stalker Adept Pylon Pylon Immortal VoidRay Pylon Adept Immortal Assimilator Adept Adept VoidRay Immortal Stalker Stalker Pylon Stalker Probe Probe Zealot Probe Pylon Probe VoidRay Probe,49.75,128218
531,1248523,13,72740,18.4648,72740,Stalker RoboticsFacility Adept Probe Gateway Immortal Adept Pylon Stargate VoidRay Immortal Stalker Stalker Adept Pylon Pylon Immortal VoidRay Pylon Adept Immortal Assimilator Adept Adept VoidRay Immortal Stalker Stalker Pylon Stalker Probe Probe Zealot Probe Pylon Probe VoidRay Probe,49.75,128218
