0,0,0,0,0,0, ,0,0
0,26,0,1,0.000246,1,Assimilator Stargate Zealot Probe Adept FleetBeacon VoidRay Pylon Adept Stargate VoidRay Stargate TwilightCouncil RoboticsFacility Assimilator Immortal Immortal Stalker TemplarArchive Gateway Nexus Zealot Nexus Probe Stalker,21.75,65873
0,135,0,4,0.00104,4,Zealot Probe Nexus Probe Probe Adept RoboticsFacility Probe RoboticsBay Adept Immortal Assimilator TwilightCouncil Gateway Immortal Colossus RoboticsFacility Stalker Probe Nexus Immortal Colossus Adept Probe Probe Probe Zealot Pylon RoboticsFacility TemplarArchive Stalker Gateway Stalker Pylon Probe Adept RoboticsFacility Stargate Immortal Gateway Gateway,32.25,67543.5
0,220,0,7,0.001676,7,RoboticsFacility Gateway Adept Probe Stargate Stalker Stalker Adept Pylon Zealot VoidRay RoboticsBay Assimilator TwilightCouncil TemplarArchive Immortal Nexus Gateway Stalker RoboticsFacility Nexus VoidRay Nexus Pylon Stargate Colossus Gateway Stargate,20.5,68411.8
0,1112,0,36,0.008172,36,Adept Stargate Gateway Stalker Gateway RoboticsFacility Stalker Immortal Pylon RoboticsFacility Adept Gateway Assimilator VoidRay Immortal RoboticsFacility Immortal RoboticsBay Zealot TwilightCouncil Stalker DarkShrine Stalker RoboticsFacility Nexus Probe Pylon Assimilator Colossus Probe,25.75,85272.8
0,5561,0,181,0.03974,181,Stalker RoboticsFacility Zealot Stalker Gateway Immortal Probe Immortal Zealot Assimilator Probe Stalker Pylon Adept Immortal RoboticsBay Stargate VoidRay RoboticsFacility Pylon Stargate FleetBeacon RoboticsFacility Immortal VoidRay RoboticsFacility Pylon Adept VoidRay Probe Zealot Gateway Pylon Assimilator,32.75,94007.5
22,66791,0,2139,0.7877,2139,Stalker Adept Pylon Stargate Gateway Adept Probe RoboticsFacility Zealot Stalker VoidRay Nexus Assimilator Immortal Adept VoidRay Stalker Immortal Immortal Adept Stargate TwilightCouncil Stargate Pylon Nexus Assimilator Pylon FleetBeacon Zealot Probe,30.5,97127.2
88,350869,0,11897,5.18875,11897,Stalker Adept Pylon Stargate Gateway Gateway Stalker VoidRay Stalker Assimilator RoboticsFacility Adept Pylon Probe Zealot Pylon VoidRay Immortal Stalker VoidRay Zealot Stalker VoidRay Immortal Gateway TwilightCouncil FleetBeacon RoboticsBay DarkShrine Zealot Gateway Assimilator,36.75,107816
129,492213,0,17404,7.42665,17404,Stalker Adept Pylon Stargate Gateway Gateway Stalker VoidRay Stalker Gateway Adept Zealot Pylon Stalker Zealot Stalker Stalker Stalker Gateway Pylon VoidRay Adept Zealot Stalker RoboticsFacility RoboticsFacility RoboticsFacility VoidRay Immortal Pylon Gateway Gateway RoboticsBay Immortal Assimilator Stargate Probe,36.5,110116
212,734959,0,28078,11.3457,28078,Stalker Adept Pylon Stargate Gateway Gateway Stalker VoidRay Stalker Gateway Adept Zealot Pylon Stalker Stalker VoidRay Zealot Probe VoidRay Stalker Stalker Assimilator Probe RoboticsFacility Pylon Zealot VoidRay FleetBeacon Gateway Immortal Gateway Probe Nexus RoboticsBay Pylon,37.5,111995
218,739466,0,28294,11.4645,28294,Stalker Adept Pylon Stargate Gateway Gateway Stalker VoidRay Stalker Gateway Adept Zealot Pylon Stalker VoidRay Adept Zealot Adept Stalker Stargate VoidRay Pylon VoidRay Probe Probe Gateway RoboticsFacility Zealot Stalker TwilightCouncil Gateway DarkShrine Stalker RoboticsFacility Nexus RoboticsFacility Gateway Assimilator,36.25,113056
231,782321,0,30374,12.145,30374,Stalker Adept Pylon Stargate Gateway Gateway Stalker VoidRay Stalker Gateway Adept Zealot Pylon Stalker VoidRay Stalker RoboticsFacility Probe Probe Stalker Stalker Probe VoidRay Zealot Zealot Pylon VoidRay Pylon Zealot Pylon Pylon Stargate Immortal Probe Stalker Probe Stalker Stargate VoidRay Gateway Probe Nexus,42,116026
244,834555,0,33066,12.7706,33066,Stalker Adept Pylon Stargate Gateway Gateway Stalker VoidRay Stalker Gateway Adept Zealot Pylon Stalker VoidRay Stalker Zealot Pylon Zealot Stalker Stalker VoidRay Adept Assimilator VoidRay Adept Probe FleetBeacon Stalker Assimilator TwilightCouncil TemplarArchive Stargate Pylon Pylon Pylon,38,117770
257,868649,0,34886,13.2295,34886,Stalker Adept Pylon Stargate Gateway Gateway Stalker VoidRay Stalker Gateway Adept Zealot Pylon Stalker VoidRay Stalker Zealot Stalker Pylon Gateway Adept Stalker Adept Stalker VoidRay Stalker Stargate Adept Stalker Probe Nexus Pylon TwilightCouncil FleetBeacon Gateway TemplarArchive Assimilator,37.75,119072
270,895346,0,36331,13.5612,36331,Stalker Adept Pylon Stargate Gateway Gateway Stalker VoidRay Stalker Gateway Adept Zealot Pylon Stalker VoidRay Stalker Zealot Stalker Adept VoidRay Stalker Pylon Zealot Adept Stargate Pylon VoidRay Adept RoboticsFacility VoidRay TwilightCouncil TemplarArchive Probe Nexus Probe Pylon Assimilator,41.5,120591
270,914015,0,37373,13.8473,37373,Stalker Adept Pylon Stargate Gateway Gateway Stalker VoidRay Stalker Gateway Adept Zealot Pylon Stalker VoidRay Stalker Zealot Stalker Stalker Pylon Stalker Adept VoidRay RoboticsFacility Adept RoboticsFacility Stalker Zealot Zealot Pylon Pylon Stalker Immortal Immortal Stalker Zealot Probe RoboticsBay Probe,42.25,121482
270,921783,0,37804,13.9063,37804,Stalker Adept Pylon Stargate Gateway Gateway Stalker VoidRay Stalker Gateway Adept Zealot Pylon Stalker VoidRay Stalker Zealot Stalker Stalker VoidRay Pylon Stalker Stargate Stalker Stalker VoidRay Adept Pylon Zealot Adept Zealot Adept FleetBeacon Probe Stargate Assimilator Assimilator Gateway Gateway,43.75,124328
309,1019662,0,43823,15.3386,43823,Stalker Adept Pylon Stargate Gateway Gateway Stalker VoidRay Stalker Gateway Adept Zealot Pylon Stalker VoidRay Stalker Zealot Stalker Stalker VoidRay Pylon Adept Stalker Stalker Probe Zealot Pylon Stalker Stargate Adept Stalker Pylon Zealot Adept Probe Gateway FleetBeacon RoboticsFacility Adept Adept Stargate,41.5,125598
322,1040084,0,45198,15.652,45198,Stalker Adept Pylon Stargate Gateway Gateway Stalker VoidRay Stalker Gateway Adept Zealot Pylon Stalker VoidRay Stalker Zealot Stalker Stalker VoidRay Pylon Adept Stalker Stalker Stalker Stalker Probe Stalker Pylon RoboticsFacility Zealot RoboticsBay TwilightCouncil Zealot Assimilator RoboticsFacility Nexus Adept Pylon,40.75,125908
335,1062553,0,46748,15.9895,46748,Stalker Adept Pylon Stargate Gateway Gateway Stalker VoidRay Stalker Gateway Adept Zealot Pylon Stalker VoidRay Stalker Zealot Stalker Stalker VoidRay Pylon Adept Stalker Stalker Zealot Stalker Stalker Pylon Probe Stalker Stalker Pylon Gateway Assimilator Assimilator Gateway VoidRay Gateway Probe Probe,41.5,127105
335,1081504,0,48102,16.2732,48102,Stalker Adept Pylon Stargate Gateway Gateway Stalker VoidRay Stalker Gateway Adept Zealot Pylon Stalker VoidRay Stalker Zealot Stalker Stalker VoidRay Pylon Adept Stalker Stalker Stalker Adept Stalker Pylon Adept Zealot Stalker Assimilator Zealot FleetBeacon Pylon TwilightCouncil Stalker Gateway,43.25,128750
361,1125519,0,51468,16.7909,51468,Stalker Adept Pylon Stargate Gateway Gateway Stalker VoidRay Stalker Gateway Adept Zealot Pylon Stalker VoidRay Stalker Zealot Stalker Stalker VoidRay Pylon Adept Stalker Stalker Stalker Stalker Pylon Stalker VoidRay Pylon Stalker Stalker RoboticsFacility Stalker Stalker RoboticsFacility Assimilator Gateway Adept,48,129867
373,1138735,0,52547,16.9943,52547,Stalker Adept Pylon Stargate Gateway Gateway Stalker VoidRay Stalker Gateway Adept Zealot Pylon Stalker VoidRay Stalker Zealot Stalker Stalker VoidRay Pylon Adept Stalker Stalker Stalker Stalker Stalker Pylon Probe Stalker Stalker Stalker Zealot Nexus FleetBeacon Stargate Pylon Assimilator,45,130239
411,1221609,0,60038,18.3199,60038,Stalker Adept Pylon Stargate Gateway Gateway Stalker VoidRay Stalker Gateway Adept Zealot Pylon Stalker VoidRay Stalker Zealot Stalker Stalker VoidRay Pylon Adept Stalker Stalker Stalker Stalker Stalker Pylon Probe Stalker Stalker Stalker Stalker FleetBeacon TwilightCouncil Pylon Nexus Probe,45.75,130591
424,1225145,0,60395,18.4133,60395,Stalker Adept Pylon Stargate Gateway Gateway Stalker VoidRay Stalker Gateway Adept Zealot Pylon Stalker VoidRay Stalker Zealot Stalker Stalker VoidRay Pylon Adept Stalker Stalker Stalker Stalker Stalker Pylon Probe Stalker Stalker Stalker Stalker Pylon Stargate Adept Gateway Nexus Adept,47,130678
437,1249692,0,62911,19.0207,62911,Stalker Adept Pylon Stargate Gateway Gateway Stalker VoidRay Stalker Gateway Adept Zealot Pylon Stalker VoidRay Stalker Zealot Stalker Stalker VoidRay Pylon Adept Stalker Stalker Stalker Stalker Stalker Pylon Probe Stalker Stalker Stalker Pylon Adept Zealot Adept Adept Nexus Gateway Probe,48.75,130857
449,1264398,0,64544,19.329,64544,Stalker Adept Pylon Stargate Gateway Gateway Stalker VoidRay Stalker Gateway Adept Zealot Pylon Stalker VoidRay Stalker Zealot Stalker Stalker VoidRay Pylon Adept Stalker Stalker Stalker Stalker Stalker Pylon Probe Stalker Stalker Stalker Pylon Adept Zealot Stalker Stalker Nexus Assimilator Assimilator,49.75,130946
449,1276935,0,66028,19.5264,66028,Stalker Adept Pylon Stargate Gateway Gateway Stalker VoidRay Stalker Gateway Adept Zealot Pylon Stalker VoidRay Stalker Zealot Stalker Stalker VoidRay Pylon Adept Stalker Stalker Stalker Stalker Stalker Pylon Probe Stalker Stalker Stalker Pylon Stalker Stalker Adept RoboticsFacility Stargate Stalker Pylon Adept,48.75,131001
462,1280259,0,66435,19.5809,66435,Stalker Adept Pylon Stargate Gateway Gateway Stalker VoidRay Stalker Gateway Adept Zealot Pylon Stalker VoidRay Stalker Zealot Stalker Stalker VoidRay Pylon Adept Stalker Stalker Stalker Stalker Stalker Pylon Probe Stalker Stalker Stalker Pylon Stalker Adept Zealot Zealot Stalker Nexus Assimilator,49,131082
475,1296276,0,68428,19.8396,68428,Stalker Adept Pylon Stargate Gateway Gateway Stalker VoidRay Stalker Gateway Adept Zealot Pylon Stalker VoidRay Stalker Zealot Stalker Stalker VoidRay Pylon Adept Stalker Stalker Stalker Stalker Stalker Pylon Probe Stalker Stalker Stalker Pylon Stalker Adept Zealot Zealot Pylon TwilightCouncil Probe Stalker Stalker Probe,49,131082
475,1298755,0,68761,19.8778,68761,Stalker Adept Pylon Stargate Gateway Gateway Stalker VoidRay Stalker Gateway Adept Zealot Pylon Stalker VoidRay Stalker Zealot Stalker Stalker VoidRay Pylon Adept Stalker Stalker Stalker Stalker Stalker Pylon Probe Stalker Stalker Stalker Pylon Stalker Stalker Zealot Adept Pylon Gateway Stalker Adept Pylon,49.75,131091
475,1298837,0,68772,19.8784,68772,Stalker Adept Pylon Stargate Gateway Gateway Stalker VoidRay Stalker Gateway Adept Zealot Pylon Stalker VoidRay Stalker Zealot Stalker Stalker VoidRay Pylon Adept Stalker Stalker Stalker Stalker Stalker Pylon Probe Stalker Stalker Stalker Pylon Stalker Stalker Adept Zealot FleetBeacon Adept RoboticsFacility,49.75,131123
475,1304864,0,69582,19.9707,69582,Stalker Adept Pylon Stargate Gateway Gateway Stalker VoidRay Stalker Gateway Adept Zealot Pylon Stalker VoidRay Stalker Zealot Stalker Stalker VoidRay Pylon Adept Stalker Stalker Stalker Stalker Stalker Pylon Probe Stalker Stalker Stalker Pylon Stalker Stalker Zealot Zealot Zealot RoboticsFacility Stargate Gateway,49.5,131140
488,1310001,0,70304,20.0581,70304,Stalker Adept Pylon Stargate Gateway Gateway Stalker VoidRay Stalker Gateway Adept Zealot Pylon Stalker VoidRay Stalker Zealot Stalker Stalker VoidRay Pylon Adept Stalker Stalker Stalker Stalker Stalker Pylon Probe Stalker Stalker Stalker Pylon Stalker Stalker Zealot Zealot Probe Probe Pylon RoboticsFacility Probe TwilightCouncil Probe,49.5,131140
488,1322097,0,72150,20.2433,72150,Stalker Adept Pylon Stargate Gateway Gateway Stalker VoidRay Stalker Gateway Adept Zealot Pylon Stalker VoidRay Stalker Zealot Stalker Stalker VoidRay Pylon Adept Stalker Stalker Stalker Stalker Stalker Pylon Probe Stalker Stalker Stalker Pylon Stalker Stalker Zealot Zealot Assimilator Stargate Probe Probe Assimilator Gateway,49.5,131140
488,1322247,0,72176,20.2446,72176,Stalker Adept Pylon Stargate Gateway Gateway Stalker VoidRay Stalker Gateway Adept Zealot Pylon Stalker VoidRay Stalker Zealot Stalker Stalker VoidRay Pylon Adept Stalker Stalker Stalker Stalker Stalker Pylon Probe Stalker Stalker Stalker Pylon Stalker Stalker Zealot Zealot RoboticsFacility Probe Probe TwilightCouncil Gateway,49.5,131140
501,1330938,0,73658,20.374,73658,Stalker Adept Pylon Stargate Gateway Gateway Stalker VoidRay Stalker Gateway Adept Zealot Pylon Stalker VoidRay Stalker Zealot Stalker Stalker VoidRay Pylon Adept Stalker Stalker Stalker Stalker Stalker Pylon Probe Stalker Stalker Stalker Pylon Stalker Stalker Zealot Zealot Probe Probe Pylon Pylon Pylon Zealot Adept,49.5,131140
501,1332999,0,74009,20.4073,74009,Stalker Adept Pylon Stargate Gateway Gateway Stalker VoidRay Stalker Gateway Adept Zealot Pylon Stalker VoidRay Stalker Zealot Stalker Stalker VoidRay Pylon Adept Stalker Stalker Stalker Stalker Stalker Pylon Probe Stalker Stalker Stalker Pylon Stalker Stalker Zealot Zealot Probe Pylon Probe Stalker VoidRay,49.5,131140
