0,0,0,0,0,0, ,0,0
0,28,0,1,0.000241,1,Nexus Gateway Nexus RoboticsFacility Stalker Adept Gateway Stalker Probe Assimilator Assimilator RoboticsBay Nexus Stargate RoboticsFacility Stalker TwilightCouncil VoidRay Probe DarkShrine FleetBeacon VoidRay Pylon Adept Zealot Adept Probe,10.5,29903
0,53,0,2,0.000449,2,RoboticsFacility TwilightCouncil Immortal Assimilator Stargate Assimilator Gateway Stargate Stalker Stargate Zealot Stargate FleetBeacon Gateway Tempest Pylon Probe RoboticsBay Immortal TemplarArchive Colossus Carrier Pylon Probe,14.5,41763.5
0,205,0,7,0.001557,7,Gateway Adept Stalker Stalker RoboticsFacility Nexus RoboticsFacility Gateway Gateway Nexus Stalker Zealot Assimilator Nexus RoboticsBay Adept Stalker TwilightCouncil Stalker Immortal Colossus Pylon RoboticsFacility Zealot Stargate Colossus Adept,22,51799.8
0,303,0,10,0.002276,10,TwilightCouncil Stalker Stargate Gateway Gateway Stalker Adept TemplarArchive DarkShrine Zealot Zealot Probe VoidRay Adept Assimilator Probe Probe Gateway DarkTemplar Probe Pylon DarkTemplar Adept Probe Assimilator Gateway Pylon FleetBeacon DarkTemplar Pylon Nexus Stargate Stargate Stargate Nexus Stalker DarkTemplar RoboticsFacility,20.75,63764
0,399,0,13,0.002981,13,Probe Adept Adept Nexus Stargate FleetBeacon Zealot Adept VoidRay Gateway Stargate Carrier Zealot Assimilator Stalker Stargate Carrier Tempest Stargate Pylon Zealot Probe Tempest VoidRay Pylon Adept Assimilator Stalker Gateway Stargate Assimilator Probe Probe Pylon,33,66569.2
0,641,0,21,0.009763,21,Assimilator Zealot Gateway Zealot Stargate Pylon RoboticsFacility Probe Stalker Immortal RoboticsFacility RoboticsBay RoboticsFacility Immortal VoidRay Stargate FleetBeacon RoboticsFacility Zealot VoidRay RoboticsFacility Stalker TwilightCouncil Immortal TemplarArchive Gateway Assimilator Stargate RoboticsFacility,25.75,66922
0,1821,0,59,0.027117,59,RoboticsFacility Immortal Stalker Immortal Adept Immortal RoboticsFacility Gateway Immortal Pylon Zealot Adept Zealot Stargate Stargate Stalker FleetBeacon Stalker RoboticsFacility RoboticsFacility RoboticsBay Nexus Gateway Nexus RoboticsFacility Gateway Gateway TwilightCouncil Assimilator Assimilator Probe,24.75,76508
0,2299,0,75,0.03547,75,RoboticsFacility Stalker Immortal Nexus Probe Stalker Immortal Adept Assimilator Immortal Probe Stargate VoidRay RoboticsFacility Stalker Stalker RoboticsFacility Zealot Adept RoboticsBay Immortal Gateway Nexus Nexus Zealot TwilightCouncil Stargate Assimilator Pylon,29.5,84908.8
11,23232,0,757,0.354374,757,Stalker Stargate Gateway Stalker Nexus VoidRay Adept Zealot RoboticsFacility RoboticsBay Probe VoidRay Zealot Pylon Stargate Zealot VoidRay VoidRay Pylon Assimilator Stalker Pylon TwilightCouncil Probe RoboticsFacility Stalker VoidRay Colossus Adept Adept TemplarArchive Gateway Gateway Assimilator Probe,31.25,85426
11,26068,0,849,0.397819,849,RoboticsFacility Stalker Stalker Zealot RoboticsFacility RoboticsBay Pylon Zealot Nexus Immortal Immortal Stalker Immortal Immortal Adept Stargate Immortal Gateway Immortal RoboticsFacility Immortal VoidRay Stalker Gateway FleetBeacon Nexus,40.5,101537
59,192285,0,6445,3.02449,6445,RoboticsFacility Stalker Stalker Nexus RoboticsFacility Gateway Immortal Stalker Immortal Adept Immortal Probe Adept Immortal Adept Adept Immortal Assimilator Pylon Assimilator Assimilator Gateway TwilightCouncil DarkShrine Zealot Probe Immortal RoboticsFacility Probe Adept,30,103949
153,470969,0,17339,7.89076,17339,RoboticsFacility Stalker Stalker Nexus RoboticsFacility Gateway Immortal Stalker Immortal Stalker Gateway Immortal Pylon Immortal Adept Immortal Zealot Zealot Zealot Stalker RoboticsBay Pylon Probe Gateway Immortal Stalker Nexus Stargate RoboticsFacility Stargate Adept,37.25,107054
166,521860,0,19646,8.78693,19646,RoboticsFacility Stalker Stalker Nexus RoboticsFacility Gateway Immortal Stalker Immortal Immortal Immortal Immortal Immortal Pylon Assimilator Zealot TwilightCouncil Adept Assimilator Stalker Stalker Nexus Stalker RoboticsBay DarkShrine Probe Probe,35.25,107164
178,533081,0,20170,8.98332,20170,RoboticsFacility Stalker Stalker Nexus RoboticsFacility Gateway Immortal Stalker Immortal Immortal Immortal Immortal Immortal Stalker Adept Stargate TwilightCouncil Gateway Stalker RoboticsBay Stalker TemplarArchive FleetBeacon Pylon Nexus Gateway Pylon Assimilator,34.25,108488
179,555183,0,21251,9.3668,21251,RoboticsFacility Stalker Stalker Nexus RoboticsFacility Gateway Immortal Stalker Immortal Immortal Zealot Pylon Probe Immortal Gateway Stalker Immortal Zealot Immortal Zealot Immortal Adept Probe TwilightCouncil DarkShrine Gateway Gateway Gateway Pylon RoboticsFacility Stalker TemplarArchive Pylon Probe,37.5,110517
192,579446,0,22446,9.7652,22446,RoboticsFacility Stalker Stalker Nexus RoboticsFacility Gateway Immortal Stalker Immortal Immortal Zealot RoboticsBay Immortal Immortal Stalker Adept Colossus RoboticsFacility Pylon Assimilator Stalker Immortal Stalker Nexus Gateway Gateway Assimilator,40.25,110947
192,609370,0,23961,10.2574,23961,RoboticsFacility Stalker Stalker Nexus RoboticsFacility Gateway Immortal Stalker Immortal Immortal Zealot Immortal Pylon Adept Immortal Zealot Zealot Immortal Immortal Pylon RoboticsFacility RoboticsFacility Probe RoboticsBay Nexus TwilightCouncil Stargate Assimilator RoboticsFacility Zealot,35.75,111758
205,622539,0,24688,10.4699,24688,RoboticsFacility Stalker Stalker Nexus RoboticsFacility Gateway Immortal Stalker Immortal Immortal Zealot Immortal Stalker Immortal Adept Immortal Stalker RoboticsBay Pylon Gateway Pylon RoboticsFacility Nexus Stalker Nexus Probe Zealot TwilightCouncil,35.25,112215
205,647853,0,26071,10.8728,26071,RoboticsFacility Stalker Stalker Nexus RoboticsFacility Gateway Immortal Stalker Immortal Immortal Zealot Immortal Stalker Probe Probe Stalker TwilightCouncil Stalker Zealot Immortal Assimilator Pylon Stalker Immortal RoboticsBay Gateway Adept Gateway DarkShrine Pylon Stalker Immortal Probe,38,112535
205,648369,0,26100,10.8817,26100,RoboticsFacility Stalker Stalker Nexus RoboticsFacility Gateway Immortal Stalker Immortal Immortal Zealot Immortal Stalker Stalker Immortal Zealot RoboticsBay Stalker Gateway Pylon Pylon Stalker Probe Zealot Stalker TwilightCouncil RoboticsFacility Nexus Nexus Probe Probe,35.75,112664
218,659216,0,26713,11.0578,26713,RoboticsFacility Stalker Stalker Nexus RoboticsFacility Gateway Immortal Stalker Immortal Immortal Zealot Immortal Stalker Immortal Immortal Immortal Pylon Zealot Probe Nexus RoboticsFacility Stalker Probe Nexus TwilightCouncil Probe Stalker RoboticsBay Adept,37,113752
218,664413,0,27010,11.1387,27010,RoboticsFacility Stalker Stalker Nexus RoboticsFacility Gateway Immortal Stalker Immortal Immortal Zealot Immortal Stalker Adept Stalker Zealot Immortal Pylon Zealot Zealot Immortal Stargate Stalker Stargate Gateway Nexus Gateway Stargate Assimilator Pylon,38.25,115611
231,696808,0,28870,11.6603,28870,RoboticsFacility Stalker Stalker Nexus RoboticsFacility Gateway Immortal Stalker Immortal Immortal Zealot Immortal Stalker Adept Immortal Stalker RoboticsFacility Pylon Pylon Immortal Stalker Stalker Immortal Stalker RoboticsFacility Gateway Nexus Assimilator Zealot,42.5,116781
231,717748,0,30105,11.9942,30105,RoboticsFacility Stalker Stalker Nexus RoboticsFacility Gateway Immortal Stalker Immortal Immortal Zealot Immortal Stalker Adept Immortal Stalker Stalker Zealot Pylon Zealot Pylon Immortal Gateway Zealot Adept Adept Stargate Stargate Adept RoboticsFacility Stargate Zealot Assimilator,40.75,117465
244,736665,0,31329,12.2933,31329,RoboticsFacility Stalker Stalker Nexus RoboticsFacility Gateway Immortal Stalker Immortal Immortal Zealot Immortal Stalker Adept Immortal Immortal Adept Pylon Immortal Stalker Pylon RoboticsFacility Assimilator Probe Gateway Adept Zealot Stargate Stargate TwilightCouncil Assimilator Probe,40.75,118173
256,753226,0,32447,12.5556,32447,RoboticsFacility Stalker Stalker Nexus RoboticsFacility Gateway Immortal Stalker Immortal Immortal Zealot Immortal Stalker Adept Immortal Immortal Stalker Pylon Immortal Stalker Gateway Gateway Pylon Adept Gateway Gateway Zealot TwilightCouncil Stalker Gateway Probe,41.25,118785
264,785038,0,34833,13.0373,34833,RoboticsFacility Stalker Stalker Nexus RoboticsFacility Gateway Immortal Stalker Immortal Immortal Zealot Immortal Stalker Adept Immortal Immortal Stalker Pylon Stalker Immortal Adept TwilightCouncil Gateway Stargate Gateway Gateway RoboticsBay DarkShrine Gateway Assimilator,40.25,119114
265,794911,0,35613,13.1876,35613,RoboticsFacility Stalker Stalker Nexus RoboticsFacility Gateway Immortal Stalker Immortal Immortal Zealot Immortal Stalker Adept Immortal Immortal Stalker Pylon Immortal Stalker Stalker Assimilator Stargate FleetBeacon Assimilator TwilightCouncil RoboticsBay Stargate,40.75,119870
296,806551,0,36520,13.3706,36520,RoboticsFacility Stalker Stalker Nexus RoboticsFacility Gateway Immortal Stalker Immortal Immortal Zealot Immortal Stalker Adept Immortal Immortal Stalker Pylon Immortal Pylon Stalker Immortal Immortal Pylon TwilightCouncil Nexus Zealot,46.5,120178
296,807062,0,36559,13.3793,36559,RoboticsFacility Stalker Stalker Nexus RoboticsFacility Gateway Immortal Stalker Immortal Immortal Zealot Immortal Stalker Adept Immortal Immortal Stalker Pylon Immortal Stalker Adept Pylon Adept Adept RoboticsFacility Pylon RoboticsBay Pylon Stalker Immortal Zealot,42.75,120572
309,847680,0,39990,14.0131,39990,RoboticsFacility Stalker Stalker Nexus RoboticsFacility Gateway Immortal Stalker Immortal Immortal Zealot Immortal Stalker Adept Immortal Immortal Stalker Pylon Immortal Zealot Pylon Immortal Stalker Stalker RoboticsBay Nexus Probe RoboticsFacility Probe,45.5,120836
321,850415,0,40255,14.0573,40255,RoboticsFacility Stalker Stalker Nexus RoboticsFacility Gateway Immortal Stalker Immortal Immortal Zealot Immortal Stalker Adept Immortal Immortal Stalker Pylon Immortal Zealot Pylon Stalker Immortal Adept Stalker Assimilator Gateway Nexus,46.75,121282
334,880206,0,43141,14.5155,43141,RoboticsFacility Stalker Stalker Nexus RoboticsFacility Gateway Immortal Stalker Immortal Immortal Zealot Immortal Stalker Adept Immortal Immortal Stalker Pylon Immortal Zealot Pylon Stalker Immortal Stalker Zealot Pylon Zealot Immortal Zealot Pylon,46.5,121304
347,895729,0,44730,14.7604,44730,RoboticsFacility Stalker Stalker Nexus RoboticsFacility Gateway Immortal Stalker Immortal Immortal Zealot Immortal Stalker Adept Immortal Immortal Stalker Pylon Immortal Zealot Pylon Stalker Immortal Stalker Adept RoboticsBay Stargate Nexus,46.75,121308
347,906068,0,45834,14.9189,45834,RoboticsFacility Stalker Stalker Nexus RoboticsFacility Gateway Immortal Stalker Immortal Immortal Zealot Immortal Stalker Adept Immortal Immortal Stalker Pylon Immortal Zealot Pylon Stalker Immortal Stalker Stalker Gateway Nexus Assimilator,47.25,121387
360,917540,0,47303,15.0942,47303,RoboticsFacility Stalker Stalker Nexus RoboticsFacility Gateway Immortal Stalker Immortal Immortal Zealot Immortal Stalker Adept Immortal Immortal Stalker Pylon Immortal Zealot Pylon Stalker Immortal Stalker Stalker Pylon Adept RoboticsBay Assimilator Zealot Probe Pylon,47.25,121387
360,922876,0,48004,15.1731,48004,RoboticsFacility Stalker Stalker Nexus RoboticsFacility Gateway Immortal Stalker Immortal Immortal Zealot Immortal Stalker Adept Immortal Immortal Stalker Pylon Immortal Zealot Pylon Stalker Immortal Stalker Stalker RoboticsFacility Pylon Immortal Stalker,47.25,121387
372,928215,0,48794,15.254,48794,RoboticsFacility Stalker Stalker Nexus RoboticsFacility Gateway Immortal Stalker Immortal Immortal Zealot Immortal Stalker Adept Immortal Immortal Stalker Pylon Immortal Zealot Pylon Stalker Immortal Stalker Stalker Pylon Assimilator Probe Immortal RoboticsFacility,47.25,121387
380,938132,0,50298,15.4013,50298,RoboticsFacility Stalker Stalker Nexus RoboticsFacility Gateway Immortal Stalker Immortal Immortal Zealot Immortal Stalker Adept Immortal Immortal Stalker Pylon Immortal Zealot Pylon Stalker Immortal Stalker Stalker Pylon Probe Zealot Probe Zealot Gateway Pylon,47.25,121387
380,942912,0,51130,15.4717,51130,RoboticsFacility Stalker Stalker Nexus RoboticsFacility Gateway Immortal Stalker Immortal Immortal Zealot Immortal Stalker Adept Immortal Immortal Stalker Pylon Immortal Zealot Pylon Stalker Immortal Stalker Stalker Pylon Probe Probe Stalker RoboticsFacility Zealot Assimilator,47.25,121387
401,946680,0,51794,15.5245,51794,RoboticsFacility Stalker Stalker Nexus RoboticsFacility Gateway Immortal Stalker Immortal Immortal Zealot Immortal Stalker Adept Immortal Immortal Stalker Pylon Immortal Zealot Pylon Stalker Immortal Stalker Stalker Pylon Stalker Probe RoboticsBay Probe Stalker Assimilator,47.25,121387
428,948061,0,52035,15.5433,52035,RoboticsFacility Stalker Stalker Nexus RoboticsFacility Gateway Immortal Stalker Immortal Immortal Zealot Immortal Stalker Adept Immortal Immortal Stalker Pylon Immortal Zealot Pylon Stalker Immortal Stalker Stalker Pylon Probe Probe Immortal TwilightCouncil Probe,47.25,121387
441,953272,0,52997,15.6222,52997,RoboticsFacility Stalker Stalker Nexus RoboticsFacility Gateway Immortal Stalker Immortal Immortal Zealot Immortal Stalker Adept Immortal Immortal Stalker Pylon Immortal Zealot Pylon Stalker Immortal Stalker Stalker Pylon Probe Probe Stalker Probe Stargate Stalker,47.25,121387
441,959210,0,54092,15.7116,54092,RoboticsFacility Stalker Stalker Nexus RoboticsFacility Gateway Immortal Stalker Immortal Immortal Zealot Immortal Stalker Adept Immortal Immortal Stalker Pylon Immortal Zealot Pylon Stalker Immortal Stalker Stalker Pylon Probe Probe Gateway Probe Immortal,47.25,121387
