0,0,0,0,0,0, ,0,0
0,31,0,1,0.000241,1,Stalker Adept Nexus Stalker Stalker Pylon Stalker Assimilator Stalker Nexus RoboticsFacility RoboticsBay Zealot RoboticsFacility Immortal Zealot Pylon Stalker Colossus Zealot Stargate TwilightCouncil Nexus Colossus Pylon Probe Pylon Stargate Probe Probe,17.5,52148
0,60,0,2,0.000459,2,Pylon Zealot Stalker Zealot Stalker RoboticsFacility Stargate RoboticsFacility Nexus Pylon TwilightCouncil VoidRay TemplarArchive Assimilator Pylon Adept Pylon DarkShrine VoidRay Zealot Nexus DarkTemplar DarkTemplar RoboticsBay VoidRay Nexus FleetBeacon Assimilator,18.25,55274
0,98,0,3,0.004758,3,Adept Adept Probe Zealot Gateway Stargate Stargate Gateway Adept FleetBeacon Stargate Pylon Adept VoidRay Probe Pylon Adept RoboticsFacility Stalker Carrier Immortal Pylon Carrier Adept Assimilator VoidRay RoboticsFacility Gateway Pylon Assimilator Nexus Gateway Zealot Pylon Zealot Pylon Gateway,24,57905.2
0,260,0,8,0.005953,8,Probe Assimilator Stalker TwilightCouncil RoboticsFacility Probe Immortal Adept Stargate Stalker Nexus Zealot Zealot RoboticsBay VoidRay Immortal Gateway TemplarArchive Immortal Adept VoidRay Stargate Probe Stalker Probe Assimilator Nexus Pylon RoboticsFacility Immortal Pylon,29,74780.8
0,4682,0,149,0.072416,149,Zealot RoboticsFacility Stalker Probe Stalker Probe Gateway Probe Nexus RoboticsBay Stalker Gateway Immortal Immortal Stalker Nexus RoboticsFacility Immortal Zealot Zealot Immortal Nexus Pylon Stalker Stalker TwilightCouncil Nexus TemplarArchive Stalker Assimilator DarkShrine Gateway Stalker Gateway Probe,30.25,83557.8
0,4809,0,153,0.073343,153,Zealot Probe RoboticsFacility Nexus RoboticsBay Immortal Zealot Zealot Gateway Immortal Stalker Adept Gateway Colossus TwilightCouncil RoboticsFacility Stalker Pylon Stalker Immortal Stargate Gateway Probe Nexus Colossus Stalker Assimilator RoboticsFacility Stargate RoboticsFacility Nexus Probe,32.5,87679.8
11,18964,0,608,0.29298,608,RoboticsFacility Gateway Stalker Probe RoboticsFacility RoboticsFacility Immortal Probe Immortal Pylon Adept Probe Pylon Gateway Probe Adept Adept Stalker RoboticsFacility Adept RoboticsBay Immortal Stalker Stalker Adept Pylon Zealot Assimilator Probe Nexus Probe Probe Stargate Gateway Immortal Adept Pylon RoboticsFacility VoidRay Nexus Nexus Probe,30.5,92866.5
24,77900,0,2528,1.16387,2528,RoboticsFacility Zealot Adept Stargate Immortal Assimilator Zealot Probe RoboticsBay Probe Pylon VoidRay Stalker Probe Colossus Immortal Pylon Adept Stargate VoidRay Immortal Gateway Stargate Nexus RoboticsFacility Nexus Immortal Zealot Stargate RoboticsFacility Probe,30.5,95567.5
40,179483,0,5952,2.51754,5952,RoboticsFacility Zealot Zealot Stalker Immortal Nexus Assimilator RoboticsFacility Stalker Immortal Immortal Stalker Immortal Immortal TwilightCouncil Zealot RoboticsBay Pylon Adept Pylon Stargate Nexus Nexus Adept Pylon,28.25,97699.5
84,310418,0,10540,4.37961,10540,RoboticsFacility Zealot Zealot Stalker Immortal Pylon Probe RoboticsFacility Immortal Zealot Stargate Nexus Immortal Stalker Zealot VoidRay Gateway Immortal RoboticsFacility VoidRay TwilightCouncil VoidRay Zealot FleetBeacon Stalker RoboticsFacility Assimilator Probe Assimilator Pylon Assimilator Nexus,37.25,99116.2
85,349392,0,11985,4.9248,11985,RoboticsFacility Zealot Zealot Stalker Immortal RoboticsFacility Immortal Pylon Pylon Assimilator Stargate Zealot Adept RoboticsFacility Immortal Immortal Adept Immortal Immortal RoboticsFacility Nexus Stalker RoboticsFacility Nexus RoboticsBay Assimilator Probe,31.5,99388.2
97,359274,0,12363,5.07119,12363,RoboticsFacility Zealot Zealot Stalker Immortal RoboticsFacility Pylon Zealot Immortal Immortal Probe Stalker Stargate RoboticsBay Adept Immortal Gateway TwilightCouncil Pylon Zealot VoidRay Adept Assimilator Gateway Zealot Pylon Pylon Assimilator Gateway DarkShrine VoidRay Pylon Colossus Probe,30,99706
98,377742,0,13069,5.33071,13069,RoboticsFacility Zealot Zealot Stalker Immortal RoboticsFacility Pylon Stargate Immortal Pylon Zealot Immortal Stargate Immortal Pylon VoidRay VoidRay Immortal Assimilator Probe Adept Stalker Assimilator Adept Stargate Immortal FleetBeacon Gateway Gateway Gateway,35.75,102046
111,426009,0,14933,6.03614,14933,RoboticsFacility Zealot Zealot Stalker Immortal RoboticsFacility Pylon Stargate Probe Immortal Pylon VoidRay Adept Immortal Immortal Pylon Zealot Gateway Probe VoidRay Zealot Adept Nexus Immortal Probe FleetBeacon Immortal Stargate Stargate Nexus Pylon Gateway Assimilator,35,109929
157,576362,0,20977,8.28925,20977,RoboticsFacility Zealot Zealot Stalker Immortal RoboticsFacility Pylon Stargate Probe Immortal Gateway VoidRay Pylon Stalker Adept Assimilator Immortal Adept VoidRay Pylon Adept Stalker VoidRay Stalker Assimilator FleetBeacon VoidRay Stargate Gateway TwilightCouncil Pylon,40,111524
170,604619,0,22169,8.70997,22169,RoboticsFacility Zealot Zealot Stalker Immortal RoboticsFacility Pylon Stargate Probe Immortal Gateway VoidRay Immortal Immortal Pylon Immortal Pylon VoidRay Zealot Immortal Stargate Zealot Adept RoboticsBay Zealot Pylon Stargate Pylon Adept Adept Gateway Nexus Gateway Probe,38.5,113700
217,737012,0,28351,11.2925,28351,RoboticsFacility Zealot Zealot Stalker Immortal RoboticsFacility Pylon Stargate Probe Immortal Gateway VoidRay Immortal Immortal Stalker Stalker Pylon Pylon Immortal Probe VoidRay Nexus Stalker Immortal Gateway Pylon Adept VoidRay RoboticsBay Nexus Pylon Probe,40.75,114956
217,741402,0,28580,11.3508,28580,RoboticsFacility Zealot Zealot Stalker Immortal RoboticsFacility Pylon Stargate Probe Immortal Gateway VoidRay Immortal Immortal Zealot Zealot Pylon Stalker Immortal Zealot Pylon Immortal Pylon Stalker TwilightCouncil Nexus TemplarArchive Assimilator Pylon Probe Immortal RoboticsBay Assimilator DarkShrine,36.75,115006
217,751833,0,29137,11.5102,29137,RoboticsFacility Zealot Zealot Stalker Immortal RoboticsFacility Pylon Stargate Probe Immortal Gateway VoidRay Immortal Immortal Pylon VoidRay Pylon Zealot Zealot Stalker Immortal VoidRay Stargate Stalker Assimilator RoboticsFacility RoboticsBay Assimilator Stargate Gateway Nexus Gateway,40,115217
232,783413,0,30816,11.9678,30816,RoboticsFacility Zealot Zealot Stalker Immortal RoboticsFacility Pylon Stargate Probe Immortal Gateway VoidRay Immortal Immortal Pylon Adept Zealot Immortal VoidRay Assimilator Pylon Adept RoboticsFacility Immortal Pylon Stalker Zealot RoboticsBay Nexus Stalker Gateway Probe,40.5,116386
247,822194,0,32939,12.5558,32939,RoboticsFacility Zealot Zealot Stalker Immortal RoboticsFacility Pylon Stargate Probe Immortal Gateway VoidRay Immortal Immortal Pylon Adept Pylon Immortal Adept VoidRay Immortal Immortal Gateway RoboticsFacility Gateway Assimilator Gateway FleetBeacon RoboticsBay Stargate Gateway,40.5,116866
247,824956,0,33096,12.5998,33096,RoboticsFacility Zealot Zealot Stalker Immortal RoboticsFacility Pylon Stargate Probe Immortal Gateway VoidRay Immortal Immortal Pylon Adept Stalker Adept Stalker VoidRay Pylon Immortal Stalker Adept FleetBeacon Pylon TwilightCouncil Immortal RoboticsFacility Zealot Assimilator Zealot Gateway Assimilator Pylon,39.5,117028
251,845258,0,34238,12.9,34238,RoboticsFacility Zealot Zealot Stalker Immortal RoboticsFacility Pylon Stargate Probe Immortal Gateway VoidRay Immortal Immortal Pylon Adept Stalker Pylon Immortal Probe Stalker Stalker VoidRay Adept Pylon Nexus Probe Stalker Assimilator Adept Stalker RoboticsBay Zealot Gateway Assimilator TwilightCouncil Pylon,41.25,118174
277,897015,0,37268,13.7674,37268,RoboticsFacility Zealot Zealot Stalker Immortal RoboticsFacility Pylon Stargate Probe Immortal Gateway VoidRay Immortal Immortal Pylon Adept Stalker Pylon Immortal Stalker Probe Zealot Stalker Immortal Pylon Stalker Stargate Pylon Immortal Adept FleetBeacon Stalker Pylon Zealot Gateway Probe Assimilator,44.5,119355
277,906969,0,37855,13.9906,37855,RoboticsFacility Zealot Zealot Stalker Immortal RoboticsFacility Pylon Stargate Probe Immortal Gateway VoidRay Immortal Immortal Pylon Adept Stalker Pylon Immortal Stalker Immortal Adept Immortal Pylon Zealot Stalker TwilightCouncil Stargate Assimilator FleetBeacon Pylon Gateway Zealot Zealot,42.75,121140
292,941428,0,40100,14.8209,40100,RoboticsFacility Zealot Zealot Stalker Immortal RoboticsFacility Pylon Stargate Probe Immortal Gateway VoidRay Immortal Immortal Pylon Adept Stalker Pylon Immortal Stalker Stalker Pylon Stalker Stalker VoidRay Zealot Stalker Immortal Pylon Probe Assimilator Immortal Zealot Pylon Assimilator RoboticsBay,47,121304
307,957760,0,41221,14.9707,41221,RoboticsFacility Zealot Zealot Stalker Immortal RoboticsFacility Pylon Stargate Probe Immortal Gateway VoidRay Immortal Immortal Pylon Adept Stalker Pylon Immortal Stalker Pylon Stalker Immortal Adept VoidRay Immortal Adept Assimilator RoboticsFacility Pylon Adept VoidRay Pylon Pylon,47,121472
337,1024890,0,46006,15.5035,46006,RoboticsFacility Zealot Zealot Stalker Immortal RoboticsFacility Pylon Stargate Probe Immortal Gateway VoidRay Immortal Immortal Pylon Adept Stalker Pylon Immortal Stalker Pylon Stalker Immortal Adept VoidRay Zealot Stalker Stalker FleetBeacon TwilightCouncil Assimilator Gateway Gateway Assimilator Pylon,46.5,122102
337,1025245,0,46035,15.5065,46035,RoboticsFacility Zealot Zealot Stalker Immortal RoboticsFacility Pylon Stargate Probe Immortal Gateway VoidRay Immortal Immortal Pylon Adept Stalker Pylon Immortal Stalker Pylon Stalker Immortal Immortal Stalker Zealot Immortal Gateway Pylon Gateway VoidRay Gateway Stalker,47,122186
352,1031825,0,46587,15.5594,46587,RoboticsFacility Zealot Zealot Stalker Immortal RoboticsFacility Pylon Stargate Probe Immortal Gateway VoidRay Immortal Immortal Pylon Adept Stalker Pylon Immortal Stalker Pylon Stalker Immortal Stalker Stalker Immortal Adept RoboticsBay TwilightCouncil Nexus Probe Pylon Assimilator Pylon Probe,45.25,122442
352,1035496,0,46892,15.5889,46892,RoboticsFacility Zealot Zealot Stalker Immortal RoboticsFacility Pylon Stargate Probe Immortal Gateway VoidRay Immortal Immortal Pylon Adept Stalker Pylon Immortal Stalker Pylon Stalker Immortal Stalker Stalker Immortal Immortal Pylon Gateway Gateway Nexus Adept,47.75,122607
367,1059506,0,48951,15.7769,48951,RoboticsFacility Zealot Zealot Stalker Immortal RoboticsFacility Pylon Stargate Probe Immortal Gateway VoidRay Immortal Immortal Pylon Adept Stalker Pylon Immortal Stalker Pylon Stalker Immortal Stalker Zealot Immortal Stalker Zealot TwilightCouncil Pylon Stalker DarkShrine Immortal Assimilator Assimilator,46,122699
367,1061984,0,49171,15.7957,49171,RoboticsFacility Zealot Zealot Stalker Immortal RoboticsFacility Pylon Stargate Probe Immortal Gateway VoidRay Immortal Immortal Pylon Adept Stalker Pylon Immortal Stalker Pylon Stalker Immortal Stalker Immortal Stalker Stalker Adept FleetBeacon Nexus Gateway Assimilator,47,122945
382,1080592,0,50954,15.9409,50954,RoboticsFacility Zealot Zealot Stalker Immortal RoboticsFacility Pylon Stargate Probe Immortal Gateway VoidRay Immortal Immortal Pylon Adept Stalker Pylon Immortal Stalker Pylon Stalker Immortal Stalker Immortal Stalker Stalker Stalker Nexus FleetBeacon TwilightCouncil Assimilator,47.5,123018
382,1092811,0,52239,16.0373,52239,RoboticsFacility Zealot Zealot Stalker Immortal RoboticsFacility Pylon Stargate Probe Immortal Gateway VoidRay Immortal Immortal Pylon Adept Stalker Pylon Immortal Stalker Pylon Stalker Immortal Stalker Immortal Stalker Stalker Pylon Stalker Stargate Adept Pylon Immortal Probe Gateway,47.5,123018
397,1108497,0,54014,16.2188,54014,RoboticsFacility Zealot Zealot Stalker Immortal RoboticsFacility Pylon Stargate Probe Immortal Gateway VoidRay Immortal Immortal Pylon Adept Stalker Pylon Immortal Stalker Pylon Stalker Immortal Stalker Immortal Stalker Stalker Assimilator Stalker Assimilator Pylon VoidRay Stalker Pylon Probe,47.5,123018
397,1108703,0,54040,16.2205,54040,RoboticsFacility Zealot Zealot Stalker Immortal RoboticsFacility Pylon Stargate Probe Immortal Gateway VoidRay Immortal Immortal Pylon Adept Stalker Pylon Immortal Stalker Pylon Stalker Immortal Stalker Immortal Stalker Stalker Assimilator Pylon Pylon Stalker Immortal Immortal,47.5,123018
410,1111367,0,54368,16.2418,54368,RoboticsFacility Zealot Zealot Stalker Immortal RoboticsFacility Pylon Stargate Probe Immortal Gateway VoidRay Immortal Immortal Pylon Adept Stalker Pylon Immortal Stalker Pylon Stalker Immortal Stalker Immortal Stalker Stalker Stalker Pylon RoboticsFacility Pylon Probe RoboticsFacility RoboticsFacility Zealot Probe Assimilator,47.5,123018
410,1111761,0,54417,16.2448,54417,RoboticsFacility Zealot Zealot Stalker Immortal RoboticsFacility Pylon Stargate Probe Immortal Gateway VoidRay Immortal Immortal Pylon Adept Stalker Pylon Immortal Stalker Pylon Stalker Immortal Stalker Immortal Stalker Stalker Pylon Stalker Pylon Zealot Stargate Assimilator Stargate Pylon Zealot,48.5,123064
410,1121721,0,55635,16.3201,55635,RoboticsFacility Zealot Zealot Stalker Immortal RoboticsFacility Pylon Stargate Probe Immortal Gateway VoidRay Immortal Immortal Pylon Adept Stalker Pylon Immortal Stalker Pylon Stalker Immortal Stalker Immortal Stalker Stalker Pylon Stalker Assimilator Zealot VoidRay Gateway Pylon Probe Probe,48.5,123064
410,1125518,0,56109,16.3498,56109,RoboticsFacility Zealot Zealot Stalker Immortal RoboticsFacility Pylon Stargate Probe Immortal Gateway VoidRay Immortal Immortal Pylon Adept Stalker Pylon Immortal Stalker Pylon Stalker Immortal Stalker Immortal Stalker Stalker Pylon Assimilator Stalker Zealot Immortal Adept TwilightCouncil,48.5,123064
410,1126925,0,56288,16.3619,56288,RoboticsFacility Zealot Zealot Stalker Immortal RoboticsFacility Pylon Stargate Probe Immortal Gateway VoidRay Immortal Immortal Pylon Adept Stalker Pylon Immortal Stalker Pylon Stalker Immortal Stalker Immortal Stalker Stalker Pylon Stalker Zealot Stargate Immortal Gateway Stalker,48.5,123064
425,1128566,0,56498,16.3753,56498,RoboticsFacility Zealot Zealot Stalker Immortal RoboticsFacility Pylon Stargate Probe Immortal Gateway VoidRay Immortal Immortal Pylon Adept Stalker Pylon Immortal Stalker Pylon Stalker Immortal Stalker Immortal Stalker Stalker Pylon Stalker Zealot Assimilator RoboticsBay Probe RoboticsFacility Stalker Assimilator Probe,48.5,123064
425,1139695,0,57919,16.4622,57919,RoboticsFacility Zealot Zealot Stalker Immortal RoboticsFacility Pylon Stargate Probe Immortal Gateway VoidRay Immortal Immortal Pylon Adept Stalker Pylon Immortal Stalker Pylon Stalker Immortal Stalker Immortal Stalker Stalker Pylon Stalker Zealot Probe TwilightCouncil Adept Probe RoboticsFacility Pylon Zealot,48.5,123064
425,1141038,0,58101,16.4744,58101,RoboticsFacility Zealot Zealot Stalker Immortal RoboticsFacility Pylon Stargate Probe Immortal Gateway VoidRay Immortal Immortal Pylon Adept Stalker Pylon Immortal Stalker Pylon Stalker Immortal Stalker Immortal Stalker Stalker Pylon Stalker Zealot Probe Adept TwilightCouncil RoboticsFacility Stalker Probe Pylon,48.5,123064
425,1141857,0,58220,16.4816,58220,RoboticsFacility Zealot Zealot Stalker Immortal RoboticsFacility Pylon Stargate Probe Immortal Gateway VoidRay Immortal Immortal Pylon Adept Stalker Pylon Immortal Stalker Pylon Stalker Immortal Stalker Immortal Stalker Stalker Pylon Stalker Gateway Zealot Probe Probe RoboticsBay Immortal Assimilator,48.5,123064
440,1145957,0,58807,16.514,58807,RoboticsFacility Zealot Zealot Stalker Immortal RoboticsFacility Pylon Stargate Probe Immortal Gateway VoidRay Immortal Immortal Pylon Adept Stalker Pylon Immortal Stalker Pylon Stalker Immortal Stalker Immortal Stalker Stalker Pylon Stalker Zealot Pylon Pylon Probe Probe RoboticsFacility Probe Stalker Assimilator Probe,48.5,123064
455,1167766,0,62145,16.6804,62145,RoboticsFacility Zealot Zealot Stalker Immortal RoboticsFacility Pylon Stargate Probe Immortal Gateway VoidRay Immortal Immortal Pylon Adept Stalker Pylon Immortal Stalker Pylon Stalker Immortal Stalker Immortal Stalker Stalker Pylon Stalker Zealot Pylon Probe Probe Probe Pylon Adept RoboticsFacility Probe Zealot,48.5,123064
470,1173968,0,63240,16.7293,63240,RoboticsFacility Zealot Zealot Stalker Immortal RoboticsFacility Pylon Stargate Probe Immortal Gateway VoidRay Immortal Immortal Pylon Adept Stalker Pylon Immortal Stalker Pylon Stalker Immortal Stalker Immortal Stalker Stalker Pylon Stalker Zealot Pylon Probe Probe RoboticsBay Probe Immortal Assimilator,48.5,123064
485,1180295,0,64385,16.7801,64385,RoboticsFacility Zealot Zealot Stalker Immortal RoboticsFacility Pylon Stargate Probe Immortal Gateway VoidRay Immortal Immortal Pylon Adept Stalker Pylon Immortal Stalker Pylon Stalker Immortal Stalker Immortal Stalker Stalker Pylon Stalker Zealot Pylon Probe Probe Probe Adept VoidRay Gateway,48.5,123064
485,1183607,0,65015,16.8056,65015,RoboticsFacility Zealot Zealot Stalker Immortal RoboticsFacility Pylon Stargate Probe Immortal Gateway VoidRay Immortal Immortal Pylon Adept Stalker Pylon Immortal Stalker Pylon Stalker Immortal Stalker Immortal Stalker Stalker Pylon Stalker Zealot Pylon Probe Probe Probe RoboticsBay Probe Assimilator TwilightCouncil Assimilator,48.5,123064
485,1189162,0,66070,16.8485,66070,RoboticsFacility Zealot Zealot Stalker Immortal RoboticsFacility Pylon Stargate Probe Immortal Gateway VoidRay Immortal Immortal Pylon Adept Stalker Pylon Immortal Stalker Pylon Stalker Immortal Stalker Immortal Stalker Stalker Pylon Stalker Zealot Pylon Probe Probe Probe Probe Stalker Immortal Probe,48.5,123064
515,1200836,0,68385,16.9428,68385,RoboticsFacility Zealot Zealot Stalker Immortal RoboticsFacility Pylon Stargate Probe Immortal Gateway VoidRay Immortal Immortal Pylon Adept Stalker Pylon Immortal Stalker Pylon Stalker Immortal Stalker Immortal Stalker Stalker Pylon Stalker Zealot Pylon Probe Probe Probe Probe Zealot VoidRay Adept,48.5,123064
515,1210010,0,70307,17.0149,70307,RoboticsFacility Zealot Zealot Stalker Immortal RoboticsFacility Pylon Stargate Probe Immortal Gateway VoidRay Immortal Immortal Pylon Adept Stalker Pylon Immortal Stalker Pylon Stalker Immortal Stalker Immortal Stalker Stalker Pylon Stalker Zealot Pylon Probe Probe Probe Probe VoidRay Adept Adept,48.5,123064
