0,0,0,0,0,0, ,0,0
0,31,0,1,0.000254,1,TwilightCouncil Probe Zealot Stalker Assimilator Probe Adept DarkShrine Pylon Nexus RoboticsFacility Gateway Nexus Nexus Gateway RoboticsBay Stalker DarkTemplar TemplarArchive Zealot RoboticsFacility Immortal Assimilator Pylon Probe Colossus DarkTemplar Nexus DarkTemplar Zealot,20.5,37508.2
0,59,0,2,0.000475,2,Nexus RoboticsFacility Stargate VoidRay Assimilator TwilightCouncil Immortal DarkShrine DarkTemplar Stalker Adept Pylon Zealot Gateway Gateway VoidRay Immortal Stargate RoboticsFacility Nexus Gateway FleetBeacon Assimilator RoboticsFacility Stargate Probe Probe,13.25,39264.2
0,85,0,3,0.000681,3,Stalker Gateway Stargate Adept Probe Assimilator RoboticsFacility Pylon FleetBeacon Mothership Zealot Tempest Gateway RoboticsFacility Nexus Zealot Nexus Carrier Immortal Immortal Tempest Immortal Assimilator Probe Probe,30.75,56342.8
0,193,0,6,0.001482,6,Gateway Gateway Stargate Stargate Adept Adept Adept RoboticsFacility VoidRay Pylon Adept Probe Zealot RoboticsBay Probe Immortal Nexus Immortal Stalker TwilightCouncil Probe Colossus Stargate Stalker VoidRay TemplarArchive Probe Gateway Adept Zealot Probe Assimilator Pylon Probe Gateway Pylon Gateway Pylon Assimilator Assimilator Gateway Pylon,26,72963.5
0,3273,0,104,0.043288,104,Stargate Stalker Pylon Nexus Adept VoidRay Adept Stargate Gateway Gateway Stalker Stargate Adept Stalker Stalker Stargate Adept VoidRay Stalker Stargate Assimilator Stargate Probe Probe FleetBeacon Pylon Tempest Stalker Stargate Probe Zealot Nexus Zealot Assimilator Assimilator,21.75,75391.8
0,4091,0,129,0.058962,129,RoboticsFacility Gateway Stalker Stalker Gateway Nexus Probe Immortal Immortal TwilightCouncil Adept Stalker Stalker TemplarArchive Immortal Pylon Probe Gateway RoboticsFacility RoboticsBay Pylon Colossus DarkShrine Assimilator Zealot Stalker RoboticsFacility Stargate Stargate Pylon Gateway Nexus RoboticsFacility Assimilator Probe,27.25,78657.2
0,7955,0,253,0.116612,253,Pylon Adept Stargate RoboticsFacility Gateway Immortal RoboticsFacility Assimilator Adept Immortal Stalker Immortal Immortal Assimilator Zealot Stalker RoboticsFacility VoidRay Gateway RoboticsBay Probe FleetBeacon RoboticsFacility Nexus RoboticsFacility,26,84187.2
6,10637,0,339,0.154495,339,RoboticsFacility Zealot Zealot Immortal Zealot Stargate Probe Stargate Probe VoidRay Pylon Immortal TwilightCouncil VoidRay Nexus Pylon Zealot RoboticsFacility Assimilator Stalker TemplarArchive Immortal Pylon Adept RoboticsFacility Assimilator Gateway Adept Zealot FleetBeacon Adept RoboticsBay Pylon Pylon Pylon,29.75,85992.2
6,10691,0,341,0.159892,341,RoboticsFacility RoboticsFacility Stalker Probe Immortal Immortal Immortal Nexus Assimilator Adept Zealot Stalker Immortal Probe Pylon Stalker RoboticsFacility Stargate Gateway Nexus Gateway VoidRay Assimilator Adept Stalker Immortal Immortal RoboticsFacility,29.5,89134
11,18359,0,584,0.27175,584,Pylon Adept RoboticsFacility Immortal Immortal RoboticsFacility Zealot Probe Immortal Stalker Pylon Stargate Immortal VoidRay Pylon Probe Pylon Assimilator Immortal Assimilator Zealot Probe Stalker Probe VoidRay Stargate Nexus Nexus RoboticsFacility FleetBeacon Probe,33.5,92170
22,91878,0,2960,1.4863,2960,Pylon Adept RoboticsFacility RoboticsFacility Gateway Stalker Immortal Immortal Stalker Zealot TwilightCouncil Zealot Pylon Pylon Stalker Adept Stalker Immortal DarkShrine Stargate Pylon Stargate Zealot VoidRay VoidRay Adept Stargate Pylon Nexus RoboticsFacility Probe Pylon Stalker Zealot Pylon Assimilator,33,98264
48,188494,0,6165,2.99143,6165,Pylon Adept RoboticsFacility RoboticsFacility Adept Stalker Gateway Immortal Immortal Zealot Nexus Immortal Immortal RoboticsBay Adept Zealot Pylon Gateway Colossus Zealot Colossus Pylon Zealot Nexus Stalker Probe Stalker TwilightCouncil Assimilator Pylon Stalker Assimilator Probe,38,101346
82,336529,0,11360,5.36059,11360,Pylon Adept RoboticsFacility RoboticsFacility Adept Immortal Probe Stalker Gateway Immortal Zealot Stalker Immortal Stalker Stalker Adept Stalker RoboticsBay Assimilator Pylon RoboticsFacility Stargate Zealot Assimilator Stalker Probe TwilightCouncil FleetBeacon Stalker Gateway Nexus Probe Gateway DarkShrine,29.25,104304
95,351207,0,11895,5.58877,11895,Pylon Adept RoboticsFacility RoboticsFacility Adept Immortal Immortal Pylon RoboticsBay Immortal Gateway Immortal Immortal Adept RoboticsFacility Assimilator Immortal Stalker Pylon Adept Immortal Pylon Nexus Stalker Immortal Adept TwilightCouncil Pylon,34.75,108400
111,438151,0,15268,6.95986,15268,Pylon Adept RoboticsFacility RoboticsFacility Adept Immortal Immortal Adept TwilightCouncil Adept Immortal Pylon Adept Immortal Immortal Adept DarkShrine RoboticsFacility Zealot RoboticsBay Immortal Probe Pylon Gateway Assimilator Stalker Stargate Pylon Pylon Nexus RoboticsFacility TemplarArchive Adept,32.75,109120
112,454211,0,15911,7.26297,15911,Pylon Adept RoboticsFacility RoboticsFacility Adept Immortal Immortal RoboticsFacility Immortal Stalker Immortal Stalker Nexus Immortal Immortal Immortal Stalker Stargate Stalker Stalker Gateway FleetBeacon Zealot Gateway Pylon Pylon Stargate Gateway Assimilator Pylon,37.5,109190
125,478621,0,16913,7.73182,16913,Pylon Adept RoboticsFacility RoboticsFacility Adept Immortal Immortal RoboticsFacility Immortal Stalker Pylon Immortal Immortal TwilightCouncil Pylon Immortal Immortal Gateway RoboticsBay Immortal Adept Assimilator Gateway Zealot Immortal Gateway TemplarArchive RoboticsFacility Assimilator Probe,40.25,114666
180,641131,0,24149,10.0562,24149,Pylon Adept RoboticsFacility RoboticsFacility Adept Immortal Immortal RoboticsFacility Immortal Stalker Pylon Immortal Probe Adept Immortal Adept Immortal Immortal RoboticsBay Stargate Gateway TwilightCouncil Pylon Pylon Stargate Assimilator Immortal Nexus Stargate Pylon Probe Gateway,33,115668
185,646487,0,24412,10.1357,24412,Pylon Adept RoboticsFacility RoboticsFacility Adept Immortal Immortal RoboticsFacility Immortal Stalker Pylon Immortal Immortal Adept Zealot Pylon Immortal Immortal Gateway Stargate Gateway RoboticsFacility Immortal Zealot Assimilator Zealot FleetBeacon TwilightCouncil Pylon Gateway Probe,38.5,118198
189,681407,0,26148,10.6894,26148,Pylon Adept RoboticsFacility RoboticsFacility Adept Immortal Immortal RoboticsFacility Immortal Stalker Pylon Immortal Immortal Immortal Pylon Zealot Immortal Stalker Immortal Stalker RoboticsFacility Probe Zealot Gateway Gateway RoboticsBay Gateway TwilightCouncil Pylon Assimilator Assimilator RoboticsFacility Stalker Probe,39.75,124488
211,736529,0,29175,11.6054,29175,Pylon Adept RoboticsFacility RoboticsFacility Adept Immortal Immortal RoboticsFacility Immortal Stalker Pylon Immortal Immortal Immortal Pylon Immortal Immortal Stalker Immortal Adept Assimilator Assimilator Gateway Probe Gateway Gateway RoboticsFacility TwilightCouncil RoboticsFacility,41,126228
237,793698,0,32597,12.5102,32597,Pylon Adept RoboticsFacility RoboticsFacility Adept Immortal Immortal RoboticsFacility Immortal Stalker Pylon Immortal Immortal Immortal Pylon Immortal Immortal Stalker Probe Gateway Pylon Adept Immortal Immortal Stalker Nexus TwilightCouncil RoboticsFacility Pylon,46.5,126353
237,804068,0,33281,12.6749,33281,Pylon Adept RoboticsFacility RoboticsFacility Adept Immortal Immortal RoboticsFacility Immortal Stalker Pylon Immortal Immortal Immortal Pylon Immortal Immortal Adept Immortal Zealot Pylon RoboticsFacility Adept Immortal Stalker Gateway Stargate RoboticsFacility Probe Assimilator Gateway,45.25,126996
250,825741,0,34766,13.0183,34766,Pylon Adept RoboticsFacility RoboticsFacility Adept Immortal Immortal RoboticsFacility Immortal Stalker Pylon Immortal Immortal Immortal Pylon Immortal Immortal Probe Pylon Stalker Immortal Immortal Zealot Stargate Pylon Gateway Immortal Nexus Probe,44.5,127186
250,832895,0,35286,13.1288,35286,Pylon Adept RoboticsFacility RoboticsFacility Adept Immortal Immortal RoboticsFacility Immortal Stalker Pylon Immortal Immortal Immortal Pylon Immortal Immortal Pylon Immortal Immortal Zealot Probe Immortal Gateway Stargate Assimilator Zealot TwilightCouncil RoboticsBay Assimilator,46.5,127261
263,847948,0,36389,13.38,36389,Pylon Adept RoboticsFacility RoboticsFacility Adept Immortal Immortal RoboticsFacility Immortal Stalker Pylon Immortal Immortal Immortal Pylon Immortal Immortal Pylon Stalker Immortal Stalker Immortal Immortal Gateway TwilightCouncil Probe Nexus,49,128438
276,894797,0,40029,14.2727,40029,Pylon Adept RoboticsFacility RoboticsFacility Adept Immortal Immortal RoboticsFacility Immortal Stalker Pylon Immortal Immortal Immortal Pylon Immortal Immortal Pylon Stalker Immortal Immortal Immortal Zealot Pylon RoboticsFacility Zealot Probe Stargate Probe Probe TwilightCouncil,48.25,128459
289,898679,0,40383,14.3471,40383,Pylon Adept RoboticsFacility RoboticsFacility Adept Immortal Immortal RoboticsFacility Immortal Stalker Pylon Immortal Immortal Immortal Pylon Immortal Immortal Pylon Stalker Immortal Immortal Immortal Adept Stargate Pylon Stargate Zealot Assimilator Probe Assimilator Pylon,48.5,128496
289,900283,0,40527,14.3736,40527,Pylon Adept RoboticsFacility RoboticsFacility Adept Immortal Immortal RoboticsFacility Immortal Stalker Pylon Immortal Immortal Immortal Pylon Immortal Immortal Pylon Stalker Immortal Immortal Immortal Stalker TwilightCouncil Stargate Probe Gateway Pylon Assimilator Assimilator,49,128640
289,900374,0,40535,14.3743,40535,Pylon Adept RoboticsFacility RoboticsFacility Adept Immortal Immortal RoboticsFacility Immortal Stalker Pylon Immortal Immortal Immortal Pylon Immortal Immortal Pylon Stalker Immortal Immortal Stalker Immortal Assimilator Nexus Gateway Probe,49,128658
302,920228,0,42400,14.69,42400,Pylon Adept RoboticsFacility RoboticsFacility Adept Immortal Immortal RoboticsFacility Immortal Stalker Pylon Immortal Immortal Immortal Pylon Immortal Immortal Pylon Stalker Immortal Immortal Stalker Immortal Gateway TwilightCouncil Probe Gateway RoboticsFacility Pylon,49,128658
302,924795,0,42887,14.7577,42887,Pylon Adept RoboticsFacility RoboticsFacility Adept Immortal Immortal RoboticsFacility Immortal Stalker Pylon Immortal Immortal Immortal Pylon Immortal Immortal Pylon Stalker Immortal Immortal Stalker Immortal Probe Stargate RoboticsBay Nexus,49,128658
302,936362,0,44131,14.931,44131,Pylon Adept RoboticsFacility RoboticsFacility Adept Immortal Immortal RoboticsFacility Immortal Stalker Pylon Immortal Immortal Immortal Pylon Immortal Immortal Pylon Stalker Immortal Immortal Stalker Immortal Pylon Gateway Probe Stalker RoboticsFacility Stargate Probe,49,128658
315,939805,0,44533,14.9804,44533,Pylon Adept RoboticsFacility RoboticsFacility Adept Immortal Immortal RoboticsFacility Immortal Stalker Pylon Immortal Immortal Immortal Pylon Immortal Immortal Pylon Stalker Immortal Immortal Stalker Immortal Gateway RoboticsFacility Probe Pylon Immortal Probe,49,128658
315,940293,0,44590,14.9888,44590,Pylon Adept RoboticsFacility RoboticsFacility Adept Immortal Immortal RoboticsFacility Immortal Stalker Pylon Immortal Immortal Immortal Pylon Immortal Immortal Pylon Stalker Immortal Immortal Stalker Immortal Probe Pylon TwilightCouncil Immortal Pylon Adept,49,128658
315,942646,0,44861,15.0238,44861,Pylon Adept RoboticsFacility RoboticsFacility Adept Immortal Immortal RoboticsFacility Immortal Stalker Pylon Immortal Immortal Immortal Pylon Immortal Immortal Pylon Stalker Immortal Immortal Stalker Immortal Assimilator Probe Pylon Assimilator Immortal Stalker,49,128658
315,953031,0,46078,15.1772,46078,Pylon Adept RoboticsFacility RoboticsFacility Adept Immortal Immortal RoboticsFacility Immortal Stalker Pylon Immortal Immortal Immortal Pylon Immortal Immortal Pylon Stalker Immortal Immortal Stalker Immortal Pylon TwilightCouncil Assimilator Assimilator Probe Probe Gateway Adept,49,128658
324,953574,0,46159,15.1863,46159,Pylon Adept RoboticsFacility RoboticsFacility Adept Immortal Immortal RoboticsFacility Immortal Stalker Pylon Immortal Immortal Immortal Pylon Immortal Immortal Pylon Stalker Immortal Immortal Stalker Immortal Pylon Probe Pylon Probe Probe Probe RoboticsFacility Probe RoboticsBay,49,128658
324,961208,0,47302,15.2966,47302,Pylon Adept RoboticsFacility RoboticsFacility Adept Immortal Immortal RoboticsFacility Immortal Stalker Pylon Immortal Immortal Immortal Pylon Immortal Immortal Pylon Stalker Immortal Immortal Stalker Immortal Pylon Probe Probe Stalker Stargate Probe TwilightCouncil Assimilator Probe,49,128658
337,970199,0,48690,15.4266,48690,Pylon Adept RoboticsFacility RoboticsFacility Adept Immortal Immortal RoboticsFacility Immortal Stalker Pylon Immortal Immortal Immortal Pylon Immortal Immortal Pylon Stalker Immortal Immortal Stalker Immortal Pylon Probe Probe Assimilator Zealot Probe Immortal Assimilator,49,128658
350,984256,0,50966,15.6379,50966,Pylon Adept RoboticsFacility RoboticsFacility Adept Immortal Immortal RoboticsFacility Immortal Stalker Pylon Immortal Immortal Immortal Pylon Immortal Immortal Pylon Stalker Immortal Immortal Stalker Immortal Pylon Probe Probe Assimilator Adept Probe Immortal Pylon,49,128658
350,987121,0,51438,15.6816,51438,Pylon Adept RoboticsFacility RoboticsFacility Adept Immortal Immortal RoboticsFacility Immortal Stalker Pylon Immortal Immortal Immortal Pylon Immortal Immortal Pylon Stalker Immortal Immortal Stalker Immortal Pylon Probe Gateway Probe Adept Probe Immortal,49,128658
363,995237,0,52932,15.8027,52932,Pylon Adept RoboticsFacility RoboticsFacility Adept Immortal Immortal RoboticsFacility Immortal Stalker Pylon Immortal Immortal Immortal Pylon Immortal Immortal Pylon Stalker Immortal Immortal Stalker Immortal Pylon Probe Gateway Probe Probe Stalker Immortal,49,128658
