0,0,0,0,0,0, ,0,0
0,33,0,1,0.000254,1,Gateway Gateway Probe Assimilator Adept Probe Stalker Stalker Pylon Stalker Stalker Probe RoboticsFacility Stalker Stargate RoboticsBay Nexus Colossus Assimilator TwilightCouncil TemplarArchive Probe Pylon FleetBeacon Pylon Nexus DarkShrine Nexus Stargate Gateway Adept Gateway,15,56854.5
0,307,0,10,0.002214,10,Probe Pylon Gateway Stalker Stalker Stargate TwilightCouncil Adept VoidRay Adept DarkShrine Adept Nexus VoidRay RoboticsFacility Adept VoidRay Immortal RoboticsFacility Immortal FleetBeacon Carrier Gateway Probe Pylon Pylon Assimilator Adept Pylon Probe Pylon Probe Pylon Pylon Pylon Pylon Assimilator Zealot,28,82638.5
0,821,0,26,0.005807,26,Probe Stalker Pylon RoboticsFacility Assimilator Gateway RoboticsFacility Zealot Immortal Adept TwilightCouncil RoboticsBay Stargate Immortal VoidRay Colossus Immortal Pylon TemplarArchive FleetBeacon VoidRay Colossus RoboticsFacility Stargate Gateway RoboticsFacility Stargate,33.25,82925.8
0,1112,0,35,0.013883,35,Pylon Adept RoboticsFacility Gateway Assimilator Probe Stalker Probe RoboticsBay Immortal Stargate Adept Immortal Stalker Stalker Stalker Probe Adept Immortal Probe Pylon Adept Colossus RoboticsFacility RoboticsFacility FleetBeacon Stargate Probe Assimilator Gateway Stargate RoboticsFacility Gateway Pylon Mothership Pylon,28.25,93794.8
11,36885,0,1171,0.50457,1171,RoboticsFacility Immortal Stargate RoboticsFacility Zealot VoidRay Nexus Stalker Immortal Pylon VoidRay Immortal Gateway Immortal Zealot TwilightCouncil Immortal Assimilator Immortal Stargate Stargate VoidRay Gateway Nexus Assimilator,34.25,99454
19,51878,0,1659,0.724829,1659,RoboticsFacility Stalker Adept RoboticsBay Pylon Pylon Stalker Immortal Stargate Immortal VoidRay Pylon Gateway Zealot Immortal VoidRay Stalker VoidRay Assimilator Stalker Nexus Stargate Assimilator Zealot Pylon VoidRay Colossus Pylon Zealot Probe,37.5,99575.8
55,178974,0,5928,2.5132,5928,RoboticsFacility Stalker Gateway Adept Immortal Adept Immortal Assimilator Stalker Stalker Stargate Zealot Adept Pylon Immortal VoidRay Pylon Nexus Stalker Immortal Probe Probe VoidRay Assimilator Nexus Adept FleetBeacon Adept,36,107326
158,535671,0,20073,7.67131,20073,RoboticsFacility Stalker Gateway Adept Immortal Adept Immortal Assimilator Stalker Stalker Zealot Pylon RoboticsFacility Stalker Pylon Adept Assimilator Immortal Immortal Stalker Stalker TwilightCouncil RoboticsFacility Zealot RoboticsBay DarkShrine Probe Gateway Gateway TemplarArchive,31.25,108857
171,540799,0,20332,7.73383,20332,RoboticsFacility Stalker Gateway Adept Immortal Adept Immortal Assimilator Stalker Stalker Pylon Stalker Assimilator Immortal Stalker Stalker RoboticsFacility Adept Pylon Adept Adept Pylon Adept RoboticsBay RoboticsFacility Immortal Zealot Zealot Stargate Stalker Probe,35,109129
197,619776,0,24350,8.85515,24350,RoboticsFacility Stalker Gateway Adept Immortal Adept Immortal Assimilator Stalker Stalker Pylon Stalker Adept Pylon Probe Immortal Zealot Gateway Zealot Immortal Stalker RoboticsBay Stargate RoboticsFacility TwilightCouncil Gateway DarkShrine Stalker Gateway Gateway Assimilator Gateway RoboticsFacility Pylon,31.25,109570
197,630311,0,24912,8.99134,24912,RoboticsFacility Stalker Gateway Adept Immortal Adept Immortal Assimilator Stalker Stalker Pylon Stalker Pylon Stargate Immortal Zealot Stalker Immortal VoidRay RoboticsBay Stalker Assimilator TwilightCouncil DarkShrine Probe TemplarArchive Nexus Pylon Pylon,33,113374
197,651903,0,26068,9.29393,26068,RoboticsFacility Stalker Gateway Adept Immortal Adept Immortal Assimilator Stalker Stalker Pylon Stalker Pylon Probe Immortal TwilightCouncil Adept Stalker TemplarArchive Pylon Adept Stalker Immortal Zealot Stalker RoboticsBay Stalker Gateway Nexus DarkShrine Stalker Zealot Pylon,35,113878
199,652429,0,26096,9.29788,26096,RoboticsFacility Stalker Gateway Adept Immortal Adept Immortal Assimilator Stalker Stalker Pylon Stalker Pylon Immortal Stalker Zealot Probe Adept Immortal Stalker Pylon Gateway Gateway Zealot Stalker Pylon Pylon TwilightCouncil Adept Probe Adept RoboticsFacility DarkShrine Stalker Adept Stargate Probe,35.5,116249
223,723229,0,30168,10.3106,30168,RoboticsFacility Stalker Gateway Adept Immortal Adept Immortal Assimilator Stalker Stalker Pylon Stalker Pylon Immortal Stalker Stalker Zealot Immortal Zealot Zealot Assimilator Pylon Immortal Zealot RoboticsBay RoboticsFacility Adept Nexus Probe,37,119202
249,765314,0,32812,10.9213,32812,RoboticsFacility Stalker Gateway Adept Immortal Adept Immortal Assimilator Stalker Stalker Pylon Stalker Pylon Immortal Stalker Stalker Immortal Pylon Stalker Adept Zealot Stargate Zealot Immortal TwilightCouncil RoboticsFacility Stalker Stargate Nexus Pylon,38.5,119988
249,776578,0,33543,11.0937,33543,RoboticsFacility Stalker Gateway Adept Immortal Adept Immortal Assimilator Stalker Stalker Pylon Stalker Pylon Immortal Stalker Stalker Immortal Adept Stalker Adept Probe Pylon Immortal Stargate Adept Assimilator Adept Pylon RoboticsFacility RoboticsBay Gateway RoboticsFacility Adept,38.5,121260
262,795228,0,34837,11.3412,34837,RoboticsFacility Stalker Gateway Adept Immortal Adept Immortal Assimilator Stalker Stalker Pylon Stalker Pylon Immortal Stalker Stalker Immortal Zealot Pylon Stalker Zealot Stalker Stalker Immortal TwilightCouncil DarkShrine Stargate RoboticsFacility TemplarArchive Gateway RoboticsBay,39,121956
262,806314,0,35632,11.5053,35632,RoboticsFacility Stalker Gateway Adept Immortal Adept Immortal Assimilator Stalker Stalker Pylon Stalker Pylon Immortal Stalker Stalker Immortal Stalker Pylon Stalker Stalker Immortal Adept Nexus Gateway TwilightCouncil Assimilator RoboticsFacility Gateway Probe,38.25,123015
262,806682,0,35657,11.5078,35657,RoboticsFacility Stalker Gateway Adept Immortal Adept Immortal Assimilator Stalker Stalker Pylon Stalker Pylon Immortal Stalker Stalker Immortal Stalker Stalker Adept Pylon Stalker Stalker Immortal Assimilator Pylon Gateway Adept Adept Pylon Probe TwilightCouncil Probe,42.5,123797
284,840124,0,38176,11.9694,38176,RoboticsFacility Stalker Gateway Adept Immortal Adept Immortal Assimilator Stalker Stalker Pylon Stalker Pylon Immortal Stalker Stalker Immortal Stalker Stalker Pylon Immortal Stalker Assimilator Stalker Probe Stalker RoboticsBay RoboticsFacility Stargate Pylon Probe Adept Probe,40.5,124502
300,873102,0,40855,12.4195,40855,RoboticsFacility Stalker Gateway Adept Immortal Adept Immortal Assimilator Stalker Stalker Pylon Stalker Pylon Immortal Stalker Stalker Immortal Stalker Stalker Pylon Stalker Immortal Stalker RoboticsBay Zealot RoboticsFacility RoboticsFacility Pylon Colossus Stalker Assimilator,39.75,124512
300,874367,0,40964,12.4417,40964,RoboticsFacility Stalker Gateway Adept Immortal Adept Immortal Assimilator Stalker Stalker Pylon Stalker Pylon Immortal Stalker Stalker Immortal Stalker Stalker Pylon Stalker Immortal Zealot Stalker Gateway Probe RoboticsFacility RoboticsBay RoboticsFacility Pylon Probe TwilightCouncil Assimilator Probe,39.75,124617
300,886545,0,41981,12.6178,41981,RoboticsFacility Stalker Gateway Adept Immortal Adept Immortal Assimilator Stalker Stalker Pylon Stalker Pylon Immortal Stalker Stalker Immortal Stalker Stalker Pylon Stalker Immortal Zealot Stalker Probe Assimilator Gateway Gateway Nexus Pylon,39.75,124617
300,887788,0,42092,12.6269,42092,RoboticsFacility Stalker Gateway Adept Immortal Adept Immortal Assimilator Stalker Stalker Pylon Stalker Pylon Immortal Stalker Stalker Immortal Stalker Stalker Pylon Stalker Probe Immortal Stalker Stalker Stargate Assimilator Stargate TwilightCouncil Gateway Stargate Pylon,40.5,124934
300,887847,0,42097,12.6273,42097,RoboticsFacility Stalker Gateway Adept Immortal Adept Immortal Assimilator Stalker Stalker Pylon Stalker Pylon Immortal Stalker Stalker Immortal Stalker Stalker Pylon Stalker Immortal Stalker RoboticsFacility Pylon Zealot Stalker Probe Immortal Pylon Pylon Adept Assimilator,41.5,125072
300,888447,0,42150,12.6448,42150,RoboticsFacility Stalker Gateway Adept Immortal Adept Immortal Assimilator Stalker Stalker Pylon Stalker Pylon Immortal Stalker Stalker Immortal Stalker Stalker Pylon Stalker Stalker Immortal Pylon Assimilator Zealot Stalker Stalker Immortal Gateway Probe,43.25,125372
313,896202,0,42837,12.7629,42837,RoboticsFacility Stalker Gateway Adept Immortal Adept Immortal Assimilator Stalker Stalker Pylon Stalker Pylon Immortal Stalker Stalker Immortal Stalker Stalker Pylon Stalker Immortal Stalker Stalker Pylon Stalker RoboticsFacility Stargate Stargate Assimilator Immortal,42.25,126210
338,931351,0,46312,13.2387,46312,RoboticsFacility Stalker Gateway Adept Immortal Adept Immortal Assimilator Stalker Stalker Pylon Stalker Pylon Immortal Stalker Stalker Immortal Stalker Stalker Pylon Stalker Immortal Stalker Stalker Pylon Immortal Adept Gateway Nexus,45.5,126460
338,938666,0,47129,13.3401,47129,RoboticsFacility Stalker Gateway Adept Immortal Adept Immortal Assimilator Stalker Stalker Pylon Stalker Pylon Immortal Stalker Stalker Immortal Stalker Stalker Pylon Stalker Immortal Stalker Stalker Pylon Immortal Zealot Stargate TwilightCouncil Zealot RoboticsFacility,45.25,126464
338,943187,0,47633,13.3955,47633,RoboticsFacility Stalker Gateway Adept Immortal Adept Immortal Assimilator Stalker Stalker Pylon Stalker Pylon Immortal Stalker Stalker Immortal Stalker Stalker Pylon Stalker Immortal Stalker Stalker Pylon Pylon Adept Stalker Gateway Zealot RoboticsBay RoboticsFacility Probe,43.5,126550
338,946512,0,48003,13.4439,48003,RoboticsFacility Stalker Gateway Adept Immortal Adept Immortal Assimilator Stalker Stalker Pylon Stalker Pylon Immortal Stalker Stalker Immortal Stalker Stalker Pylon Stalker Immortal Stalker Stalker Pylon Probe Stalker Stalker Stargate Immortal Stargate Assimilator,44,126814
373,983205,0,52746,13.9516,52746,RoboticsFacility Stalker Gateway Adept Immortal Adept Immortal Assimilator Stalker Stalker Pylon Stalker Pylon Immortal Stalker Stalker Immortal Stalker Stalker Pylon Stalker Immortal Stalker Stalker Pylon Probe Stalker Stalker Zealot Probe Nexus Pylon,44,126814
373,993148,0,54056,14.0958,54056,RoboticsFacility Stalker Gateway Adept Immortal Adept Immortal Assimilator Stalker Stalker Pylon Stalker Pylon Immortal Stalker Stalker Immortal Stalker Stalker Pylon Stalker Immortal Stalker Stalker Pylon Probe Stalker Stalker Assimilator Probe Pylon TwilightCouncil Zealot Adept Probe,44,126814
386,995052,0,54329,14.1228,54329,RoboticsFacility Stalker Gateway Adept Immortal Adept Immortal Assimilator Stalker Stalker Pylon Stalker Pylon Immortal Stalker Stalker Immortal Stalker Stalker Pylon Stalker Immortal Stalker Stalker Pylon Probe Stalker Stalker Pylon RoboticsFacility Probe Pylon Adept Adept Pylon,44,126814
386,995667,0,54420,14.127,54420,RoboticsFacility Stalker Gateway Adept Immortal Adept Immortal Assimilator Stalker Stalker Pylon Stalker Pylon Immortal Stalker Stalker Immortal Stalker Stalker Pylon Stalker Immortal Stalker Stalker Pylon Probe Stalker Stalker Probe Zealot Probe Stargate Stargate Gateway Assimilator,44,126814
386,999070,0,54918,14.1626,54918,RoboticsFacility Stalker Gateway Adept Immortal Adept Immortal Assimilator Stalker Stalker Pylon Stalker Pylon Immortal Stalker Stalker Immortal Stalker Stalker Pylon Stalker Immortal Stalker Stalker Pylon Probe Stalker Stalker Probe Gateway Gateway Probe Adept TwilightCouncil Assimilator,44,126814
386,999706,0,55009,14.1899,55009,RoboticsFacility Stalker Gateway Adept Immortal Adept Immortal Assimilator Stalker Stalker Pylon Stalker Pylon Immortal Stalker Stalker Immortal Stalker Stalker Pylon Stalker Immortal Stalker Stalker Pylon Probe Stalker Stalker TwilightCouncil Probe Probe Stargate Probe Assimilator RoboticsBay Probe,44,126814
399,1008853,0,56383,14.3072,56383,RoboticsFacility Stalker Gateway Adept Immortal Adept Immortal Assimilator Stalker Stalker Pylon Stalker Pylon Immortal Stalker Stalker Immortal Stalker Stalker Pylon Stalker Immortal Stalker Stalker Pylon Probe Stalker Stalker Probe Probe Pylon Probe Immortal RoboticsBay Assimilator,44,126814
399,1019128,0,58094,14.4388,58094,RoboticsFacility Stalker Gateway Adept Immortal Adept Immortal Assimilator Stalker Stalker Pylon Stalker Pylon Immortal Stalker Stalker Immortal Stalker Stalker Pylon Stalker Immortal Stalker Stalker Pylon Probe Stalker Stalker Probe Probe Pylon Probe Stalker Probe Pylon Gateway Assimilator,44,126814
411,1020898,0,58383,14.464,58383,RoboticsFacility Stalker Gateway Adept Immortal Adept Immortal Assimilator Stalker Stalker Pylon Stalker Pylon Immortal Stalker Stalker Immortal Stalker Stalker Pylon Stalker Immortal Stalker Stalker Pylon Probe Stalker Stalker Probe Pylon Probe Probe Probe Adept Probe Probe TwilightCouncil Assimilator,44,126814
424,1041786,0,62125,14.7432,62125,RoboticsFacility Stalker Gateway Adept Immortal Adept Immortal Assimilator Stalker Stalker Pylon Stalker Pylon Immortal Stalker Stalker Immortal Stalker Stalker Pylon Stalker Immortal Stalker Stalker Pylon Probe Stalker Stalker Probe Pylon Probe Probe Probe Probe RoboticsBay RoboticsFacility Adept,44,126814
437,1043340,0,62424,14.7789,62424,RoboticsFacility Stalker Gateway Adept Immortal Adept Immortal Assimilator Stalker Stalker Pylon Stalker Pylon Immortal Stalker Stalker Immortal Stalker Stalker Pylon Stalker Immortal Stalker Stalker Pylon Probe Stalker Stalker Probe Pylon Probe Probe Probe Pylon Probe RoboticsBay Stalker,44,126814
437,1051674,0,64035,14.8872,64035,RoboticsFacility Stalker Gateway Adept Immortal Adept Immortal Assimilator Stalker Stalker Pylon Stalker Pylon Immortal Stalker Stalker Immortal Stalker Stalker Pylon Stalker Immortal Stalker Stalker Pylon Probe Stalker Stalker Probe Pylon Probe Probe Probe Probe Immortal Stalker,44,126814
