0,0,0,0,0,0, ,0,0
0,31,0,1,0.000272,1,Pylon Zealot Gateway Zealot RoboticsFacility Stargate VoidRay Assimilator TwilightCouncil Pylon RoboticsFacility Zealot Stargate Stalker Stargate Assimilator Gateway Zealot Stargate FleetBeacon TemplarArchive Probe Adept VoidRay Pylon Carrier RoboticsFacility RoboticsFacility Probe Zealot,15,47173
0,67,0,2,0.000578,2,TwilightCouncil Gateway Stalker RoboticsFacility Stalker Stargate Pylon TemplarArchive Zealot Pylon Gateway VoidRay Probe Zealot VoidRay DarkShrine Zealot VoidRay Immortal VoidRay DarkTemplar Probe Pylon Immortal RoboticsBay Adept Nexus Gateway Adept Zealot Assimilator Pylon Probe Nexus Pylon,28.75,64324.5
0,163,0,5,0.001271,5,RoboticsFacility RoboticsFacility Assimilator Stargate Stalker Stalker RoboticsFacility VoidRay Zealot VoidRay Probe RoboticsFacility Pylon VoidRay Stalker VoidRay Stalker Adept Adept RoboticsFacility TwilightCouncil Assimilator RoboticsFacility Nexus RoboticsBay Stargate Nexus RoboticsFacility,26.5,69227.5
0,293,0,9,0.002174,9,Probe Gateway TwilightCouncil Assimilator Pylon Stalker Zealot Zealot RoboticsFacility RoboticsFacility Zealot Immortal Stalker Zealot DarkShrine TemplarArchive Immortal Stargate Gateway DarkTemplar Immortal Immortal RoboticsFacility FleetBeacon Nexus Pylon VoidRay DarkTemplar Probe Probe,25,74105.5
0,2652,0,85,0.042041,85,RoboticsFacility Adept RoboticsFacility Adept TwilightCouncil Adept Stalker Immortal Probe TemplarArchive Assimilator Immortal Stalker Assimilator DarkShrine Pylon Pylon Stalker Immortal Stalker Nexus Stalker Immortal DarkTemplar Probe Gateway Stalker Probe Immortal Probe Probe,30,82112.5
0,6470,0,204,0.133603,204,Pylon RoboticsFacility Assimilator Stalker Gateway Gateway Stalker Pylon Adept Adept Immortal Zealot Immortal TwilightCouncil Stalker Immortal Zealot Stargate Adept TemplarArchive Adept Probe Assimilator Stalker Stalker Gateway DarkShrine Pylon Pylon Zealot Probe RoboticsBay Stalker,28,85875.5
11,19627,0,629,0.34799,629,Adept Probe Assimilator Stalker RoboticsFacility Probe RoboticsFacility Pylon Stargate Immortal Adept Assimilator Adept Immortal Immortal VoidRay Pylon Stargate Gateway Stalker Adept Gateway Zealot Immortal TwilightCouncil Zealot RoboticsFacility TemplarArchive RoboticsBay DarkShrine,29.5,87372
11,21230,0,682,0.374308,682,Stargate Pylon RoboticsFacility Adept Gateway VoidRay Immortal Stalker Gateway VoidRay Stalker Adept Gateway Probe Assimilator Assimilator Stargate Stalker Adept Zealot Nexus Immortal RoboticsFacility Stargate Pylon Zealot VoidRay Pylon RoboticsFacility,26.5,90136.8
23,69118,0,2238,1.12505,2238,Stargate Assimilator Stalker Stalker VoidRay TwilightCouncil DarkShrine Stalker Probe VoidRay Pylon Stalker RoboticsFacility Gateway VoidRay DarkTemplar Stargate Assimilator Immortal DarkTemplar Stalker Pylon Immortal Zealot RoboticsBay Probe FleetBeacon Pylon Probe,34.25,99453
109,318019,0,12488,4.98956,12488,Stargate Assimilator Stalker Stalker VoidRay TwilightCouncil Stalker Stargate Pylon DarkShrine VoidRay VoidRay Adept Stalker VoidRay RoboticsFacility VoidRay Pylon RoboticsFacility Stalker Stalker Stalker DarkTemplar Probe Nexus Pylon Stargate Stargate,33.5,100157
137,414202,0,17114,6.48011,17114,Stargate Assimilator Stalker Stalker VoidRay TwilightCouncil Stalker Stargate VoidRay VoidRay Zealot Pylon VoidRay DarkShrine VoidRay Zealot RoboticsFacility Pylon Pylon DarkTemplar Adept Stalker FleetBeacon Assimilator Nexus Stargate Stargate,31,102346
165,475698,0,20371,7.43794,20371,Stargate Assimilator Stalker Stalker VoidRay TwilightCouncil Stalker Stargate VoidRay VoidRay Stalker Gateway Pylon Pylon VoidRay VoidRay Adept Assimilator Stalker Probe Stargate Nexus Nexus Stalker TemplarArchive,30,102630
165,491228,0,21272,7.66834,21272,Stargate Assimilator Stalker Stalker VoidRay TwilightCouncil Stalker Stargate VoidRay VoidRay Pylon VoidRay Stalker DarkShrine Pylon VoidRay Adept Stargate TemplarArchive Pylon DarkTemplar VoidRay Pylon VoidRay Assimilator Pylon Pylon DarkTemplar Pylon,34.75,105221
179,510277,0,22387,7.96716,22387,Stargate Assimilator Stalker Stalker VoidRay TwilightCouncil Stalker Stargate VoidRay VoidRay Pylon Adept Pylon VoidRay VoidRay VoidRay FleetBeacon VoidRay Stalker Gateway DarkShrine RoboticsFacility Probe Pylon Nexus Probe,36.25,109769
193,558365,0,25284,8.73347,25284,Stargate Assimilator Stalker Stalker VoidRay TwilightCouncil Stalker Stargate VoidRay VoidRay Pylon Adept Stalker VoidRay Pylon VoidRay Stargate VoidRay Adept Stalker FleetBeacon Nexus RoboticsFacility Pylon Gateway Zealot,35.25,109961
207,577856,0,26499,9.02999,26499,Stargate Assimilator Stalker Stalker VoidRay TwilightCouncil Stalker Stargate VoidRay VoidRay Pylon Adept Stalker VoidRay Assimilator VoidRay Pylon VoidRay Stalker Adept FleetBeacon Nexus Probe Stargate,35.25,110075
221,611989,0,28750,9.54981,28750,Stargate Assimilator Stalker Stalker VoidRay TwilightCouncil Stalker Stargate VoidRay VoidRay Pylon Adept Stalker VoidRay Pylon VoidRay VoidRay Stalker Adept RoboticsFacility Nexus RoboticsBay RoboticsFacility Nexus Probe,35.25,111557
221,623026,0,29526,9.71412,29526,Stargate Assimilator Stalker Stalker VoidRay TwilightCouncil Stalker Stargate VoidRay VoidRay Pylon Adept Stalker VoidRay Pylon VoidRay Probe VoidRay VoidRay Assimilator Pylon TemplarArchive Zealot Zealot Stalker DarkShrine Probe FleetBeacon Probe,38.25,112713
235,659398,0,32170,10.4212,32170,Stargate Assimilator Stalker Stalker VoidRay TwilightCouncil Stalker Stargate VoidRay VoidRay Pylon Adept Stalker VoidRay Pylon VoidRay VoidRay VoidRay Assimilator Pylon Stargate Stalker Zealot Adept TemplarArchive Probe Gateway Probe,39,113051
249,669705,0,32997,10.6139,32997,Stargate Assimilator Stalker Stalker VoidRay TwilightCouncil Stalker Stargate VoidRay VoidRay Pylon Adept Stalker VoidRay Pylon VoidRay Pylon VoidRay Adept VoidRay Assimilator RoboticsFacility Probe Stalker RoboticsBay Nexus Probe,39.25,113456
249,671525,0,33144,10.6411,33144,Stargate Assimilator Stalker Stalker VoidRay TwilightCouncil Stalker Stargate VoidRay VoidRay Pylon Adept Stalker VoidRay Pylon VoidRay Stalker VoidRay Stalker RoboticsFacility Probe Pylon VoidRay Pylon VoidRay RoboticsBay Immortal Assimilator,39.75,114399
263,689458,0,34619,10.9386,34619,Stargate Assimilator Stalker Stalker VoidRay TwilightCouncil Stalker Stargate VoidRay VoidRay Pylon Adept Stalker VoidRay Pylon VoidRay Stalker Pylon VoidRay VoidRay Zealot Gateway Stargate Stalker Stargate TemplarArchive Stalker DarkShrine,40.75,114854
277,712092,0,36579,11.2954,36579,Stargate Assimilator Stalker Stalker VoidRay TwilightCouncil Stalker Stargate VoidRay VoidRay Pylon Adept Stalker VoidRay Pylon VoidRay Stalker Pylon VoidRay VoidRay VoidRay Stalker Gateway RoboticsFacility Assimilator Probe Pylon TemplarArchive,43.75,115481
277,712105,0,36580,11.2956,36580,Stargate Assimilator Stalker Stalker VoidRay TwilightCouncil Stalker Stargate VoidRay VoidRay Pylon Adept Stalker VoidRay Pylon VoidRay Stalker Pylon VoidRay Stalker VoidRay Probe Zealot Pylon Stargate FleetBeacon Pylon Pylon Adept Probe,40.75,115588
281,730319,0,38244,11.5951,38244,Stargate Assimilator Stalker Stalker VoidRay TwilightCouncil Stalker Stargate VoidRay VoidRay Pylon Adept Stalker VoidRay Pylon VoidRay Stalker Pylon VoidRay Stalker VoidRay VoidRay FleetBeacon Assimilator Gateway RoboticsFacility Probe,43.75,115855
291,732050,0,38420,11.6227,38420,Stargate Assimilator Stalker Stalker VoidRay TwilightCouncil Stalker Stargate VoidRay VoidRay Pylon Adept Stalker VoidRay Pylon VoidRay Stalker Pylon VoidRay Stalker VoidRay VoidRay Probe Gateway DarkShrine FleetBeacon Assimilator,43.75,115855
291,738991,0,39123,11.7286,39123,Stargate Assimilator Stalker Stalker VoidRay TwilightCouncil Stalker Stargate VoidRay VoidRay Pylon Adept Stalker VoidRay Pylon VoidRay Stalker Pylon VoidRay Stalker VoidRay Stalker Pylon Stalker RoboticsFacility Pylon Probe Adept VoidRay,43.25,116060
291,748216,0,40065,11.8715,40065,Stargate Assimilator Stalker Stalker VoidRay TwilightCouncil Stalker Stargate VoidRay VoidRay Pylon Adept Stalker VoidRay Pylon VoidRay Stalker Pylon VoidRay Stalker VoidRay Stalker Zealot Stargate DarkShrine Stargate FleetBeacon,42.5,116115
305,753281,0,40626,11.9514,40626,Stargate Assimilator Stalker Stalker VoidRay TwilightCouncil Stalker Stargate VoidRay VoidRay Pylon Adept Stalker VoidRay Pylon VoidRay Stalker Pylon VoidRay Stalker VoidRay Stalker Assimilator Probe Zealot Gateway TemplarArchive RoboticsFacility Pylon,42.5,116115
319,770771,0,42644,12.2388,42644,Stargate Assimilator Stalker Stalker VoidRay TwilightCouncil Stalker Stargate VoidRay VoidRay Pylon Adept Stalker VoidRay Pylon VoidRay Stalker Pylon VoidRay Stalker VoidRay Stalker Probe Zealot Assimilator Nexus Stargate Pylon,42.5,116115
319,781608,0,44058,12.3972,44058,Stargate Assimilator Stalker Stalker VoidRay TwilightCouncil Stalker Stargate VoidRay VoidRay Pylon Adept Stalker VoidRay Pylon VoidRay Stalker Pylon VoidRay Stalker VoidRay Stalker Assimilator Probe Zealot Nexus RoboticsFacility,42.5,116115
319,782243,0,44151,12.406,44151,Stargate Assimilator Stalker Stalker VoidRay TwilightCouncil Stalker Stargate VoidRay VoidRay Pylon Adept Stalker VoidRay Pylon VoidRay Stalker Pylon VoidRay Stalker VoidRay Stalker Zealot Pylon Probe DarkShrine Probe VoidRay Adept Probe,42.5,116115
332,788460,0,45048,12.5004,45048,Stargate Assimilator Stalker Stalker VoidRay TwilightCouncil Stalker Stargate VoidRay VoidRay Pylon Adept Stalker VoidRay Pylon VoidRay Stalker Pylon VoidRay Stalker VoidRay Stalker Zealot Probe Stargate Pylon Probe Assimilator Probe Pylon RoboticsFacility Probe,42.5,116115
351,811404,0,48740,12.8328,48740,Stargate Assimilator Stalker Stalker VoidRay TwilightCouncil Stalker Stargate VoidRay VoidRay Pylon Adept Stalker VoidRay Pylon VoidRay Stalker Pylon VoidRay Stalker VoidRay Stalker Zealot Probe Stargate Pylon Probe Probe Gateway Stargate Assimilator,42.5,116115
351,814556,0,49320,12.8773,49320,Stargate Assimilator Stalker Stalker VoidRay TwilightCouncil Stalker Stargate VoidRay VoidRay Pylon Adept Stalker VoidRay Pylon VoidRay Stalker Pylon VoidRay Stalker VoidRay Stalker Zealot Probe Pylon RoboticsFacility Assimilator Probe Probe Zealot Probe Pylon,42.5,116115
351,818163,0,49977,12.9298,49977,Stargate Assimilator Stalker Stalker VoidRay TwilightCouncil Stalker Stargate VoidRay VoidRay Pylon Adept Stalker VoidRay Pylon VoidRay Stalker Pylon VoidRay Stalker VoidRay Stalker Zealot Probe Pylon Probe Probe Pylon Stalker Gateway TemplarArchive,42.5,116115
365,820323,0,50362,12.9649,50362,Stargate Assimilator Stalker Stalker VoidRay TwilightCouncil Stalker Stargate VoidRay VoidRay Pylon Adept Stalker VoidRay Pylon VoidRay Stalker Pylon VoidRay Stalker VoidRay Stalker Zealot Probe Pylon Probe Pylon Probe Zealot VoidRay Assimilator,42.5,116115
365,827696,0,51674,13.077,51674,Stargate Assimilator Stalker Stalker VoidRay TwilightCouncil Stalker Stargate VoidRay VoidRay Pylon Adept Stalker VoidRay Pylon VoidRay Stalker Pylon VoidRay Stalker VoidRay Stalker Zealot Probe Pylon DarkShrine Probe Probe VoidRay Zealot,42.5,116115
380,834662,2,53108,13.1835,53108,Stargate Assimilator Stalker Stalker VoidRay TwilightCouncil Stalker Stargate VoidRay VoidRay Pylon Adept Stalker VoidRay Pylon VoidRay Stalker Pylon VoidRay Stalker VoidRay Stalker Zealot Probe Pylon DarkShrine Probe Probe VoidRay Adept,42.5,116115
393,844101,3,55245,13.3248,55245,Stargate Assimilator Stalker Stalker VoidRay TwilightCouncil Stalker Stargate VoidRay VoidRay Pylon Adept Stalker VoidRay Pylon VoidRay Stalker Pylon VoidRay Stalker VoidRay Stalker Zealot Probe Pylon DarkShrine Probe Probe Stalker VoidRay,42.5,116115
