0,0,0,0,0,0, ,0,0
0,20,0,1,0.000178,1,Stargate Pylon Assimilator RoboticsFacility Assimilator FleetBeacon Stargate Nexus RoboticsFacility Stalker VoidRay Nexus Carrier Probe Stargate VoidRay RoboticsBay Mothership Probe,15.75,21199
0,48,0,2,0.000374,2,Probe Stalker Gateway Adept TwilightCouncil Pylon TemplarArchive Assimilator Adept Gateway Gateway Nexus Assimilator RoboticsFacility Pylon RoboticsFacility Nexus Gateway Stargate VoidRay DarkShrine Probe RoboticsBay Nexus Pylon Colossus Adept,8.25,26384
0,77,0,3,0.000583,3,Nexus Pylon Zealot TwilightCouncil Zealot Stargate Adept Gateway Stalker TemplarArchive Probe Stargate FleetBeacon Assimilator Stargate VoidRay Carrier Stargate Carrier Stargate Probe Tempest Gateway Tempest Stalker Nexus Gateway Pylon,21,36796
0,143,0,5,0.001054,5,Pylon Zealot Gateway Pylon Gateway Stalker Probe Stalker Gateway Stargate Stalker Assimilator Stargate Probe RoboticsFacility Immortal Stargate Immortal Pylon Pylon Pylon Nexus Stalker Assimilator FleetBeacon Adept Pylon Carrier VoidRay Adept TwilightCouncil Zealot,16.75,54575.8
0,178,0,6,0.001297,6,Adept Gateway Zealot Assimilator Adept Pylon Adept RoboticsFacility Immortal Immortal RoboticsFacility Gateway Immortal RoboticsFacility Pylon Probe Nexus Probe Adept Stalker Zealot Assimilator RoboticsFacility RoboticsFacility Stalker TwilightCouncil RoboticsBay Probe Stargate Probe Stalker Gateway Probe Probe,21.75,63814.5
0,397,0,13,0.002762,13,Pylon Zealot Adept Stalker RoboticsFacility Pylon Stargate Immortal Stargate Adept RoboticsFacility RoboticsBay Immortal Gateway Immortal Zealot Nexus Stalker Pylon FleetBeacon Mothership Stargate Nexus Adept Stalker Nexus Assimilator Assimilator Pylon,19.25,64350.5
0,950,0,31,0.006566,31,Stargate Pylon VoidRay Probe Stalker VoidRay Nexus Stargate Assimilator TwilightCouncil Zealot VoidRay VoidRay RoboticsFacility Zealot Pylon Nexus DarkShrine FleetBeacon Probe Stalker Gateway Mothership Zealot Zealot Pylon TemplarArchive Gateway Adept Probe,23.5,73504.2
0,2400,0,78,0.016678,78,Stargate Gateway VoidRay Gateway Zealot Gateway Pylon VoidRay Stalker VoidRay Adept Probe TwilightCouncil Assimilator Pylon RoboticsFacility VoidRay Stargate Assimilator Gateway Stalker RoboticsFacility Adept Stargate VoidRay Adept Nexus FleetBeacon Zealot,28.25,79007.8
0,3966,0,129,0.040627,129,RoboticsFacility Stalker Pylon Stargate Gateway VoidRay VoidRay Immortal Adept Probe Pylon VoidRay Adept RoboticsBay VoidRay Nexus Nexus Immortal Adept TwilightCouncil Pylon VoidRay FleetBeacon Stalker Immortal Zealot Assimilator Probe Gateway Gateway,33,82183
0,7298,0,233,0.089741,233,Stalker Gateway Stargate Gateway VoidRay Pylon Stalker Nexus Adept Gateway VoidRay Adept Probe Pylon Stalker Zealot FleetBeacon RoboticsFacility Immortal Tempest Adept Stargate Nexus Probe Pylon TwilightCouncil Zealot Adept Pylon Carrier Assimilator DarkShrine Pylon Probe Probe,28.25,82482.5
8,11265,0,363,0.143446,363,RoboticsFacility TwilightCouncil Assimilator RoboticsFacility Probe Stargate Immortal Stalker Immortal VoidRay Adept Immortal RoboticsFacility Pylon RoboticsBay RoboticsFacility RoboticsFacility Assimilator Adept Immortal Immortal FleetBeacon DarkShrine Pylon Stalker Pylon RoboticsFacility,27,83371.2
11,41492,0,1335,0.55691,1335,RoboticsFacility Probe Immortal RoboticsBay Immortal Zealot Nexus RoboticsFacility Gateway Immortal TwilightCouncil Colossus Pylon Immortal Stalker Immortal Zealot Assimilator RoboticsFacility Adept Stargate Zealot Colossus Adept Gateway Stargate Probe Pylon Assimilator Stalker Stalker Zealot Probe,36,85351.5
11,46888,0,1508,0.633081,1508,RoboticsFacility Zealot Gateway Probe Pylon Adept Pylon Gateway Gateway Pylon Probe Probe RoboticsBay RoboticsFacility Immortal Pylon Adept Colossus Immortal Stalker Adept Assimilator Stargate Probe Colossus Probe Adept Colossus Pylon VoidRay RoboticsFacility Immortal VoidRay Immortal Zealot FleetBeacon Assimilator Stalker,39,86590.5
11,58797,0,1897,0.806425,1897,RoboticsFacility Gateway Zealot Immortal Stalker Adept RoboticsBay Stalker Zealot Immortal Zealot Pylon RoboticsFacility Probe Colossus Gateway Stalker TwilightCouncil Zealot Pylon Probe Immortal Pylon Probe RoboticsFacility DarkShrine Colossus Assimilator Zealot Probe Pylon Colossus Zealot Pylon DarkTemplar Immortal Probe Gateway Adept Assimilator,33.75,99481.5
54,203891,0,6828,2.89646,6828,RoboticsFacility Gateway Zealot Immortal Adept Pylon RoboticsFacility Probe Immortal Immortal Adept TwilightCouncil Adept DarkShrine Immortal Immortal Pylon Adept Zealot DarkTemplar Stalker Nexus Pylon Gateway RoboticsBay RoboticsFacility Probe Probe Nexus Immortal Probe Zealot Adept Probe Immortal Probe,30,100003
59,232885,0,7842,3.31829,7842,RoboticsFacility Gateway Zealot TwilightCouncil Zealot Gateway Immortal DarkShrine Stalker Adept Immortal Stalker Pylon Immortal Nexus Immortal DarkTemplar Pylon Stalker Zealot Adept Pylon Stalker Immortal Assimilator Zealot Probe Stargate Adept Adept DarkTemplar RoboticsBay Adept Pylon Pylon,37.25,101309
201,644832,0,24027,9.43571,24027,RoboticsFacility Gateway Zealot TwilightCouncil Zealot Gateway Immortal DarkShrine Stalker Adept Immortal Stalker Pylon Pylon DarkTemplar Pylon Immortal DarkTemplar Probe Adept TemplarArchive Gateway Adept Adept Probe Probe Immortal Gateway Gateway Stalker Adept Nexus Stalker Stargate Pylon RoboticsBay Adept Gateway Assimilator Probe,35.25,101947
201,647827,0,24169,9.47141,24169,RoboticsFacility Gateway Zealot TwilightCouncil Zealot Gateway Immortal DarkShrine Stalker Adept Immortal Stalker Stalker Pylon Gateway Pylon DarkTemplar Probe Immortal Adept Pylon Probe Gateway Immortal Pylon DarkTemplar Stalker DarkTemplar Pylon Pylon Gateway TemplarArchive Nexus Gateway RoboticsBay Stargate Gateway Probe,34,103035
204,649398,0,24241,9.50852,24241,RoboticsFacility Gateway Zealot TwilightCouncil Zealot Gateway Immortal DarkShrine Stalker Adept Immortal Stalker Zealot RoboticsFacility Pylon Adept Adept Zealot Gateway Assimilator Pylon Probe DarkTemplar DarkTemplar Stalker DarkTemplar DarkTemplar Stalker Pylon Stalker Immortal Gateway Assimilator Adept Pylon DarkTemplar Pylon Probe Probe,39,103867
228,704379,0,26810,10.2973,26810,RoboticsFacility Gateway Zealot TwilightCouncil Zealot Gateway Immortal DarkShrine Stalker Adept Immortal Stalker Zealot Adept Pylon DarkTemplar DarkTemplar Pylon DarkTemplar Assimilator Probe Probe Immortal Probe Pylon Stalker Adept DarkTemplar Nexus RoboticsBay Stargate DarkTemplar Stalker Adept Assimilator Nexus Adept,38.75,109012
253,779945,0,30527,11.388,30527,RoboticsFacility Gateway Zealot TwilightCouncil Zealot Gateway Immortal DarkShrine Stalker Adept Immortal Stalker Zealot Adept Pylon Stalker DarkTemplar Pylon DarkTemplar Zealot Immortal Stalker Stalker Assimilator RoboticsBay Pylon DarkTemplar Gateway Stalker Nexus DarkTemplar Zealot Probe Stargate TemplarArchive,35.75,112039
254,808717,0,31956,11.8174,31956,RoboticsFacility Gateway Zealot TwilightCouncil Zealot Gateway Immortal DarkShrine Stalker Adept Immortal Stalker Zealot Adept Pylon DarkTemplar Immortal Adept Pylon Stalker DarkTemplar Gateway DarkTemplar Pylon Adept Gateway DarkTemplar Gateway Adept RoboticsFacility Assimilator Adept TemplarArchive Assimilator RoboticsBay DarkTemplar Probe Gateway,37,112096
269,849839,0,34080,12.4215,34080,RoboticsFacility Gateway Zealot TwilightCouncil Zealot Gateway Immortal DarkShrine Stalker Adept Immortal Stalker Zealot Adept Pylon DarkTemplar Immortal Pylon DarkTemplar Stalker Immortal Adept Pylon Pylon Assimilator Stalker Pylon Stalker Probe DarkTemplar DarkTemplar Pylon Immortal Stalker DarkTemplar Zealot Pylon,40.5,115487
297,922715,0,38201,13.4867,38201,RoboticsFacility Gateway Zealot TwilightCouncil Zealot Gateway Immortal DarkShrine Stalker Adept Immortal Stalker Zealot Adept Pylon DarkTemplar Immortal Pylon DarkTemplar Immortal Pylon Pylon DarkTemplar Assimilator Stalker Stalker Immortal Stalker TemplarArchive Stalker Gateway Zealot Stalker Assimilator RoboticsBay,42.25,115633
323,957909,0,40316,13.8968,40316,RoboticsFacility Gateway Zealot TwilightCouncil Zealot Gateway Immortal DarkShrine Stalker Adept Immortal Stalker Zealot Adept Pylon DarkTemplar Immortal Pylon DarkTemplar Immortal Stalker DarkTemplar Pylon Stalker Pylon Adept Immortal Zealot RoboticsFacility Zealot Stalker TemplarArchive Probe Assimilator Pylon Zealot Pylon Pylon Assimilator,43.75,117370
374,1092879,0,50100,15.4723,50100,RoboticsFacility Gateway Zealot TwilightCouncil Zealot Gateway Immortal DarkShrine Stalker Adept Immortal Stalker Zealot Adept Pylon DarkTemplar Immortal Pylon DarkTemplar Immortal Stalker DarkTemplar Pylon Stalker Pylon Zealot Immortal Adept Adept Zealot Zealot Gateway Probe Nexus Assimilator Pylon,44.25,117617
384,1095216,0,50293,15.5046,50293,RoboticsFacility Gateway Zealot TwilightCouncil Zealot Gateway Immortal DarkShrine Stalker Adept Immortal Stalker Zealot Adept Pylon DarkTemplar Immortal Pylon DarkTemplar Immortal Stalker DarkTemplar Pylon Stalker Pylon Adept Immortal Stalker Stalker Gateway Stalker Stargate Stalker Gateway Gateway Assimilator Probe,45.25,118115
402,1123134,0,52613,15.9428,52613,RoboticsFacility Gateway Zealot TwilightCouncil Zealot Gateway Immortal DarkShrine Stalker Adept Immortal Stalker Zealot Adept Pylon DarkTemplar Immortal Pylon DarkTemplar Immortal Stalker DarkTemplar Pylon Stalker Pylon Adept Immortal Stalker Stalker Zealot RoboticsFacility Probe Probe RoboticsBay Assimilator Assimilator Probe Pylon Gateway,44.5,118210
402,1138331,0,53919,16.1763,53919,RoboticsFacility Gateway Zealot TwilightCouncil Zealot Gateway Immortal DarkShrine Stalker Adept Immortal Stalker Zealot Adept Pylon DarkTemplar Immortal Pylon DarkTemplar Immortal Stalker DarkTemplar Pylon Stalker Pylon Adept Immortal Stalker Stalker Stalker Nexus Stalker TemplarArchive Probe Pylon,45.25,118355
416,1160383,0,56147,16.5102,56147,RoboticsFacility Gateway Zealot TwilightCouncil Zealot Gateway Immortal DarkShrine Stalker Adept Immortal Stalker Zealot Adept Pylon DarkTemplar Immortal Pylon DarkTemplar Immortal Stalker DarkTemplar Pylon Stalker Pylon Adept Immortal Stalker Adept Stalker Stalker Pylon RoboticsFacility Gateway DarkTemplar Gateway Probe,46.5,118355
430,1161712,0,56294,16.5342,56294,RoboticsFacility Gateway Zealot TwilightCouncil Zealot Gateway Immortal DarkShrine Stalker Adept Immortal Stalker Zealot Adept Pylon DarkTemplar Immortal Pylon DarkTemplar Immortal Stalker DarkTemplar Pylon Stalker Pylon Adept Immortal Stalker Adept Stalker Probe Stalker TemplarArchive Pylon Gateway Pylon Assimilator Assimilator,46.5,118355
430,1162630,0,56393,16.5411,56393,RoboticsFacility Gateway Zealot TwilightCouncil Zealot Gateway Immortal DarkShrine Stalker Adept Immortal Stalker Zealot Adept Pylon DarkTemplar Immortal Pylon DarkTemplar Immortal Stalker DarkTemplar Pylon Stalker Pylon Adept Immortal Stalker Stalker Adept Gateway Assimilator Zealot Pylon Adept DarkTemplar TemplarArchive,45.75,118392
430,1170328,0,57237,16.6634,57237,RoboticsFacility Gateway Zealot TwilightCouncil Zealot Gateway Immortal DarkShrine Stalker Adept Immortal Stalker Zealot Adept Pylon DarkTemplar Immortal Pylon DarkTemplar Immortal Stalker DarkTemplar Pylon Stalker Pylon Adept Immortal Stalker Stalker Stalker Assimilator Probe Stalker RoboticsBay Nexus,47,118464
430,1179217,0,58221,16.7956,58221,RoboticsFacility Gateway Zealot TwilightCouncil Zealot Gateway Immortal DarkShrine Stalker Adept Immortal Stalker Zealot Adept Pylon DarkTemplar Immortal Pylon DarkTemplar Immortal Stalker DarkTemplar Pylon Stalker Pylon Adept Immortal Stalker Stalker Stalker Pylon Zealot RoboticsFacility Probe RoboticsFacility Zealot Probe Gateway,46.25,118481
457,1196256,0,60305,17.0387,60305,RoboticsFacility Gateway Zealot TwilightCouncil Zealot Gateway Immortal DarkShrine Stalker Adept Immortal Stalker Zealot Adept Pylon DarkTemplar Immortal Pylon DarkTemplar Immortal Stalker DarkTemplar Pylon Stalker Pylon Adept Immortal Stalker Stalker Stalker Pylon Zealot Zealot Probe Assimilator Assimilator RoboticsBay Probe Adept Probe,46.25,118481
457,1196359,0,60318,17.0395,60318,RoboticsFacility Gateway Zealot TwilightCouncil Zealot Gateway Immortal DarkShrine Stalker Adept Immortal Stalker Zealot Adept Pylon DarkTemplar Immortal Pylon DarkTemplar Immortal Stalker DarkTemplar Pylon Stalker Pylon Adept Immortal Stalker Stalker Stalker Pylon Probe Zealot Probe Immortal Assimilator Adept Probe Assimilator,46.25,118481
471,1221906,0,63852,17.4237,63852,RoboticsFacility Gateway Zealot TwilightCouncil Zealot Gateway Immortal DarkShrine Stalker Adept Immortal Stalker Zealot Adept Pylon DarkTemplar Immortal Pylon DarkTemplar Immortal Stalker DarkTemplar Pylon Stalker Pylon Adept Immortal Stalker Stalker Stalker Pylon Zealot Probe Zealot Stargate Probe Probe Stalker Zealot,46.25,118481
471,1223144,0,64032,17.4464,64032,RoboticsFacility Gateway Zealot TwilightCouncil Zealot Gateway Immortal DarkShrine Stalker Adept Immortal Stalker Zealot Adept Pylon DarkTemplar Immortal Pylon DarkTemplar Immortal Stalker DarkTemplar Pylon Stalker Pylon Adept Immortal Stalker Stalker Stalker Pylon Zealot Probe Stalker Stargate Probe Probe Zealot Stalker,46.25,118481
485,1235711,0,66047,17.6345,66047,RoboticsFacility Gateway Zealot TwilightCouncil Zealot Gateway Immortal DarkShrine Stalker Adept Immortal Stalker Zealot Adept Pylon DarkTemplar Immortal Pylon DarkTemplar Immortal Stalker DarkTemplar Pylon Stalker Pylon Adept Immortal Stalker Stalker Stalker Pylon Zealot Probe Probe Probe Pylon Probe DarkTemplar DarkTemplar Adept Probe,46.25,118481
527,1269977,0,72131,18.1719,72131,RoboticsFacility Gateway Zealot TwilightCouncil Zealot Gateway Immortal DarkShrine Stalker Adept Immortal Stalker Zealot Adept Pylon DarkTemplar Immortal Pylon DarkTemplar Immortal Stalker DarkTemplar Pylon Stalker Pylon Adept Immortal Stalker Stalker Stalker Pylon Zealot Probe Probe Probe Pylon Probe DarkTemplar Immortal,46.25,118481
