0,0,0,0,0,0, ,0,0
0,27,0,1,0.000213,1,Zealot Assimilator Zealot Stargate TwilightCouncil RoboticsFacility Gateway VoidRay VoidRay RoboticsFacility VoidRay VoidRay Zealot Assimilator RoboticsFacility Gateway FleetBeacon Probe Gateway Gateway Nexus RoboticsFacility RoboticsFacility DarkShrine Gateway Pylon,19,57312
0,180,0,6,0.005339,6,Probe Stargate Probe Zealot Nexus VoidRay VoidRay VoidRay Zealot Probe VoidRay Stalker VoidRay RoboticsFacility TwilightCouncil Nexus TemplarArchive Stalker Assimilator Immortal RoboticsBay DarkShrine Stalker Assimilator Assimilator RoboticsFacility Gateway Gateway Nexus Probe Nexus Probe Probe Probe Gateway,25.5,69415
0,1980,0,64,0.031461,64,Stargate Adept Pylon Adept Probe Assimilator TwilightCouncil VoidRay VoidRay Probe Gateway Stalker Stargate Probe Probe RoboticsFacility VoidRay Stargate RoboticsBay RoboticsFacility Zealot Colossus Stargate Nexus FleetBeacon Nexus Stargate Probe Tempest Colossus RoboticsFacility Pylon Probe,22.25,71377.8
0,5473,0,176,0.069539,176,Zealot RoboticsFacility Pylon TwilightCouncil Adept DarkShrine Adept Immortal Immortal DarkTemplar Nexus Pylon Gateway RoboticsFacility Stalker Immortal RoboticsFacility Probe Pylon Nexus Assimilator DarkTemplar RoboticsBay Colossus Adept DarkTemplar Adept RoboticsFacility Nexus RoboticsFacility,25.25,72949.8
0,6669,0,216,0.091188,216,Adept TwilightCouncil Nexus DarkShrine RoboticsFacility Stalker Probe Immortal RoboticsBay Stalker Adept Gateway Immortal Immortal Adept Assimilator Adept Nexus Stalker Colossus TemplarArchive RoboticsFacility DarkTemplar Stalker Colossus Colossus Nexus,30.75,75292.5
2,8842,0,286,0.119758,286,Stalker Gateway Zealot Pylon TwilightCouncil Zealot Stargate Gateway VoidRay RoboticsFacility Stalker DarkShrine Nexus Assimilator VoidRay TemplarArchive DarkTemplar VoidRay Stalker Pylon Gateway Immortal Adept Adept Zealot Stalker Pylon Adept Pylon Adept Stalker DarkTemplar Probe,32,76363.8
4,9395,0,304,0.136693,304,RoboticsFacility Zealot Stalker Immortal Stalker TwilightCouncil Assimilator Immortal Immortal Immortal RoboticsFacility Nexus Assimilator DarkShrine Pylon RoboticsBay Immortal Colossus Nexus Nexus,28.25,82023
10,13405,0,432,0.190644,432,Stalker Adept Stalker Gateway RoboticsFacility Adept Gateway Zealot Immortal Stalker RoboticsFacility RoboticsFacility Immortal Stalker Nexus Pylon Zealot Zealot RoboticsBay Immortal Immortal Colossus Nexus Stargate Probe Gateway Gateway Gateway Stargate Gateway Pylon,32.5,86299.5
11,15073,0,486,0.21526,486,Stalker Stargate Stalker RoboticsFacility Zealot Nexus Stalker Gateway Probe Gateway Immortal Probe Adept Adept Immortal Stalker Stargate VoidRay Adept Stargate VoidRay RoboticsFacility Assimilator Zealot RoboticsBay Stargate FleetBeacon TwilightCouncil RoboticsFacility Pylon Zealot Pylon Gateway Gateway Gateway Assimilator,28.25,89205.8
11,38359,0,1236,0.544193,1236,Gateway Gateway Stargate VoidRay Stalker Stalker Stalker Nexus Adept Zealot VoidRay Adept Pylon Adept Probe Pylon RoboticsFacility Stalker Adept Assimilator Immortal Pylon Pylon Immortal FleetBeacon TwilightCouncil Immortal Mothership VoidRay Probe,28.5,92865.5
28,94450,0,3072,1.33686,3072,Gateway Stalker Pylon Stalker Stalker Pylon Stargate RoboticsFacility Stalker VoidRay Immortal Assimilator Probe Adept VoidRay Stargate Stalker Zealot Stargate Nexus RoboticsFacility Stargate Immortal RoboticsFacility Zealot RoboticsBay Stargate Assimilator Stalker Immortal Pylon,29.25,94126.5
31,103219,0,3356,1.46407,3356,Gateway Stalker RoboticsFacility Pylon Adept Stalker Immortal Zealot Stalker Stalker RoboticsBay Probe Immortal Colossus Assimilator RoboticsFacility Assimilator Stargate Pylon Gateway Stalker Pylon Immortal VoidRay Gateway RoboticsFacility Gateway Pylon Immortal Stargate,31.25,101556
57,195434,0,6462,2.80116,6462,Gateway Stalker RoboticsFacility RoboticsFacility Immortal TwilightCouncil Stalker Immortal Immortal Pylon Stalker Stalker TemplarArchive Nexus Pylon Immortal Zealot Immortal Adept RoboticsBay Immortal Pylon Immortal Stalker Colossus RoboticsFacility Nexus,37.25,102230
84,296565,0,10058,4.2737,10058,Gateway Stalker RoboticsFacility RoboticsFacility Immortal Stalker Immortal Pylon Pylon Immortal Immortal Zealot Pylon Assimilator Probe RoboticsBay Probe Adept Probe Adept Stalker Stalker Colossus Immortal Probe Nexus Nexus Adept TwilightCouncil Pylon RoboticsFacility RoboticsFacility Gateway,35.5,108042
98,360546,0,12498,5.20279,12498,Gateway Stalker RoboticsFacility RoboticsFacility Immortal Stalker Stalker Probe Stalker Pylon Immortal Pylon Adept Stalker Adept Stargate Immortal Zealot VoidRay Immortal Nexus Zealot FleetBeacon Nexus Stalker Immortal TwilightCouncil Zealot Nexus Assimilator,34,110688
115,393701,0,13776,5.7773,13776,Gateway Stalker RoboticsFacility RoboticsFacility Immortal Stalker Immortal Nexus Adept Stalker Immortal Stalker Immortal Stalker Immortal Zealot Gateway Immortal Assimilator RoboticsFacility Stargate Gateway TwilightCouncil Assimilator TemplarArchive Nexus Pylon,33.5,110728
138,458349,0,16450,7.04252,16450,Gateway Stalker RoboticsFacility RoboticsFacility Immortal Stalker Immortal Nexus Adept Immortal Pylon Immortal Immortal Immortal Zealot Immortal Pylon Pylon Probe Probe Gateway Immortal Stalker Gateway TwilightCouncil Stalker Probe Nexus Assimilator Adept Gateway,39.25,111128
164,577953,0,22017,9.20139,22017,Gateway Stalker RoboticsFacility RoboticsFacility Immortal Stalker Immortal Nexus Adept Immortal Pylon Immortal Immortal Probe Stalker Immortal Immortal Stalker Immortal TwilightCouncil RoboticsBay Probe Stalker Pylon Immortal Nexus Stalker Gateway Assimilator,40,116282
229,744628,0,31262,12.7211,31262,Gateway Stalker RoboticsFacility RoboticsFacility Immortal Stalker Immortal Nexus Adept Immortal Pylon Immortal Immortal Probe Stalker Zealot Immortal Stalker Probe Pylon Stalker Immortal Zealot Zealot Adept Pylon Probe RoboticsBay Nexus Gateway Assimilator Probe Adept Gateway Probe,40.5,116354
242,785206,0,33743,13.4585,33743,Gateway Stalker RoboticsFacility RoboticsFacility Immortal Stalker Immortal Nexus Adept Immortal Pylon Immortal Immortal Probe Stalker Zealot Immortal Probe Stalker Probe Immortal Pylon Adept Immortal Stargate Stalker RoboticsFacility Zealot Pylon RoboticsFacility RoboticsBay Zealot Probe Assimilator Stalker Assimilator,43.25,117148
255,801766,0,34845,13.7309,34845,Gateway Stalker RoboticsFacility RoboticsFacility Immortal Stalker Immortal Nexus Adept Immortal Pylon Immortal Immortal Probe Stalker Zealot Immortal Stalker Immortal Zealot Stalker Pylon Stalker Stargate Adept Stalker Nexus Adept Probe Assimilator Pylon Gateway,43,117748
255,814164,0,35691,13.9276,35691,Gateway Stalker RoboticsFacility RoboticsFacility Immortal Stalker Immortal Nexus Adept Immortal Pylon Immortal Immortal Probe Stalker Zealot Immortal Probe Pylon Stalker Immortal Stalker Immortal Stalker Stalker Assimilator Stalker Stargate RoboticsFacility Pylon Pylon Stalker Pylon,46.25,118292
307,916507,0,42865,15.5976,42865,Gateway Stalker RoboticsFacility RoboticsFacility Immortal Stalker Immortal Nexus Adept Immortal Pylon Immortal Immortal Probe Stalker Zealot Immortal Probe Pylon Stalker Immortal Stalker Stalker Immortal Zealot Assimilator Stalker TwilightCouncil Pylon Stargate Adept Gateway Adept,45.5,118404
320,954566,0,46073,16.2057,46073,Gateway Stalker RoboticsFacility RoboticsFacility Immortal Stalker Immortal Nexus Adept Immortal Pylon Immortal Immortal Probe Stalker Zealot Immortal Probe Pylon Stalker Immortal Stalker Stalker Immortal Stalker Stalker RoboticsFacility Gateway RoboticsFacility Assimilator Pylon RoboticsFacility Assimilator,46.25,118745
346,978216,0,48306,16.5814,48306,Gateway Stalker RoboticsFacility RoboticsFacility Immortal Stalker Immortal Nexus Adept Immortal Pylon Immortal Immortal Probe Stalker Zealot Immortal Probe Pylon Stalker Immortal Stalker Stalker Immortal Stalker Stalker RoboticsFacility Assimilator Pylon Adept TwilightCouncil Adept Assimilator Pylon,46.25,118745
346,979009,0,48395,16.592,48395,Gateway Stalker RoboticsFacility RoboticsFacility Immortal Stalker Immortal Nexus Adept Immortal Pylon Immortal Immortal Probe Stalker Zealot Immortal Probe Pylon Stalker Immortal Stalker Stalker Immortal Stalker Stalker RoboticsFacility Pylon Stargate Zealot Stalker RoboticsFacility Assimilator Probe,46.25,118745
346,980403,0,48547,16.6157,48547,Gateway Stalker RoboticsFacility RoboticsFacility Immortal Stalker Immortal Nexus Adept Immortal Pylon Immortal Immortal Probe Stalker Zealot Immortal Probe Pylon Stalker Immortal Stalker Stalker Immortal Stalker Stalker Stargate Pylon TwilightCouncil Immortal RoboticsFacility Probe,46.25,118745
346,993822,0,50029,16.8193,50029,Gateway Stalker RoboticsFacility RoboticsFacility Immortal Stalker Immortal Nexus Adept Immortal Pylon Immortal Immortal Probe Stalker Zealot Immortal Probe Pylon Stalker Immortal Stalker Stalker Immortal Stalker Stalker Gateway Pylon Stalker Assimilator Pylon Immortal Assimilator,46.25,118745
346,994542,0,50113,16.8348,50113,Gateway Stalker RoboticsFacility RoboticsFacility Immortal Stalker Immortal Nexus Adept Immortal Pylon Immortal Immortal Probe Stalker Zealot Immortal Probe Pylon Stalker Immortal Stalker Stalker Immortal Stalker Stalker RoboticsFacility Pylon Stargate Adept Probe RoboticsBay Adept Pylon,46.25,118745
346,995250,0,50197,16.8453,50197,Gateway Stalker RoboticsFacility RoboticsFacility Immortal Stalker Immortal Nexus Adept Immortal Pylon Immortal Immortal Probe Stalker Zealot Immortal Probe Pylon Stalker Immortal Stalker Stalker Immortal Stalker Stalker Gateway Pylon Probe TwilightCouncil Stargate Immortal,46.25,118745
358,998604,0,50603,16.8974,50603,Gateway Stalker RoboticsFacility RoboticsFacility Immortal Stalker Immortal Nexus Adept Immortal Pylon Immortal Immortal Probe Stalker Zealot Immortal Probe Pylon Stalker Immortal Stalker Stalker Immortal Stalker Stalker Pylon RoboticsFacility Stalker RoboticsBay Probe Probe Probe RoboticsFacility Probe Probe,46.25,118745
366,1019363,0,53328,17.2079,53328,Gateway Stalker RoboticsFacility RoboticsFacility Immortal Stalker Immortal Nexus Adept Immortal Pylon Immortal Immortal Probe Stalker Zealot Immortal Probe Pylon Stalker Immortal Stalker Stalker Immortal Stalker Stalker RoboticsBay Pylon Probe Stalker Zealot Probe Probe Pylon Gateway Probe,46.25,118745
419,1031643,0,55232,17.392,55232,Gateway Stalker RoboticsFacility RoboticsFacility Immortal Stalker Immortal Nexus Adept Immortal Pylon Immortal Immortal Probe Stalker Zealot Immortal Probe Pylon Stalker Immortal Stalker Stalker Immortal Stalker Stalker RoboticsBay Pylon Probe RoboticsFacility Probe Probe Probe Immortal,46.25,118745
471,1053858,0,58932,17.739,58932,Gateway Stalker RoboticsFacility RoboticsFacility Immortal Stalker Immortal Nexus Adept Immortal Pylon Immortal Immortal Probe Stalker Zealot Immortal Probe Pylon Stalker Immortal Stalker Stalker Immortal Stalker Stalker RoboticsBay Pylon Probe Probe Pylon Probe Immortal Adept Probe,46.25,118745
483,1066810,0,61219,17.9406,61219,Gateway Stalker RoboticsFacility RoboticsFacility Immortal Stalker Immortal Nexus Adept Immortal Pylon Immortal Immortal Probe Stalker Zealot Immortal Probe Pylon Stalker Immortal Stalker Stalker Immortal Stalker Stalker RoboticsBay Pylon Probe Probe Pylon Probe Stalker Immortal,46.25,118745
