0,0,0,0,0,0, ,0,0
0,34,0,1,0.000253,1,Assimilator Pylon Stalker Adept Probe Zealot Zealot Nexus Probe Adept Assimilator TwilightCouncil Probe Zealot Stargate Gateway Stargate Stargate Probe Adept Probe Nexus Gateway TemplarArchive Pylon FleetBeacon Carrier Pylon Stargate Mothership Zealot Pylon Pylon,8.5,35373.5
0,61,0,2,0.000456,2,RoboticsFacility Stalker Assimilator Probe Pylon Stargate FleetBeacon Stargate Assimilator Carrier VoidRay RoboticsBay Gateway Probe Immortal Immortal Colossus Stargate RoboticsFacility RoboticsFacility TwilightCouncil DarkShrine Gateway Stargate Zealot Pylon,24.25,55380.5
0,214,0,7,0.001586,7,Probe RoboticsFacility Immortal Probe RoboticsBay Stargate Gateway Pylon Stalker Probe Adept Immortal Assimilator RoboticsFacility Colossus Assimilator FleetBeacon Mothership Stalker Stargate Nexus RoboticsFacility Immortal Pylon RoboticsFacility Gateway Colossus Adept Stargate Probe,17.25,58953.5
0,302,0,10,0.002188,10,Stalker RoboticsFacility Nexus Nexus Stalker Zealot Immortal Immortal Adept Immortal Adept Probe Immortal Immortal Stargate Immortal Stalker RoboticsBay Probe Pylon Probe RoboticsFacility FleetBeacon Nexus TwilightCouncil Nexus Probe Probe,25.75,69208
0,796,0,26,0.005717,26,RoboticsFacility Immortal Stargate Probe Probe Nexus Gateway VoidRay Nexus Adept Immortal RoboticsBay Immortal Stalker Pylon Stargate FleetBeacon Immortal Tempest TwilightCouncil Tempest Assimilator Nexus Stalker Stalker Gateway Nexus Assimilator Probe,26.25,70225.8
0,2271,0,74,0.029106,74,Zealot RoboticsFacility Zealot Immortal Pylon Zealot Adept Probe RoboticsBay Immortal Adept Nexus Probe Nexus Assimilator Stalker Adept Colossus Adept Adept Pylon Colossus Adept Adept Pylon Immortal Nexus Probe Assimilator RoboticsFacility Probe RoboticsFacility Pylon Probe,29.75,79797
7,10741,0,345,0.141077,345,Gateway Probe Pylon Pylon Stalker Stargate Stalker Stargate VoidRay Probe VoidRay Pylon Nexus Zealot Pylon VoidRay Zealot VoidRay RoboticsFacility RoboticsFacility Probe Stalker TwilightCouncil Immortal Probe RoboticsFacility Probe VoidRay FleetBeacon Assimilator Gateway Adept Probe Pylon Gateway Assimilator Nexus Zealot Gateway Probe Probe,27,85829.2
11,38947,0,1258,0.545662,1258,Pylon RoboticsFacility Stalker Stalker Immortal Adept Pylon RoboticsFacility Gateway Zealot Gateway Zealot Probe Immortal Probe Immortal Adept Stalker Stalker Pylon RoboticsBay Colossus Pylon RoboticsFacility Pylon Stargate Nexus RoboticsFacility Nexus Adept Zealot RoboticsFacility Stalker Stargate Zealot Zealot Pylon,30,93487.5
42,142448,0,4653,1.99289,4653,Pylon RoboticsFacility Stalker Pylon Zealot Zealot Stargate Zealot Pylon Immortal Stargate Gateway Adept Immortal VoidRay Adept Assimilator VoidRay VoidRay Zealot VoidRay Nexus FleetBeacon Adept Tempest RoboticsFacility Probe RoboticsBay Stalker Probe,33,94355.2
53,184196,0,6076,2.60122,6076,Pylon RoboticsFacility Stalker Stalker RoboticsFacility Immortal Zealot Immortal Pylon Immortal Nexus Zealot Gateway Immortal Gateway Assimilator Immortal Zealot Probe RoboticsBay Zealot Adept Colossus Stargate Colossus FleetBeacon Zealot Gateway Probe,32.5,98142.2
58,196698,0,6508,2.78127,6508,Pylon RoboticsFacility Stalker RoboticsBay Immortal Gateway Stalker Adept Colossus RoboticsFacility Stalker Pylon Immortal Zealot Immortal Pylon Gateway Stalker Zealot Probe Immortal Nexus Pylon Colossus Assimilator Probe Colossus Pylon RoboticsFacility Stalker Adept RoboticsFacility Adept,35.25,100778
58,210773,0,6996,2.98769,6996,Pylon RoboticsFacility Stalker Stalker Immortal Assimilator RoboticsFacility Immortal Stalker Nexus Immortal Immortal Immortal Immortal Probe RoboticsBay Immortal Immortal TwilightCouncil Gateway RoboticsFacility Adept Stalker TemplarArchive Stargate,36.5,102568
69,241935,0,8077,3.4479,8077,Pylon RoboticsFacility Stalker Stalker Immortal Stalker RoboticsBay RoboticsFacility Immortal Gateway Adept Immortal Immortal Pylon Gateway Zealot Immortal Pylon Colossus RoboticsFacility Immortal Colossus Stargate Gateway Gateway Probe Gateway Nexus RoboticsFacility,35,107736
99,374376,0,12961,5.34523,12961,Pylon RoboticsFacility Stalker Stalker Immortal Stalker Stalker RoboticsFacility Pylon RoboticsFacility Probe Immortal Gateway RoboticsFacility Zealot Immortal Immortal Zealot Adept Pylon Stargate Stalker Assimilator Adept VoidRay Stalker Adept Assimilator Adept Pylon VoidRay Immortal Pylon Stalker,36.5,107944
184,671691,0,25019,9.63876,25019,Pylon RoboticsFacility Stalker Stalker Immortal Stalker Stalker RoboticsFacility Pylon RoboticsFacility Probe Immortal Immortal Immortal Nexus Immortal Immortal Assimilator Immortal Pylon Stalker Immortal Immortal Zealot Nexus Gateway Assimilator,43.5,112149
184,681128,0,25435,9.77407,25435,Pylon RoboticsFacility Stalker Stalker Immortal Stalker Stalker RoboticsFacility Pylon RoboticsFacility Probe Immortal Immortal Zealot Immortal Pylon Immortal Adept Immortal Stalker Probe Immortal RoboticsFacility Probe RoboticsFacility RoboticsFacility RoboticsBay RoboticsFacility Adept Pylon Pylon Gateway Nexus Assimilator Gateway Pylon,37.25,115709
236,840385,0,33131,12.0691,33131,Pylon RoboticsFacility Stalker Stalker Immortal Stalker Stalker RoboticsFacility Pylon RoboticsFacility Probe Immortal Immortal Zealot Immortal Pylon Immortal Immortal Immortal Gateway Gateway Immortal Probe Stalker Probe Stargate FleetBeacon Nexus Stargate Pylon Pylon Pylon Assimilator,39.75,116612
249,864832,0,34440,12.4305,34440,Pylon RoboticsFacility Stalker Stalker Immortal Stalker Stalker RoboticsFacility Pylon RoboticsFacility Probe Immortal Immortal Zealot Immortal Pylon Immortal Immortal Stalker Gateway RoboticsFacility Immortal Stalker Stalker Adept RoboticsBay Gateway Stargate Gateway TwilightCouncil Gateway Gateway Pylon Pylon,40.75,117408
249,865635,0,34486,12.4364,34486,Pylon RoboticsFacility Stalker Stalker Immortal Stalker Stalker RoboticsFacility Pylon RoboticsFacility Probe Immortal Immortal Zealot Immortal Pylon Immortal RoboticsFacility Immortal Adept Immortal Stalker Pylon Immortal Assimilator Assimilator Stalker TwilightCouncil Stargate Gateway DarkShrine RoboticsBay,42.75,118774
249,869883,0,34726,12.4933,34726,Pylon RoboticsFacility Stalker Stalker Immortal Stalker Stalker RoboticsFacility Pylon RoboticsFacility Probe Immortal Immortal Zealot Immortal Pylon Immortal Immortal Immortal Zealot Immortal Stalker Nexus Gateway Gateway TwilightCouncil DarkShrine Pylon Stargate Pylon Pylon Pylon,40.75,119856
249,870180,0,34743,12.5085,34743,Pylon RoboticsFacility Stalker Stalker Immortal Stalker Stalker RoboticsFacility Pylon RoboticsFacility Probe Immortal Immortal Zealot Immortal Pylon Immortal Immortal Immortal Stalker Immortal Pylon Zealot RoboticsFacility Assimilator Adept Nexus Pylon Gateway RoboticsFacility Adept Probe Probe,42,120717
249,892412,0,35997,12.8311,35997,Pylon RoboticsFacility Stalker Stalker Immortal Stalker Stalker RoboticsFacility Pylon RoboticsFacility Probe Immortal Immortal Zealot Immortal Pylon Immortal Stalker Immortal Immortal Stalker Pylon RoboticsFacility Assimilator Immortal Zealot Gateway RoboticsFacility Probe Stalker Stargate RoboticsBay Assimilator Pylon,44.25,121093
250,895756,0,36191,12.8692,36191,Pylon RoboticsFacility Stalker Stalker Immortal Stalker Stalker RoboticsFacility Pylon RoboticsFacility Probe Immortal Immortal Zealot Immortal Pylon Immortal Stalker Immortal Adept Pylon Immortal Immortal Assimilator Immortal Nexus Probe Stargate RoboticsBay TwilightCouncil Assimilator,44.75,121704
265,928842,0,38152,13.3563,38152,Pylon RoboticsFacility Stalker Stalker Immortal Stalker Stalker RoboticsFacility Pylon RoboticsFacility Probe Immortal Immortal Zealot Immortal Pylon Immortal Stalker Immortal Stalker Immortal Pylon Immortal Stalker RoboticsBay Zealot Gateway Pylon RoboticsFacility Stalker Gateway Pylon Immortal,44.25,122796
275,948367,0,39409,13.6367,39409,Pylon RoboticsFacility Stalker Stalker Immortal Stalker Stalker RoboticsFacility Pylon RoboticsFacility Probe Immortal Immortal Zealot Immortal Pylon Immortal Stalker Immortal Pylon Immortal Stalker Probe Immortal Immortal Stalker Pylon Pylon Pylon Stargate RoboticsBay Stalker Assimilator Pylon Pylon Assimilator,47,123647
301,1012915,0,43917,14.5737,43917,Pylon RoboticsFacility Stalker Stalker Immortal Stalker Stalker RoboticsFacility Pylon RoboticsFacility Probe Immortal Immortal Zealot Immortal Pylon Immortal Stalker Immortal Pylon Immortal Stalker Immortal Immortal Gateway Stalker Assimilator Assimilator RoboticsFacility RoboticsBay Zealot Gateway,47,123747
314,1017358,0,44262,14.6328,44262,Pylon RoboticsFacility Stalker Stalker Immortal Stalker Stalker RoboticsFacility Pylon RoboticsFacility Probe Immortal Immortal Zealot Immortal Pylon Immortal Stalker Immortal Pylon Immortal Stalker Immortal Immortal Immortal Pylon Nexus Probe Probe TwilightCouncil Adept Assimilator,49,123941
314,1023186,0,44720,14.7292,44720,Pylon RoboticsFacility Stalker Stalker Immortal Stalker Stalker RoboticsFacility Pylon RoboticsFacility Probe Immortal Immortal Zealot Immortal Pylon Immortal Stalker Immortal Pylon Immortal Stalker Immortal Stalker Immortal Zealot Nexus Nexus Assimilator Assimilator,48,124058
314,1027979,0,45098,14.7896,45098,Pylon RoboticsFacility Stalker Stalker Immortal Stalker Stalker RoboticsFacility Pylon RoboticsFacility Probe Immortal Immortal Zealot Immortal Pylon Immortal Stalker Immortal Pylon Immortal Stalker Immortal Immortal Stalker TwilightCouncil Nexus RoboticsFacility Gateway Probe RoboticsBay,47,124080
314,1039967,0,46045,14.9555,46045,Pylon RoboticsFacility Stalker Stalker Immortal Stalker Stalker RoboticsFacility Pylon RoboticsFacility Probe Immortal Immortal Zealot Immortal Pylon Immortal Stalker Immortal Pylon Immortal Stalker Immortal Immortal Stalker RoboticsBay Assimilator Adept Assimilator RoboticsFacility Nexus,48.25,124086
327,1043685,0,46382,15.0096,46382,Pylon RoboticsFacility Stalker Stalker Immortal Stalker Stalker RoboticsFacility Pylon RoboticsFacility Probe Immortal Immortal Zealot Immortal Pylon Immortal Stalker Immortal Pylon Immortal Stalker Immortal Immortal Stalker Stargate Zealot RoboticsBay Pylon Gateway Assimilator Gateway Pylon Assimilator,48,124149
327,1055951,0,47491,15.1881,47491,Pylon RoboticsFacility Stalker Stalker Immortal Stalker Stalker RoboticsFacility Pylon RoboticsFacility Probe Immortal Immortal Zealot Immortal Pylon Immortal Stalker Immortal Pylon Immortal Stalker Immortal Immortal Stalker Zealot Pylon RoboticsFacility Probe Adept Assimilator Assimilator Nexus,48,124149
340,1069017,0,48806,15.3851,48806,Pylon RoboticsFacility Stalker Stalker Immortal Stalker Stalker RoboticsFacility Pylon RoboticsFacility Probe Immortal Immortal Zealot Immortal Pylon Immortal Stalker Immortal Pylon Immortal Stalker Immortal Immortal Stalker Probe Pylon Assimilator Probe Zealot Assimilator Pylon Pylon Gateway Stalker Probe Probe,48,124149
352,1091698,0,51378,15.6994,51378,Pylon RoboticsFacility Stalker Stalker Immortal Stalker Stalker RoboticsFacility Pylon RoboticsFacility Probe Immortal Immortal Zealot Immortal Pylon Immortal Stalker Immortal Pylon Immortal Stalker Immortal Immortal Stalker Zealot Pylon Assimilator Immortal RoboticsBay Probe Probe Gateway Probe,48,124149
420,1113278,0,54228,15.984,54228,Pylon RoboticsFacility Stalker Stalker Immortal Stalker Stalker RoboticsFacility Pylon RoboticsFacility Probe Immortal Immortal Zealot Immortal Pylon Immortal Stalker Immortal Pylon Immortal Stalker Immortal Immortal Stalker Zealot Pylon Immortal Probe Probe Stalker TwilightCouncil Gateway,48,124149
472,1160371,4,62731,16.5926,62731,Pylon RoboticsFacility Stalker Stalker Immortal Stalker Stalker RoboticsFacility Pylon RoboticsFacility Probe Immortal Immortal Zealot Immortal Pylon Immortal Stalker Immortal Pylon Immortal Stalker Immortal Immortal Stalker Zealot Pylon Immortal Probe Probe Stalker Stargate Gateway,48,124149
