0,0,0,0,0,0, ,0,0
0,28,0,1,0.000252,1,Stalker Stargate Gateway FleetBeacon Probe Pylon Stalker VoidRay Nexus Assimilator VoidRay Gateway VoidRay Assimilator Stalker Mothership Probe Adept Tempest Carrier Pylon Stalker TwilightCouncil Gateway Pylon DarkShrine Stalker,32.5,70499.8
0,273,0,9,0.007043,9,RoboticsFacility Pylon Adept Stalker Stargate Gateway RoboticsFacility RoboticsBay VoidRay Gateway Adept VoidRay Immortal Probe RoboticsFacility Assimilator Adept Pylon Adept Assimilator Stalker Immortal TwilightCouncil RoboticsFacility FleetBeacon Probe DarkShrine Mothership Probe Gateway Stargate,24,70829
0,2178,0,71,0.034712,71,Stalker Stargate Stargate TwilightCouncil VoidRay VoidRay Probe Assimilator VoidRay VoidRay Pylon Adept Pylon DarkShrine Adept Assimilator Nexus Pylon Adept Gateway VoidRay VoidRay Probe Zealot VoidRay Stalker TemplarArchive Adept Stargate RoboticsFacility,36.25,80656.2
11,15682,0,506,0.244779,506,Stalker RoboticsFacility Zealot Pylon Immortal Probe Assimilator Stargate Adept Pylon Zealot Assimilator Immortal FleetBeacon Immortal Tempest RoboticsBay Nexus Gateway Tempest TwilightCouncil VoidRay Pylon RoboticsFacility Zealot,24.75,81091
11,16961,0,549,0.263565,549,Stalker RoboticsFacility Immortal Immortal RoboticsFacility TwilightCouncil Gateway Zealot Pylon Zealot Adept Stalker Immortal Stalker DarkShrine Immortal Nexus Immortal Adept Pylon RoboticsFacility RoboticsBay Stargate FleetBeacon Gateway Gateway Nexus Zealot Adept Assimilator,28.5,83535.5
11,31423,0,1022,0.481923,1022,Probe RoboticsFacility Probe Pylon Pylon RoboticsFacility Pylon Immortal RoboticsBay Immortal Immortal Nexus Zealot Colossus Adept Adept Stalker Immortal Probe Stalker Probe Assimilator Immortal Stargate Pylon Zealot Immortal VoidRay Stalker Colossus Assimilator Gateway Assimilator RoboticsFacility Pylon Pylon RoboticsFacility,35.5,87939.8
22,76404,0,2434,1.17308,2434,Probe Probe RoboticsFacility Zealot Probe Immortal RoboticsFacility Gateway Immortal TwilightCouncil RoboticsBay Pylon Probe Immortal Gateway Immortal Stalker Nexus Stalker Probe Probe Stalker DarkShrine Immortal Immortal Assimilator Pylon Gateway Stalker RoboticsFacility Adept Gateway Probe Zealot Probe Immortal Stargate Immortal Assimilator Pylon Stalker Assimilator RoboticsFacility DarkTemplar,36.5,91895.2
23,104301,0,3289,1.68728,3289,Probe Stalker RoboticsFacility Immortal Gateway Immortal RoboticsFacility Nexus Stalker Probe Zealot Assimilator Immortal Pylon Zealot Adept Stalker Adept Immortal Immortal Stargate RoboticsFacility Gateway Gateway Stalker Immortal RoboticsFacility TwilightCouncil Assimilator RoboticsBay FleetBeacon,34,94557.8
50,211329,0,6655,2.44505,6655,Probe Stalker RoboticsFacility Gateway RoboticsBay Immortal Probe Immortal RoboticsFacility Stalker Gateway Adept Immortal Assimilator Pylon Pylon Colossus Gateway Stalker Stalker Stalker Zealot Zealot Adept Nexus RoboticsFacility TwilightCouncil Stalker Gateway TemplarArchive DarkShrine Nexus Probe Pylon Probe,29.5,95870.2
63,270668,0,8622,3.09443,8622,Probe Stalker RoboticsFacility Gateway Probe Adept RoboticsFacility Pylon Immortal Zealot Pylon Adept Adept Pylon Immortal Zealot Stargate Gateway Pylon Immortal Gateway Zealot Stalker Adept Stalker Pylon FleetBeacon Mothership Adept Stalker Stalker Carrier Assimilator Nexus Adept Zealot Gateway Zealot Probe,29.25,96052.8
76,345397,0,11067,4.32146,11067,Probe Stalker RoboticsFacility Gateway Probe Adept Stalker Pylon Immortal Stalker Adept Nexus Pylon Stargate Pylon Stalker Immortal RoboticsFacility Stalker RoboticsFacility Immortal Adept Assimilator VoidRay RoboticsFacility TwilightCouncil RoboticsBay Immortal Stalker Adept Stalker VoidRay DarkShrine Assimilator Zealot Probe Probe Assimilator,34.5,100121
89,420721,0,13505,5.55324,13505,Probe Stalker RoboticsFacility Gateway Probe Adept Stalker Gateway Immortal Zealot Pylon Adept RoboticsBay Pylon Stargate TwilightCouncil VoidRay Probe Pylon Zealot Assimilator Immortal Zealot Stalker Stalker Immortal VoidRay Adept Pylon Probe Pylon Colossus Immortal Nexus Stargate Pylon Probe Zealot Probe,38,103011
102,453238,0,14570,6.08359,14570,Probe Stalker RoboticsFacility Gateway Probe Adept Stalker Immortal Stalker Stalker Immortal Pylon Nexus Immortal Assimilator Zealot Adept RoboticsFacility Immortal Assimilator RoboticsBay Gateway Immortal Adept Zealot Stalker RoboticsFacility Stargate Pylon TwilightCouncil Colossus Pylon Pylon,33.25,106110
116,507980,0,16418,6.98091,16418,Probe Stalker RoboticsFacility Gateway Probe Adept Stalker Immortal Stalker Nexus RoboticsFacility Adept Immortal Stalker Immortal Probe Immortal Stalker Stargate Stalker Adept Gateway Stargate RoboticsFacility Nexus Stalker RoboticsFacility Immortal Nexus Gateway Zealot FleetBeacon Zealot Pylon Probe,29.25,106495
128,557972,0,18169,7.911,18169,Probe Stalker RoboticsFacility Gateway Probe Adept Stalker Immortal Stalker RoboticsFacility Pylon Probe Gateway Gateway Probe Pylon Stalker Immortal Pylon RoboticsBay Immortal Immortal Zealot Adept Colossus Immortal Assimilator Assimilator Stalker Pylon Colossus Stargate Stalker TwilightCouncil Stargate Probe Pylon Zealot Stalker Pylon Zealot,42.75,114153
156,669335,0,22205,10.0896,22205,Probe Stalker RoboticsFacility Gateway Probe Adept Stalker Immortal Stalker RoboticsFacility Pylon Assimilator Stalker Immortal Adept Pylon Immortal Stalker Pylon Immortal Immortal RoboticsBay Zealot Immortal Zealot Nexus Stargate FleetBeacon Assimilator Stalker TwilightCouncil Stargate Probe,35.75,118010
224,919780,0,33583,14.1743,33583,Probe Stalker RoboticsFacility Gateway Probe Adept Stalker Immortal Stalker RoboticsFacility Pylon Assimilator Stalker Immortal Adept Pylon Immortal Immortal Gateway Immortal Immortal Pylon Zealot Immortal Nexus Adept RoboticsFacility Assimilator RoboticsFacility Gateway Gateway Probe,38,118616
224,923705,0,33782,14.2329,33782,Probe Stalker RoboticsFacility Gateway Probe Adept Stalker Immortal Stalker RoboticsFacility Pylon Assimilator Stalker Immortal Adept Pylon Adept Pylon Adept Immortal Probe Immortal Stalker Pylon Stalker Immortal Immortal Stalker Zealot Zealot Zealot Gateway Assimilator Nexus TwilightCouncil Gateway,42.75,123038
328,1198142,0,50134,18.3947,50134,Probe Stalker RoboticsFacility Gateway Probe Adept Stalker Immortal Stalker RoboticsFacility Pylon Assimilator Stalker Immortal Adept Pylon Adept Pylon Adept Immortal Probe Immortal Stalker Pylon Stalker Immortal Immortal Stalker Stalker Immortal TwilightCouncil Gateway RoboticsFacility DarkShrine Gateway RoboticsFacility,45.25,123997
341,1203038,0,50494,18.4821,50494,Probe Stalker RoboticsFacility Gateway Probe Adept Stalker Immortal Stalker RoboticsFacility Pylon Assimilator Stalker Immortal Adept Pylon Adept Pylon Adept Immortal Probe Immortal Stalker Pylon Stalker Immortal Stalker Stalker Immortal Immortal Stargate Pylon RoboticsBay Probe Stalker Assimilator VoidRay,45.25,124030
367,1254111,0,54541,19.2821,54541,Probe Stalker RoboticsFacility Gateway Probe Adept Stalker Immortal Stalker RoboticsFacility Pylon Assimilator Stalker Immortal Adept Pylon Adept Pylon Adept Immortal Probe Immortal Stalker Pylon Stalker Immortal Stalker Stalker Immortal Adept Gateway Stalker RoboticsBay RoboticsFacility Stargate TwilightCouncil Assimilator Pylon,44.5,124464
367,1262798,0,55301,19.4172,55301,Probe Stalker RoboticsFacility Gateway Probe Adept Stalker Immortal Stalker RoboticsFacility Pylon Assimilator Stalker Immortal Adept Pylon Adept Pylon Adept Immortal Probe Immortal Stalker Pylon Stalker Immortal Stalker Stalker Immortal Stalker Stalker Stargate Nexus FleetBeacon Assimilator,45,125086
380,1276345,0,56531,19.6056,56531,Probe Stalker RoboticsFacility Gateway Probe Adept Stalker Immortal Stalker RoboticsFacility Pylon Assimilator Stalker Immortal Adept Pylon Adept Pylon Adept Immortal Probe Immortal Stalker Pylon Stalker Immortal Stalker Stalker Immortal Stalker Stalker Gateway Pylon RoboticsFacility Immortal Gateway Pylon,45,125086
380,1292546,0,58069,19.8373,58069,Probe Stalker RoboticsFacility Gateway Probe Adept Stalker Immortal Stalker RoboticsFacility Pylon Assimilator Stalker Immortal Adept Pylon Adept Pylon Adept Immortal Probe Immortal Stalker Pylon Stalker Immortal Stalker Stalker Immortal Stalker Stalker Pylon Assimilator Stalker Probe TwilightCouncil Stargate Pylon Stalker,46.75,125153
405,1312201,0,60289,20.104,60289,Probe Stalker RoboticsFacility Gateway Probe Adept Stalker Immortal Stalker RoboticsFacility Pylon Assimilator Stalker Immortal Adept Pylon Adept Pylon Adept Immortal Probe Immortal Stalker Pylon Stalker Immortal Stalker Stalker Immortal Stalker Stalker Pylon Zealot Gateway Assimilator Zealot Stargate TwilightCouncil Probe,46,125188
405,1314687,0,60593,20.1336,60593,Probe Stalker RoboticsFacility Gateway Probe Adept Stalker Immortal Stalker RoboticsFacility Pylon Assimilator Stalker Immortal Adept Pylon Adept Pylon Adept Immortal Probe Immortal Stalker Pylon Stalker Immortal Stalker Stalker Immortal Stalker Stalker Pylon RoboticsBay Zealot Adept Stalker RoboticsFacility Stargate Probe,46,125188
405,1318511,0,61060,20.1854,61060,Probe Stalker RoboticsFacility Gateway Probe Adept Stalker Immortal Stalker RoboticsFacility Pylon Assimilator Stalker Immortal Adept Pylon Adept Pylon Adept Immortal Probe Immortal Stalker Pylon Stalker Immortal Stalker Stalker Immortal Stalker Stalker Pylon Zealot RoboticsBay Immortal Probe Probe TwilightCouncil,46,125188
448,1340348,0,64024,20.4884,64024,Probe Stalker RoboticsFacility Gateway Probe Adept Stalker Immortal Stalker RoboticsFacility Pylon Assimilator Stalker Immortal Adept Pylon Adept Pylon Adept Immortal Probe Immortal Stalker Pylon Stalker Immortal Stalker Stalker Immortal Stalker Stalker Pylon Zealot Assimilator Probe RoboticsFacility Stalker Probe Adept RoboticsFacility,46,125188
461,1343004,0,64401,20.5208,64401,Probe Stalker RoboticsFacility Gateway Probe Adept Stalker Immortal Stalker RoboticsFacility Pylon Assimilator Stalker Immortal Adept Pylon Adept Pylon Adept Immortal Probe Immortal Stalker Pylon Stalker Immortal Stalker Stalker Immortal Stalker Stalker Pylon Zealot Zealot TwilightCouncil Probe Assimilator Probe Probe Probe RoboticsBay,46,125188
461,1348354,0,65164,20.5969,65164,Probe Stalker RoboticsFacility Gateway Probe Adept Stalker Immortal Stalker RoboticsFacility Pylon Assimilator Stalker Immortal Adept Pylon Adept Pylon Adept Immortal Probe Immortal Stalker Pylon Stalker Immortal Stalker Stalker Immortal Stalker Stalker Pylon Probe Probe Zealot Pylon Probe Gateway RoboticsFacility Stalker Assimilator,46,125188
474,1369162,0,68204,20.9061,68204,Probe Stalker RoboticsFacility Gateway Probe Adept Stalker Immortal Stalker RoboticsFacility Pylon Assimilator Stalker Immortal Adept Pylon Adept Pylon Adept Immortal Probe Immortal Stalker Pylon Stalker Immortal Stalker Stalker Immortal Stalker Stalker Pylon Probe Probe Zealot Probe Probe Nexus Zealot Assimilator,46,125188
487,1375044,0,69102,20.9856,69102,Probe Stalker RoboticsFacility Gateway Probe Adept Stalker Immortal Stalker RoboticsFacility Pylon Assimilator Stalker Immortal Adept Pylon Adept Pylon Adept Immortal Probe Immortal Stalker Pylon Stalker Immortal Stalker Stalker Immortal Stalker Stalker Pylon Probe Probe Zealot Probe Gateway Probe Stalker Pylon Pylon Pylon,46,125188
487,1381918,0,70159,21.0724,70159,Probe Stalker RoboticsFacility Gateway Probe Adept Stalker Immortal Stalker RoboticsFacility Pylon Assimilator Stalker Immortal Adept Pylon Adept Pylon Adept Immortal Probe Immortal Stalker Pylon Stalker Immortal Stalker Stalker Immortal Stalker Stalker Pylon Probe Probe Zealot TwilightCouncil Probe Probe Stalker Pylon RoboticsBay,46,125188
500,1383429,0,70415,21.0962,70415,Probe Stalker RoboticsFacility Gateway Probe Adept Stalker Immortal Stalker RoboticsFacility Pylon Assimilator Stalker Immortal Adept Pylon Adept Pylon Adept Immortal Probe Immortal Stalker Pylon Stalker Immortal Stalker Stalker Immortal Stalker Stalker Pylon Probe Probe Zealot Assimilator Probe Pylon Probe Zealot Adept RoboticsBay,46,125188
500,1388059,0,71205,21.1665,71205,Probe Stalker RoboticsFacility Gateway Probe Adept Stalker Immortal Stalker RoboticsFacility Pylon Assimilator Stalker Immortal Adept Pylon Adept Pylon Adept Immortal Probe Immortal Stalker Pylon Stalker Immortal Stalker Stalker Immortal Stalker Stalker Pylon Probe Probe Zealot Probe Pylon Probe Immortal TwilightCouncil Probe,46,125188
512,1394641,0,72339,21.2507,72339,Probe Stalker RoboticsFacility Gateway Probe Adept Stalker Immortal Stalker RoboticsFacility Pylon Assimilator Stalker Immortal Adept Pylon Adept Pylon Adept Immortal Probe Immortal Stalker Pylon Stalker Immortal Stalker Stalker Immortal Stalker Stalker Pylon Probe Probe Zealot Probe Stalker Probe Pylon Immortal Probe,46,125188
595,1424662,5,78868,21.6347,78868,Probe Stalker RoboticsFacility Gateway Probe Adept Stalker Immortal Stalker RoboticsFacility Pylon Assimilator Stalker Immortal Adept Pylon Adept Pylon Adept Immortal Probe Immortal Stalker Pylon Stalker Immortal Stalker Stalker Immortal Stalker Stalker Pylon Probe Probe Zealot Probe Stalker Probe Pylon Immortal Probe,46,125188
