0,0,0,0,0,0, ,0,0
0,26,0,1,0.000226,1,RoboticsFacility Assimilator Nexus RoboticsFacility Pylon Probe Stargate Stargate RoboticsBay Gateway Probe Probe Assimilator Adept Assimilator Zealot Stalker Colossus RoboticsFacility RoboticsFacility Colossus FleetBeacon VoidRay Carrier Pylon,14,28069
0,57,0,2,0.000447,2,Pylon Pylon Nexus Assimilator Zealot Zealot Zealot RoboticsFacility Immortal Pylon TwilightCouncil Gateway Immortal Adept Zealot Probe Gateway Immortal Stargate Gateway DarkShrine Gateway Stalker RoboticsFacility Assimilator VoidRay RoboticsFacility Adept Adept Stargate,22.25,43078.8
0,142,0,5,0.001058,5,Nexus Pylon Assimilator Stargate Adept Adept FleetBeacon Stargate TwilightCouncil Assimilator RoboticsFacility Tempest Immortal VoidRay Tempest Nexus Probe RoboticsFacility Probe Nexus TemplarArchive,18.75,48276.8
0,179,0,6,0.001315,6,Probe Pylon Stalker RoboticsFacility Zealot Assimilator Stalker Probe Pylon Pylon Stalker Stalker Gateway Probe Nexus Zealot Assimilator Stargate Zealot VoidRay Adept FleetBeacon Stargate Gateway Tempest Stalker Probe Stalker Zealot Probe Immortal Stalker Gateway Zealot Tempest Assimilator,29.5,56179.5
0,204,0,7,0.001491,7,Stargate Gateway VoidRay Assimilator Nexus VoidRay Stargate VoidRay Probe Stargate Assimilator Stalker Zealot FleetBeacon Stargate Gateway Zealot Nexus Gateway Gateway Zealot Adept Mothership Probe,18,56537.8
0,234,0,8,0.001713,8,TwilightCouncil Pylon Stalker Assimilator Stargate FleetBeacon Stargate Probe Probe Probe Stalker Carrier Zealot Adept Pylon VoidRay TemplarArchive Mothership Pylon Tempest Gateway VoidRay Nexus Gateway Tempest Nexus Adept Stargate Probe,28.25,59382.5
0,420,0,14,0.003053,14,Probe RoboticsFacility Assimilator Gateway TwilightCouncil Immortal Pylon Pylon Pylon Stalker Gateway RoboticsBay Zealot Immortal Probe TemplarArchive Adept Stalker Zealot Stalker Pylon Immortal Immortal Assimilator Nexus Zealot DarkShrine Nexus Colossus,24.5,69444.8
0,591,0,20,0.009274,20,Adept RoboticsFacility Immortal Stalker Gateway Stalker Nexus Immortal Immortal RoboticsBay TwilightCouncil Nexus TemplarArchive Probe Adept Colossus Adept Assimilator Assimilator Zealot Assimilator DarkShrine Gateway Gateway RoboticsFacility RoboticsFacility Adept Pylon,24.5,82434.5
10,13617,0,439,0.204644,439,Stargate Stalker Pylon VoidRay VoidRay Adept Assimilator Zealot Pylon Stargate Probe VoidRay Nexus VoidRay RoboticsFacility TwilightCouncil Stalker Assimilator RoboticsBay Pylon VoidRay Stalker TemplarArchive Gateway Stalker FleetBeacon Probe DarkShrine Probe Probe,29.25,83855.5
11,20682,0,673,0.31679,673,Gateway RoboticsFacility Stalker Adept Stalker Gateway Stalker Stalker Immortal Zealot Pylon Immortal Assimilator Stargate RoboticsFacility Gateway Immortal TwilightCouncil RoboticsBay Stargate Stalker Probe DarkShrine DarkTemplar TemplarArchive Stargate Assimilator Probe FleetBeacon Pylon RoboticsFacility RoboticsFacility Stalker Probe,22.25,84498.5
11,27460,0,893,0.417044,893,Stalker Probe Stargate Gateway VoidRay Adept Pylon Nexus Probe Stalker RoboticsFacility Stalker Stalker Immortal Probe RoboticsBay VoidRay Stalker Assimilator Colossus TwilightCouncil VoidRay Gateway Pylon RoboticsFacility Stalker VoidRay TemplarArchive Pylon VoidRay Nexus Adept Zealot Adept,36.5,93898.2
11,32680,0,1057,0.495984,1057,RoboticsFacility Stalker RoboticsFacility Zealot RoboticsBay Zealot Immortal Stalker Gateway Immortal Stalker Immortal Pylon Gateway Adept Immortal Gateway Stalker Nexus Stargate Colossus Pylon Immortal Zealot VoidRay TwilightCouncil Zealot Colossus Assimilator Assimilator,34,95661.2
54,188961,0,6300,2.94824,6300,RoboticsFacility Stalker RoboticsFacility Immortal Immortal Gateway Gateway Pylon RoboticsFacility Immortal Adept Immortal Probe RoboticsBay RoboticsFacility Probe Zealot Immortal Pylon Immortal Colossus Nexus RoboticsFacility Pylon Colossus Assimilator TwilightCouncil Stalker Assimilator Adept Zealot Pylon Gateway,31.5,96332
59,200342,0,6702,3.12698,6702,RoboticsFacility Stalker RoboticsFacility Zealot Immortal Pylon Stargate Gateway Probe Immortal VoidRay Zealot Zealot VoidRay Nexus Immortal Pylon Gateway Zealot VoidRay Assimilator Stalker FleetBeacon VoidRay Mothership Nexus Pylon Probe,34.75,101823
89,305433,0,10446,4.79919,10446,RoboticsFacility Stalker RoboticsFacility Zealot Immortal Assimilator Stalker Pylon Stalker Immortal Immortal Stalker Assimilator Probe Immortal Zealot Stalker RoboticsBay Gateway Stargate TwilightCouncil Pylon Stargate Stalker Stalker Stargate Zealot FleetBeacon Probe,30.25,101863
89,309183,0,10598,4.8546,10598,RoboticsFacility Stalker RoboticsFacility Zealot Immortal Immortal Stalker Immortal Immortal Pylon Nexus TwilightCouncil Zealot Immortal Pylon Immortal RoboticsFacility Nexus Stalker DarkShrine Probe Pylon Gateway Stargate Zealot Zealot Immortal Probe Zealot Pylon Pylon,30.75,107429
116,402884,0,14246,6.34779,14246,RoboticsFacility Stalker RoboticsFacility Zealot Immortal Immortal Stalker Immortal Immortal Pylon Immortal RoboticsBay Pylon Adept TwilightCouncil Probe Adept Pylon Assimilator Immortal Colossus Assimilator RoboticsFacility Colossus Nexus RoboticsFacility Gateway,39.5,116512
129,462670,0,16723,7.27697,16723,RoboticsFacility Stalker RoboticsFacility Zealot Immortal Immortal Stalker Immortal Pylon Immortal RoboticsFacility Pylon Gateway Immortal Stalker Zealot Probe Zealot Immortal Pylon Adept Stalker Pylon Adept Stargate Stalker Gateway Gateway Immortal Probe Stalker Nexus Adept Stargate,42.25,120722
145,490413,0,17913,7.70834,17913,RoboticsFacility Stalker RoboticsFacility Zealot Immortal Immortal Stalker Immortal Pylon Immortal Stalker Immortal Pylon Immortal Gateway Probe TwilightCouncil Immortal DarkShrine Adept Nexus Probe Stargate Pylon Stalker DarkTemplar Assimilator TemplarArchive Probe Pylon Assimilator Nexus Probe,33.75,121982
145,491318,0,17951,7.71969,17951,RoboticsFacility Stalker RoboticsFacility Zealot Immortal Immortal Stalker Immortal Pylon Pylon Stalker Immortal Probe Pylon Immortal Zealot Immortal Gateway Stalker Gateway RoboticsFacility Immortal Assimilator Stargate Probe Pylon Adept Stargate Zealot Pylon Assimilator Stalker RoboticsFacility Zealot Zealot Pylon,39.25,124472
171,602243,0,22887,9.5024,22887,RoboticsFacility Stalker RoboticsFacility Zealot Immortal Immortal Stalker Immortal Pylon Pylon Stalker Immortal Immortal Gateway Immortal Immortal Pylon Stalker Immortal Adept Pylon Gateway Probe Stalker Zealot Assimilator Adept Immortal RoboticsBay TwilightCouncil Pylon Assimilator,43.25,133057
171,605094,0,23021,9.54658,23021,RoboticsFacility Stalker RoboticsFacility Zealot Immortal Immortal Stalker Immortal Pylon Pylon Stalker Immortal Immortal Pylon Immortal Immortal Stalker Immortal Pylon Stalker Immortal RoboticsBay RoboticsFacility Immortal Stalker Probe Gateway Nexus,49,136320
249,831144,0,35857,13.1042,35857,RoboticsFacility Stalker RoboticsFacility Zealot Immortal Immortal Stalker Immortal Pylon Pylon Stalker Immortal Immortal Pylon Immortal Immortal Stalker Immortal Pylon Probe Probe Stalker Immortal Stalker Zealot RoboticsBay Pylon Stalker RoboticsFacility Immortal Pylon TwilightCouncil Pylon,46.25,136814
249,833390,0,36011,13.1393,36011,RoboticsFacility Stalker RoboticsFacility Zealot Immortal Immortal Stalker Immortal Pylon Pylon Stalker Immortal Immortal Pylon Immortal Immortal Stalker Immortal Immortal Probe Pylon Probe Probe Immortal Gateway Gateway Zealot Nexus Pylon Assimilator RoboticsBay Assimilator,46.5,136999
261,836235,0,36233,13.1847,36233,RoboticsFacility Stalker RoboticsFacility Zealot Immortal Immortal Stalker Immortal Pylon Pylon Stalker Immortal Immortal Pylon Immortal Immortal Stalker Immortal Stalker Pylon Immortal Stalker Pylon Zealot RoboticsBay Pylon Adept Stargate Nexus Pylon,46.25,137687
262,836795,0,36276,13.1937,36276,RoboticsFacility Stalker RoboticsFacility Zealot Immortal Immortal Stalker Immortal Pylon Pylon Stalker Immortal Immortal Pylon Immortal Immortal Stalker Immortal Immortal Pylon Immortal Assimilator Immortal Nexus Gateway Assimilator Probe,49.25,138118
271,865363,0,38555,13.6338,38555,RoboticsFacility Stalker RoboticsFacility Zealot Immortal Immortal Stalker Immortal Pylon Pylon Stalker Immortal Immortal Pylon Immortal Immortal Stalker Immortal Immortal Pylon Immortal Adept TwilightCouncil Stalker TemplarArchive Probe Assimilator RoboticsFacility Assimilator Gateway Gateway,48.5,138400
271,869973,0,38970,13.7037,38970,RoboticsFacility Stalker RoboticsFacility Zealot Immortal Immortal Stalker Immortal Pylon Pylon Stalker Immortal Immortal Pylon Immortal Immortal Stalker Immortal Immortal Pylon Stalker Immortal Assimilator RoboticsFacility Zealot Stargate Nexus Probe,48.25,138546
271,882561,0,40103,13.8973,40103,RoboticsFacility Stalker RoboticsFacility Zealot Immortal Immortal Stalker Immortal Pylon Pylon Stalker Immortal Immortal Pylon Immortal Immortal Stalker Immortal Immortal Pylon Immortal Stalker Stargate RoboticsBay Zealot Nexus Probe TwilightCouncil,48.25,138652
284,884911,0,40315,13.9334,40315,RoboticsFacility Stalker RoboticsFacility Zealot Immortal Immortal Stalker Immortal Pylon Pylon Stalker Immortal Immortal Pylon Immortal Immortal Stalker Immortal Immortal Pylon Immortal Stalker Probe RoboticsBay Stalker TwilightCouncil Assimilator Nexus Pylon,49,138672
284,888501,0,40637,13.9919,40637,RoboticsFacility Stalker RoboticsFacility Zealot Immortal Immortal Stalker Immortal Pylon Pylon Stalker Immortal Immortal Pylon Immortal Immortal Stalker Immortal Immortal Pylon Immortal Stalker Zealot Nexus Stargate RoboticsFacility TwilightCouncil Pylon,48.25,138683
284,892042,0,40957,14.0459,40957,RoboticsFacility Stalker RoboticsFacility Zealot Immortal Immortal Stalker Immortal Pylon Pylon Stalker Immortal Immortal Pylon Immortal Immortal Stalker Immortal Immortal Pylon Immortal Stalker Pylon Probe Probe Pylon Assimilator Zealot Stargate RoboticsBay Gateway Adept Probe,48.25,138683
309,925820,0,44449,14.5627,44449,RoboticsFacility Stalker RoboticsFacility Zealot Immortal Immortal Stalker Immortal Pylon Pylon Stalker Immortal Immortal Pylon Immortal Immortal Stalker Immortal Immortal Pylon Immortal Stalker Probe Pylon Zealot Probe Gateway TwilightCouncil Gateway Probe RoboticsFacility Probe Pylon,48.25,138683
309,937682,0,45830,14.739,45830,RoboticsFacility Stalker RoboticsFacility Zealot Immortal Immortal Stalker Immortal Pylon Pylon Stalker Immortal Immortal Pylon Immortal Immortal Stalker Immortal Immortal Pylon Immortal Stalker Pylon RoboticsBay Probe Probe Zealot RoboticsFacility Assimilator Probe Assimilator Probe Zealot Gateway,48.25,138683
348,982622,0,52074,15.4357,52074,RoboticsFacility Stalker RoboticsFacility Zealot Immortal Immortal Stalker Immortal Pylon Pylon Stalker Immortal Immortal Pylon Immortal Immortal Stalker Immortal Immortal Pylon Immortal Stalker Pylon RoboticsBay Probe Probe Zealot Probe Probe Stargate Adept Assimilator Stargate Assimilator Probe,48.25,138683
361,989459,0,53101,15.5426,53101,RoboticsFacility Stalker RoboticsFacility Zealot Immortal Immortal Stalker Immortal Pylon Pylon Stalker Immortal Immortal Pylon Immortal Immortal Stalker Immortal Immortal Pylon Immortal Stalker Pylon RoboticsBay Probe Probe Zealot Probe Probe Assimilator TwilightCouncil RoboticsFacility Adept Pylon,48.25,138683
361,995470,0,54009,15.6376,54009,RoboticsFacility Stalker RoboticsFacility Zealot Immortal Immortal Stalker Immortal Pylon Pylon Stalker Immortal Immortal Pylon Immortal Immortal Stalker Immortal Immortal Pylon Immortal Stalker Pylon RoboticsBay Probe Probe Zealot Probe Probe Probe Assimilator Immortal Pylon Assimilator,48.25,138683
374,1007392,0,56022,15.8153,56022,RoboticsFacility Stalker RoboticsFacility Zealot Immortal Immortal Stalker Immortal Pylon Pylon Stalker Immortal Immortal Pylon Immortal Immortal Stalker Immortal Immortal Pylon Immortal Stalker Pylon RoboticsBay Probe Probe Zealot Probe Probe Probe Probe Probe Adept Gateway Stargate,48.25,138683
387,1019852,0,58190,16.0075,58190,RoboticsFacility Stalker RoboticsFacility Zealot Immortal Immortal Stalker Immortal Pylon Pylon Stalker Immortal Immortal Pylon Immortal Immortal Stalker Immortal Immortal Pylon Immortal Stalker Pylon RoboticsBay Probe Probe Zealot Probe Probe Probe Assimilator Probe TwilightCouncil Stalker Gateway,48.25,138683
399,1020814,0,58359,16.0243,58359,RoboticsFacility Stalker RoboticsFacility Zealot Immortal Immortal Stalker Immortal Pylon Pylon Stalker Immortal Immortal Pylon Immortal Immortal Stalker Immortal Immortal Pylon Immortal Stalker Pylon RoboticsBay Probe Probe Zealot Probe Probe Pylon Probe Probe Immortal Zealot,48.25,138683
412,1033139,0,60581,16.2107,60581,RoboticsFacility Stalker RoboticsFacility Zealot Immortal Immortal Stalker Immortal Pylon Pylon Stalker Immortal Immortal Pylon Immortal Immortal Stalker Immortal Immortal Pylon Immortal Stalker Pylon RoboticsBay Probe Probe Zealot Probe Probe Pylon Probe Probe Colossus Pylon,48.25,138683
412,1040494,0,62086,16.3236,62086,RoboticsFacility Stalker RoboticsFacility Zealot Immortal Immortal Stalker Immortal Pylon Pylon Stalker Immortal Immortal Pylon Immortal Immortal Stalker Immortal Immortal Pylon Immortal Stalker Pylon RoboticsBay Probe Probe Zealot Probe Probe Pylon Probe Probe Immortal Stalker,48.25,138683
425,1042479,0,62515,16.3537,62515,RoboticsFacility Stalker RoboticsFacility Zealot Immortal Immortal Stalker Immortal Pylon Pylon Stalker Immortal Immortal Pylon Immortal Immortal Stalker Immortal Immortal Pylon Immortal Stalker Pylon RoboticsBay Probe Probe Zealot Probe Probe Pylon Probe Probe Colossus Zealot,48.25,138683
426,1049282,1,64042,16.4576,64042,RoboticsFacility Stalker RoboticsFacility Zealot Immortal Immortal Stalker Immortal Pylon Pylon Stalker Immortal Immortal Pylon Immortal Immortal Stalker Immortal Immortal Pylon Immortal Stalker Pylon RoboticsBay Probe Probe Zealot Probe Probe Pylon Probe Probe Colossus Adept,48.25,138683
