0,0,0,0,0,0, ,0,0
0,29,0,1,0.000251,1,Assimilator Gateway Pylon Zealot Probe Stalker Stargate Adept RoboticsFacility FleetBeacon Zealot Probe TwilightCouncil Gateway Carrier Mothership Assimilator Stalker Pylon RoboticsBay Gateway Stalker Probe VoidRay Carrier Gateway Nexus RoboticsFacility,26.5,57148.2
0,140,0,4,0.001063,4,Adept RoboticsFacility Assimilator Probe TwilightCouncil Immortal RoboticsBay TemplarArchive Zealot Immortal Gateway Pylon Zealot RoboticsFacility Immortal Gateway Pylon Pylon Immortal DarkShrine Nexus Adept Immortal Colossus Immortal RoboticsFacility Probe Probe Probe,23.25,69355.2
0,509,0,15,0.01682,15,Stalker Probe Adept Pylon Gateway Stalker Gateway Pylon Assimilator Probe Stalker Probe RoboticsFacility Pylon Stargate RoboticsFacility Immortal FleetBeacon VoidRay Stalker Probe Stalker VoidRay RoboticsBay Pylon Tempest Nexus Adept Carrier Nexus Assimilator Colossus Zealot Probe,27.25,76445
0,1706,0,52,0.025402,52,Zealot Gateway Adept Pylon RoboticsFacility Nexus Adept Immortal Zealot Immortal Zealot Pylon RoboticsBay Stalker Adept Probe Colossus Stalker Pylon Zealot Assimilator Assimilator Probe Pylon Pylon Stargate Zealot TwilightCouncil Pylon Gateway Colossus Pylon Pylon Gateway Probe Zealot,24.75,82593.8
0,4536,0,144,0.071655,144,Stalker Probe Pylon Stargate VoidRay Zealot Gateway Adept FleetBeacon Adept Zealot Stalker RoboticsFacility Tempest Tempest Pylon Stalker Adept Pylon Nexus Tempest Tempest Adept Pylon Zealot Stalker Nexus Nexus Zealot TwilightCouncil Assimilator Assimilator RoboticsBay Probe Probe,30,83138.8
10,14837,0,471,0.222488,471,Adept Stargate Nexus Stalker Probe Probe Zealot Pylon Stargate Gateway Probe VoidRay Assimilator Stalker VoidRay Stargate TwilightCouncil Zealot VoidRay Pylon Probe Stalker VoidRay Assimilator Stalker RoboticsFacility FleetBeacon RoboticsFacility Carrier Pylon Stalker VoidRay Gateway Probe Probe,28,85932.8
11,27178,0,864,0.386878,864,Gateway Probe Adept RoboticsFacility RoboticsFacility Immortal Gateway Gateway Zealot Probe RoboticsBay Adept Stalker Pylon Immortal TwilightCouncil Adept Pylon Gateway Zealot Colossus Zealot Stalker Probe TemplarArchive Stalker Immortal Gateway Nexus Assimilator Gateway Stargate Nexus VoidRay Zealot Adept Probe Probe,28.25,87172.5
24,117311,0,3800,1.67904,3800,Gateway RoboticsFacility Stalker Probe Stalker Gateway Immortal Adept Pylon Immortal Zealot Stalker Immortal Adept Probe RoboticsFacility Pylon Nexus Stalker Nexus TwilightCouncil Stalker RoboticsBay DarkShrine DarkTemplar RoboticsFacility Stargate Assimilator Pylon DarkTemplar Zealot Stargate Pylon Gateway Pylon Nexus,23.5,90871
24,117511,0,3807,1.68052,3807,Gateway RoboticsFacility Zealot Adept Adept Immortal Immortal Pylon RoboticsFacility Immortal RoboticsBay Zealot RoboticsFacility Immortal Nexus Pylon Colossus Assimilator Zealot Colossus Assimilator Colossus Nexus Stalker Stargate Probe,35.5,91420
37,133525,0,4351,1.91623,4351,Gateway RoboticsFacility Immortal Gateway Zealot RoboticsBay Zealot Adept Immortal Adept Pylon Zealot Stalker Immortal Pylon Stalker Stalker Assimilator RoboticsFacility RoboticsFacility Gateway Stalker TwilightCouncil Stargate Probe Stalker Colossus TemplarArchive RoboticsFacility FleetBeacon DarkShrine Pylon Assimilator,30.5,91642
41,185446,0,6143,2.67595,6143,Gateway RoboticsFacility Immortal Gateway Stargate Pylon Adept Zealot Adept Probe Zealot VoidRay Gateway Stalker RoboticsFacility Probe TwilightCouncil Immortal Pylon Zealot Immortal VoidRay RoboticsFacility Stalker Probe RoboticsFacility Assimilator Zealot Gateway Nexus RoboticsFacility RoboticsFacility DarkShrine Gateway Gateway Pylon Assimilator,29.25,92217.8
50,195044,0,6488,2.81236,6488,Gateway RoboticsFacility Immortal RoboticsFacility Adept RoboticsFacility Immortal Stalker Probe Immortal Gateway Nexus Zealot Immortal Immortal Pylon Immortal Immortal Adept Nexus Pylon Stargate Adept Pylon Zealot Stargate FleetBeacon TwilightCouncil Stargate Probe,33.75,92511.2
50,202754,0,6764,2.93629,6764,Gateway RoboticsFacility Immortal Adept Pylon Zealot Stalker Adept RoboticsFacility Probe Stalker Stalker Stalker Immortal Zealot Immortal Stargate Pylon VoidRay RoboticsFacility Pylon Probe Gateway Zealot Adept Probe Probe RoboticsBay Nexus Nexus Colossus Gateway RoboticsFacility Immortal Stalker Gateway,29,93442.5
50,215003,0,7203,3.10901,7203,Gateway RoboticsFacility Immortal RoboticsFacility Adept Nexus Stalker Zealot Adept Immortal Adept Adept Stalker Immortal Adept Immortal Pylon RoboticsBay Stargate Stalker Colossus Nexus Immortal FleetBeacon Gateway RoboticsFacility RoboticsFacility Adept Assimilator,36.25,98464.5
76,293196,0,10061,4.28143,10061,Gateway RoboticsFacility Immortal RoboticsFacility Adept Stalker Pylon Stargate Immortal Immortal Stalker Adept Immortal Stalker RoboticsFacility Stalker Nexus Stalker Immortal VoidRay Immortal Pylon Adept Adept Assimilator VoidRay Stalker Gateway Zealot Gateway,40.25,101660
84,331489,0,11495,4.83551,11495,Gateway RoboticsFacility Immortal RoboticsFacility Adept Stalker Pylon Pylon RoboticsBay Immortal Immortal Stalker Gateway Pylon Assimilator Stalker Immortal Immortal Colossus Colossus Probe Stalker Probe TwilightCouncil Stalker TemplarArchive RoboticsFacility DarkShrine Stargate Probe Gateway,38.75,101812
89,355765,0,12414,5.19874,12414,Gateway RoboticsFacility Immortal RoboticsFacility Adept Stalker Immortal Probe Immortal Pylon Stalker Stalker Stalker Adept Immortal RoboticsFacility Pylon Stargate Adept Nexus Immortal Stalker VoidRay TwilightCouncil RoboticsBay Stalker RoboticsFacility Immortal Nexus Probe Pylon Probe,37,106076
102,393102,0,13860,5.79554,13860,Gateway RoboticsFacility Immortal RoboticsFacility Adept Stalker Immortal Stalker Immortal Stalker Adept Probe Pylon Gateway Pylon Pylon Immortal Immortal Immortal Adept TwilightCouncil Probe Assimilator Nexus Assimilator Immortal RoboticsBay Gateway Pylon Colossus Probe,35.25,107579
131,495088,0,18077,7.42873,18077,Gateway RoboticsFacility Immortal RoboticsFacility Adept Stalker Immortal Stalker Immortal Pylon Stalker Stalker Zealot Adept Zealot RoboticsFacility Pylon Probe Stalker Immortal Stalker Pylon Probe RoboticsBay Stalker Probe Stalker Stargate Pylon Assimilator Probe Adept TwilightCouncil Pylon TemplarArchive Colossus Gateway Probe Pylon Pylon Pylon Probe,34.75,108528
131,495306,0,18087,7.4303,18087,Gateway RoboticsFacility Immortal RoboticsFacility Adept Stalker Immortal Stalker Immortal Pylon Assimilator Stalker Immortal Stalker Adept Probe Stalker Pylon Immortal Stalker Stargate Gateway TwilightCouncil Nexus RoboticsBay RoboticsFacility TemplarArchive Stargate RoboticsFacility Stalker,31.75,109131
131,539135,0,20047,8.125,20047,Gateway RoboticsFacility Immortal RoboticsFacility Adept Stalker Immortal Stalker Immortal Pylon Stalker Pylon Adept Stalker Zealot Stalker Immortal RoboticsBay Pylon Stalker Zealot Stargate Assimilator TwilightCouncil Adept Immortal Zealot Assimilator Zealot Probe FleetBeacon RoboticsFacility Stargate,37,111962
140,541377,0,20149,8.16189,20149,Gateway RoboticsFacility Immortal RoboticsFacility Adept Stalker Immortal Stalker Immortal Pylon Zealot Pylon Immortal Immortal Pylon Pylon Immortal Assimilator Immortal Pylon Zealot Immortal Zealot Nexus Nexus Probe Gateway,37.75,113306
144,559524,0,20975,8.45399,20975,Gateway RoboticsFacility Immortal RoboticsFacility Adept Stalker Immortal Stalker Immortal Pylon Pylon Immortal Adept Immortal Stalker Immortal Gateway Immortal Probe RoboticsFacility RoboticsBay Pylon Zealot Probe Adept RoboticsFacility Probe Nexus Probe Gateway TwilightCouncil Gateway Assimilator RoboticsFacility Pylon,36.25,114096
170,641500,0,24797,9.81081,24797,Gateway RoboticsFacility Immortal RoboticsFacility Adept Stalker Immortal Stalker Immortal Pylon Pylon Immortal Immortal Zealot Adept Probe Immortal Immortal Pylon Stargate VoidRay Zealot Adept TwilightCouncil DarkShrine Gateway TemplarArchive Nexus Assimilator Gateway Pylon Assimilator,39.5,114506
170,642868,0,24864,9.83007,24864,Gateway RoboticsFacility Immortal RoboticsFacility Adept Stalker Immortal Stalker Immortal Pylon Pylon Immortal Zealot Pylon Zealot Immortal Adept Immortal Zealot Immortal Immortal Assimilator Assimilator Nexus Gateway Nexus Probe,39,117597
183,702795,0,27897,10.8538,27897,Gateway RoboticsFacility Immortal RoboticsFacility Adept Stalker Immortal Stalker Immortal Pylon Pylon Immortal Zealot Stalker Pylon Stalker Pylon Immortal Pylon Stalker Adept Stalker Immortal Zealot Adept Adept Immortal Zealot Nexus RoboticsBay Probe Gateway Assimilator Assimilator,44.75,117684
209,749307,0,30357,11.7934,30357,Gateway RoboticsFacility Immortal RoboticsFacility Adept Stalker Immortal Stalker Immortal Pylon Pylon Immortal Zealot Stalker Pylon Stalker Stalker Immortal Immortal Immortal Probe Adept Pylon Stalker RoboticsBay Stargate VoidRay Stalker Stargate Pylon Adept Nexus,40.25,119608
222,815986,0,34063,12.7721,34063,Gateway RoboticsFacility Immortal RoboticsFacility Adept Stalker Immortal Stalker Immortal Pylon Pylon Immortal Zealot Stalker Pylon Stalker Stalker Probe Immortal Immortal Gateway Probe Stalker Immortal Pylon Stalker Immortal Gateway Assimilator RoboticsFacility Pylon Gateway Stargate Gateway Probe,44.5,119708
235,827509,0,34736,12.9346,34736,Gateway RoboticsFacility Immortal RoboticsFacility Adept Stalker Immortal Stalker Immortal Pylon Pylon Immortal Zealot Stalker Pylon Stalker Stalker Immortal Immortal Pylon Adept Probe Immortal Probe Pylon Immortal Stargate Stalker Stargate Assimilator Adept TwilightCouncil Adept VoidRay Probe,45.25,120336
247,852568,0,36212,13.3124,36212,Gateway RoboticsFacility Immortal RoboticsFacility Adept Stalker Immortal Stalker Immortal Pylon Pylon Immortal Zealot Stalker Pylon Stalker Stalker Immortal Immortal Adept Pylon Adept Pylon Stalker Immortal Zealot RoboticsBay Zealot RoboticsFacility Stargate Immortal Stalker TwilightCouncil,43.5,121526
247,852798,0,36226,13.3141,36226,Gateway RoboticsFacility Immortal RoboticsFacility Adept Stalker Immortal Stalker Immortal Pylon Pylon Immortal Zealot Stalker Pylon Stalker Stalker Immortal Adept Immortal Adept Pylon Immortal Pylon Adept Stalker Pylon Adept RoboticsFacility RoboticsBay Probe Stalker TwilightCouncil Zealot Stargate,44,121778
248,867803,0,37188,13.5265,37188,Gateway RoboticsFacility Immortal RoboticsFacility Adept Stalker Immortal Stalker Immortal Pylon Pylon Immortal Zealot Stalker Pylon Stalker Stalker Immortal Adept Immortal Immortal Stalker Pylon Zealot TwilightCouncil Zealot RoboticsBay RoboticsFacility Adept Stalker Stargate Gateway Gateway Probe,45.25,121847
261,893677,0,38881,13.9045,38881,Gateway RoboticsFacility Immortal RoboticsFacility Adept Stalker Immortal Stalker Immortal Pylon Pylon Immortal Zealot Stalker Pylon Stalker Stalker Immortal Adept Immortal Immortal Pylon Immortal Immortal RoboticsFacility Gateway Nexus Assimilator Stargate Probe,46,122025
274,916776,0,40472,14.2424,40472,Gateway RoboticsFacility Immortal RoboticsFacility Adept Stalker Immortal Stalker Immortal Pylon Pylon Immortal Zealot Stalker Pylon Stalker Stalker Immortal Adept Immortal Immortal Stalker Pylon Stalker Probe Zealot Pylon Stalker Gateway Nexus Probe Probe RoboticsBay Stargate,44.75,122317
274,930979,0,41532,14.4473,41532,Gateway RoboticsFacility Immortal RoboticsFacility Adept Stalker Immortal Stalker Immortal Pylon Pylon Immortal Zealot Stalker Pylon Stalker Stalker Immortal Adept Immortal Immortal Pylon Immortal Assimilator Adept Stalker Assimilator Gateway Zealot TwilightCouncil Probe Gateway,46.25,122652
286,940292,0,42255,14.5793,42255,Gateway RoboticsFacility Immortal RoboticsFacility Adept Stalker Immortal Stalker Immortal Pylon Pylon Immortal Zealot Stalker Pylon Stalker Stalker Immortal Adept Immortal Immortal Pylon Immortal Adept Adept Probe Stalker Nexus Assimilator Assimilator TwilightCouncil Pylon Pylon,46.5,122834
286,943056,0,42489,14.6117,42489,Gateway RoboticsFacility Immortal RoboticsFacility Adept Stalker Immortal Stalker Immortal Pylon Pylon Immortal Zealot Stalker Pylon Stalker Stalker Immortal Adept Immortal Immortal Pylon Adept Probe Adept Immortal Stalker Stargate FleetBeacon Nexus Assimilator,46.5,123062
299,965257,0,44375,14.9251,44375,Gateway RoboticsFacility Immortal RoboticsFacility Adept Stalker Immortal Stalker Immortal Pylon Pylon Immortal Zealot Stalker Pylon Stalker Stalker Immortal Adept Immortal Immortal Pylon Stalker Immortal Stalker Pylon Pylon RoboticsBay RoboticsFacility Gateway Assimilator Stargate Pylon,45.75,123236
299,967318,0,44558,14.964,44558,Gateway RoboticsFacility Immortal RoboticsFacility Adept Stalker Immortal Stalker Immortal Pylon Pylon Immortal Zealot Stalker Pylon Stalker Stalker Immortal Adept Immortal Immortal Pylon Adept Stalker Immortal Assimilator Zealot Stargate Probe Stargate Gateway TwilightCouncil Assimilator,46.25,123242
299,967664,0,44588,14.9666,44588,Gateway RoboticsFacility Immortal RoboticsFacility Adept Stalker Immortal Stalker Immortal Pylon Pylon Immortal Zealot Stalker Pylon Stalker Stalker Immortal Adept Immortal Immortal Pylon Stalker Adept Probe Immortal Stalker Pylon RoboticsBay TwilightCouncil Gateway Immortal Assimilator,47,123395
299,984437,0,46071,15.2053,46071,Gateway RoboticsFacility Immortal RoboticsFacility Adept Stalker Immortal Stalker Immortal Pylon Pylon Immortal Zealot Stalker Pylon Stalker Stalker Immortal Adept Immortal Immortal Pylon Stalker Stalker Immortal Assimilator Gateway Zealot Nexus Stargate,46.75,123445
299,985558,0,46172,15.2272,46172,Gateway RoboticsFacility Immortal RoboticsFacility Adept Stalker Immortal Stalker Immortal Pylon Pylon Immortal Zealot Stalker Pylon Stalker Stalker Immortal Adept Immortal Immortal Pylon Stalker Stalker Assimilator Immortal Stalker RoboticsFacility TwilightCouncil Probe Stargate Pylon,47.5,123458
299,985603,0,46176,15.2275,46176,Gateway RoboticsFacility Immortal RoboticsFacility Adept Stalker Immortal Stalker Immortal Pylon Pylon Immortal Zealot Stalker Pylon Stalker Stalker Immortal Adept Immortal Immortal Pylon Stalker Zealot Immortal Stalker Stargate Pylon TwilightCouncil RoboticsBay RoboticsFacility Gateway Probe,46.75,123544
299,985835,0,46198,15.2294,46198,Gateway RoboticsFacility Immortal RoboticsFacility Adept Stalker Immortal Stalker Immortal Pylon Pylon Immortal Zealot Stalker Pylon Stalker Stalker Immortal Adept Immortal Immortal Pylon Stalker Stalker Immortal Stalker TwilightCouncil Stargate DarkShrine Probe Pylon Pylon Assimilator Assimilator,47.5,124031
312,987926,0,46393,15.2577,46393,Gateway RoboticsFacility Immortal RoboticsFacility Adept Stalker Immortal Stalker Immortal Pylon Pylon Immortal Zealot Stalker Pylon Stalker Stalker Immortal Adept Immortal Immortal Pylon Stalker Stalker Immortal Stalker Gateway Gateway Assimilator RoboticsBay TwilightCouncil RoboticsFacility,47.5,124031
312,999590,0,47503,15.418,47503,Gateway RoboticsFacility Immortal RoboticsFacility Adept Stalker Immortal Stalker Immortal Pylon Pylon Immortal Zealot Stalker Pylon Stalker Stalker Immortal Adept Immortal Immortal Pylon Stalker Immortal Stalker Stalker Gateway RoboticsBay Nexus Probe Pylon,47.5,124125
312,1004232,0,47944,15.4898,47944,Gateway RoboticsFacility Immortal RoboticsFacility Adept Stalker Immortal Stalker Immortal Pylon Pylon Immortal Zealot Stalker Pylon Stalker Stalker Immortal Adept Immortal Immortal Pylon Stalker Immortal Stalker Stalker RoboticsBay Gateway Probe Pylon Gateway Assimilator Zealot Zealot,47.5,124125
325,1015029,0,49141,15.6446,49141,Gateway RoboticsFacility Immortal RoboticsFacility Adept Stalker Immortal Stalker Immortal Pylon Pylon Immortal Zealot Stalker Pylon Stalker Stalker Immortal Adept Immortal Immortal Pylon Stalker Immortal Stalker Stalker Pylon Probe Zealot Zealot Adept Probe RoboticsFacility Gateway Assimilator,48.5,124162
337,1028929,0,50763,15.8355,50763,Gateway RoboticsFacility Immortal RoboticsFacility Adept Stalker Immortal Stalker Immortal Pylon Pylon Immortal Zealot Stalker Pylon Stalker Stalker Immortal Adept Immortal Immortal Pylon Stalker Immortal Stalker Stalker Pylon Probe Probe Assimilator Zealot RoboticsFacility Stargate RoboticsFacility Assimilator,48.5,124162
346,1044251,0,52713,16.0591,52713,Gateway RoboticsFacility Immortal RoboticsFacility Adept Stalker Immortal Stalker Immortal Pylon Pylon Immortal Zealot Stalker Pylon Stalker Stalker Immortal Adept Immortal Immortal Pylon Stalker Immortal Stalker Stalker Pylon Zealot Probe Stalker Probe Nexus Probe,48.5,124162
346,1049277,0,53406,16.1648,53406,Gateway RoboticsFacility Immortal RoboticsFacility Adept Stalker Immortal Stalker Immortal Pylon Pylon Immortal Zealot Stalker Pylon Stalker Stalker Immortal Adept Immortal Immortal Pylon Stalker Immortal Stalker Stalker Pylon Probe Zealot Pylon Zealot Probe Probe Adept Probe Assimilator Pylon Probe,48.5,124162
359,1068670,0,56225,16.4714,56225,Gateway RoboticsFacility Immortal RoboticsFacility Adept Stalker Immortal Stalker Immortal Pylon Pylon Immortal Zealot Stalker Pylon Stalker Stalker Immortal Adept Immortal Immortal Pylon Stalker Immortal Stalker Stalker Pylon Probe Probe Zealot Adept Probe Probe Assimilator Pylon Gateway Pylon,48.5,124162
372,1080187,0,57941,16.7175,57941,Gateway RoboticsFacility Immortal RoboticsFacility Adept Stalker Immortal Stalker Immortal Pylon Pylon Immortal Zealot Stalker Pylon Stalker Stalker Immortal Adept Immortal Immortal Pylon Stalker Immortal Stalker Stalker Pylon Probe Probe Probe Zealot Probe Gateway Adept RoboticsFacility Pylon,48.5,124162
385,1083373,0,58425,16.7934,58425,Gateway RoboticsFacility Immortal RoboticsFacility Adept Stalker Immortal Stalker Immortal Pylon Pylon Immortal Zealot Stalker Pylon Stalker Stalker Immortal Adept Immortal Immortal Pylon Stalker Immortal Stalker Stalker Pylon Probe Probe Probe Zealot Adept Probe Assimilator Probe Stargate Gateway,48.5,124162
398,1099277,0,60932,17.0668,60932,Gateway RoboticsFacility Immortal RoboticsFacility Adept Stalker Immortal Stalker Immortal Pylon Pylon Immortal Zealot Stalker Pylon Stalker Stalker Immortal Adept Immortal Immortal Pylon Stalker Immortal Stalker Stalker Pylon Probe Probe Probe Zealot Probe Stalker Probe Assimilator Stargate Gateway,48.5,124162
411,1115460,0,63778,17.3238,63778,Gateway RoboticsFacility Immortal RoboticsFacility Adept Stalker Immortal Stalker Immortal Pylon Pylon Immortal Zealot Stalker Pylon Stalker Stalker Immortal Adept Immortal Immortal Pylon Stalker Immortal Stalker Stalker Pylon Probe Probe Probe Zealot Pylon Probe Probe Stargate Stalker Adept,48.5,124162
411,1117780,0,64230,17.3862,64230,Gateway RoboticsFacility Immortal RoboticsFacility Adept Stalker Immortal Stalker Immortal Pylon Pylon Immortal Zealot Stalker Pylon Stalker Stalker Immortal Adept Immortal Immortal Pylon Stalker Immortal Stalker Stalker Pylon Probe Probe Probe Zealot Pylon Probe Probe Stalker Probe Stalker Assimilator,48.5,124162
424,1117978,0,64270,17.3878,64270,Gateway RoboticsFacility Immortal RoboticsFacility Adept Stalker Immortal Stalker Immortal Pylon Pylon Immortal Zealot Stalker Pylon Stalker Stalker Immortal Adept Immortal Immortal Pylon Stalker Immortal Stalker Stalker Pylon Probe Probe Probe Zealot Pylon Pylon Probe Probe Immortal,48.5,124162
426,1125302,2,65777,17.539,65777,Gateway RoboticsFacility Immortal RoboticsFacility Adept Stalker Immortal Stalker Immortal Pylon Pylon Immortal Zealot Stalker Pylon Stalker Stalker Immortal Adept Immortal Immortal Pylon Stalker Immortal Stalker Stalker Pylon Probe Probe Probe Zealot Pylon Probe Probe Immortal Stalker,48.5,124162
