0,0,0,0,0,0, ,0,0
0,31,0,1,0.00027,1,Nexus Probe Nexus TwilightCouncil RoboticsFacility Nexus Zealot RoboticsFacility TemplarArchive RoboticsFacility Nexus Adept DarkShrine Probe Stargate RoboticsBay Adept Stalker Colossus VoidRay Nexus FleetBeacon Stargate Stalker Gateway Nexus Probe Assimilator Probe Probe,14.25,20358.8
0,100,0,3,0.000813,3,Stargate Zealot FleetBeacon Nexus Tempest Gateway Stalker Probe Probe TwilightCouncil Tempest Adept Mothership Probe VoidRay Probe Pylon DarkShrine Assimilator VoidRay RoboticsFacility Assimilator TemplarArchive Probe Nexus Adept Gateway Gateway Pylon Nexus Probe Pylon Zealot Gateway Pylon,16.5,48655
0,129,0,4,0.00103,4,Pylon Stargate Assimilator Probe VoidRay RoboticsFacility Probe Stalker RoboticsBay Nexus Gateway VoidRay FleetBeacon RoboticsFacility Stalker Tempest Immortal Mothership VoidRay Adept Adept Stalker Probe Gateway Stalker Adept Nexus TwilightCouncil,29.5,68441
0,758,0,25,0.013434,25,Zealot Gateway Gateway Gateway Adept Adept Stalker Stalker Stalker Pylon RoboticsFacility Immortal Probe Nexus Stalker Zealot Stalker Zealot Stargate Pylon TwilightCouncil Gateway Zealot Immortal Stalker Probe VoidRay VoidRay Stalker FleetBeacon Adept DarkShrine Immortal Zealot RoboticsFacility Zealot,31.5,88991.2
11,48354,0,1553,0.527367,1553,Probe RoboticsFacility Gateway RoboticsBay Adept Assimilator Immortal Adept Pylon Pylon Probe Adept Immortal Stalker Assimilator Probe RoboticsFacility Immortal TwilightCouncil Colossus Colossus Adept Adept Pylon DarkShrine Gateway Zealot Pylon Gateway Zealot Immortal Stalker Zealot Probe,31.25,90386
25,82759,0,2622,0.984611,2622,Probe Stalker RoboticsFacility Probe Zealot Gateway Immortal Stalker Pylon Stalker Stargate Stargate Assimilator VoidRay RoboticsFacility Gateway Pylon VoidRay Immortal Gateway Stalker Gateway FleetBeacon Immortal Carrier Nexus RoboticsFacility Nexus Probe,33.25,90499.2
25,90244,0,2852,1.08109,2852,Probe RoboticsFacility Stalker Stalker RoboticsFacility Stargate Immortal Immortal Probe Immortal Zealot Probe Pylon Zealot RoboticsFacility Pylon VoidRay Stalker Probe Zealot Pylon Immortal Pylon Pylon Immortal RoboticsFacility Stargate RoboticsFacility Immortal Stalker Assimilator RoboticsFacility Stalker Pylon Probe Probe Assimilator Nexus Pylon Pylon Gateway Gateway,36.5,95707.5
55,200020,0,6319,2.29423,6319,Probe RoboticsFacility Stalker RoboticsFacility Immortal RoboticsFacility Stalker Pylon Stalker Assimilator RoboticsFacility Immortal Immortal Adept Gateway Pylon Stalker Stargate Immortal Zealot VoidRay Pylon Stalker Assimilator Zealot Adept VoidRay Adept Pylon Probe Stalker Immortal Probe,37.5,101358
72,281425,0,9013,3.19164,9013,Probe RoboticsFacility Stalker RoboticsFacility Immortal Immortal Stalker Pylon Immortal Immortal TwilightCouncil Assimilator Immortal Immortal DarkShrine Gateway Nexus DarkTemplar DarkTemplar DarkTemplar Probe Nexus TemplarArchive Gateway RoboticsFacility Stargate Immortal Probe,31,103458
91,320650,0,10339,3.73941,10339,Probe RoboticsFacility Stalker RoboticsFacility Immortal Gateway Probe Zealot Probe Immortal Stalker Zealot Stalker Pylon Zealot Pylon TwilightCouncil Zealot Adept Stalker TemplarArchive RoboticsFacility Immortal Pylon Zealot Stalker Probe Gateway Assimilator Immortal Adept Gateway Assimilator Stalker RoboticsFacility RoboticsFacility Gateway Nexus Probe RoboticsFacility Stargate,33,104480
93,353842,0,11499,4.22535,11499,Probe RoboticsFacility Stalker RoboticsFacility Immortal Immortal Adept Immortal Immortal Stalker Pylon Immortal RoboticsFacility TwilightCouncil Assimilator Stalker Adept Pylon RoboticsFacility TemplarArchive Stalker RoboticsFacility Stargate DarkShrine Probe Pylon FleetBeacon Probe Adept Immortal RoboticsFacility Probe Assimilator Probe Gateway,28.25,104759
107,387598,0,12726,4.60136,12726,Probe RoboticsFacility Stalker RoboticsFacility Immortal Immortal Gateway Adept Nexus Adept Immortal Zealot Adept Immortal Immortal Probe Adept Adept Assimilator Pylon Adept Pylon Stalker Stalker Assimilator RoboticsBay Adept Stalker Stalker RoboticsFacility Pylon Immortal Zealot Zealot Probe Probe,37.25,110894
121,450283,0,15060,5.30872,15060,Probe RoboticsFacility Stalker RoboticsFacility Immortal Immortal Gateway Adept Pylon Immortal Immortal Adept Stalker Pylon Assimilator Pylon Immortal Stalker RoboticsBay Stalker Pylon Stalker Zealot Colossus Probe Adept Adept Stargate TwilightCouncil Colossus FleetBeacon Gateway Probe,38.5,119284
160,601492,0,20974,6.65052,20974,Probe RoboticsFacility Stalker RoboticsFacility Immortal Immortal Gateway Adept Pylon Immortal Immortal Immortal Immortal Pylon Pylon Immortal RoboticsFacility Stalker Immortal Pylon Stalker Adept Probe Stalker Stargate VoidRay Immortal Assimilator Assimilator Nexus TwilightCouncil Pylon Probe,39.5,123650
189,689467,0,24865,7.38309,24865,Probe RoboticsFacility Stalker RoboticsFacility Immortal Immortal Gateway Adept Pylon Immortal Immortal Immortal Stalker Pylon Immortal Zealot Immortal Pylon Adept Immortal Gateway Adept Nexus Gateway Stargate Pylon Stalker RoboticsBay Zealot VoidRay Gateway Adept,41,127016
215,796495,0,30161,8.64561,30161,Probe RoboticsFacility Stalker RoboticsFacility Immortal Immortal Gateway Adept Pylon Immortal Immortal Immortal Stalker Pylon Immortal Adept Immortal Pylon Immortal RoboticsBay Stalker Probe Adept Pylon Gateway Probe RoboticsFacility Gateway Assimilator Immortal Assimilator Gateway Stalker Stargate Stargate,42.75,127394
223,797563,0,30219,8.66169,30219,Probe RoboticsFacility Stalker RoboticsFacility Immortal Immortal Gateway Adept Pylon Immortal Immortal Immortal Stalker Pylon Immortal Pylon Immortal Stalker Zealot Stalker Stalker Probe Pylon Pylon Stargate Immortal Probe RoboticsBay TwilightCouncil VoidRay Pylon Adept Zealot Nexus Probe Assimilator,41,127408
228,808780,0,30825,8.77921,30825,Probe RoboticsFacility Stalker RoboticsFacility Immortal Immortal Gateway Adept Pylon Immortal Immortal Immortal Stalker Pylon Immortal Adept Pylon Adept Immortal Immortal Gateway Stalker TwilightCouncil Stalker RoboticsFacility RoboticsFacility Gateway Assimilator Assimilator Stargate Nexus Pylon,40.75,129322
228,828129,0,31878,9.02301,31878,Probe RoboticsFacility Stalker RoboticsFacility Immortal Immortal Gateway Adept Pylon Immortal Immortal Immortal Stalker Pylon Immortal Stalker Immortal Zealot Pylon Immortal Gateway Immortal Nexus Gateway RoboticsFacility Assimilator RoboticsBay Nexus Assimilator,41.25,129651
241,835910,0,32312,9.12417,32312,Probe RoboticsFacility Stalker RoboticsFacility Immortal Immortal Gateway Adept Pylon Immortal Immortal Immortal Stalker Pylon Immortal Stalker Stalker Immortal Pylon Immortal Assimilator Assimilator RoboticsFacility TwilightCouncil Stalker Gateway Stalker TemplarArchive Nexus,41.75,129778
241,859527,0,33641,9.35878,33641,Probe RoboticsFacility Stalker RoboticsFacility Immortal Immortal Gateway Adept Pylon Immortal Immortal Immortal Stalker Pylon Immortal Stalker Immortal Zealot Pylon Immortal Immortal RoboticsFacility RoboticsFacility TwilightCouncil Assimilator RoboticsFacility Gateway RoboticsBay Gateway Nexus,41.25,130364
241,860127,0,33675,9.36306,33675,Probe RoboticsFacility Stalker RoboticsFacility Immortal Immortal Gateway Adept Pylon Immortal Immortal Immortal Stalker Pylon Immortal Stalker Stalker Immortal Pylon Immortal Pylon Zealot Zealot Zealot RoboticsBay TwilightCouncil Gateway RoboticsFacility RoboticsFacility Stargate Adept Gateway Probe Gateway Adept Probe,41.25,131253
241,863490,0,33866,9.39215,33866,Probe RoboticsFacility Stalker RoboticsFacility Immortal Immortal Gateway Adept Pylon Immortal Immortal Immortal Stalker Pylon Immortal Stalker Pylon Stalker Immortal Stalker Stalker Immortal Nexus Pylon Assimilator RoboticsFacility Zealot RoboticsBay RoboticsFacility Gateway Stargate Zealot,42.75,132566
254,883474,0,35015,9.56994,35015,Probe RoboticsFacility Stalker RoboticsFacility Immortal Immortal Gateway Adept Pylon Immortal Immortal Immortal Stalker Pylon Immortal Stalker Pylon Immortal Immortal Probe Adept Zealot Pylon Adept Immortal Stalker Assimilator RoboticsBay Stargate FleetBeacon Pylon Probe RoboticsFacility Pylon Assimilator,45.5,133392
267,923536,0,37450,9.95673,37450,Probe RoboticsFacility Stalker RoboticsFacility Immortal Immortal Gateway Adept Pylon Immortal Immortal Immortal Stalker Pylon Immortal Stalker Pylon Immortal Immortal Adept Immortal Pylon Stalker Probe Stalker RoboticsFacility TwilightCouncil Probe RoboticsFacility Pylon Zealot Immortal Assimilator Pylon Probe RoboticsFacility,46,133642
280,943353,0,38784,10.1107,38784,Probe RoboticsFacility Stalker RoboticsFacility Immortal Immortal Gateway Adept Pylon Immortal Immortal Immortal Stalker Pylon Immortal Stalker Pylon Immortal Immortal Pylon Stalker Stalker Immortal Immortal Stargate RoboticsFacility Probe Stargate Nexus Probe Pylon Assimilator,47.5,134624
280,949764,0,39238,10.2078,39238,Probe RoboticsFacility Stalker RoboticsFacility Immortal Immortal Gateway Adept Pylon Immortal Immortal Immortal Stalker Pylon Immortal Stalker Pylon Immortal Immortal Zealot Pylon Stalker Stalker Immortal Zealot Stalker Stargate FleetBeacon TwilightCouncil Nexus Assimilator,47.5,134933
280,953425,0,39499,10.2332,39499,Probe RoboticsFacility Stalker RoboticsFacility Immortal Immortal Gateway Adept Pylon Immortal Immortal Immortal Stalker Pylon Immortal Stalker Pylon Immortal Immortal Stalker Pylon Stalker Immortal Zealot Adept Pylon Stargate Adept FleetBeacon TwilightCouncil Probe Zealot Stalker Probe Assimilator,47.25,135268
293,984586,0,41793,10.5921,41793,Probe RoboticsFacility Stalker RoboticsFacility Immortal Immortal Gateway Adept Pylon Immortal Immortal Immortal Stalker Pylon Immortal Stalker Pylon Immortal Immortal Stalker Pylon Stalker Immortal Immortal Stalker TwilightCouncil TemplarArchive Pylon Nexus RoboticsFacility,49.25,135913
319,1038114,0,46008,11.0723,46008,Probe RoboticsFacility Stalker RoboticsFacility Immortal Immortal Gateway Adept Pylon Immortal Immortal Immortal Stalker Pylon Immortal Stalker Pylon Immortal Immortal Stalker Pylon Stalker Immortal Stalker Immortal Stargate Nexus RoboticsFacility Pylon TwilightCouncil,49.25,135928
319,1039065,0,46099,11.0795,46099,Probe RoboticsFacility Stalker RoboticsFacility Immortal Immortal Gateway Adept Pylon Immortal Immortal Immortal Stalker Pylon Immortal Stalker Pylon Immortal Immortal Stalker Pylon Stalker Immortal Immortal Pylon Stalker Adept Nexus Stargate Assimilator Zealot Probe,50.5,135994
332,1041665,0,46340,11.0985,46340,Probe RoboticsFacility Stalker RoboticsFacility Immortal Immortal Gateway Adept Pylon Immortal Immortal Immortal Stalker Pylon Immortal Stalker Pylon Immortal Immortal Stalker Pylon Stalker Immortal Stalker Stalker Nexus Adept Pylon RoboticsFacility Probe Assimilator RoboticsFacility Probe Assimilator,48.5,136017
332,1046957,0,46839,11.1352,46839,Probe RoboticsFacility Stalker RoboticsFacility Immortal Immortal Gateway Adept Pylon Immortal Immortal Immortal Stalker Pylon Immortal Stalker Pylon Immortal Immortal Stalker Pylon Stalker Immortal Stalker Pylon Stalker Immortal Pylon Stargate Stalker Gateway Stalker Pylon,51,136037
332,1046991,0,46842,11.1354,46842,Probe RoboticsFacility Stalker RoboticsFacility Immortal Immortal Gateway Adept Pylon Immortal Immortal Immortal Stalker Pylon Immortal Stalker Pylon Immortal Immortal Stalker Pylon Stalker Immortal Immortal Stalker Pylon Stalker RoboticsFacility RoboticsFacility Immortal Zealot Assimilator,51,136058
332,1049470,0,47075,11.1526,47075,Probe RoboticsFacility Stalker RoboticsFacility Immortal Immortal Gateway Adept Pylon Immortal Immortal Immortal Stalker Pylon Immortal Stalker Pylon Immortal Immortal Stalker Pylon Stalker Immortal Stalker Immortal Pylon Stalker Gateway Assimilator TwilightCouncil Adept Gateway Assimilator Probe,51,136073
332,1051156,0,47231,11.1642,47231,Probe RoboticsFacility Stalker RoboticsFacility Immortal Immortal Gateway Adept Pylon Immortal Immortal Immortal Stalker Pylon Immortal Stalker Pylon Immortal Immortal Stalker Pylon Stalker Immortal Stalker Stalker Adept RoboticsFacility Gateway RoboticsFacility Pylon Gateway Zealot Pylon Stalker,48.5,136168
332,1059265,0,47995,11.2205,47995,Probe RoboticsFacility Stalker RoboticsFacility Immortal Immortal Gateway Adept Pylon Immortal Immortal Immortal Stalker Pylon Immortal Stalker Pylon Immortal Immortal Stalker Pylon Stalker Immortal Stalker Stalker Stalker Gateway Nexus Nexus Assimilator,49,136312
345,1063278,0,48412,11.2494,48412,Probe RoboticsFacility Stalker RoboticsFacility Immortal Immortal Gateway Adept Pylon Immortal Immortal Immortal Stalker Pylon Immortal Stalker Pylon Immortal Immortal Stalker Pylon Stalker Immortal Stalker Stalker Stalker Pylon Stargate Assimilator Stalker RoboticsBay Assimilator Adept Gateway Probe,49,136312
345,1067865,0,48880,11.2929,48880,Probe RoboticsFacility Stalker RoboticsFacility Immortal Immortal Gateway Adept Pylon Immortal Immortal Immortal Stalker Pylon Immortal Stalker Pylon Immortal Immortal Stalker Pylon Stalker Immortal Stalker Stalker Pylon RoboticsBay Stalker TwilightCouncil Immortal Gateway Assimilator Assimilator Probe,49,136312
345,1069740,0,49074,11.3178,49074,Probe RoboticsFacility Stalker RoboticsFacility Immortal Immortal Gateway Adept Pylon Immortal Immortal Immortal Stalker Pylon Immortal Stalker Pylon Immortal Immortal Stalker Pylon Stalker Immortal Stalker Stalker RoboticsBay Pylon Stalker Stalker Immortal TwilightCouncil Probe Assimilator Pylon,50.75,136457
345,1072105,0,49317,11.3461,49317,Probe RoboticsFacility Stalker RoboticsFacility Immortal Immortal Gateway Adept Pylon Immortal Immortal Immortal Stalker Pylon Immortal Stalker Pylon Immortal Immortal Stalker Pylon Stalker Immortal Stalker Stalker Pylon Assimilator Stalker TwilightCouncil Zealot Gateway Pylon TemplarArchive Assimilator,50,136479
345,1079210,0,50052,11.4322,50052,Probe RoboticsFacility Stalker RoboticsFacility Immortal Immortal Gateway Adept Pylon Immortal Immortal Immortal Stalker Pylon Immortal Stalker Pylon Immortal Immortal Stalker Pylon Stalker Immortal Stalker Stalker Pylon Pylon Stalker Zealot Stargate Stargate RoboticsFacility Probe Pylon Zealot,50,136498
357,1083517,0,50532,11.4756,50532,Probe RoboticsFacility Stalker RoboticsFacility Immortal Immortal Gateway Adept Pylon Immortal Immortal Immortal Stalker Pylon Immortal Stalker Pylon Immortal Immortal Stalker Pylon Stalker Immortal Stalker Stalker Pylon Stalker Zealot Stargate Adept Pylon Zealot Gateway Stargate Probe,50,136498
357,1087669,0,50996,11.5038,50996,Probe RoboticsFacility Stalker RoboticsFacility Immortal Immortal Gateway Adept Pylon Immortal Immortal Immortal Stalker Pylon Immortal Stalker Pylon Immortal Immortal Stalker Pylon Stalker Immortal Stalker Stalker Pylon Stalker Stargate Stalker Probe Assimilator TwilightCouncil Gateway Assimilator Stalker,50.75,136526
357,1098607,0,52214,11.6281,52214,Probe RoboticsFacility Stalker RoboticsFacility Immortal Immortal Gateway Adept Pylon Immortal Immortal Immortal Stalker Pylon Immortal Stalker Pylon Immortal Immortal Stalker Pylon Stalker Immortal Stalker Stalker Pylon Stalker Pylon Stalker Probe Zealot RoboticsFacility Immortal RoboticsFacility,50.75,136526
370,1108290,0,53330,11.704,53330,Probe RoboticsFacility Stalker RoboticsFacility Immortal Immortal Gateway Adept Pylon Immortal Immortal Immortal Stalker Pylon Immortal Stalker Pylon Immortal Immortal Stalker Pylon Stalker Immortal Stalker Stalker Pylon Stalker Pylon Stalker Stalker RoboticsFacility Probe Immortal Adept,50.75,136526
370,1111965,0,53758,11.7297,53758,Probe RoboticsFacility Stalker RoboticsFacility Immortal Immortal Gateway Adept Pylon Immortal Immortal Immortal Stalker Pylon Immortal Stalker Pylon Immortal Immortal Stalker Pylon Stalker Immortal Stalker Stalker Pylon RoboticsBay Stalker Stalker Probe Gateway RoboticsFacility Probe Stalker Gateway,50.75,136526
396,1142683,0,57930,12.0125,57930,Probe RoboticsFacility Stalker RoboticsFacility Immortal Immortal Gateway Adept Pylon Immortal Immortal Immortal Stalker Pylon Immortal Stalker Pylon Immortal Immortal Stalker Pylon Stalker Immortal Stalker Stalker Pylon RoboticsBay Stalker Stalker Probe Zealot RoboticsFacility Probe Zealot Assimilator Assimilator,50.75,136526
396,1143308,0,58025,12.0169,58025,Probe RoboticsFacility Stalker RoboticsFacility Immortal Immortal Gateway Adept Pylon Immortal Immortal Immortal Stalker Pylon Immortal Stalker Pylon Immortal Immortal Stalker Pylon Stalker Immortal Stalker Stalker Pylon RoboticsBay Stalker Stalker Gateway Probe Probe Assimilator Immortal Assimilator,50.75,136526
396,1144165,0,58164,12.0236,58164,Probe RoboticsFacility Stalker RoboticsFacility Immortal Immortal Gateway Adept Pylon Immortal Immortal Immortal Stalker Pylon Immortal Stalker Pylon Immortal Immortal Stalker Pylon Stalker Immortal Stalker Stalker Pylon RoboticsBay Stalker Stalker Probe Probe Probe Assimilator Pylon Gateway Stalker Probe Probe,50.75,136526
396,1144482,0,58216,12.026,58216,Probe RoboticsFacility Stalker RoboticsFacility Immortal Immortal Gateway Adept Pylon Immortal Immortal Immortal Stalker Pylon Immortal Stalker Pylon Immortal Immortal Stalker Pylon Stalker Immortal Stalker Stalker Pylon RoboticsBay Stalker Stalker Probe Probe Probe RoboticsFacility Probe Adept Pylon Pylon,50.75,136526
424,1157505,0,60346,12.1437,60346,Probe RoboticsFacility Stalker RoboticsFacility Immortal Immortal Gateway Adept Pylon Immortal Immortal Immortal Stalker Pylon Immortal Stalker Pylon Immortal Immortal Stalker Pylon Stalker Immortal Stalker Stalker Pylon RoboticsBay Stalker Stalker Probe Probe Stalker Probe Probe Gateway Stargate Assimilator,50.75,136526
436,1170361,0,62489,12.244,62489,Probe RoboticsFacility Stalker RoboticsFacility Immortal Immortal Gateway Adept Pylon Immortal Immortal Immortal Stalker Pylon Immortal Stalker Pylon Immortal Immortal Stalker Pylon Stalker Immortal Stalker Stalker Pylon RoboticsBay Stalker Stalker Probe Probe Probe Pylon Probe Zealot RoboticsFacility Stalker,50.75,136526
436,1172660,0,62885,12.2724,62885,Probe RoboticsFacility Stalker RoboticsFacility Immortal Immortal Gateway Adept Pylon Immortal Immortal Immortal Stalker Pylon Immortal Stalker Pylon Immortal Immortal Stalker Pylon Stalker Immortal Stalker Stalker Pylon RoboticsBay Stalker Stalker Probe Probe Probe Pylon Probe Immortal Zealot,50.75,136526
436,1175130,0,63306,12.303,63306,Probe RoboticsFacility Stalker RoboticsFacility Immortal Immortal Gateway Adept Pylon Immortal Immortal Immortal Stalker Pylon Immortal Stalker Pylon Immortal Immortal Stalker Pylon Stalker Immortal Stalker Stalker Pylon RoboticsBay Stalker Stalker Probe Probe Pylon Probe Probe Colossus Probe Probe,50.75,136526
453,1184725,0,65093,12.4186,65093,Probe RoboticsFacility Stalker RoboticsFacility Immortal Immortal Gateway Adept Pylon Immortal Immortal Immortal Stalker Pylon Immortal Stalker Pylon Immortal Immortal Stalker Pylon Stalker Immortal Stalker Stalker Pylon RoboticsBay Stalker Stalker Probe Probe Pylon Zealot Probe Probe Colossus,50.75,136526
