0,0,0,0,0,0, ,0,0
0,39,0,1,0.000296,1,Stalker Pylon Probe Assimilator Nexus Probe TwilightCouncil TemplarArchive Probe Probe Nexus Adept RoboticsFacility Probe Gateway Pylon RoboticsBay Gateway Pylon Colossus Immortal Assimilator Stalker Colossus Adept RoboticsFacility Stalker Stargate Probe DarkShrine Gateway Probe Stargate Pylon Nexus Probe Stargate Probe,13.5,23470.5
0,68,0,2,0.000529,2,Probe Zealot RoboticsFacility Stargate Zealot VoidRay Gateway Adept Assimilator Zealot RoboticsFacility TwilightCouncil Nexus Assimilator RoboticsFacility VoidRay Adept RoboticsFacility DarkShrine FleetBeacon Tempest Carrier DarkTemplar Pylon Adept Pylon Stargate Probe,17.75,55594
0,195,0,6,0.001474,6,Assimilator Stalker Stargate Zealot Assimilator Stargate Pylon Zealot Adept VoidRay Probe RoboticsFacility VoidRay Immortal Nexus RoboticsBay VoidRay Adept Adept Stargate Gateway RoboticsFacility VoidRay Adept Zealot,23.25,71882
0,2413,0,79,0.033721,79,Zealot RoboticsFacility Adept RoboticsBay Pylon Immortal Pylon Stalker Assimilator Adept Gateway Zealot Zealot Pylon Immortal Stalker Pylon Pylon Zealot TwilightCouncil Probe Stargate Pylon Assimilator DarkShrine Colossus Stalker Stalker Pylon VoidRay Zealot Probe Pylon Stalker,26,75780
0,7531,0,246,0.109548,246,RoboticsFacility Immortal Stalker Stargate Adept Gateway Probe Adept Nexus Assimilator VoidRay Immortal VoidRay Adept Pylon Immortal Gateway Pylon FleetBeacon Gateway Carrier Zealot Zealot Nexus Zealot Probe Pylon Pylon Pylon,26.75,83528.2
11,23472,0,756,0.401547,756,Stalker Stargate Probe Gateway Zealot Stalker Zealot Stargate VoidRay Zealot Pylon VoidRay VoidRay Stalker Assimilator Gateway Zealot Adept Adept TwilightCouncil FleetBeacon Pylon Tempest Stargate TemplarArchive Stargate Nexus Gateway RoboticsFacility DarkShrine Stalker Gateway Probe Assimilator,28,95182
65,218288,0,7269,4.0632,7269,Stalker Stargate Probe Gateway Gateway Stalker Stalker VoidRay Zealot TwilightCouncil Probe Adept Pylon Stalker VoidRay Assimilator TemplarArchive Stalker Pylon Stalker Gateway DarkShrine Pylon Probe Adept VoidRay RoboticsFacility Stargate Gateway Probe Stalker Probe DarkTemplar Gateway Probe Pylon Probe Probe Adept Gateway VoidRay Pylon RoboticsFacility RoboticsBay Assimilator,31.5,99560.8
110,398180,0,13523,7.0433,13523,Stalker Stargate Probe Gateway Gateway Stalker Pylon Stalker VoidRay Adept VoidRay Gateway Adept Adept Stalker TwilightCouncil Stalker VoidRay Gateway Adept Pylon TemplarArchive Stalker Stalker Pylon VoidRay VoidRay Probe Stargate Stalker Pylon Probe Pylon Assimilator Gateway Gateway Nexus Assimilator Gateway,33.25,107730
137,505548,0,17467,8.63656,17467,Stalker Stargate Probe Gateway Gateway Stalker Pylon Stalker VoidRay Adept Gateway Adept Probe Stalker Pylon Stalker Zealot Stalker VoidRay Stalker Probe VoidRay VoidRay FleetBeacon Gateway Assimilator TwilightCouncil TemplarArchive Nexus Stargate Gateway Assimilator Nexus DarkShrine Gateway Gateway,31.75,109432
150,531156,0,18456,9.02147,18456,Stalker Stargate Probe Gateway Gateway Stalker Pylon Stalker VoidRay Stalker Stalker Pylon Probe Gateway Pylon Stalker VoidRay VoidRay Zealot Stalker Zealot Zealot Stargate Pylon VoidRay Zealot Assimilator Stalker VoidRay Gateway RoboticsFacility Assimilator Zealot Gateway RoboticsBay Stargate Immortal TwilightCouncil,39,115633
163,579689,0,20353,9.74655,20353,Stalker Stargate Probe Gateway Gateway Stalker Pylon Stalker VoidRay Stalker Stalker Adept Gateway Gateway VoidRay Adept Adept Pylon Probe VoidRay Stalker Adept Assimilator Stalker Stalker FleetBeacon Probe Assimilator Gateway Pylon Stalker Gateway Zealot TwilightCouncil DarkShrine Adept Nexus,33.75,115824
171,612114,0,21642,10.2224,21642,Stalker Stargate Probe Gateway Gateway Stalker Pylon Stalker VoidRay Stalker Stalker VoidRay Pylon Stalker Probe Stargate Probe Adept Assimilator Stalker Pylon VoidRay Stalker VoidRay Pylon Nexus VoidRay Zealot Probe Zealot Nexus Pylon Gateway VoidRay Zealot Stalker Zealot,37.25,116005
174,615908,0,21791,10.2763,21791,Stalker Stargate Probe Gateway Gateway Stalker Pylon Stalker VoidRay Stalker Stalker Pylon Probe VoidRay Stalker Gateway Assimilator VoidRay Stargate Stalker VoidRay VoidRay Adept Pylon Adept Adept FleetBeacon Adept Stalker TwilightCouncil Pylon Carrier DarkShrine Gateway Stalker,39,116756
176,627702,0,22270,10.4544,22270,Stalker Stargate Probe Gateway Gateway Stalker Pylon Stalker VoidRay Stalker Stalker Pylon VoidRay Zealot Stalker RoboticsFacility Stalker Zealot Adept Stalker VoidRay Zealot Assimilator Pylon VoidRay Assimilator Gateway Stalker Stargate VoidRay FleetBeacon RoboticsBay Gateway RoboticsFacility,40,120582
202,721729,0,26171,11.8661,26171,Stalker Stargate Probe Gateway Gateway Stalker Pylon Stalker VoidRay Stalker Stalker Pylon VoidRay Zealot Stalker Stalker Zealot Zealot Stalker Assimilator Zealot VoidRay Pylon Adept Zealot TwilightCouncil TemplarArchive Adept Probe DarkShrine Pylon FleetBeacon Carrier Zealot Nexus Probe,33.5,120898
215,792022,0,29289,12.9264,29289,Stalker Stargate Probe Gateway Gateway Stalker Pylon Stalker VoidRay Stalker Stalker Pylon VoidRay Zealot Stalker VoidRay Stalker Adept Pylon Gateway Probe Gateway Gateway VoidRay Zealot Stalker Zealot Zealot FleetBeacon Stalker Pylon TwilightCouncil Stalker Stalker DarkShrine RoboticsFacility Gateway Gateway Zealot Stalker Assimilator,40.5,121400
228,829766,0,31012,13.4843,31012,Stalker Stargate Probe Gateway Gateway Stalker Pylon Stalker VoidRay Stalker Stalker Pylon VoidRay Zealot Stalker VoidRay Stalker Pylon Assimilator Zealot Adept Stalker Stalker Stalker TwilightCouncil Stalker Gateway DarkShrine Adept FleetBeacon Adept Zealot Nexus Assimilator TemplarArchive Pylon,38,123028
241,883102,0,33577,14.2863,33577,Stalker Stargate Probe Gateway Gateway Stalker Pylon Stalker VoidRay Stalker Stalker Pylon VoidRay Zealot Stalker VoidRay Stalker Pylon Zealot Assimilator Adept Stalker Adept Zealot VoidRay Zealot TwilightCouncil Stalker Assimilator DarkShrine Nexus Nexus Pylon,38.25,125032
267,956581,0,37335,15.3824,37335,Stalker Stargate Probe Gateway Gateway Stalker Pylon Stalker VoidRay Stalker Stalker Pylon VoidRay Zealot Stalker VoidRay Stalker Pylon Zealot Assimilator Zealot Probe Stalker Zealot Pylon VoidRay Assimilator Stalker Zealot Adept Zealot Gateway Zealot Adept Probe Gateway RoboticsFacility RoboticsFacility Stargate,41.25,126567
280,979023,0,38520,15.7346,38520,Stalker Stargate Probe Gateway Gateway Stalker Pylon Stalker VoidRay Stalker Stalker Pylon VoidRay Zealot Stalker VoidRay Stalker Pylon Zealot Stalker Stalker Stalker Zealot Adept Pylon VoidRay TwilightCouncil Adept Pylon Stalker Nexus Pylon Stargate DarkShrine Adept Zealot Nexus Probe,40.75,127612
293,1013315,0,40383,16.2531,40383,Stalker Stargate Probe Gateway Gateway Stalker Pylon Stalker VoidRay Stalker Stalker Pylon VoidRay Zealot Stalker VoidRay Stalker Pylon Zealot Stalker Zealot Stalker Stalker VoidRay Assimilator Adept Stargate Pylon Adept Stargate Stalker Nexus Adept Stargate VoidRay RoboticsFacility,42,128398
306,1073518,0,43795,17.1568,43795,Stalker Stargate Probe Gateway Gateway Stalker Pylon Stalker VoidRay Stalker Stalker Pylon VoidRay Zealot Stalker VoidRay Stalker Pylon Zealot Stalker Zealot Zealot Stalker Probe VoidRay Assimilator Pylon Stalker TwilightCouncil Adept Adept Pylon DarkShrine Assimilator Stalker Nexus Stargate Stargate Probe,41.75,128838
332,1114402,0,46245,17.7643,46245,Stalker Stargate Probe Gateway Gateway Stalker Pylon Stalker VoidRay Stalker Stalker Pylon VoidRay Zealot Stalker VoidRay Stalker Pylon Zealot Stalker Zealot Zealot Stalker VoidRay Assimilator Zealot Zealot Gateway Pylon Adept Stalker Pylon Adept Gateway TwilightCouncil Zealot DarkShrine Probe Pylon Stalker Pylon,43,129237
332,1117209,0,46422,17.798,46422,Stalker Stargate Probe Gateway Gateway Stalker Pylon Stalker VoidRay Stalker Stalker Pylon VoidRay Zealot Stalker VoidRay Stalker Pylon Zealot Stalker Zealot Zealot Stalker Pylon Zealot Stalker VoidRay Probe Stalker Pylon TwilightCouncil VoidRay Stalker Stalker Adept Pylon DarkShrine RoboticsFacility Probe Probe Assimilator Gateway Gateway,49,130282
332,1145347,0,48174,18.2134,48174,Stalker Stargate Probe Gateway Gateway Stalker Pylon Stalker VoidRay Stalker Stalker Pylon VoidRay Zealot Stalker VoidRay Stalker Pylon Zealot Stalker Zealot Zealot Stalker Pylon VoidRay Adept Assimilator TwilightCouncil Stalker Stalker Adept DarkShrine Adept Probe Stargate Probe Assimilator Pylon Probe Pylon Pylon TemplarArchive Probe Probe,43,130395
351,1177120,0,50222,18.7032,50222,Stalker Stargate Probe Gateway Gateway Stalker Pylon Stalker VoidRay Stalker Stalker Pylon VoidRay Zealot Stalker VoidRay Stalker Pylon Zealot Stalker Zealot Zealot Stalker Pylon VoidRay Zealot TwilightCouncil Stalker Assimilator Zealot VoidRay Stalker FleetBeacon Nexus Gateway Assimilator,45.25,130995
358,1177940,0,50280,18.7225,50280,Stalker Stargate Probe Gateway Gateway Stalker Pylon Stalker VoidRay Stalker Stalker Pylon VoidRay Zealot Stalker VoidRay Stalker Pylon Zealot Stalker Zealot Zealot Stalker Pylon VoidRay Pylon Adept Zealot Stalker Zealot Stargate Stalker Stalker Nexus Assimilator Adept Adept RoboticsFacility VoidRay,45.5,131718
358,1181857,0,50552,18.778,50552,Stalker Stargate Probe Gateway Gateway Stalker Pylon Stalker VoidRay Stalker Stalker Pylon VoidRay Zealot Stalker VoidRay Stalker Pylon Zealot Stalker Zealot Zealot Stalker Pylon VoidRay Stalker Stalker TwilightCouncil Adept Zealot Stalker Assimilator Assimilator Gateway Zealot Gateway Gateway DarkShrine RoboticsFacility,44.25,131726
358,1182805,0,50619,18.7981,50619,Stalker Stargate Probe Gateway Gateway Stalker Pylon Stalker VoidRay Stalker Stalker Pylon VoidRay Zealot Stalker VoidRay Stalker Pylon Zealot Stalker Zealot Zealot Stalker Pylon VoidRay Stalker Pylon Stalker Probe Stalker Adept Probe Adept Pylon VoidRay Gateway Gateway Stargate Gateway TwilightCouncil Probe Gateway Zealot,47.5,132703
371,1207116,0,52335,19.1636,52335,Stalker Stargate Probe Gateway Gateway Stalker Pylon Stalker VoidRay Stalker Stalker Pylon VoidRay Zealot Stalker VoidRay Stalker Pylon Zealot Stalker Zealot Zealot Stalker Pylon VoidRay Stalker Stalker Zealot Stalker Stalker TwilightCouncil Stalker RoboticsFacility DarkShrine RoboticsFacility Pylon Pylon Gateway Pylon Assimilator Gateway,45.5,133011
371,1222295,0,53454,19.3814,53454,Stalker Stargate Probe Gateway Gateway Stalker Pylon Stalker VoidRay Stalker Stalker Pylon VoidRay Zealot Stalker VoidRay Stalker Pylon Zealot Stalker Zealot Zealot Stalker Pylon VoidRay Stalker Adept Stalker Stalker Stalker Stalker Gateway Pylon Adept Stargate RoboticsFacility Adept Nexus TwilightCouncil,47,133454
384,1236687,0,54540,19.607,54540,Stalker Stargate Probe Gateway Gateway Stalker Pylon Stalker VoidRay Stalker Stalker Pylon VoidRay Zealot Stalker VoidRay Stalker Pylon Zealot Stalker Zealot Zealot Stalker Pylon VoidRay Stalker Adept Pylon Stalker Probe Stalker Stalker VoidRay Adept Probe Stalker FleetBeacon Gateway Nexus,51,134540
423,1328591,0,62051,21.0091,62051,Stalker Stargate Probe Gateway Gateway Stalker Pylon Stalker VoidRay Stalker Stalker Pylon VoidRay Zealot Stalker VoidRay Stalker Pylon Zealot Stalker Zealot Zealot Stalker Pylon VoidRay Stalker Adept Pylon Stalker Probe Stalker VoidRay Adept Adept Zealot Nexus Probe Nexus Assimilator,49.75,134609
436,1332430,0,62395,21.0652,62395,Stalker Stargate Probe Gateway Gateway Stalker Pylon Stalker VoidRay Stalker Stalker Pylon VoidRay Zealot Stalker VoidRay Stalker Pylon Zealot Stalker Zealot Zealot Stalker Pylon VoidRay Stalker Adept Pylon Stalker Probe Stalker VoidRay Stalker Zealot Gateway Zealot Nexus Gateway RoboticsFacility Assimilator,50,134768
436,1350673,0,64022,21.3456,64022,Stalker Stargate Probe Gateway Gateway Stalker Pylon Stalker VoidRay Stalker Stalker Pylon VoidRay Zealot Stalker VoidRay Stalker Pylon Zealot Stalker Zealot Zealot Stalker Pylon VoidRay Stalker Adept Pylon Stalker Probe Stalker VoidRay Stalker Zealot Probe Assimilator Zealot RoboticsFacility Gateway Stargate FleetBeacon,50,134768
449,1353478,0,64311,21.3938,64311,Stalker Stargate Probe Gateway Gateway Stalker Pylon Stalker VoidRay Stalker Stalker Pylon VoidRay Zealot Stalker VoidRay Stalker Pylon Zealot Stalker Zealot Zealot Stalker Pylon VoidRay Stalker Adept Pylon Stalker Probe Stalker VoidRay Stalker Pylon Adept Stalker Zealot Stargate Nexus Adept Probe,52,134868
449,1354116,0,64374,21.3984,64374,Stalker Stargate Probe Gateway Gateway Stalker Pylon Stalker VoidRay Stalker Stalker Pylon VoidRay Zealot Stalker VoidRay Stalker Pylon Zealot Stalker Zealot Zealot Stalker Pylon VoidRay Stalker Adept Pylon Stalker Probe Stalker VoidRay Stalker Adept Gateway Stalker TwilightCouncil Pylon Probe Nexus Assimilator,51,134938
449,1360719,0,65044,21.499,65044,Stalker Stargate Probe Gateway Gateway Stalker Pylon Stalker VoidRay Stalker Stalker Pylon VoidRay Zealot Stalker VoidRay Stalker Pylon Zealot Stalker Zealot Zealot Stalker Pylon VoidRay Stalker Adept Pylon Stalker Probe Stalker VoidRay Stalker Adept Probe Stalker Gateway Pylon FleetBeacon Pylon Gateway Zealot,51,134938
449,1362636,0,65237,21.5261,65237,Stalker Stargate Probe Gateway Gateway Stalker Pylon Stalker VoidRay Stalker Stalker Pylon VoidRay Zealot Stalker VoidRay Stalker Pylon Zealot Stalker Zealot Zealot Stalker Pylon VoidRay Stalker Adept Pylon Stalker Probe Stalker VoidRay Stalker Stalker Adept Probe TwilightCouncil Assimilator Gateway Nexus Assimilator,51,134982
449,1368450,0,65825,21.6075,65825,Stalker Stargate Probe Gateway Gateway Stalker Pylon Stalker VoidRay Stalker Stalker Pylon VoidRay Zealot Stalker VoidRay Stalker Pylon Zealot Stalker Zealot Zealot Stalker Pylon VoidRay Stalker Adept Pylon Stalker Probe Stalker VoidRay Stalker Stalker Zealot TwilightCouncil DarkShrine Assimilator Pylon Nexus,50.75,134996
449,1370614,0,66051,21.6368,66051,Stalker Stargate Probe Gateway Gateway Stalker Pylon Stalker VoidRay Stalker Stalker Pylon VoidRay Zealot Stalker VoidRay Stalker Pylon Zealot Stalker Zealot Zealot Stalker Pylon VoidRay Stalker Adept Pylon Stalker Probe Stalker VoidRay Stalker Stalker Stalker Stargate TwilightCouncil Nexus Gateway,51.5,135082
449,1371649,0,66168,21.6579,66168,Stalker Stargate Probe Gateway Gateway Stalker Pylon Stalker VoidRay Stalker Stalker Pylon VoidRay Zealot Stalker VoidRay Stalker Pylon Zealot Stalker Zealot Zealot Stalker Pylon VoidRay Stalker Adept Pylon Stalker Probe Stalker VoidRay Stalker Stalker Stalker TwilightCouncil Probe RoboticsFacility Gateway Gateway Assimilator Gateway,51.5,135082
462,1373702,0,66398,21.6863,66398,Stalker Stargate Probe Gateway Gateway Stalker Pylon Stalker VoidRay Stalker Stalker Pylon VoidRay Zealot Stalker VoidRay Stalker Pylon Zealot Stalker Zealot Zealot Stalker Pylon VoidRay Stalker Adept Pylon Stalker Probe Stalker VoidRay Stalker Stalker Stalker Probe Pylon FleetBeacon Stalker Pylon Zealot Probe Assimilator,51.5,135082
464,1389825,0,68210,21.9203,68210,Stalker Stargate Probe Gateway Gateway Stalker Pylon Stalker VoidRay Stalker Stalker Pylon VoidRay Zealot Stalker VoidRay Stalker Pylon Zealot Stalker Zealot Zealot Stalker Pylon VoidRay Stalker Adept Pylon Stalker Probe Stalker VoidRay Stalker Stalker Pylon Stalker Gateway Zealot Stalker Gateway Stalker Assimilator Probe,52.5,135134
474,1398864,0,69305,22.0496,69305,Stalker Stargate Probe Gateway Gateway Stalker Pylon Stalker VoidRay Stalker Stalker Pylon VoidRay Zealot Stalker VoidRay Stalker Pylon Zealot Stalker Zealot Zealot Stalker Pylon VoidRay Stalker Adept Pylon Stalker Probe Stalker VoidRay Stalker Stalker Pylon Stalker Zealot Stargate Assimilator Zealot TwilightCouncil Probe Pylon Probe,52.5,135162
487,1407322,0,70345,22.1775,70345,Stalker Stargate Probe Gateway Gateway Stalker Pylon Stalker VoidRay Stalker Stalker Pylon VoidRay Zealot Stalker VoidRay Stalker Pylon Zealot Stalker Zealot Zealot Stalker Pylon VoidRay Stalker Adept Pylon Stalker Probe Stalker VoidRay Stalker Stalker Pylon Stalker Zealot Adept Adept Stalker RoboticsFacility Gateway Probe,52.5,135162
487,1407831,0,70411,22.1813,70411,Stalker Stargate Probe Gateway Gateway Stalker Pylon Stalker VoidRay Stalker Stalker Pylon VoidRay Zealot Stalker VoidRay Stalker Pylon Zealot Stalker Zealot Zealot Stalker Pylon VoidRay Stalker Adept Pylon Stalker Probe Stalker VoidRay Stalker Stalker Pylon Probe Stalker Zealot FleetBeacon Stalker Gateway Assimilator,52.5,135162
487,1413161,0,71092,22.2594,71092,Stalker Stargate Probe Gateway Gateway Stalker Pylon Stalker VoidRay Stalker Stalker Pylon VoidRay Zealot Stalker VoidRay Stalker Pylon Zealot Stalker Zealot Zealot Stalker Pylon VoidRay Stalker Adept Pylon Stalker Probe Stalker VoidRay Stalker Stalker Pylon Stalker Zealot Gateway Pylon Probe Assimilator VoidRay Assimilator,52.5,135162
487,1420590,0,72035,22.3666,72035,Stalker Stargate Probe Gateway Gateway Stalker Pylon Stalker VoidRay Stalker Stalker Pylon VoidRay Zealot Stalker VoidRay Stalker Pylon Zealot Stalker Zealot Zealot Stalker Pylon VoidRay Stalker Adept Pylon Stalker Probe Stalker VoidRay Stalker Stalker Pylon Stalker Zealot Gateway Stargate Probe Probe TwilightCouncil Zealot Probe,52.5,135162
500,1422508,0,72306,22.4082,72306,Stalker Stargate Probe Gateway Gateway Stalker Pylon Stalker VoidRay Stalker Stalker Pylon VoidRay Zealot Stalker VoidRay Stalker Pylon Zealot Stalker Zealot Zealot Stalker Pylon VoidRay Stalker Adept Pylon Stalker Probe Stalker VoidRay Stalker Stalker Pylon Stalker Probe Zealot Probe Gateway Stargate Zealot Zealot Pylon,52.5,135162
500,1423607,0,72462,22.4163,72462,Stalker Stargate Probe Gateway Gateway Stalker Pylon Stalker VoidRay Stalker Stalker Pylon VoidRay Zealot Stalker VoidRay Stalker Pylon Zealot Stalker Zealot Zealot Stalker Pylon VoidRay Stalker Adept Pylon Stalker Probe Stalker VoidRay Stalker Stalker Pylon Stalker Probe Assimilator Zealot TwilightCouncil RoboticsFacility Probe Adept Adept,52.5,135162
500,1430513,0,73440,22.5185,73440,Stalker Stargate Probe Gateway Gateway Stalker Pylon Stalker VoidRay Stalker Stalker Pylon VoidRay Zealot Stalker VoidRay Stalker Pylon Zealot Stalker Zealot Zealot Stalker Pylon VoidRay Stalker Adept Pylon Stalker Probe Stalker VoidRay Stalker Stalker Pylon Stalker Zealot Probe Stargate Probe Assimilator Assimilator Zealot Stalker Probe,52.5,135162
500,1431697,0,73607,22.5401,73607,Stalker Stargate Probe Gateway Gateway Stalker Pylon Stalker VoidRay Stalker Stalker Pylon VoidRay Zealot Stalker VoidRay Stalker Pylon Zealot Stalker Zealot Zealot Stalker Pylon VoidRay Stalker Adept Pylon Stalker Probe Stalker VoidRay Stalker Stalker Pylon Stalker Pylon Zealot Probe Probe VoidRay Stalker Adept Probe,52.5,135162
500,1432913,0,73778,22.5489,73778,Stalker Stargate Probe Gateway Gateway Stalker Pylon Stalker VoidRay Stalker Stalker Pylon VoidRay Zealot Stalker VoidRay Stalker Pylon Zealot Stalker Zealot Zealot Stalker Pylon VoidRay Stalker Adept Pylon Stalker Probe Stalker VoidRay Stalker Stalker Pylon Stalker Zealot Probe Zealot Probe Probe Nexus Assimilator,52.5,135162
500,1434957,0,74074,22.5902,74074,Stalker Stargate Probe Gateway Gateway Stalker Pylon Stalker VoidRay Stalker Stalker Pylon VoidRay Zealot Stalker VoidRay Stalker Pylon Zealot Stalker Zealot Zealot Stalker Pylon VoidRay Stalker Adept Pylon Stalker Probe Stalker VoidRay Stalker Stalker Pylon Stalker Zealot Probe Probe Pylon Pylon Probe Stalker Probe Probe Stalker,52.5,135162
513,1448100,0,76157,22.7771,76157,Stalker Stargate Probe Gateway Gateway Stalker Pylon Stalker VoidRay Stalker Stalker Pylon VoidRay Zealot Stalker VoidRay Stalker Pylon Zealot Stalker Zealot Zealot Stalker Pylon VoidRay Stalker Adept Pylon Stalker Probe Stalker VoidRay Stalker Stalker Pylon Stalker Zealot Probe Stalker Probe RoboticsFacility Probe Gateway Stalker,52.5,135162
513,1448257,0,76181,22.7784,76181,Stalker Stargate Probe Gateway Gateway Stalker Pylon Stalker VoidRay Stalker Stalker Pylon VoidRay Zealot Stalker VoidRay Stalker Pylon Zealot Stalker Zealot Zealot Stalker Pylon VoidRay Stalker Adept Pylon Stalker Probe Stalker VoidRay Stalker Stalker Pylon Stalker Zealot Probe Assimilator Probe Probe Zealot Probe Probe Assimilator TwilightCouncil,52.5,135162
526,1452520,0,76880,22.8357,76880,Stalker Stargate Probe Gateway Gateway Stalker Pylon Stalker VoidRay Stalker Stalker Pylon VoidRay Zealot Stalker VoidRay Stalker Pylon Zealot Stalker Zealot Zealot Stalker Pylon VoidRay Stalker Adept Pylon Stalker Probe Stalker VoidRay Stalker Stalker Pylon Stalker Zealot Probe Probe Stargate Probe Probe Adept Pylon Pylon Assimilator,52.5,135162
539,1461802,0,78417,22.9817,78417,Stalker Stargate Probe Gateway Gateway Stalker Pylon Stalker VoidRay Stalker Stalker Pylon VoidRay Zealot Stalker VoidRay Stalker Pylon Zealot Stalker Zealot Zealot Stalker Pylon VoidRay Stalker Adept Pylon Stalker Probe Stalker VoidRay Stalker Stalker Pylon Stalker Zealot Probe Probe Stalker Probe Probe FleetBeacon Assimilator,52.5,135162
539,1461856,0,78426,22.9821,78426,Stalker Stargate Probe Gateway Gateway Stalker Pylon Stalker VoidRay Stalker Stalker Pylon VoidRay Zealot Stalker VoidRay Stalker Pylon Zealot Stalker Zealot Zealot Stalker Pylon VoidRay Stalker Adept Pylon Stalker Probe Stalker VoidRay Stalker Stalker Pylon Stalker Zealot Probe Probe Pylon Probe Pylon Probe VoidRay Probe,52.5,135162
539,1466497,0,79211,23.0407,79211,Stalker Stargate Probe Gateway Gateway Stalker Pylon Stalker VoidRay Stalker Stalker Pylon VoidRay Zealot Stalker VoidRay Stalker Pylon Zealot Stalker Zealot Zealot Stalker Pylon VoidRay Stalker Adept Pylon Stalker Probe Stalker VoidRay Stalker Stalker Pylon Stalker Zealot Probe Probe Zealot Pylon Probe Probe VoidRay Assimilator,52.5,135162
592,1502045,6,86967,23.5553,86967,Stalker Stargate Probe Gateway Gateway Stalker Pylon Stalker VoidRay Stalker Stalker Pylon VoidRay Zealot Stalker VoidRay Stalker Pylon Zealot Stalker Zealot Zealot Stalker Pylon VoidRay Stalker Adept Pylon Stalker Probe Stalker VoidRay Stalker Stalker Pylon Stalker Zealot Probe Probe Zealot Pylon Probe Probe VoidRay Probe,52.5,135162
