{
    "Average": {
        "Eval": 124952.8359375,
        "FinishedEval": 124913.6953125,
        "FinishedValue": 47.5694427490234,
        "LeafNodesExpanded": 0,
        "LeafNodesVisited": 73560,
        "NodeVisits": 1250000,
        "NodesExpanded": 547,
        "NumRuns": 18,
        "NumSimulations": 73559,
        "TimeElapsed": 19.1499736666667,
        "TimeElapsedCPU": 9.05043321227778,
        "UsefulEval": 113300.8359375,
        "UsefulValue": 41.125,
        "Value": 47.7777786254883
    },
    "Best": {
        "BestRunEval": 0,
        "BestRunEvalFinished": 0,
        "BestRunEvalUseful": 0,
        "Eval": 135719.0,
        "EvalBuildOrder": "Stalker RoboticsFacility Pylon Adept Probe RoboticsFacility Probe Immortal Immortal Stalker Pylon Immortal Immortal Immortal Pylon Adept Gateway Zealot Immortal Immortal Probe Pylon Immortal Stalker Immortal Stalker Adept Pylon Immortal Stalker Stalker Pylon Stalker Probe Probe Pylon Immortal Stalker",
        "FinishedBuildOrder": "Stalker RoboticsFacility Pylon Adept Probe RoboticsFacility Probe Immortal Immortal Stalker Pylon Immortal Immortal Immortal Pylon Adept Gateway Zealot Immortal Immortal Probe Pylon Immortal Stalker Immortal Stalker Adept Pylon Immortal Stalker Stalker Pylon",
        "FinishedEval": 135719.0,
        "FinishedValue": 52.75,
        "LeafNodesExpanded": 17,
        "LeafNodesVisited": 76001,
        "NodeVisits": 1381267,
        "NodesExpanded": 589,
        "NumSimulations": 76000,
        "TimeElapsed": 21.559434,
        "TimeElapsedCPU": 9.777173532,
        "UsefulBuildOrder": "Stalker RoboticsFacility Pylon Adept Probe RoboticsFacility Probe Immortal Immortal Stalker Pylon Immortal Immortal Immortal Pylon Adept Gateway Zealot Immortal Immortal Probe Pylon Immortal Stalker Immortal Stalker Adept Pylon Immortal Stalker Stalker Pylon",
        "UsefulEval": 135719.0,
        "UsefulValue": 52.75,
        "Value": 52.75
    }
}
