0,0,0,0,0,0, ,0,0
0,29,0,1,0.000241,1,RoboticsFacility RoboticsBay Stalker RoboticsFacility Gateway Colossus RoboticsFacility Nexus Probe Assimilator Assimilator RoboticsFacility Pylon Probe RoboticsFacility Pylon Stargate Stargate RoboticsFacility Colossus VoidRay Immortal Probe VoidRay Colossus Stalker Stargate Probe,23.5,40182.2
0,71,0,2,0.000584,2,Probe RoboticsFacility Nexus RoboticsFacility Gateway Immortal Probe Immortal Nexus Stalker Immortal RoboticsBay Zealot Gateway Probe TwilightCouncil Probe Pylon Colossus Adept Stargate Probe VoidRay FleetBeacon Probe VoidRay Adept Adept Probe Pylon Probe Colossus Gateway Gateway Zealot Assimilator Assimilator Gateway Gateway Pylon Probe,26.75,68867
0,1649,0,53,0.011607,53,Stargate Assimilator VoidRay Zealot Pylon Assimilator FleetBeacon Probe Pylon Tempest Zealot Mothership VoidRay Probe Zealot Zealot Gateway Probe Adept TwilightCouncil VoidRay TemplarArchive RoboticsFacility Nexus Probe Pylon Stargate,29.5,71475.2
0,2646,0,85,0.031806,85,Adept Stalker Gateway Stargate Stalker Adept Gateway Stalker FleetBeacon Adept Pylon VoidRay Adept RoboticsFacility Stargate Zealot Tempest Gateway RoboticsBay Stalker VoidRay Stargate Gateway Assimilator Stargate Assimilator TwilightCouncil Nexus Pylon Pylon Nexus Gateway,25.25,75681.2
0,5641,0,181,0.079211,181,Assimilator Stargate Pylon Zealot Probe Stargate Zealot Stalker VoidRay Pylon TwilightCouncil Stalker FleetBeacon RoboticsFacility VoidRay DarkShrine Stalker Immortal Zealot Tempest Probe Adept Immortal Zealot TemplarArchive Nexus Stargate Nexus,30.25,81443
11,16264,0,530,0.218085,530,Adept Gateway Gateway Gateway Stalker Zealot Pylon TwilightCouncil RoboticsFacility Stalker DarkShrine Zealot Stalker Gateway Zealot Immortal TemplarArchive Stalker Immortal DarkTemplar DarkTemplar Zealot Pylon RoboticsBay Pylon Immortal DarkTemplar Nexus Assimilator Adept Gateway Pylon Gateway DarkTemplar Zealot Probe,32.25,87962.5
11,45521,0,1470,0.626491,1470,RoboticsFacility Zealot Stalker RoboticsFacility Probe Pylon Gateway Stargate Adept VoidRay Gateway Pylon Immortal VoidRay Zealot Probe Stargate Stalker Pylon Probe VoidRay VoidRay Gateway Immortal Zealot VoidRay Stalker Nexus RoboticsBay Stargate Zealot Nexus Gateway Pylon Assimilator Assimilator,37,90350
11,46295,0,1494,0.631963,1494,RoboticsFacility Pylon RoboticsFacility Stalker Stalker Immortal Stargate Assimilator Adept Immortal Assimilator Stalker Immortal Zealot RoboticsFacility VoidRay RoboticsBay Pylon Zealot FleetBeacon Zealot VoidRay Probe RoboticsFacility RoboticsFacility Pylon Pylon,28.75,90496.5
12,52476,0,1691,0.714114,1691,Gateway Stalker Stargate Stargate Zealot Pylon Pylon Pylon VoidRay Stalker Zealot Zealot Probe VoidRay Stalker Zealot VoidRay VoidRay Gateway FleetBeacon Carrier Nexus RoboticsFacility Probe Gateway Carrier Pylon Probe Gateway Nexus Gateway Adept,31.25,95276.5
35,135793,0,4440,1.90519,4440,Gateway Stalker Zealot RoboticsFacility Stalker Stalker Pylon Adept Probe Pylon Adept Probe Immortal Stalker Probe RoboticsFacility Gateway Probe Adept Probe Stalker Zealot Adept Immortal Nexus RoboticsBay Nexus Stalker Immortal Gateway Adept Adept Probe Nexus Pylon Assimilator Gateway TwilightCouncil Zealot Zealot Zealot Pylon Gateway Zealot,32.25,95433.2
44,159607,0,5233,2.24466,5233,Gateway Stalker RoboticsFacility Adept RoboticsFacility Stalker RoboticsBay Stalker Immortal Immortal Immortal Probe Pylon Immortal Stargate Probe Pylon Zealot Pylon Pylon Probe Pylon Pylon Gateway Adept VoidRay VoidRay FleetBeacon VoidRay Zealot RoboticsFacility Gateway Nexus Zealot Gateway Pylon,31.75,95744.5
72,270931,0,9122,3.85975,9122,Gateway Stalker RoboticsFacility Adept Nexus Stalker Adept Immortal Probe Stargate Probe Immortal VoidRay Zealot Immortal Assimilator RoboticsFacility Gateway Gateway Adept VoidRay Stalker Zealot FleetBeacon Nexus TwilightCouncil RoboticsBay Assimilator Gateway Stargate DarkShrine,30.25,98115
89,345881,0,11941,4.97863,11941,Gateway Stalker RoboticsFacility Adept Nexus Immortal TwilightCouncil Stalker Stalker Probe Immortal Stargate Immortal Zealot VoidRay Gateway VoidRay Immortal RoboticsBay Assimilator Probe Zealot Pylon Stalker RoboticsFacility VoidRay Gateway DarkShrine Assimilator Stargate Pylon Pylon Zealot Probe,37.25,99792
101,358747,0,12457,5.17607,12457,Gateway Stalker RoboticsFacility Adept Nexus Immortal Stargate Zealot Stalker VoidRay Immortal Immortal Assimilator VoidRay Probe Adept VoidRay Probe RoboticsFacility Zealot Assimilator Pylon Stargate Probe FleetBeacon Nexus Tempest Stargate,31.25,100392
103,398643,0,14084,5.77481,14084,Gateway Stalker RoboticsFacility Adept Nexus Immortal Stargate Probe Adept Immortal Stalker VoidRay Gateway Adept Stalker Pylon VoidRay Zealot VoidRay Adept VoidRay Nexus RoboticsBay FleetBeacon RoboticsFacility Probe Probe Assimilator RoboticsFacility Nexus RoboticsFacility,34.75,102058
117,416167,0,14831,6.04168,14831,Gateway Stalker RoboticsFacility Adept Nexus Immortal Stargate Immortal VoidRay Stalker Immortal Adept Probe Assimilator TwilightCouncil Pylon VoidRay Stalker Adept VoidRay Immortal Pylon Stalker Gateway Adept Probe VoidRay Zealot DarkShrine Probe Stargate,39,105425
149,530890,0,20144,7.80818,20144,Gateway Stalker RoboticsFacility Adept Nexus Immortal Stargate Immortal VoidRay Stalker Immortal Zealot Pylon Stargate Immortal VoidRay VoidRay Assimilator Immortal Zealot Assimilator Stalker Adept RoboticsFacility Gateway Pylon FleetBeacon,40.5,105509
162,541539,0,20678,7.96838,20678,Gateway Stalker RoboticsFacility Adept Nexus Immortal Stargate Immortal VoidRay Stalker Stalker Stalker Stalker RoboticsFacility Immortal Stalker Assimilator Zealot Stalker Adept Pylon TwilightCouncil Stalker Pylon Immortal Stalker RoboticsBay Stalker Nexus,40,107138
162,549398,0,21076,8.0935,21076,Gateway Stalker RoboticsFacility Adept Nexus Immortal Stargate Immortal VoidRay Stalker Stalker Probe Adept Adept Immortal Adept VoidRay Probe Pylon Zealot RoboticsFacility VoidRay Assimilator Stalker TwilightCouncil Pylon Adept VoidRay FleetBeacon RoboticsBay Assimilator Zealot Zealot Assimilator,41.5,110276
176,574575,0,22351,8.48285,22351,Gateway Stalker RoboticsFacility Adept Nexus Immortal Stargate Immortal VoidRay Stalker Stalker Immortal VoidRay Immortal Gateway Stalker Pylon Zealot RoboticsFacility VoidRay Gateway Zealot Stalker Nexus TwilightCouncil Assimilator Adept Assimilator RoboticsFacility Assimilator,39,111637
192,615503,0,24505,9.11521,24505,Gateway Stalker RoboticsFacility Adept Nexus Immortal Stargate Immortal VoidRay Stalker Stalker Immortal Stalker Zealot VoidRay RoboticsFacility Immortal Pylon Adept RoboticsFacility Adept Assimilator Stalker Immortal Gateway Stargate Pylon FleetBeacon Probe Probe,40.25,113470
207,675282,0,27919,10.0231,27919,Gateway Stalker RoboticsFacility Adept Nexus Immortal Stargate Immortal VoidRay Stalker Stalker Immortal Stalker Pylon Zealot Adept VoidRay Adept Assimilator Immortal Zealot Adept Adept Stargate Nexus Stargate Stargate Assimilator Gateway,38.25,114202
222,695183,0,29103,10.3305,29103,Gateway Stalker RoboticsFacility Adept Nexus Immortal Stargate Immortal VoidRay Stalker Stalker Immortal Stalker Pylon VoidRay Immortal Pylon Adept Assimilator Adept VoidRay Stargate Probe Pylon Adept Zealot Assimilator FleetBeacon RoboticsBay Pylon Probe,40,114310
222,713329,0,30194,10.6142,30194,Gateway Stalker RoboticsFacility Adept Nexus Immortal Stargate Immortal VoidRay Stalker Stalker Immortal Stalker Pylon VoidRay Zealot Stalker Immortal Zealot Immortal Probe Probe Nexus RoboticsBay Assimilator Gateway RoboticsFacility TwilightCouncil FleetBeacon,38.75,114342
222,713795,0,30224,10.618,30224,Gateway Stalker RoboticsFacility Adept Nexus Immortal Stargate Immortal VoidRay Stalker Stalker Immortal Stalker Pylon VoidRay Stalker Stalker Adept Zealot VoidRay Zealot Pylon Adept FleetBeacon Pylon Stalker Tempest Gateway TwilightCouncil Pylon Adept Assimilator,41.25,116570
233,715246,0,30316,10.6428,30316,Gateway Stalker RoboticsFacility Adept Nexus Immortal Stargate Immortal VoidRay Stalker Stalker Immortal Stalker Pylon VoidRay Stalker Zealot Immortal VoidRay Stalker Gateway Probe Assimilator Gateway Assimilator RoboticsFacility Gateway RoboticsBay Stargate Gateway,39.75,116670
237,716942,0,30425,10.6691,30425,Gateway Stalker RoboticsFacility Adept Nexus Immortal Stargate Immortal VoidRay Stalker Stalker Immortal Stalker Pylon VoidRay Stalker Stalker Stalker Immortal Adept VoidRay RoboticsFacility FleetBeacon TwilightCouncil Assimilator Gateway Assimilator Gateway Gateway Pylon,41.75,118135
237,737389,0,31738,10.973,31738,Gateway Stalker RoboticsFacility Adept Nexus Immortal Stargate Immortal VoidRay Stalker Stalker Immortal Stalker Pylon VoidRay Zealot Stalker Immortal Adept VoidRay Stalker RoboticsBay Assimilator Assimilator FleetBeacon TwilightCouncil RoboticsFacility Pylon RoboticsFacility,41,118171
237,738471,0,31805,10.9945,31805,Gateway Stalker RoboticsFacility Adept Nexus Immortal Stargate Immortal VoidRay Stalker Stalker Immortal Stalker Pylon VoidRay Immortal Stalker Stalker Immortal Adept Stalker FleetBeacon TwilightCouncil Pylon Adept Immortal Probe Gateway Gateway Probe,41.5,118460
267,777012,0,34554,11.6466,34554,Gateway Stalker RoboticsFacility Adept Nexus Immortal Stargate Immortal VoidRay Stalker Stalker Immortal Stalker Pylon VoidRay Immortal Stalker VoidRay Stalker Stalker Pylon Stalker Immortal FleetBeacon TwilightCouncil Pylon Assimilator Zealot Pylon Probe Assimilator,46,118787
267,781058,0,34861,11.7155,34861,Gateway Stalker RoboticsFacility Adept Nexus Immortal Stargate Immortal VoidRay Stalker Stalker Immortal Stalker Pylon VoidRay Immortal Stalker VoidRay Stalker Pylon Stalker Stalker Immortal Zealot FleetBeacon Nexus RoboticsFacility,47,119238
282,820339,0,38003,12.3686,38003,Gateway Stalker RoboticsFacility Adept Nexus Immortal Stargate Immortal VoidRay Stalker Stalker Immortal Stalker Pylon VoidRay Immortal Stalker VoidRay Stalker Adept Pylon Immortal Adept Stalker FleetBeacon Stalker Gateway Pylon Assimilator Assimilator,46.75,119855
325,881495,0,43723,13.3904,43723,Gateway Stalker RoboticsFacility Adept Nexus Immortal Stargate Immortal VoidRay Stalker Stalker Immortal Stalker Pylon VoidRay Immortal Stalker VoidRay Stalker Adept Pylon Immortal Stalker Adept Probe Stargate Probe RoboticsBay Pylon Assimilator Assimilator Pylon Gateway,46.75,119902
325,884697,0,44038,13.4438,44038,Gateway Stalker RoboticsFacility Adept Nexus Immortal Stargate Immortal VoidRay Stalker Stalker Immortal Stalker Pylon VoidRay Immortal Stalker VoidRay Stalker Adept Pylon Immortal Stalker Stalker Zealot Nexus Gateway Pylon Pylon,47.25,120020
325,884892,0,44060,13.4454,44060,Gateway Stalker RoboticsFacility Adept Nexus Immortal Stargate Immortal VoidRay Stalker Stalker Immortal Stalker Pylon VoidRay Immortal Stalker VoidRay Stalker Adept Pylon Immortal Probe Stalker Stalker Nexus Probe RoboticsFacility Gateway Assimilator,47.25,120020
355,910847,0,47067,13.8734,47067,Gateway Stalker RoboticsFacility Adept Nexus Immortal Stargate Immortal VoidRay Stalker Stalker Immortal Stalker Pylon VoidRay Immortal Stalker VoidRay Stalker Adept Pylon Immortal Probe Stalker Stalker FleetBeacon Probe Nexus Pylon,47.25,120020
355,920653,0,48219,14.0329,48219,Gateway Stalker RoboticsFacility Adept Nexus Immortal Stargate Immortal VoidRay Stalker Stalker Immortal Stalker Pylon VoidRay Immortal Stalker VoidRay Stalker Adept Pylon Immortal Probe Stalker Stalker Pylon Probe Assimilator VoidRay Probe Zealot Assimilator Assimilator Probe,47.25,120020
378,936054,0,50165,14.2856,50165,Gateway Stalker RoboticsFacility Adept Nexus Immortal Stargate Immortal VoidRay Stalker Stalker Immortal Stalker Pylon VoidRay Immortal Stalker VoidRay Stalker Adept Pylon Immortal Probe Stalker Stalker Pylon Adept Probe Assimilator TwilightCouncil Probe VoidRay Probe,47.25,120020
378,945000,0,51444,14.4273,51444,Gateway Stalker RoboticsFacility Adept Nexus Immortal Stargate Immortal VoidRay Stalker Stalker Immortal Stalker Pylon VoidRay Immortal Stalker VoidRay Stalker Adept Pylon Immortal Probe Stalker Stalker Probe Assimilator Pylon RoboticsBay Probe Gateway Probe Stalker Assimilator,47.25,120020
383,949380,0,52069,14.4973,52069,Gateway Stalker RoboticsFacility Adept Nexus Immortal Stargate Immortal VoidRay Stalker Stalker Immortal Stalker Pylon VoidRay Immortal Stalker VoidRay Stalker Adept Pylon Immortal Probe Stalker Stalker Probe Pylon Probe TwilightCouncil Adept Probe Assimilator RoboticsFacility Adept Assimilator,47.25,120020
392,951210,0,52357,14.5256,52357,Gateway Stalker RoboticsFacility Adept Nexus Immortal Stargate Immortal VoidRay Stalker Stalker Immortal Stalker Pylon VoidRay Immortal Stalker VoidRay Stalker Adept Pylon Immortal Probe Stalker Stalker Probe Pylon Probe Immortal Probe Zealot Stargate Assimilator,47.25,120020
396,957188,0,53275,14.621,53275,Gateway Stalker RoboticsFacility Adept Nexus Immortal Stargate Immortal VoidRay Stalker Stalker Immortal Stalker Pylon VoidRay Immortal Stalker VoidRay Stalker Adept Pylon Immortal Probe Stalker Stalker Probe Pylon VoidRay Probe Probe Pylon Zealot Pylon Assimilator,47.25,120020
408,960937,0,53851,14.6795,53851,Gateway Stalker RoboticsFacility Adept Nexus Immortal Stargate Immortal VoidRay Stalker Stalker Immortal Stalker Pylon VoidRay Immortal Stalker VoidRay Stalker Adept Pylon Immortal Probe Stalker Stalker Probe Pylon Pylon RoboticsBay Zealot Probe Probe Probe Adept Probe Probe,47.25,120020
415,962079,0,54031,14.6978,54031,Gateway Stalker RoboticsFacility Adept Nexus Immortal Stargate Immortal VoidRay Stalker Stalker Immortal Stalker Pylon VoidRay Immortal Stalker VoidRay Stalker Adept Pylon Immortal Probe Stalker Stalker Probe Pylon Assimilator Probe Adept Adept Probe Probe RoboticsBay Probe Assimilator,47.25,120020
430,963996,0,54323,14.7327,54323,Gateway Stalker RoboticsFacility Adept Nexus Immortal Stargate Immortal VoidRay Stalker Stalker Immortal Stalker Pylon VoidRay Immortal Stalker VoidRay Stalker Adept Pylon Immortal Probe Stalker Stalker Probe Pylon RoboticsBay Probe Zealot Probe Probe Probe Stalker Assimilator Pylon,47.25,120020
430,972235,0,55589,14.8653,55589,Gateway Stalker RoboticsFacility Adept Nexus Immortal Stargate Immortal VoidRay Stalker Stalker Immortal Stalker Pylon VoidRay Immortal Stalker VoidRay Stalker Adept Pylon Immortal Probe Stalker Stalker Probe Pylon Pylon Probe Probe Probe Immortal Assimilator TwilightCouncil,47.25,120020
445,987105,0,58099,15.1192,58099,Gateway Stalker RoboticsFacility Adept Nexus Immortal Stargate Immortal VoidRay Stalker Stalker Immortal Stalker Pylon VoidRay Immortal Stalker VoidRay Stalker Adept Pylon Immortal Probe Stalker Stalker Probe Pylon Pylon Probe Probe Stalker Probe VoidRay Adept,47.25,120020
475,1006603,0,61770,15.4466,61770,Gateway Stalker RoboticsFacility Adept Nexus Immortal Stargate Immortal VoidRay Stalker Stalker Immortal Stalker Pylon VoidRay Immortal Stalker VoidRay Stalker Adept Pylon Immortal Probe Stalker Stalker Probe Pylon Pylon Probe Probe Stalker Stalker Probe VoidRay,47.25,120020
