0,0,0,0,0,0, ,0,0
0,34,0,1,0.000288,1,Nexus Stargate TwilightCouncil TemplarArchive Zealot Gateway VoidRay Gateway VoidRay Gateway FleetBeacon Pylon VoidRay Adept Stalker RoboticsFacility Gateway DarkShrine RoboticsBay Adept Zealot Colossus RoboticsFacility Nexus Gateway Probe Zealot Pylon Probe Assimilator Adept Pylon Probe,18.25,49432.2
0,126,0,4,0.000883,4,TwilightCouncil Nexus Pylon Zealot Stalker TemplarArchive RoboticsFacility Immortal Zealot Zealot Pylon Probe Immortal DarkShrine Zealot Assimilator Gateway Pylon Nexus Pylon Pylon DarkTemplar Stalker Zealot Nexus Assimilator Stalker RoboticsFacility Stargate Immortal Stargate,20.25,51815.5
0,153,0,5,0.005083,5,Assimilator RoboticsFacility Immortal Adept Nexus Pylon Assimilator Zealot Pylon Zealot Adept Immortal Pylon Stargate Probe Adept Stalker Nexus VoidRay RoboticsFacility Adept RoboticsBay Stalker RoboticsFacility Gateway Probe,20.25,57053.2
0,215,0,7,0.005544,7,RoboticsFacility RoboticsFacility Adept Stalker Assimilator Nexus Zealot Probe Immortal Assimilator Stalker Stargate RoboticsBay VoidRay VoidRay Adept Probe Stargate FleetBeacon VoidRay Carrier Stalker Stargate Probe Probe Pylon Stargate,24.5,63340.2
0,497,0,16,0.007542,16,Adept Gateway Stargate Stalker Adept Assimilator Adept TwilightCouncil Assimilator Gateway VoidRay Stalker Zealot VoidRay Stargate Pylon TemplarArchive Pylon Stargate FleetBeacon Gateway Nexus Mothership Pylon,16.25,69771.8
0,1409,0,45,0.023921,45,RoboticsFacility Pylon Adept Stalker RoboticsBay Pylon Stargate Immortal Zealot VoidRay Adept Adept Stalker Adept Gateway Immortal RoboticsFacility RoboticsFacility Zealot Stargate RoboticsFacility Probe Stargate Immortal Pylon Stargate Nexus Immortal Gateway Probe Adept Gateway Pylon Assimilator Zealot Pylon,25.75,73123.5
0,2196,0,72,0.037471,72,Pylon Gateway RoboticsFacility Probe RoboticsFacility Zealot Adept Zealot RoboticsBay Adept Immortal Probe Stalker TwilightCouncil Assimilator Pylon Zealot DarkShrine Assimilator Zealot Immortal Adept Colossus Pylon Zealot Stargate FleetBeacon Gateway Pylon Stalker Stalker RoboticsFacility Tempest Probe Probe,26.5,77317.2
0,7919,0,257,0.124631,257,Pylon RoboticsFacility Stalker Probe Adept Gateway RoboticsBay Stalker Stargate VoidRay Assimilator Immortal VoidRay Immortal Gateway TwilightCouncil Stalker Stalker Nexus Adept Adept RoboticsFacility Adept Colossus Gateway Gateway Colossus DarkShrine Probe TemplarArchive Pylon,27.5,81575.2
11,42132,0,1367,0.63962,1367,Gateway Stargate Pylon Stargate Probe VoidRay Assimilator Zealot Probe RoboticsFacility Stalker Adept Adept Stargate Stalker VoidRay Pylon TwilightCouncil Stargate VoidRay VoidRay Pylon Probe Adept TemplarArchive RoboticsFacility Immortal Stalker Adept Zealot Zealot Zealot DarkShrine FleetBeacon Probe Gateway RoboticsBay,33,81862.5
11,42681,0,1384,0.648468,1384,Gateway Probe Stargate VoidRay Probe Stalker Pylon Adept Gateway VoidRay Stalker Zealot Zealot Nexus RoboticsFacility VoidRay Immortal Probe TwilightCouncil Nexus FleetBeacon DarkShrine Immortal RoboticsBay Carrier Adept Assimilator Gateway Pylon Gateway Probe Assimilator Pylon Adept Assimilator Probe Zealot Pylon,26.25,85426.8
12,55641,0,1799,0.841992,1799,Stalker Gateway Stargate Probe Probe Stargate Probe Gateway Adept Probe VoidRay VoidRay Zealot Pylon Pylon Assimilator Zealot Stalker Adept RoboticsFacility Stargate Gateway Pylon Adept Zealot Pylon Adept Pylon Stargate Adept FleetBeacon Stalker Zealot Adept Immortal RoboticsFacility Carrier Adept Probe Tempest Adept Stargate Zealot,29.75,88953
23,66523,0,2147,1.00977,2147,Stalker Gateway TwilightCouncil Assimilator Probe Pylon RoboticsFacility Zealot Adept Probe Stalker Immortal Zealot Stalker RoboticsFacility Immortal Adept Stalker Stalker RoboticsFacility Stalker DarkShrine Probe Pylon Nexus Immortal Nexus DarkTemplar Nexus RoboticsFacility Pylon Zealot Probe,28.75,90253.8
25,113202,0,3673,1.71386,3673,Stalker Stargate Stalker Stalker Pylon Stargate VoidRay Stalker Probe Gateway VoidRay Pylon Adept Gateway VoidRay Zealot Pylon Adept Zealot TwilightCouncil TemplarArchive Probe VoidRay Nexus FleetBeacon Assimilator Stargate Probe Assimilator VoidRay Zealot Adept Nexus Pylon Zealot Pylon,27.5,91266
38,144130,0,4737,2.20041,4737,Stalker Stargate RoboticsFacility Stalker Immortal VoidRay Immortal Adept Gateway Nexus VoidRay Adept Immortal Gateway Pylon FleetBeacon Immortal RoboticsBay Colossus Nexus Probe Adept Gateway Assimilator Pylon Tempest TwilightCouncil,29,91698.8
38,153375,0,5065,2.34863,5065,Stalker Stargate RoboticsFacility Zealot Pylon Zealot Stargate Adept VoidRay VoidRay Immortal Pylon Assimilator Zealot VoidRay Immortal Pylon VoidRay Pylon Pylon Immortal FleetBeacon Stalker TwilightCouncil Mothership Adept VoidRay Probe,35,101838
80,274189,0,9398,4.30983,9398,Stalker Stargate RoboticsFacility Zealot Pylon Gateway Probe Pylon Immortal Zealot VoidRay Gateway Stalker Stalker Immortal Probe Adept VoidRay Adept Pylon Probe Assimilator TwilightCouncil Stalker Gateway Assimilator Adept FleetBeacon Mothership RoboticsBay Gateway Nexus Probe Pylon,28.25,102291
112,346524,0,12079,5.50476,12079,Stalker Stargate RoboticsFacility Zealot Pylon Gateway VoidRay Stalker Immortal VoidRay Immortal TwilightCouncil Stalker VoidRay Pylon Stalker VoidRay Nexus Assimilator Assimilator TemplarArchive Adept Zealot Zealot Zealot RoboticsBay RoboticsFacility Stargate DarkShrine Probe Probe Probe,33.75,105644
143,496366,0,18069,8.01509,18069,Stalker Stargate RoboticsFacility Zealot Pylon Gateway VoidRay Stalker Immortal Pylon Probe Stalker VoidRay Adept Adept Assimilator Zealot Zealot Immortal Pylon Stalker Stalker FleetBeacon Zealot Stalker Pylon Pylon Immortal VoidRay RoboticsFacility Carrier Assimilator Probe,40.25,115053
171,549351,0,20403,8.90489,20403,Stalker Stargate RoboticsFacility Zealot Pylon Gateway VoidRay Stalker Immortal Pylon Adept Adept Stalker VoidRay Gateway Adept Adept Stalker Pylon TwilightCouncil Probe Stalker Adept Immortal RoboticsFacility Adept RoboticsBay Assimilator Stalker Immortal Assimilator RoboticsFacility TemplarArchive Nexus,38.25,115196
172,551939,0,20516,8.94781,20516,Stalker Stargate RoboticsFacility Zealot Pylon Gateway VoidRay Stalker Immortal Pylon Zealot Adept VoidRay Gateway Adept Pylon VoidRay Zealot Immortal Pylon Adept Zealot Zealot Immortal Pylon Probe VoidRay FleetBeacon Stalker Carrier Pylon Pylon Gateway Adept Probe,41.25,119836
203,662224,0,25573,10.819,25573,Stalker Stargate RoboticsFacility Zealot Pylon Gateway VoidRay Stalker Immortal Pylon Zealot Adept VoidRay Immortal Adept Pylon Zealot Stalker Assimilator RoboticsFacility Pylon Adept VoidRay Adept Probe Stalker VoidRay Stalker Zealot Assimilator FleetBeacon Gateway Gateway Probe,41.25,120849
218,692106,0,27031,11.2079,27031,Stalker Stargate RoboticsFacility Zealot Pylon Gateway VoidRay Stalker Immortal Pylon Zealot Adept VoidRay Stalker Immortal Stalker Adept VoidRay Assimilator Adept Pylon Immortal Stargate Assimilator Nexus Gateway Probe Stargate VoidRay Pylon,36,122233
221,712734,0,28058,11.525,28058,Stalker Stargate RoboticsFacility Zealot Pylon Gateway VoidRay Stalker Immortal Pylon Zealot Adept VoidRay Stalker Pylon Stalker Immortal Zealot Immortal Gateway VoidRay Pylon Assimilator Adept Stalker Immortal TwilightCouncil Immortal Adept FleetBeacon Probe,41.25,124074
263,814659,0,33408,13.2009,33408,Stalker Stargate RoboticsFacility Zealot Pylon Gateway VoidRay Stalker Immortal Pylon Zealot Adept VoidRay Stalker Pylon Stalker Immortal Gateway Stalker Stalker VoidRay Assimilator Pylon Stalker Probe Stalker Pylon Stalker Stalker Pylon VoidRay RoboticsBay TwilightCouncil Immortal,40.25,125429
278,832131,0,34389,13.515,34389,Stalker Stargate RoboticsFacility Zealot Pylon Gateway VoidRay Stalker Immortal Pylon Zealot Adept VoidRay Stalker Pylon Stalker Immortal Adept Pylon Stalker Adept Immortal VoidRay Assimilator Immortal Gateway Nexus Immortal Assimilator TwilightCouncil Probe,41.5,126908
278,841767,0,34947,13.6333,34947,Stalker Stargate RoboticsFacility Zealot Pylon Gateway VoidRay Stalker Immortal Pylon Zealot Adept VoidRay Stalker Pylon Stalker Immortal Stalker Zealot VoidRay Immortal Pylon VoidRay Stargate Zealot Zealot VoidRay Stargate Nexus Pylon Pylon Assimilator Pylon,42.25,128013
293,868068,0,36524,14.0156,36524,Stalker Stargate RoboticsFacility Zealot Pylon Gateway VoidRay Stalker Immortal Pylon Zealot Adept VoidRay Stalker Pylon Stalker Immortal Stalker VoidRay Adept Immortal Adept Pylon TwilightCouncil Zealot Zealot Immortal RoboticsBay Assimilator FleetBeacon Pylon Zealot Probe Assimilator Pylon,43.5,128791
293,892097,0,38000,14.3752,38000,Stalker Stargate RoboticsFacility Zealot Pylon Gateway VoidRay Stalker Immortal Pylon Zealot Adept VoidRay Stalker Pylon Stalker Immortal Stalker Adept Immortal Stalker VoidRay Pylon Immortal Gateway Stalker RoboticsFacility Nexus Stalker Zealot RoboticsFacility TwilightCouncil,43.75,129692
323,945299,0,41530,15.1383,41530,Stalker Stargate RoboticsFacility Zealot Pylon Gateway VoidRay Stalker Immortal Pylon Zealot Adept VoidRay Stalker Pylon Stalker Immortal Stalker Adept Immortal Pylon Adept Probe VoidRay Adept Immortal Assimilator Stalker RoboticsBay Stargate Gateway RoboticsFacility Nexus,44.5,130109
338,971318,0,43415,15.5181,43415,Stalker Stargate RoboticsFacility Zealot Pylon Gateway VoidRay Stalker Immortal Pylon Zealot Adept VoidRay Stalker Pylon Stalker Immortal Stalker Adept Immortal Pylon VoidRay Adept Stalker Immortal Adept Gateway FleetBeacon Nexus RoboticsFacility Assimilator Pylon,44.5,130944
353,995737,0,45308,15.8922,45308,Stalker Stargate RoboticsFacility Zealot Pylon Gateway VoidRay Stalker Immortal Pylon Zealot Adept VoidRay Stalker Pylon Stalker Immortal Stalker Adept Immortal Pylon VoidRay Stalker Immortal Adept Stalker Stargate TwilightCouncil Stalker Nexus RoboticsFacility Gateway,45,131010
353,1002564,0,45852,16.0246,45852,Stalker Stargate RoboticsFacility Zealot Pylon Gateway VoidRay Stalker Immortal Pylon Zealot Adept VoidRay Stalker Pylon Stalker Immortal Stalker Adept Immortal Pylon VoidRay Stalker Zealot Immortal Stalker Stargate Adept Assimilator Pylon Immortal Probe Gateway Zealot Assimilator,46,131380
368,1015255,0,46924,16.1682,46924,Stalker Stargate RoboticsFacility Zealot Pylon Gateway VoidRay Stalker Immortal Pylon Zealot Adept VoidRay Stalker Pylon Stalker Immortal Stalker Adept Immortal Pylon VoidRay Stalker Stalker Immortal Stalker TwilightCouncil Pylon Zealot TemplarArchive Assimilator Assimilator Gateway Pylon Probe Pylon Probe,46.5,131863
368,1023827,0,47648,16.3034,47648,Stalker Stargate RoboticsFacility Zealot Pylon Gateway VoidRay Stalker Immortal Pylon Zealot Adept VoidRay Stalker Pylon Stalker Immortal Stalker Adept Immortal Pylon VoidRay Stalker Stalker Immortal Adept Stalker Probe FleetBeacon Pylon Stargate Nexus Probe,46.75,132284
383,1052028,0,50187,16.7391,50187,Stalker Stargate RoboticsFacility Zealot Pylon Gateway VoidRay Stalker Immortal Pylon Zealot Adept VoidRay Stalker Pylon Stalker Immortal Stalker Adept Immortal Pylon VoidRay Stalker Stalker Immortal Stalker Stalker FleetBeacon Pylon Zealot RoboticsFacility Gateway Pylon Probe Probe,47.25,132469
398,1055011,0,50502,16.7844,50502,Stalker Stargate RoboticsFacility Zealot Pylon Gateway VoidRay Stalker Immortal Pylon Zealot Adept VoidRay Stalker Pylon Stalker Immortal Stalker Adept Immortal Pylon VoidRay Stalker Stalker Immortal Stalker Stalker FleetBeacon Assimilator Probe TwilightCouncil Nexus,47.25,132469
398,1063811,0,51431,16.8804,51431,Stalker Stargate RoboticsFacility Zealot Pylon Gateway VoidRay Stalker Immortal Pylon Zealot Adept VoidRay Stalker Pylon Stalker Immortal Stalker Adept Immortal Pylon VoidRay Stalker Stalker Immortal Adept Stalker Pylon Zealot Assimilator Stalker Nexus RoboticsBay,47.75,132523
411,1073905,0,52523,17.0606,52523,Stalker Stargate RoboticsFacility Zealot Pylon Gateway VoidRay Stalker Immortal Pylon Zealot Adept VoidRay Stalker Pylon Stalker Immortal Stalker Adept Immortal Pylon VoidRay Stalker Stalker Immortal Adept Stalker Pylon Zealot RoboticsFacility Stalker Stalker Pylon Gateway TwilightCouncil,47.75,132523
411,1079502,0,53147,17.1178,53147,Stalker Stargate RoboticsFacility Zealot Pylon Gateway VoidRay Stalker Immortal Pylon Zealot Adept VoidRay Stalker Pylon Stalker Immortal Stalker Adept Immortal Pylon VoidRay Stalker Stalker Immortal Adept Stalker Pylon Zealot VoidRay Zealot Gateway Stargate Assimilator Assimilator,48.75,132557
411,1082808,0,53514,17.1714,53514,Stalker Stargate RoboticsFacility Zealot Pylon Gateway VoidRay Stalker Immortal Pylon Zealot Adept VoidRay Stalker Pylon Stalker Immortal Stalker Adept Immortal Pylon VoidRay Stalker Stalker Immortal Adept Stalker Pylon Pylon Stalker Stargate RoboticsFacility Stalker Gateway Zealot,48.5,132590
411,1086079,0,53877,17.1949,53877,Stalker Stargate RoboticsFacility Zealot Pylon Gateway VoidRay Stalker Immortal Pylon Zealot Adept VoidRay Stalker Pylon Stalker Immortal Stalker Adept Immortal Pylon VoidRay Stalker Stalker Immortal Adept Stalker Pylon Stalker VoidRay Pylon Probe RoboticsBay Assimilator Assimilator Pylon,48.5,132590
421,1089682,0,54311,17.2354,54311,Stalker Stargate RoboticsFacility Zealot Pylon Gateway VoidRay Stalker Immortal Pylon Zealot Adept VoidRay Stalker Pylon Stalker Immortal Stalker Adept Immortal Pylon VoidRay Stalker Stalker Immortal Adept Stalker Pylon Stalker Probe Stargate Gateway Immortal Stalker Assimilator,48.5,132590
421,1103244,0,56027,17.4072,56027,Stalker Stargate RoboticsFacility Zealot Pylon Gateway VoidRay Stalker Immortal Pylon Zealot Adept VoidRay Stalker Pylon Stalker Immortal Stalker Adept Immortal Pylon VoidRay Stalker Stalker Immortal Adept Stalker Pylon Stalker Zealot RoboticsFacility Adept Zealot Probe Assimilator TwilightCouncil Assimilator,49.5,132646
436,1106623,0,56475,17.4833,56475,Stalker Stargate RoboticsFacility Zealot Pylon Gateway VoidRay Stalker Immortal Pylon Zealot Adept VoidRay Stalker Pylon Stalker Immortal Stalker Adept Immortal Pylon VoidRay Stalker Stalker Immortal Adept Stalker Pylon Probe Stalker Zealot Stargate Nexus Adept,49.5,132646
436,1106966,0,56520,17.4859,56520,Stalker Stargate RoboticsFacility Zealot Pylon Gateway VoidRay Stalker Immortal Pylon Zealot Adept VoidRay Stalker Pylon Stalker Immortal Stalker Adept Immortal Pylon VoidRay Stalker Stalker Immortal Adept Stalker Pylon Stalker Probe Zealot Pylon Immortal Pylon Adept Probe Probe,49.5,132646
436,1118583,0,58049,17.6409,58049,Stalker Stargate RoboticsFacility Zealot Pylon Gateway VoidRay Stalker Immortal Pylon Zealot Adept VoidRay Stalker Pylon Stalker Immortal Stalker Adept Immortal Pylon VoidRay Stalker Stalker Immortal Adept Stalker Pylon Stalker Probe Probe Assimilator Zealot Pylon Nexus,49.5,132646
436,1118597,0,58051,17.641,58051,Stalker Stargate RoboticsFacility Zealot Pylon Gateway VoidRay Stalker Immortal Pylon Zealot Adept VoidRay Stalker Pylon Stalker Immortal Stalker Adept Immortal Pylon VoidRay Stalker Stalker Immortal Adept Stalker Pylon Stalker Zealot Probe FleetBeacon Probe Gateway Stalker Probe,49.5,132646
451,1125276,0,59013,17.7997,59013,Stalker Stargate RoboticsFacility Zealot Pylon Gateway VoidRay Stalker Immortal Pylon Zealot Adept VoidRay Stalker Pylon Stalker Immortal Stalker Adept Immortal Pylon VoidRay Stalker Stalker Immortal Adept Stalker Pylon Stalker Zealot Probe Probe RoboticsFacility Pylon Pylon Adept Stalker Probe,49.5,132646
451,1132715,0,60100,17.8546,60100,Stalker Stargate RoboticsFacility Zealot Pylon Gateway VoidRay Stalker Immortal Pylon Zealot Adept VoidRay Stalker Pylon Stalker Immortal Stalker Adept Immortal Pylon VoidRay Stalker Stalker Immortal Adept Stalker Pylon Stalker Zealot Probe Probe RoboticsBay Probe RoboticsFacility Stalker Gateway,49.5,132646
466,1145672,0,62190,18.0045,62190,Stalker Stargate RoboticsFacility Zealot Pylon Gateway VoidRay Stalker Immortal Pylon Zealot Adept VoidRay Stalker Pylon Stalker Immortal Stalker Adept Immortal Pylon VoidRay Stalker Stalker Immortal Adept Stalker Pylon Stalker Zealot Probe Probe Pylon Probe Stargate VoidRay Probe,49.5,132646
481,1149903,0,62925,18.0948,62925,Stalker Stargate RoboticsFacility Zealot Pylon Gateway VoidRay Stalker Immortal Pylon Zealot Adept VoidRay Stalker Pylon Stalker Immortal Stalker Adept Immortal Pylon VoidRay Stalker Stalker Immortal Adept Stalker Pylon Stalker Zealot Probe Probe Probe RoboticsBay Probe RoboticsFacility Probe Assimilator Assimilator,49.5,132646
481,1156479,0,64055,18.2037,64055,Stalker Stargate RoboticsFacility Zealot Pylon Gateway VoidRay Stalker Immortal Pylon Zealot Adept VoidRay Stalker Pylon Stalker Immortal Stalker Adept Immortal Pylon VoidRay Stalker Stalker Immortal Adept Stalker Pylon Stalker Zealot Probe Probe Stargate Probe Probe TwilightCouncil Probe Gateway,49.5,132646
494,1158391,0,64384,18.2189,64384,Stalker Stargate RoboticsFacility Zealot Pylon Gateway VoidRay Stalker Immortal Pylon Zealot Adept VoidRay Stalker Pylon Stalker Immortal Stalker Adept Immortal Pylon VoidRay Stalker Stalker Immortal Adept Stalker Pylon Stalker Zealot Probe Probe Probe TwilightCouncil Probe FleetBeacon Probe,49.5,132646
494,1159530,0,64580,18.227,64580,Stalker Stargate RoboticsFacility Zealot Pylon Gateway VoidRay Stalker Immortal Pylon Zealot Adept VoidRay Stalker Pylon Stalker Immortal Stalker Adept Immortal Pylon VoidRay Stalker Stalker Immortal Adept Stalker Pylon Stalker Zealot Probe Probe Pylon TwilightCouncil Probe Probe VoidRay,49.5,132646
509,1170586,0,66543,18.4429,66543,Stalker Stargate RoboticsFacility Zealot Pylon Gateway VoidRay Stalker Immortal Pylon Zealot Adept VoidRay Stalker Pylon Stalker Immortal Stalker Adept Immortal Pylon VoidRay Stalker Stalker Immortal Adept Stalker Pylon Stalker Zealot Probe Probe Pylon Probe Probe VoidRay Stalker Probe,49.5,132646
553,1196592,9,72566,18.8226,72566,Stalker Stargate RoboticsFacility Zealot Pylon Gateway VoidRay Stalker Immortal Pylon Zealot Adept VoidRay Stalker Pylon Stalker Immortal Stalker Adept Immortal Pylon VoidRay Stalker Stalker Immortal Adept Stalker Pylon Stalker Zealot Probe Probe Pylon Probe Probe VoidRay Stalker Probe,49.5,132646
