0,0,0,0,0,0, ,0,0
0,37,0,1,0.000258,1,Adept Adept Assimilator Adept Probe Stalker Stalker Assimilator Zealot RoboticsFacility RoboticsBay Probe Gateway Stalker RoboticsFacility Probe Stalker Zealot Gateway Stalker TwilightCouncil RoboticsFacility DarkShrine Gateway Pylon Pylon Stargate Pylon Stargate RoboticsFacility RoboticsFacility RoboticsFacility TemplarArchive Gateway RoboticsFacility RoboticsFacility,14.5,41644
0,66,0,2,0.000481,2,RoboticsFacility Assimilator Pylon Gateway Stalker RoboticsFacility Gateway Adept Immortal Zealot RoboticsBay Immortal Assimilator Adept Stalker Stargate Stalker TwilightCouncil Stalker Colossus Zealot RoboticsFacility Probe Pylon Stargate Colossus Pylon Probe,24,71471
0,726,0,24,0.015155,24,Stargate Gateway Zealot VoidRay Stalker Probe Adept Assimilator Stalker Pylon Nexus Nexus VoidRay Adept Stargate VoidRay Adept Gateway Pylon FleetBeacon Nexus Stargate Mothership Nexus,20.25,72914.8
0,3260,0,106,0.052154,106,RoboticsFacility Zealot Pylon Probe Gateway Stargate Stargate Immortal Stalker Stalker Gateway Stalker VoidRay Probe Immortal Probe Nexus RoboticsFacility Stalker Zealot RoboticsFacility FleetBeacon Pylon Pylon Nexus TwilightCouncil Pylon Adept Probe Stalker Adept Tempest Adept VoidRay Probe Adept Pylon Assimilator Pylon Probe Probe,26,79412.2
0,6309,0,204,0.097728,204,Zealot Probe Pylon RoboticsFacility RoboticsFacility Adept Immortal Gateway Immortal RoboticsBay RoboticsFacility Colossus Nexus Assimilator Stargate Adept VoidRay Adept Gateway Adept Stalker RoboticsFacility Assimilator Immortal Zealot RoboticsFacility Nexus Stargate Stalker Probe,29,80188
3,9126,0,294,0.141643,294,RoboticsFacility Gateway Stalker Immortal Zealot Adept TwilightCouncil RoboticsBay Pylon Assimilator Gateway RoboticsFacility Stalker Colossus DarkShrine TemplarArchive Pylon Immortal DarkTemplar Stargate Immortal Zealot Stalker Stalker VoidRay Pylon Adept Immortal Adept Pylon,33,81527.2
4,10220,0,329,0.159311,329,Probe RoboticsFacility Immortal Gateway RoboticsBay Zealot RoboticsFacility Immortal Pylon Probe Colossus Stalker Assimilator Gateway Stalker Gateway Immortal Adept Assimilator Zealot Gateway Pylon Stalker Nexus Zealot RoboticsFacility Probe TwilightCouncil Stargate Pylon Zealot Immortal Probe Probe,26.75,87068.2
11,32620,0,1048,0.507851,1048,Adept Probe Gateway Gateway RoboticsFacility Immortal RoboticsFacility Zealot Stalker Pylon Adept TwilightCouncil Probe Stalker Assimilator Pylon Stargate Immortal Stalker Zealot Immortal Zealot Assimilator Immortal Gateway Gateway RoboticsBay Probe Stargate Immortal TemplarArchive Stargate Gateway Gateway,29.5,87733
11,55090,0,1770,0.852773,1770,Stalker Stargate Stalker VoidRay TwilightCouncil Pylon Gateway Zealot VoidRay VoidRay Probe Adept Stalker Assimilator VoidRay FleetBeacon Zealot Zealot Assimilator TemplarArchive Pylon Tempest DarkShrine Stalker Nexus Pylon DarkTemplar Tempest Gateway Probe,31.5,91443.8
22,67125,0,2155,1.04232,2155,Stalker Gateway Gateway Probe Stalker RoboticsFacility Probe Nexus Immortal RoboticsFacility Immortal TwilightCouncil Stalker Adept Stalker Stalker Immortal Stalker Stalker DarkShrine Zealot Probe DarkTemplar Stalker RoboticsBay Nexus Nexus TemplarArchive Probe Stargate Gateway Pylon Pylon Immortal Probe Adept Probe Gateway,30,92043.2
22,94083,0,3036,1.46493,3036,Stalker Stargate RoboticsFacility VoidRay Zealot Immortal Zealot Zealot Gateway Pylon Immortal Nexus Nexus Adept Stalker Zealot Stalker Adept Immortal VoidRay FleetBeacon Probe Tempest TwilightCouncil Mothership Assimilator Zealot Gateway Gateway,31,94103.8
23,98139,0,3170,1.53236,3170,Stalker Stalker RoboticsFacility Pylon Assimilator Stargate Stalker Immortal RoboticsFacility VoidRay Probe VoidRay Pylon RoboticsBay Zealot Immortal Adept Stargate Stalker Stargate Probe Immortal Pylon Gateway Gateway Gateway Stalker Stalker Gateway Gateway Stalker Zealot Stalker,32,95458.8
38,124152,0,4016,1.93704,4016,Stalker Stalker RoboticsFacility RoboticsFacility Immortal Assimilator Immortal Probe Pylon Adept Immortal Immortal Stalker Zealot Immortal RoboticsBay TwilightCouncil DarkShrine Gateway RoboticsFacility Assimilator RoboticsFacility Gateway RoboticsFacility Nexus Stargate TemplarArchive Pylon,26.25,98508
51,188237,0,6157,2.91713,6157,Stalker Stalker RoboticsFacility RoboticsFacility Gateway RoboticsBay Adept Pylon Immortal Probe Immortal Immortal Probe Zealot Immortal Adept Pylon RoboticsFacility Stalker Stargate Gateway Stalker Stargate Immortal Pylon Zealot Adept Stalker RoboticsFacility Nexus Nexus RoboticsFacility Probe Pylon TwilightCouncil Probe Probe,33.25,99285
53,203336,0,6681,3.1728,6681,Stalker Stalker RoboticsFacility RoboticsFacility Gateway RoboticsFacility Gateway Pylon Zealot Stalker Probe Adept RoboticsFacility Pylon Stalker Stalker Zealot Immortal Immortal Immortal Stalker Stalker Stalker Nexus Adept Pylon Probe RoboticsBay Immortal Pylon Immortal Nexus Gateway RoboticsFacility Probe,37.25,99988.2
80,304293,0,10247,4.8912,10247,Stalker Stalker RoboticsFacility RoboticsFacility Gateway Adept Immortal Probe Zealot Pylon Immortal Stalker RoboticsBay Pylon Stalker Gateway Zealot Adept TwilightCouncil Immortal Immortal Stalker Stargate RoboticsFacility Assimilator TemplarArchive Pylon Colossus Immortal Zealot Stargate Assimilator Gateway Gateway Pylon,29.25,101003
93,356963,0,12173,5.8174,12173,Stalker Stalker RoboticsFacility RoboticsFacility Gateway Adept RoboticsFacility Pylon Immortal Immortal Probe Immortal Stalker Pylon Zealot Adept Adept Pylon Immortal Nexus Adept Stargate Nexus Zealot Pylon Probe VoidRay Immortal Zealot Stalker Adept Nexus Pylon,37.75,101310
94,375961,0,12886,6.1923,12886,Stalker Stalker RoboticsFacility RoboticsFacility Gateway Adept Assimilator Immortal Stalker Immortal Stalker Immortal Probe Pylon Adept Assimilator Probe Adept Pylon Gateway Immortal Zealot Zealot Pylon TwilightCouncil Stargate DarkShrine Zealot Gateway FleetBeacon Gateway Probe,28.75,101676
96,395341,0,13632,6.58419,13632,Stalker Stalker RoboticsFacility RoboticsFacility Gateway Adept Pylon Probe Immortal Immortal Zealot RoboticsBay Zealot Stalker Probe Stalker Gateway Colossus Pylon Colossus Probe Adept Pylon Colossus Zealot Gateway TwilightCouncil Stargate RoboticsFacility DarkShrine Assimilator Gateway Gateway Gateway Gateway Assimilator Pylon Gateway Gateway Pylon,35,105294
123,486729,0,17056,8.42251,17056,Stalker Stalker RoboticsFacility RoboticsFacility Gateway Adept Pylon Probe Immortal Probe Stalker Adept Immortal Pylon Immortal Immortal Assimilator Immortal Adept RoboticsBay Assimilator Pylon Adept Zealot Nexus Probe Stalker Pylon Zealot Zealot Colossus Immortal Adept,33.75,110553
126,490881,0,17210,8.50237,17210,Stalker Stalker RoboticsFacility RoboticsFacility Gateway Adept Pylon Probe Immortal Immortal Immortal Gateway Immortal Adept Immortal Pylon Adept Stalker Immortal Stalker RoboticsFacility TwilightCouncil DarkShrine TemplarArchive Nexus Pylon Immortal Stalker Pylon Assimilator Adept Probe Immortal,33.25,112226
141,544532,0,19250,9.41353,19250,Stalker Stalker RoboticsFacility RoboticsFacility Gateway Adept Pylon Probe Immortal Immortal RoboticsFacility Zealot Adept Immortal Zealot Pylon Zealot Pylon Adept Immortal Probe Immortal Stalker Immortal Gateway Stargate Pylon Adept Probe VoidRay TwilightCouncil VoidRay RoboticsBay Pylon Gateway Assimilator Gateway Assimilator Pylon,39.75,114964
220,762619,0,28525,12.7995,28525,Stalker Stalker RoboticsFacility RoboticsFacility Gateway Adept Pylon Probe Immortal Immortal RoboticsFacility Zealot Adept Immortal Stalker Gateway Immortal Pylon Immortal Pylon Immortal Immortal Stargate Pylon Stalker Assimilator RoboticsFacility Gateway Assimilator FleetBeacon Immortal Zealot,36.75,114993
233,800700,0,30345,13.3532,30345,Stalker Stalker RoboticsFacility RoboticsFacility Gateway Adept Pylon Probe Immortal Immortal RoboticsFacility Zealot Adept Immortal Stalker Pylon Immortal Zealot Adept Adept Immortal Pylon RoboticsBay Gateway TwilightCouncil Immortal Zealot Nexus Stalker Stargate Gateway TemplarArchive Pylon Pylon Assimilator Assimilator,37.5,115506
233,809978,0,30795,13.5029,30795,Stalker Stalker RoboticsFacility RoboticsFacility Gateway Adept Pylon Probe Immortal Immortal RoboticsFacility Zealot Adept Immortal Stalker Pylon Adept Stalker Immortal Zealot Zealot RoboticsBay Stalker Gateway Pylon Zealot Immortal Stalker Assimilator Assimilator Nexus Stargate Pylon Zealot Probe Stalker,37,116632
246,840012,0,32264,14.0337,32264,Stalker Stalker RoboticsFacility RoboticsFacility Gateway Adept Pylon Probe Immortal Immortal RoboticsFacility Zealot Adept Immortal Stalker Pylon Zealot Pylon Immortal Probe Adept Adept Immortal Probe Adept TwilightCouncil Pylon Adept Immortal Zealot Stalker Pylon Zealot Assimilator RoboticsBay RoboticsFacility Immortal Probe Stalker RoboticsFacility Probe,41,119312
259,885755,0,34560,15.0166,34560,Stalker Stalker RoboticsFacility RoboticsFacility Gateway Adept Pylon Probe Immortal Immortal RoboticsFacility Zealot Adept Immortal Stalker Pylon Zealot Immortal Immortal Immortal RoboticsBay Pylon Immortal Gateway Adept Pylon Stalker Pylon TwilightCouncil Pylon Probe Colossus Probe Pylon Pylon Adept RoboticsFacility,39,119373
272,944570,0,37719,16.0935,37719,Stalker Stalker RoboticsFacility RoboticsFacility Gateway Adept Pylon Probe Immortal Immortal RoboticsFacility Zealot Adept Immortal Stalker Pylon Zealot Immortal Pylon Zealot Immortal Adept Immortal Zealot Pylon Immortal Probe Immortal TwilightCouncil Assimilator Probe Assimilator TemplarArchive DarkShrine Gateway Stargate,43,121639
285,957611,0,38450,16.3516,38450,Stalker Stalker RoboticsFacility RoboticsFacility Gateway Adept Pylon Probe Immortal Immortal RoboticsFacility Zealot Adept Immortal Stalker Pylon Zealot Immortal Pylon Immortal Immortal Zealot Stalker Immortal Pylon Immortal Assimilator Zealot Stargate Adept Stargate Gateway FleetBeacon,44.75,123579
324,1074724,0,46146,18.3892,46146,Stalker Stalker RoboticsFacility RoboticsFacility Gateway Adept Pylon Probe Immortal Immortal RoboticsFacility Zealot Adept Immortal Stalker Pylon Zealot Immortal Pylon Immortal Immortal Zealot Stalker Immortal Pylon Adept Zealot Immortal TwilightCouncil DarkShrine Assimilator Stargate Stargate Pylon Assimilator Pylon,44.75,123602
337,1080030,0,46559,18.4536,46559,Stalker Stalker RoboticsFacility RoboticsFacility Gateway Adept Pylon Probe Immortal Immortal RoboticsFacility Zealot Adept Immortal Stalker Pylon Zealot Immortal Pylon Immortal Immortal Zealot Stalker Pylon Immortal Immortal Zealot Zealot Gateway Pylon Zealot TwilightCouncil Stalker RoboticsFacility Probe Pylon Probe,44.5,123662
337,1080061,0,46561,18.4538,46561,Stalker Stalker RoboticsFacility RoboticsFacility Gateway Adept Pylon Probe Immortal Immortal RoboticsFacility Zealot Adept Immortal Stalker Pylon Zealot Immortal Pylon Immortal Immortal Zealot Stalker Pylon Stalker Stalker Immortal Immortal Assimilator Nexus Pylon TwilightCouncil Stalker,46,123737
337,1094354,0,47665,18.6598,47665,Stalker Stalker RoboticsFacility RoboticsFacility Gateway Adept Pylon Probe Immortal Immortal RoboticsFacility Zealot Adept Immortal Stalker Pylon Zealot Immortal Pylon Immortal Immortal Zealot Stalker Immortal Pylon Immortal Adept Pylon Zealot Stargate Stalker Assimilator Pylon TwilightCouncil Stalker Stalker,46.5,124032
345,1110863,0,49124,18.895,49124,Stalker Stalker RoboticsFacility RoboticsFacility Gateway Adept Pylon Probe Immortal Immortal RoboticsFacility Zealot Adept Immortal Stalker Pylon Zealot Immortal Pylon Immortal Immortal Zealot Stalker Immortal Pylon Immortal Stalker Adept Stargate Stargate TwilightCouncil Assimilator Pylon Probe Adept Gateway Probe,45.5,124417
382,1121546,0,50108,19.0498,50108,Stalker Stalker RoboticsFacility RoboticsFacility Gateway Adept Pylon Probe Immortal Immortal RoboticsFacility Zealot Adept Immortal Stalker Pylon Zealot Immortal Pylon Immortal Immortal Zealot Stalker Immortal Pylon Immortal Stalker Stalker Pylon RoboticsFacility TwilightCouncil Probe Gateway Gateway Adept Probe Probe,46,124644
401,1147350,0,52534,19.4318,52534,Stalker Stalker RoboticsFacility RoboticsFacility Gateway Adept Pylon Probe Immortal Immortal RoboticsFacility Zealot Adept Immortal Stalker Pylon Zealot Immortal Pylon Immortal Immortal Zealot Stalker Immortal Pylon Immortal Stalker Stalker Pylon Pylon RoboticsFacility Probe Gateway RoboticsBay TwilightCouncil Adept,46,124644
401,1154237,0,53278,19.532,53278,Stalker Stalker RoboticsFacility RoboticsFacility Gateway Adept Pylon Probe Immortal Immortal RoboticsFacility Zealot Adept Immortal Stalker Pylon Zealot Immortal Pylon Immortal Immortal Zealot Stalker Immortal Pylon Immortal Stalker Stalker Pylon TwilightCouncil Zealot TemplarArchive Zealot Gateway RoboticsBay Probe,47,124717
401,1162556,0,54193,19.6565,54193,Stalker Stalker RoboticsFacility RoboticsFacility Gateway Adept Pylon Probe Immortal Immortal RoboticsFacility Zealot Adept Immortal Stalker Pylon Zealot Immortal Pylon Immortal Immortal Zealot Stalker Immortal Pylon Immortal Stalker Stalker Pylon Zealot RoboticsFacility Nexus Assimilator Zealot,47,124717
413,1173862,0,55529,19.8117,55529,Stalker Stalker RoboticsFacility RoboticsFacility Gateway Adept Pylon Probe Immortal Immortal RoboticsFacility Zealot Adept Immortal Stalker Pylon Zealot Immortal Pylon Immortal Immortal Zealot Stalker Immortal Pylon Immortal Stalker Stalker Pylon Zealot Immortal Gateway RoboticsBay Zealot Assimilator,47,124717
413,1177036,0,55899,19.847,55899,Stalker Stalker RoboticsFacility RoboticsFacility Gateway Adept Pylon Probe Immortal Immortal RoboticsFacility Zealot Adept Immortal Stalker Pylon Zealot Immortal Pylon Immortal Immortal Zealot Stalker Immortal Pylon Immortal Stalker Stalker Pylon Zealot Probe Stargate Stalker Probe Adept RoboticsBay RoboticsFacility,47,124717
469,1197296,0,58662,20.1323,58662,Stalker Stalker RoboticsFacility RoboticsFacility Gateway Adept Pylon Probe Immortal Immortal RoboticsFacility Zealot Adept Immortal Stalker Pylon Zealot Immortal Pylon Immortal Immortal Zealot Stalker Immortal Pylon Immortal Stalker Stalker Pylon Zealot Probe Probe Gateway Immortal Assimilator Stargate,47,124717
469,1198987,0,58892,20.1573,58892,Stalker Stalker RoboticsFacility RoboticsFacility Gateway Adept Pylon Probe Immortal Immortal RoboticsFacility Zealot Adept Immortal Stalker Pylon Zealot Immortal Pylon Immortal Immortal Zealot Stalker Immortal Pylon Immortal Stalker Stalker Pylon Probe Probe Zealot Probe Gateway Probe Nexus Probe,47,124717
482,1218484,0,61613,20.425,61613,Stalker Stalker RoboticsFacility RoboticsFacility Gateway Adept Pylon Probe Immortal Immortal RoboticsFacility Zealot Adept Immortal Stalker Pylon Zealot Immortal Pylon Immortal Immortal Zealot Stalker Immortal Pylon Immortal Stalker Stalker Pylon Probe Probe Zealot Stalker Probe Probe Gateway Stargate RoboticsFacility,47,124717
508,1237191,0,64373,20.6971,64373,Stalker Stalker RoboticsFacility RoboticsFacility Gateway Adept Pylon Probe Immortal Immortal RoboticsFacility Zealot Adept Immortal Stalker Pylon Zealot Immortal Pylon Immortal Immortal Zealot Stalker Immortal Pylon Immortal Stalker Stalker Pylon Probe Probe Zealot Probe Pylon Zealot Probe Pylon Probe RoboticsFacility Adept,47,124717
508,1241688,0,65114,20.7537,65114,Stalker Stalker RoboticsFacility RoboticsFacility Gateway Adept Pylon Probe Immortal Immortal RoboticsFacility Zealot Adept Immortal Stalker Pylon Zealot Immortal Pylon Immortal Immortal Zealot Stalker Immortal Pylon Immortal Stalker Stalker Pylon Probe Probe Zealot Probe Zealot Probe Pylon Stalker RoboticsFacility Probe Probe,47,124717
508,1245872,0,65803,20.8193,65803,Stalker Stalker RoboticsFacility RoboticsFacility Gateway Adept Pylon Probe Immortal Immortal RoboticsFacility Zealot Adept Immortal Stalker Pylon Zealot Immortal Pylon Immortal Immortal Zealot Stalker Immortal Pylon Immortal Stalker Stalker Pylon Probe Probe Zealot Probe Adept Pylon Probe Pylon Probe Stalker Assimilator Probe,47,124717
508,1246027,0,65829,20.8203,65829,Stalker Stalker RoboticsFacility RoboticsFacility Gateway Adept Pylon Probe Immortal Immortal RoboticsFacility Zealot Adept Immortal Stalker Pylon Zealot Immortal Pylon Immortal Immortal Zealot Stalker Immortal Pylon Immortal Stalker Stalker Pylon Probe Probe Zealot Probe Pylon Probe Immortal TwilightCouncil Assimilator,47,124717
508,1248121,0,66177,20.8484,66177,Stalker Stalker RoboticsFacility RoboticsFacility Gateway Adept Pylon Probe Immortal Immortal RoboticsFacility Zealot Adept Immortal Stalker Pylon Zealot Immortal Pylon Immortal Immortal Zealot Stalker Immortal Pylon Immortal Stalker Stalker Pylon Probe Probe Zealot Probe Adept Probe Pylon Immortal Stalker,47,124717
