0,0,0,0,0,0, ,0,0
0,35,0,1,0.000296,1,TwilightCouncil TemplarArchive Stargate FleetBeacon Carrier Adept Probe DarkShrine Zealot VoidRay Stargate Stargate Adept Pylon Gateway Tempest Gateway Nexus Probe DarkTemplar Probe Adept Probe Probe Gateway Gateway Nexus Nexus Gateway Pylon Pylon Assimilator Pylon Assimilator,13.5,24802
0,62,0,2,0.000487,2,Nexus Gateway Pylon RoboticsFacility Gateway Stalker RoboticsBay Zealot Immortal Nexus Assimilator Colossus Zealot Immortal Adept Pylon TwilightCouncil Immortal Adept Adept RoboticsFacility Immortal Gateway Colossus Gateway Adept,23.75,59086.2
0,94,0,3,0.00474,3,Zealot Adept RoboticsFacility Gateway Stalker RoboticsFacility TwilightCouncil Gateway Probe Pylon Immortal Immortal RoboticsFacility Adept Nexus Stargate Pylon RoboticsFacility RoboticsFacility VoidRay Assimilator Immortal DarkShrine RoboticsBay DarkTemplar FleetBeacon Adept RoboticsFacility Assimilator DarkTemplar Nexus,20.5,67116.8
0,677,0,22,0.008915,22,RoboticsFacility TwilightCouncil Gateway Immortal Stalker DarkShrine Assimilator Gateway Adept Adept TemplarArchive Gateway DarkTemplar Immortal DarkTemplar Probe Pylon Pylon Immortal Stalker Nexus Pylon Pylon Gateway Adept Gateway RoboticsBay Probe Nexus Zealot Pylon Probe,23.5,75033
0,3555,0,116,0.042356,116,Assimilator Stalker Stargate Zealot Adept RoboticsFacility Probe Immortal Assimilator VoidRay Stalker Gateway Nexus VoidRay Zealot TwilightCouncil VoidRay DarkShrine Zealot Gateway FleetBeacon Carrier Stargate Adept,23.5,75223
0,4237,0,139,0.060215,139,RoboticsFacility Zealot Probe Nexus RoboticsFacility Immortal Stalker Nexus Adept RoboticsBay Immortal Adept Immortal Immortal Immortal Assimilator Pylon Gateway RoboticsFacility Assimilator Nexus Stalker Stalker Stargate Colossus Probe Pylon,27.5,83572
11,14938,0,481,0.213214,481,Probe RoboticsFacility Stalker Stargate Nexus Immortal Gateway Adept Stalker VoidRay Assimilator TwilightCouncil Pylon Immortal VoidRay Zealot Zealot RoboticsBay Zealot Adept Gateway Immortal RoboticsFacility Immortal TemplarArchive Probe Pylon Adept FleetBeacon Probe RoboticsFacility Probe,33.25,92828.2
12,36999,0,1177,0.522774,1177,Stalker RoboticsFacility Nexus Stalker RoboticsBay Immortal Pylon Adept Colossus Gateway Adept Gateway Zealot Zealot Stalker Gateway Adept Colossus Stalker Stalker Immortal Assimilator RoboticsFacility RoboticsFacility Probe Nexus Nexus Immortal Assimilator,32,95856.2
27,79417,0,2544,1.13661,2544,Stalker RoboticsFacility Pylon Zealot Pylon Gateway Stalker RoboticsFacility Stargate Immortal Pylon Zealot RoboticsFacility Immortal VoidRay Stalker Pylon Pylon Immortal Zealot VoidRay Gateway Pylon TwilightCouncil VoidRay Stalker Pylon VoidRay DarkShrine Gateway Gateway RoboticsFacility Zealot Adept Probe,33.25,96217.2
40,116006,0,3752,1.64263,3752,Stalker Gateway Stalker Stalker Stargate Stalker Stalker Stalker VoidRay Pylon Stalker Gateway VoidRay Adept VoidRay Stargate Adept TwilightCouncil Nexus Gateway Pylon Gateway Gateway Adept Probe TemplarArchive RoboticsFacility Immortal Adept Probe RoboticsBay Gateway Nexus Adept,28,98504.8
80,246059,0,8139,3.49112,8139,Stalker Gateway Stalker Stalker Stargate Stalker Gateway Pylon VoidRay Stalker Adept Stalker Stalker VoidRay Nexus Stalker Gateway Nexus Gateway Adept VoidRay Stalker Stargate Nexus RoboticsFacility Probe Immortal TwilightCouncil Pylon VoidRay,30.25,101024
115,402262,0,13906,5.68231,13906,Stalker Gateway Stalker Stalker Stargate Stalker Stalker VoidRay RoboticsFacility Pylon Immortal VoidRay Zealot Assimilator Zealot Zealot Zealot Probe Pylon Stalker RoboticsFacility VoidRay Nexus Assimilator Adept Nexus Nexus Zealot Stargate,31.5,101080
128,435731,0,15206,5.93103,15206,Stalker Gateway Stalker Stalker Stargate Stalker Stalker VoidRay Zealot Gateway Adept Stalker Pylon Probe Probe TwilightCouncil Pylon Adept VoidRay Pylon RoboticsFacility VoidRay Nexus Zealot RoboticsFacility Adept VoidRay Assimilator VoidRay Probe RoboticsBay RoboticsFacility Nexus Stalker DarkShrine Zealot,32.25,101404
128,438282,0,15305,5.95003,15305,Stalker Gateway Stalker Stalker Stargate Stalker Stalker VoidRay Zealot Probe Zealot Adept Pylon Gateway Stalker VoidRay Zealot Gateway Stalker Assimilator Pylon Nexus Stalker Stargate VoidRay Zealot VoidRay VoidRay Probe Pylon Pylon Zealot Assimilator TwilightCouncil FleetBeacon,40.25,106704
167,588508,0,21456,7.21418,21456,Stalker Gateway Stalker Stalker Stargate Stalker Stalker VoidRay Zealot Probe Pylon Gateway Zealot Stargate Adept VoidRay Gateway Stalker VoidRay Pylon Assimilator Gateway VoidRay TwilightCouncil VoidRay RoboticsFacility FleetBeacon Gateway DarkShrine Nexus Assimilator Pylon,33.75,107494
167,602565,0,22016,7.31871,22016,Stalker Gateway Stalker Stalker Stargate Stalker Stalker VoidRay Zealot Probe Pylon Gateway Stalker VoidRay Stalker Probe Gateway Assimilator RoboticsFacility Stalker Pylon Stalker Immortal Pylon Stalker Adept Gateway Adept Immortal Probe RoboticsBay Zealot Gateway TwilightCouncil FleetBeacon TemplarArchive RoboticsFacility,37.5,112738
219,770635,0,29279,8.5753,29279,Stalker Gateway Stalker Stalker Stargate Stalker Stalker VoidRay Zealot Probe Pylon Gateway Stalker VoidRay Stalker Stalker Zealot FleetBeacon Pylon Zealot Zealot Stalker Pylon VoidRay Tempest Pylon Stalker Pylon VoidRay Gateway Zealot Adept Assimilator Stargate Probe Zealot Assimilator RoboticsFacility Pylon Pylon Probe,38.75,113226
245,834711,0,32337,9.05501,32337,Stalker Gateway Stalker Stalker Stargate Stalker Stalker VoidRay Zealot Probe Pylon Gateway Stalker VoidRay Stalker Stalker Stalker Pylon Stalker Zealot VoidRay Adept Nexus TwilightCouncil Pylon Stalker RoboticsFacility RoboticsBay Stalker DarkShrine Stargate Assimilator Nexus Nexus,36.25,114308
245,836060,0,32403,9.06498,32403,Stalker Gateway Stalker Stalker Stargate Stalker Stalker VoidRay Zealot Probe Pylon Gateway Stalker VoidRay Stalker Stalker Nexus Stalker Pylon TwilightCouncil Stalker Zealot Assimilator Stalker Adept Adept TemplarArchive Adept VoidRay Adept Zealot DarkShrine Probe Probe RoboticsFacility Stalker Gateway Gateway Probe,39.25,114514
245,852393,0,33217,9.18596,33217,Stalker Gateway Stalker Stalker Stargate Stalker Stalker VoidRay Zealot Probe Pylon Gateway Stalker VoidRay Stalker Stalker Probe Stalker Pylon Probe Pylon Stalker RoboticsFacility Probe VoidRay Adept Pylon Gateway Stalker Gateway Adept Pylon Immortal Zealot FleetBeacon Stalker Nexus Carrier Probe Pylon Adept,41.25,118890
319,1047878,0,42882,11.1608,42882,Stalker Gateway Stalker Stalker Stargate Stalker Stalker VoidRay Zealot Probe Pylon Gateway Stalker VoidRay Stalker Stalker Probe Stalker Pylon Probe Pylon Zealot Stalker FleetBeacon Zealot VoidRay Stalker Adept Probe Pylon Stalker Stalker Adept Gateway Zealot Nexus RoboticsFacility RoboticsFacility Gateway Assimilator TwilightCouncil Pylon Assimilator Probe,41.25,119272
319,1063342,0,43667,11.4227,43667,Stalker Gateway Stalker Stalker Stargate Stalker Stalker VoidRay Zealot Probe Pylon Gateway Stalker VoidRay Stalker Stalker Probe Stalker Pylon Probe Pylon Probe Pylon Zealot Zealot Probe Adept Adept Stalker VoidRay Stalker Stalker VoidRay Stargate FleetBeacon RoboticsFacility Gateway Gateway Nexus Pylon Assimilator Gateway Gateway Assimilator,42.5,120327
345,1119057,0,46421,12.5485,46421,Stalker Gateway Stalker Stalker Stargate Stalker Stalker VoidRay Zealot Probe Pylon Gateway Stalker VoidRay Stalker Stalker Probe Stalker Pylon Probe Pylon Probe Pylon Stalker Stalker Zealot VoidRay Probe Stargate Stalker Zealot Assimilator Nexus Stalker Zealot Stalker Stargate Stargate Gateway RoboticsFacility Stalker TwilightCouncil Zealot Probe Probe,40.5,121048
358,1157493,0,48376,13.408,48376,Stalker Gateway Stalker Stalker Stargate Stalker Stalker VoidRay Zealot Probe Pylon Gateway Stalker VoidRay Stalker Stalker Probe Stalker Pylon Probe Pylon Probe Pylon Stalker Probe Adept Stalker Gateway Stalker Stalker VoidRay Stargate Zealot Stalker Assimilator RoboticsFacility Adept RoboticsFacility Adept FleetBeacon Nexus Assimilator Stargate Pylon,42.25,121685
358,1160115,0,48512,13.4712,48512,Stalker Gateway Stalker Stalker Stargate Stalker Stalker VoidRay Zealot Probe Pylon Gateway Stalker VoidRay Stalker Stalker Probe Stalker Pylon Probe Pylon Probe Pylon Stalker Adept VoidRay Adept Adept Stalker VoidRay Stalker Zealot TwilightCouncil Nexus FleetBeacon Pylon Assimilator Adept Pylon DarkShrine Probe Adept Probe Stalker,42.75,123623
370,1192884,0,50225,14.1729,50225,Stalker Gateway Stalker Stalker Stargate Stalker Stalker VoidRay Zealot Probe Pylon Gateway Stalker VoidRay Stalker Stalker Probe Stalker Pylon Probe Pylon Probe Pylon Stalker Adept Probe VoidRay Adept Stalker Gateway Stalker Zealot VoidRay TwilightCouncil Gateway Stalker Pylon Gateway RoboticsFacility Stalker Assimilator TemplarArchive Pylon Gateway Probe Zealot Assimilator Adept,45,124434
381,1230464,0,52232,14.723,52232,Stalker Gateway Stalker Stalker Stargate Stalker Stalker VoidRay Zealot Probe Pylon Gateway Stalker VoidRay Stalker Stalker Probe Stalker Pylon Probe Pylon Probe Pylon Stalker Adept Probe Adept VoidRay Stalker Adept Zealot Probe Pylon Stalker VoidRay Stalker Pylon Probe Assimilator FleetBeacon Probe VoidRay RoboticsFacility Adept Probe TwilightCouncil Pylon Probe Pylon Probe,44.5,125343
423,1349101,0,58832,16.944,58832,Stalker Gateway Stalker Stalker Stargate Stalker Stalker VoidRay Zealot Probe Pylon Gateway Stalker VoidRay Stalker Stalker Probe Stalker Pylon Probe Pylon Probe Pylon Stalker Adept Probe Adept VoidRay Stalker Pylon Assimilator Adept Stalker Adept VoidRay Zealot Assimilator Pylon Zealot Pylon Zealot Gateway Stalker VoidRay Stargate Probe,46,125995
434,1372216,0,60242,17.2676,60242,Stalker Gateway Stalker Stalker Stargate Stalker Stalker VoidRay Zealot Probe Pylon Gateway Stalker VoidRay Stalker Stalker Probe Stalker Pylon Probe Pylon Probe Pylon Stalker Adept Probe Adept VoidRay Stalker Pylon Stalker Zealot VoidRay Zealot Adept Adept Stargate Adept Zealot Stargate Pylon RoboticsFacility Adept Adept Pylon Probe Gateway Assimilator Probe Zealot Assimilator,47.25,126852
449,1406705,0,62402,17.7161,62402,Stalker Gateway Stalker Stalker Stargate Stalker Stalker VoidRay Zealot Probe Pylon Gateway Stalker VoidRay Stalker Stalker Probe Stalker Pylon Probe Pylon Probe Pylon Stalker Adept Probe Adept VoidRay Stalker Pylon Stalker Stalker Stalker Zealot VoidRay Adept FleetBeacon Stargate Nexus Nexus Adept Assimilator Assimilator,46.25,127091
449,1418776,0,63189,17.9746,63189,Stalker Gateway Stalker Stalker Stargate Stalker Stalker VoidRay Zealot Probe Pylon Gateway Stalker VoidRay Stalker Stalker Probe Stalker Pylon Probe Pylon Probe Pylon Stalker Adept Probe Adept VoidRay Stalker Pylon Stalker Adept VoidRay Assimilator Stalker Assimilator Adept Adept Stargate Adept Probe Gateway Pylon FleetBeacon Probe Stargate Probe,47.25,127206
449,1419781,0,63254,18.0004,63254,Stalker Gateway Stalker Stalker Stargate Stalker Stalker VoidRay Zealot Probe Pylon Gateway Stalker VoidRay Stalker Stalker Probe Stalker Pylon Probe Pylon Probe Pylon Stalker Adept Probe Adept VoidRay Stalker Pylon Stalker Pylon Stalker Stalker Adept VoidRay Zealot Adept Gateway RoboticsFacility Stalker Pylon Nexus Zealot Stalker Gateway,49.25,127436
475,1477464,0,67155,19.2782,67155,Stalker Gateway Stalker Stalker Stargate Stalker Stalker VoidRay Zealot Probe Pylon Gateway Stalker VoidRay Stalker Stalker Probe Stalker Pylon Probe Pylon Probe Pylon Stalker Adept Probe Adept VoidRay Stalker Pylon Stalker Pylon Stalker VoidRay Zealot Adept Zealot Assimilator Gateway Adept Pylon Probe Zealot Zealot Pylon Stalker Assimilator RoboticsFacility Gateway Probe,48.75,127456
475,1487882,0,67888,19.5041,67888,Stalker Gateway Stalker Stalker Stargate Stalker Stalker VoidRay Zealot Probe Pylon Gateway Stalker VoidRay Stalker Stalker Probe Stalker Pylon Probe Pylon Probe Pylon Stalker Adept Probe Adept VoidRay Stalker Pylon Stalker Pylon Stalker VoidRay Zealot Stalker Stalker Pylon Assimilator Assimilator Stalker Probe Probe Stalker Gateway Stalker Gateway Pylon Stalker,50.25,128304
488,1500428,0,68839,19.771,68839,Stalker Gateway Stalker Stalker Stargate Stalker Stalker VoidRay Zealot Probe Pylon Gateway Stalker VoidRay Stalker Stalker Probe Stalker Pylon Probe Pylon Probe Pylon Stalker Adept Probe Adept VoidRay Stalker Pylon Stalker Pylon Stalker VoidRay Adept Stalker Stalker Adept Stalker Stalker RoboticsFacility Pylon Zealot Probe Assimilator Adept TwilightCouncil Probe Zealot Pylon Probe,51.75,128312
501,1535422,0,71625,20.4808,71625,Stalker Gateway Stalker Stalker Stargate Stalker Stalker VoidRay Zealot Probe Pylon Gateway Stalker VoidRay Stalker Stalker Probe Stalker Pylon Probe Pylon Probe Pylon Stalker Adept Probe Adept VoidRay Stalker Pylon Stalker Pylon Stalker VoidRay Adept Stalker Stalker Stalker Stalker TwilightCouncil Zealot VoidRay Pylon Nexus Probe Assimilator,51.5,128462
514,1543472,0,72298,20.6514,72298,Stalker Gateway Stalker Stalker Stargate Stalker Stalker VoidRay Zealot Probe Pylon Gateway Stalker VoidRay Stalker Stalker Probe Stalker Pylon Probe Pylon Probe Pylon Stalker Adept Probe Adept VoidRay Stalker Pylon Stalker Pylon Stalker VoidRay Adept Stalker Stalker Stalker Stalker Gateway Assimilator Zealot Stalker Adept FleetBeacon Pylon Adept,51.5,128530
527,1575413,0,75104,21.2438,75104,Stalker Gateway Stalker Stalker Stargate Stalker Stalker VoidRay Zealot Probe Pylon Gateway Stalker VoidRay Stalker Stalker Probe Stalker Pylon Probe Pylon Probe Pylon Stalker Adept Probe Adept VoidRay Stalker Pylon Stalker Pylon Stalker VoidRay Adept Stalker Stalker Stalker Probe Gateway Stalker Gateway Zealot Gateway Pylon RoboticsFacility Gateway RoboticsFacility,51.5,128530
527,1587032,0,76188,21.4307,76188,Stalker Gateway Stalker Stalker Stargate Stalker Stalker VoidRay Zealot Probe Pylon Gateway Stalker VoidRay Stalker Stalker Probe Stalker Pylon Probe Pylon Probe Pylon Stalker Adept Probe Adept VoidRay Stalker Pylon Stalker Pylon Stalker VoidRay Adept Stalker Stalker Stalker Probe Stalker Zealot Zealot Pylon Stargate TwilightCouncil Probe Gateway Pylon Zealot Assimilator,51.5,128530
527,1587304,0,76215,21.4371,76215,Stalker Gateway Stalker Stalker Stargate Stalker Stalker VoidRay Zealot Probe Pylon Gateway Stalker VoidRay Stalker Stalker Probe Stalker Pylon Probe Pylon Probe Pylon Stalker Adept Probe Adept VoidRay Stalker Pylon Stalker Pylon Stalker VoidRay Adept Stalker Stalker Stalker Stalker Probe Zealot Stargate Pylon TwilightCouncil Pylon Probe Pylon Zealot Zealot Zealot Probe,51.5,128530
540,1587674,0,76253,21.4451,76253,Stalker Gateway Stalker Stalker Stargate Stalker Stalker VoidRay Zealot Probe Pylon Gateway Stalker VoidRay Stalker Stalker Probe Stalker Pylon Probe Pylon Probe Pylon Stalker Adept Probe Adept VoidRay Stalker Pylon Stalker Pylon Stalker VoidRay Adept Stalker Stalker Stalker Probe Stalker Zealot VoidRay Gateway Probe Gateway Gateway Assimilator TwilightCouncil,51.5,128530
540,1599493,0,77429,21.6315,77429,Stalker Gateway Stalker Stalker Stargate Stalker Stalker VoidRay Zealot Probe Pylon Gateway Stalker VoidRay Stalker Stalker Probe Stalker Pylon Probe Pylon Probe Pylon Stalker Adept Probe Adept VoidRay Stalker Pylon Stalker Pylon Stalker VoidRay Adept Stalker Stalker Stalker Stalker Probe Zealot Probe VoidRay Assimilator Nexus Pylon TwilightCouncil,51.5,128530
553,1613922,0,78935,21.8606,78935,Stalker Gateway Stalker Stalker Stargate Stalker Stalker VoidRay Zealot Probe Pylon Gateway Stalker VoidRay Stalker Stalker Probe Stalker Pylon Probe Pylon Probe Pylon Stalker Adept Probe Adept VoidRay Stalker Pylon Stalker Pylon Stalker VoidRay Adept Stalker Stalker Stalker Stalker Zealot Probe Pylon Gateway RoboticsFacility Probe VoidRay Assimilator Zealot Pylon,51.5,128530
553,1614628,0,79009,21.8738,79009,Stalker Gateway Stalker Stalker Stargate Stalker Stalker VoidRay Zealot Probe Pylon Gateway Stalker VoidRay Stalker Stalker Probe Stalker Pylon Probe Pylon Probe Pylon Stalker Adept Probe Adept VoidRay Stalker Pylon Stalker Pylon Stalker VoidRay Adept Stalker Stalker Stalker Stalker Probe Probe Zealot TwilightCouncil Probe Nexus Stargate Zealot Pylon,51.5,128530
553,1619128,0,79494,21.9434,79494,Stalker Gateway Stalker Stalker Stargate Stalker Stalker VoidRay Zealot Probe Pylon Gateway Stalker VoidRay Stalker Stalker Probe Stalker Pylon Probe Pylon Probe Pylon Stalker Adept Probe Adept VoidRay Stalker Pylon Stalker Pylon Stalker VoidRay Adept Stalker Stalker Stalker Stalker Zealot Gateway Probe TwilightCouncil Assimilator Pylon Probe Probe Stalker Stalker Pylon Probe,51.5,128530
566,1634718,0,81271,22.1875,81271,Stalker Gateway Stalker Stalker Stargate Stalker Stalker VoidRay Zealot Probe Pylon Gateway Stalker VoidRay Stalker Stalker Probe Stalker Pylon Probe Pylon Probe Pylon Stalker Adept Probe Adept VoidRay Stalker Pylon Stalker Pylon Stalker VoidRay Adept Stalker Stalker Stalker Stalker Zealot Probe Probe Stalker Probe TwilightCouncil Probe Gateway Assimilator RoboticsFacility Pylon Pylon,51.5,128530
579,1657763,0,84022,22.554,84022,Stalker Gateway Stalker Stalker Stargate Stalker Stalker VoidRay Zealot Probe Pylon Gateway Stalker VoidRay Stalker Stalker Probe Stalker Pylon Probe Pylon Probe Pylon Stalker Adept Probe Adept VoidRay Stalker Pylon Stalker Pylon Stalker VoidRay Adept Stalker Stalker Stalker Stalker Zealot Probe Probe Probe Stalker Probe Stargate Nexus Pylon Assimilator,51.5,128530
579,1658175,0,84075,22.5574,84075,Stalker Gateway Stalker Stalker Stargate Stalker Stalker VoidRay Zealot Probe Pylon Gateway Stalker VoidRay Stalker Stalker Probe Stalker Pylon Probe Pylon Probe Pylon Stalker Adept Probe Adept VoidRay Stalker Pylon Stalker Pylon Stalker VoidRay Adept Stalker Stalker Stalker Stalker Zealot Probe Probe Pylon VoidRay Probe Gateway Probe Stalker Adept Adept,51.5,128530
605,1686032,0,87697,23.0015,87697,Stalker Gateway Stalker Stalker Stargate Stalker Stalker VoidRay Zealot Probe Pylon Gateway Stalker VoidRay Stalker Stalker Probe Stalker Pylon Probe Pylon Probe Pylon Stalker Adept Probe Adept VoidRay Stalker Pylon Stalker Pylon Stalker VoidRay Adept Stalker Stalker Stalker Stalker Zealot Probe Probe Pylon VoidRay Probe Probe Stalker Zealot Assimilator Assimilator Stalker,51.5,128530
637,1703721,0,90477,23.2831,90477,Stalker Gateway Stalker Stalker Stargate Stalker Stalker VoidRay Zealot Probe Pylon Gateway Stalker VoidRay Stalker Stalker Probe Stalker Pylon Probe Pylon Probe Pylon Stalker Adept Probe Adept VoidRay Stalker Pylon Stalker Pylon Stalker VoidRay Adept Stalker Stalker Stalker Stalker Zealot Probe Probe Pylon VoidRay Probe Probe Zealot Stalker Pylon Stalker,51.5,128530
710,1735243,11,96677,23.7369,96677,Stalker Gateway Stalker Stalker Stargate Stalker Stalker VoidRay Zealot Probe Pylon Gateway Stalker VoidRay Stalker Stalker Probe Stalker Pylon Probe Pylon Probe Pylon Stalker Adept Probe Adept VoidRay Stalker Pylon Stalker Pylon Stalker VoidRay Adept Stalker Stalker Stalker Stalker Zealot Probe Probe Pylon VoidRay Probe Probe Zealot Stalker Stalker Pylon,51.5,128530
