0,0,0,0,0,0, ,0,0
0,23,0,1,0.010229,1,Stargate Assimilator Assimilator Stalker Nexus FleetBeacon RoboticsFacility RoboticsFacility Zealot Mothership Stalker Immortal VoidRay TwilightCouncil Stalker Stargate Probe Adept TemplarArchive Gateway Zealot Pylon,23.25,39274.2
0,62,0,2,0.010543,2,Nexus Stargate Pylon Probe Adept Stalker TwilightCouncil Gateway TemplarArchive Probe Gateway Probe Adept FleetBeacon Probe Adept Adept DarkShrine Stalker Carrier RoboticsFacility Mothership Pylon Stalker Nexus Pylon Stalker Probe Stalker Nexus Assimilator Gateway Pylon Probe Nexus Pylon Pylon Gateway,14.5,39397
0,106,0,3,0.010877,3,Stalker RoboticsFacility RoboticsFacility Probe Immortal Probe Nexus RoboticsFacility RoboticsFacility Adept RoboticsFacility RoboticsBay Probe Gateway Adept Adept Stargate Pylon Probe Probe Adept RoboticsFacility Stalker RoboticsFacility RoboticsFacility Nexus Pylon Adept Nexus RoboticsFacility RoboticsFacility FleetBeacon Immortal Probe Gateway Pylon Zealot Pylon Gateway Assimilator Probe Zealot Probe,13.5,49362.2
0,173,0,5,0.011344,5,RoboticsFacility Adept Immortal Stalker Probe Immortal Stargate Immortal Immortal RoboticsBay Stalker FleetBeacon Nexus Colossus Tempest RoboticsFacility Immortal RoboticsFacility TwilightCouncil Nexus Pylon Gateway Gateway Gateway Gateway Gateway Assimilator Pylon Assimilator,29,75745.2
0,3026,0,96,0.044363,96,RoboticsFacility Zealot Assimilator Gateway Adept Immortal Probe Stargate Immortal Zealot Stalker Nexus Pylon Pylon Assimilator Adept Zealot Immortal Immortal Probe Adept Nexus Immortal Gateway Probe Pylon Stalker Probe Probe,27.25,77122.2
0,5468,0,175,0.074622,175,Stargate Nexus VoidRay Stalker Assimilator Pylon Probe Zealot VoidRay VoidRay Probe Stalker Stalker VoidRay TwilightCouncil Stalker VoidRay Pylon Zealot DarkShrine Stargate Assimilator Gateway RoboticsFacility Probe RoboticsFacility Nexus Nexus Pylon,29,82926
1,7858,0,250,0.117559,250,Adept Nexus RoboticsFacility Zealot Immortal Probe Gateway Immortal Adept Stargate Pylon Stalker Zealot RoboticsFacility Gateway VoidRay Immortal Immortal Stalker Gateway Adept FleetBeacon Adept Nexus Mothership Assimilator Gateway TwilightCouncil RoboticsFacility Pylon,29.5,85788.2
5,11022,0,354,0.152722,354,Stargate Pylon Gateway Gateway Zealot Stargate RoboticsFacility Stalker Adept Assimilator VoidRay TwilightCouncil VoidRay Immortal Pylon VoidRay Stalker Stalker VoidRay VoidRay VoidRay RoboticsBay Probe Nexus Nexus Assimilator,35.25,91927
24,68109,0,2205,1.12021,2205,Stargate Gateway Adept VoidRay RoboticsFacility Stalker Stalker VoidRay Probe Immortal Pylon VoidRay Pylon Stalker Probe RoboticsFacility TwilightCouncil VoidRay VoidRay Zealot Gateway Stalker Gateway RoboticsBay Pylon Adept Probe Immortal Zealot Assimilator Gateway Assimilator RoboticsFacility Gateway Gateway Nexus,33,95146.5
58,213121,0,7216,3.37805,7216,Stargate Gateway Adept Gateway Zealot Probe VoidRay Adept Stalker Probe Stalker TwilightCouncil Gateway VoidRay Adept Pylon Probe RoboticsFacility Probe Pylon Stalker Immortal Nexus Zealot Immortal FleetBeacon Immortal VoidRay Zealot Gateway Stargate Zealot VoidRay Assimilator Stalker Pylon Pylon Assimilator Gateway Pylon Assimilator,36.25,96769.8
91,343861,0,11996,5.4086,11996,Stargate Gateway Adept Gateway Zealot Stalker Adept Pylon Stalker VoidRay Adept VoidRay Adept Pylon Zealot VoidRay Stalker RoboticsFacility Pylon Zealot TwilightCouncil RoboticsFacility Immortal RoboticsBay Zealot Stalker Gateway Stargate Colossus Pylon Adept Stalker Adept Gateway Assimilator Assimilator Zealot Pylon,31.75,103280
160,559230,0,20480,9.46992,20480,Stargate Gateway Adept Gateway Zealot Stalker Adept Pylon Stalker VoidRay Adept Probe VoidRay Adept RoboticsFacility Adept Zealot Pylon Probe VoidRay Adept Stargate Adept Adept Nexus Pylon Assimilator Gateway Stalker Probe Nexus RoboticsFacility VoidRay Stalker Pylon Nexus,31,103314
160,561133,0,20561,9.48389,20561,Stargate Gateway Adept Gateway Zealot Stalker Adept Pylon Stalker VoidRay VoidRay Pylon Gateway Adept Stalker Adept FleetBeacon Adept Probe VoidRay Assimilator Adept VoidRay Adept RoboticsFacility Pylon Immortal Gateway VoidRay Nexus TwilightCouncil Assimilator,38.75,103471
160,564225,0,20692,9.50676,20692,Stargate Gateway Adept Gateway Zealot Stalker Adept Pylon Stalker VoidRay Adept RoboticsFacility Zealot Probe Adept Stalker VoidRay RoboticsFacility Immortal Gateway TwilightCouncil Pylon Stalker Assimilator Zealot VoidRay TemplarArchive FleetBeacon Assimilator DarkShrine Stargate RoboticsFacility Pylon VoidRay Adept,30.75,104881
160,565910,0,20765,9.51924,20765,Stargate Gateway Adept Gateway Zealot Stalker Adept Pylon Stalker VoidRay Pylon Stalker Zealot VoidRay Zealot Zealot VoidRay VoidRay Stalker Gateway Stalker TwilightCouncil Pylon Adept Gateway Probe Zealot Nexus Assimilator Nexus DarkShrine Zealot TemplarArchive Stalker Assimilator,33.5,106524
160,592821,0,21924,10.0488,21924,Stargate Gateway Adept Gateway Zealot Stalker Adept Pylon Stalker VoidRay Zealot RoboticsFacility Pylon Zealot Stalker Stalker Immortal RoboticsFacility Pylon Probe VoidRay Immortal VoidRay Gateway Stalker Probe Probe VoidRay Assimilator RoboticsBay Assimilator RoboticsFacility TwilightCouncil Gateway Stargate RoboticsFacility Pylon Gateway,37.75,108664
173,617525,0,23011,10.6304,23011,Stargate Gateway Adept Gateway Zealot Stalker Adept Pylon Stalker VoidRay Zealot Stalker Zealot VoidRay Stalker Adept Adept Assimilator Pylon VoidRay Gateway FleetBeacon VoidRay Pylon Pylon VoidRay Nexus Pylon Stalker Adept Assimilator Stalker,35,110305
199,692153,0,26345,12.2662,26345,Stargate Gateway Adept Gateway Zealot Stalker Adept Pylon Stalker VoidRay Zealot Stalker Zealot Pylon Pylon VoidRay Gateway Zealot Stalker Stargate Probe Stalker VoidRay VoidRay Adept Stalker Assimilator VoidRay Nexus FleetBeacon Gateway Stargate TwilightCouncil Pylon,38.25,115249
238,843546,0,33598,15.3167,33598,Stargate Gateway Adept Gateway Zealot Stalker Adept Pylon Stalker VoidRay Zealot Stalker Zealot Pylon Pylon VoidRay Stalker Zealot Stalker Stalker Assimilator Stalker Zealot Adept Zealot Gateway Stargate Adept VoidRay Pylon Pylon FleetBeacon Mothership Stargate Probe,35.25,115266
238,852537,0,34055,15.4669,34055,Stargate Gateway Adept Gateway Zealot Stalker Adept Pylon Stalker VoidRay Zealot Stalker Zealot Pylon Pylon VoidRay Stalker Stalker Probe RoboticsFacility Adept VoidRay Gateway Immortal Stalker Gateway Probe RoboticsFacility Stalker Gateway Stalker Stargate FleetBeacon Pylon Stalker Immortal Zealot Assimilator Pylon,36.5,115638
250,855933,0,34234,15.5275,34234,Stargate Gateway Adept Gateway Zealot Stalker Adept Pylon Stalker VoidRay Zealot Stalker Zealot Pylon Pylon VoidRay Stalker Stalker Stalker Zealot Adept Gateway Stalker RoboticsFacility RoboticsFacility Pylon Stalker Stalker Pylon Adept Adept Stalker Nexus Pylon VoidRay Stargate Stargate Stalker,35.75,115971
251,875222,0,35263,15.7453,35263,Stargate Gateway Adept Gateway Zealot Stalker Adept Pylon Stalker VoidRay Zealot Stalker Zealot Pylon Pylon VoidRay Stalker Pylon VoidRay RoboticsFacility Pylon Stalker Stalker Probe Zealot Immortal Adept Adept Stalker Gateway Stalker Nexus Stargate Adept Stargate Pylon Assimilator Assimilator Pylon Probe,40,116408
264,925600,0,37991,16.5861,37991,Stargate Gateway Adept Gateway Zealot Stalker Adept Pylon Stalker VoidRay Zealot Stalker Zealot Pylon Pylon VoidRay Stalker Pylon Zealot Adept Zealot VoidRay Adept Zealot Adept TwilightCouncil VoidRay Assimilator Stalker Stalker Pylon RoboticsFacility Stalker DarkShrine FleetBeacon Pylon Stargate,40.5,121024
303,1007811,0,42720,17.9712,42720,Stargate Gateway Adept Gateway Zealot Stalker Adept Pylon Stalker VoidRay Zealot Stalker Zealot Pylon Pylon VoidRay Stalker Pylon Zealot Adept Zealot VoidRay Stalker Zealot Stalker Stalker VoidRay Stargate TwilightCouncil Zealot Probe Stalker Probe Assimilator TemplarArchive Probe FleetBeacon DarkShrine Assimilator Gateway,40.75,123086
329,1071800,0,46816,19.2345,46816,Stargate Gateway Adept Gateway Zealot Stalker Adept Pylon Stalker VoidRay Zealot Stalker Zealot Pylon Pylon VoidRay Stalker Pylon Zealot Adept Zealot VoidRay Stalker Adept RoboticsFacility Stalker Stalker Stalker Probe VoidRay Zealot Stalker Pylon RoboticsBay Gateway Immortal FleetBeacon Probe Pylon,42.75,124082
329,1080293,0,47392,19.3794,47392,Stargate Gateway Adept Gateway Zealot Stalker Adept Pylon Stalker VoidRay Zealot Stalker Zealot Pylon Pylon VoidRay Stalker Pylon Zealot Adept Zealot VoidRay Stalker Stalker VoidRay Stalker Zealot Adept Stalker Pylon Stargate VoidRay Stalker Nexus TwilightCouncil Pylon Probe Probe,46.75,124793
342,1101469,0,48860,19.8116,48860,Stargate Gateway Adept Gateway Zealot Stalker Adept Pylon Stalker VoidRay Zealot Stalker Zealot Pylon Pylon VoidRay Stalker Pylon Zealot Adept Zealot VoidRay Stalker Stalker Zealot Zealot VoidRay Stalker Stalker Gateway Stargate Zealot Assimilator Stargate Pylon Pylon Pylon FleetBeacon Probe,41.75,124940
355,1131205,0,51027,20.3822,51027,Stargate Gateway Adept Gateway Zealot Stalker Adept Pylon Stalker VoidRay Zealot Stalker Zealot Pylon Pylon VoidRay Stalker Pylon Zealot Adept Zealot VoidRay Stalker Stalker Zealot Probe Adept Stalker VoidRay Stalker TwilightCouncil Stalker Gateway Assimilator RoboticsFacility Assimilator Pylon Nexus Probe,42.75,125291
368,1162267,0,53308,20.8733,53308,Stargate Gateway Adept Gateway Zealot Stalker Adept Pylon Stalker VoidRay Zealot Stalker Zealot Pylon Pylon VoidRay Stalker Pylon Zealot Adept Zealot VoidRay Stalker Stalker Zealot Probe Stalker VoidRay Stalker Adept Adept Stargate FleetBeacon RoboticsFacility Pylon Gateway VoidRay Adept Probe Assimilator,42.25,125514
381,1178590,0,54519,21.1331,54519,Stargate Gateway Adept Gateway Zealot Stalker Adept Pylon Stalker VoidRay Zealot Stalker Zealot Pylon Pylon VoidRay Stalker Pylon Zealot Adept Zealot VoidRay Stalker Stalker Zealot Probe Stalker VoidRay Stalker Assimilator Adept Stalker Stargate TwilightCouncil DarkShrine TemplarArchive RoboticsFacility Assimilator Pylon Pylon,42.75,125769
381,1200083,0,56198,21.4687,56198,Stargate Gateway Adept Gateway Zealot Stalker Adept Pylon Stalker VoidRay Zealot Stalker Zealot Pylon Pylon VoidRay Stalker Pylon Zealot Adept Zealot VoidRay Stalker Stalker Zealot Probe Stalker VoidRay Stalker Zealot Stalker Pylon RoboticsFacility FleetBeacon Probe Zealot Assimilator Gateway RoboticsFacility Gateway Assimilator,43.5,125922
394,1201126,0,56286,21.4857,56286,Stargate Gateway Adept Gateway Zealot Stalker Adept Pylon Stalker VoidRay Zealot Stalker Zealot Pylon Pylon VoidRay Stalker Pylon Zealot Adept Zealot VoidRay Stalker Stalker Zealot Probe Stalker VoidRay Stalker Zealot Pylon Stalker Stalker Nexus Stargate Gateway Stargate TwilightCouncil Probe,44.25,126654
394,1221362,0,58030,21.8308,58030,Stargate Gateway Adept Gateway Zealot Stalker Adept Pylon Stalker VoidRay Zealot Stalker Zealot Pylon Pylon VoidRay Stalker Pylon Zealot Adept Zealot VoidRay Stalker Stalker Zealot Probe Stalker VoidRay Stalker Pylon Zealot Stalker Stalker Stalker Probe Zealot Pylon VoidRay Stargate Gateway Stargate,47,127488
407,1226372,0,58488,21.9286,58488,Stargate Gateway Adept Gateway Zealot Stalker Adept Pylon Stalker VoidRay Zealot Stalker Zealot Pylon Pylon VoidRay Stalker Pylon Zealot Adept Zealot VoidRay Stalker Stalker Zealot Probe Stalker VoidRay Stalker Stalker Pylon Zealot Stalker Stalker Assimilator Assimilator Zealot Zealot Gateway FleetBeacon,47,127842
419,1257825,0,61511,22.4811,61511,Stargate Gateway Adept Gateway Zealot Stalker Adept Pylon Stalker VoidRay Zealot Stalker Zealot Pylon Pylon VoidRay Stalker Pylon Zealot Adept Zealot VoidRay Stalker Stalker Zealot Probe Stalker VoidRay Stalker Stalker Pylon Stalker Pylon Adept Stalker Zealot Gateway Gateway Zealot Stalker Zealot Assimilator Probe,47.25,127945
419,1263523,0,62084,22.5787,62084,Stargate Gateway Adept Gateway Zealot Stalker Adept Pylon Stalker VoidRay Zealot Stalker Zealot Pylon Pylon VoidRay Stalker Pylon Zealot Adept Zealot VoidRay Stalker Stalker Zealot Probe Stalker VoidRay Stalker Stalker Pylon Stalker Stalker RoboticsFacility Stalker Zealot RoboticsBay Stargate TwilightCouncil Assimilator Gateway,47.75,128086
432,1282475,0,64036,22.9265,64036,Stargate Gateway Adept Gateway Zealot Stalker Adept Pylon Stalker VoidRay Zealot Stalker Zealot Pylon Pylon VoidRay Stalker Pylon Zealot Adept Zealot VoidRay Stalker Stalker Zealot Probe Stalker VoidRay Stalker Stalker Pylon Stalker Stalker Pylon Stalker Zealot FleetBeacon VoidRay Adept Assimilator,47.75,128198
432,1283055,0,64101,22.9402,64101,Stargate Gateway Adept Gateway Zealot Stalker Adept Pylon Stalker VoidRay Zealot Stalker Zealot Pylon Pylon VoidRay Stalker Pylon Zealot Adept Zealot VoidRay Stalker Stalker Zealot Probe Stalker VoidRay Stalker Stalker Pylon Stalker Stalker Stalker Adept FleetBeacon Gateway Pylon Stalker Pylon,48,128272
445,1284447,0,64255,22.9655,64255,Stargate Gateway Adept Gateway Zealot Stalker Adept Pylon Stalker VoidRay Zealot Stalker Zealot Pylon Pylon VoidRay Stalker Pylon Zealot Adept Zealot VoidRay Stalker Stalker Zealot Probe Stalker VoidRay Stalker Stalker Pylon Stalker Stalker Stalker Assimilator Stalker FleetBeacon Assimilator RoboticsFacility Probe Probe,48.5,128348
445,1287266,0,64570,23.0155,64570,Stargate Gateway Adept Gateway Zealot Stalker Adept Pylon Stalker VoidRay Zealot Stalker Zealot Pylon Pylon VoidRay Stalker Pylon Zealot Adept Zealot VoidRay Stalker Stalker Zealot Probe Stalker VoidRay Stalker Stalker Pylon Stalker Stalker Stalker Gateway Stalker Stalker Stargate Assimilator RoboticsFacility Assimilator,48.5,128348
445,1294590,0,65382,23.1487,65382,Stargate Gateway Adept Gateway Zealot Stalker Adept Pylon Stalker VoidRay Zealot Stalker Zealot Pylon Pylon VoidRay Stalker Pylon Zealot Adept Zealot VoidRay Stalker Stalker Zealot Probe Stalker VoidRay Stalker Stalker Pylon Stalker Stalker Stalker Assimilator Stalker Probe FleetBeacon Pylon RoboticsFacility Assimilator,48.5,128348
445,1300634,0,66055,23.2587,66055,Stargate Gateway Adept Gateway Zealot Stalker Adept Pylon Stalker VoidRay Zealot Stalker Zealot Pylon Pylon VoidRay Stalker Pylon Zealot Adept Zealot VoidRay Stalker Stalker Zealot Probe Stalker VoidRay Stalker Stalker Pylon Stalker Stalker Stalker Stalker Probe Pylon Stalker Zealot Nexus Probe,48.5,128348
458,1308076,0,66955,23.3921,66955,Stargate Gateway Adept Gateway Zealot Stalker Adept Pylon Stalker VoidRay Zealot Stalker Zealot Pylon Pylon VoidRay Stalker Pylon Zealot Adept Zealot VoidRay Stalker Stalker Zealot Probe Stalker VoidRay Stalker Stalker Pylon Stalker Stalker Stalker Stargate Stalker Probe TwilightCouncil Pylon Probe Probe Assimilator Assimilator Pylon,48.5,128348
458,1312496,0,67491,23.4682,67491,Stargate Gateway Adept Gateway Zealot Stalker Adept Pylon Stalker VoidRay Zealot Stalker Zealot Pylon Pylon VoidRay Stalker Pylon Zealot Adept Zealot VoidRay Stalker Stalker Zealot Probe Stalker VoidRay Stalker Stalker Pylon Stalker Stalker Stalker Probe Stalker Probe Nexus Assimilator Pylon RoboticsFacility,48.5,128348
458,1315997,0,67915,23.5275,67915,Stargate Gateway Adept Gateway Zealot Stalker Adept Pylon Stalker VoidRay Zealot Stalker Zealot Pylon Pylon VoidRay Stalker Pylon Zealot Adept Zealot VoidRay Stalker Stalker Zealot Probe Stalker VoidRay Stalker Stalker Pylon Stalker Stalker Probe Stalker Stalker Pylon Probe TwilightCouncil Stalker Gateway Zealot Adept,48.5,128348
471,1328801,0,69483,23.7573,69483,Stargate Gateway Adept Gateway Zealot Stalker Adept Pylon Stalker VoidRay Zealot Stalker Zealot Pylon Pylon VoidRay Stalker Pylon Zealot Adept Zealot VoidRay Stalker Stalker Zealot Probe Stalker VoidRay Stalker Stalker Pylon Stalker Stalker Probe Stalker Stalker RoboticsFacility Probe RoboticsFacility Pylon VoidRay Assimilator,48.5,128348
483,1340370,0,70991,23.9648,70991,Stargate Gateway Adept Gateway Zealot Stalker Adept Pylon Stalker VoidRay Zealot Stalker Zealot Pylon Pylon VoidRay Stalker Pylon Zealot Adept Zealot VoidRay Stalker Stalker Zealot Probe Stalker VoidRay Stalker Stalker Pylon Stalker Stalker Probe Stalker Stalker Pylon Zealot Probe Pylon VoidRay Stargate Probe,48.5,128348
483,1345078,0,71625,24.0464,71625,Stargate Gateway Adept Gateway Zealot Stalker Adept Pylon Stalker VoidRay Zealot Stalker Zealot Pylon Pylon VoidRay Stalker Pylon Zealot Adept Zealot VoidRay Stalker Stalker Zealot Probe Stalker VoidRay Stalker Stalker Pylon Stalker Stalker Probe Stalker Stalker Probe Pylon Assimilator Stargate Stargate Probe Assimilator Stalker,48.5,128348
492,1349706,0,72287,24.1237,72287,Stargate Gateway Adept Gateway Zealot Stalker Adept Pylon Stalker VoidRay Zealot Stalker Zealot Pylon Pylon VoidRay Stalker Pylon Zealot Adept Zealot VoidRay Stalker Stalker Zealot Probe Stalker VoidRay Stalker Stalker Pylon Stalker Stalker Probe Stalker Stalker Assimilator Probe Pylon Adept Probe RoboticsFacility VoidRay,48.5,128348
492,1350158,0,72357,24.131,72357,Stargate Gateway Adept Gateway Zealot Stalker Adept Pylon Stalker VoidRay Zealot Stalker Zealot Pylon Pylon VoidRay Stalker Pylon Zealot Adept Zealot VoidRay Stalker Stalker Zealot Probe Stalker VoidRay Stalker Stalker Pylon Stalker Stalker Probe Stalker Stalker Pylon Probe Stalker Probe RoboticsFacility VoidRay Probe,48.5,128348
492,1361101,0,74090,24.3175,74090,Stargate Gateway Adept Gateway Zealot Stalker Adept Pylon Stalker VoidRay Zealot Stalker Zealot Pylon Pylon VoidRay Stalker Pylon Zealot Adept Zealot VoidRay Stalker Stalker Zealot Probe Stalker VoidRay Stalker Stalker Pylon Stalker Stalker Probe Stalker Stalker Pylon Adept Probe Probe Pylon Probe VoidRay Zealot,48.5,128348
492,1361185,0,74104,24.3182,74104,Stargate Gateway Adept Gateway Zealot Stalker Adept Pylon Stalker VoidRay Zealot Stalker Zealot Pylon Pylon VoidRay Stalker Pylon Zealot Adept Zealot VoidRay Stalker Stalker Zealot Probe Stalker VoidRay Stalker Stalker Pylon Stalker Stalker Probe Stalker Stalker Pylon Probe FleetBeacon Probe Probe Assimilator TwilightCouncil Probe,48.5,128348
505,1363762,0,74533,24.3676,74533,Stargate Gateway Adept Gateway Zealot Stalker Adept Pylon Stalker VoidRay Zealot Stalker Zealot Pylon Pylon VoidRay Stalker Pylon Zealot Adept Zealot VoidRay Stalker Stalker Zealot Probe Stalker VoidRay Stalker Stalker Pylon Stalker Stalker Probe Stalker Stalker Pylon Probe Pylon Zealot Stalker Probe Probe Stargate Assimilator,48.5,128348
505,1365331,0,74793,24.395,74793,Stargate Gateway Adept Gateway Zealot Stalker Adept Pylon Stalker VoidRay Zealot Stalker Zealot Pylon Pylon VoidRay Stalker Pylon Zealot Adept Zealot VoidRay Stalker Stalker Zealot Probe Stalker VoidRay Stalker Stalker Pylon Stalker Stalker Probe Stalker Stalker Pylon Probe TwilightCouncil Probe Stargate Probe VoidRay,48.5,128348
505,1369189,0,75438,24.4639,75438,Stargate Gateway Adept Gateway Zealot Stalker Adept Pylon Stalker VoidRay Zealot Stalker Zealot Pylon Pylon VoidRay Stalker Pylon Zealot Adept Zealot VoidRay Stalker Stalker Zealot Probe Stalker VoidRay Stalker Stalker Pylon Stalker Stalker Probe Stalker Stalker Pylon TwilightCouncil Probe Probe Probe Stalker VoidRay,48.5,128348
