0,0,0,0,0,0, ,0,0
0,38,0,1,0.004321,1,Probe Probe Stargate TwilightCouncil DarkShrine VoidRay Gateway DarkTemplar Stargate Nexus DarkTemplar Nexus Zealot Stargate DarkTemplar DarkTemplar Adept RoboticsFacility RoboticsFacility Stalker Probe DarkTemplar Zealot Stargate Gateway Pylon Probe Nexus Probe Gateway Gateway Pylon Nexus Probe Nexus Gateway Probe,18,43614.5
0,112,0,3,0.004862,3,Assimilator Pylon Probe Pylon Adept Probe Stalker Adept Stalker Gateway Zealot Probe Zealot Probe Stargate RoboticsFacility Immortal Stargate TwilightCouncil Stalker Stalker Stargate Probe DarkShrine Adept RoboticsFacility RoboticsBay Nexus Colossus Colossus RoboticsFacility Pylon Assimilator Stargate VoidRay TemplarArchive Zealot Pylon Adept,16.5,46757.5
0,235,0,7,0.005794,7,Pylon Gateway Stalker Stalker Zealot Stargate TwilightCouncil Probe Assimilator Assimilator Stalker VoidRay Adept Nexus Adept Adept Pylon TemplarArchive Probe VoidRay Zealot Stargate Gateway RoboticsFacility DarkShrine Adept RoboticsFacility Immortal Pylon Stalker Probe,20.25,69392.5
0,599,0,19,0.012372,19,RoboticsFacility Stalker RoboticsBay RoboticsFacility Immortal Nexus Zealot Zealot Immortal Adept Zealot Pylon Pylon Gateway RoboticsFacility Immortal Pylon Immortal Stalker Assimilator RoboticsFacility Zealot Stargate Probe RoboticsFacility RoboticsFacility Nexus RoboticsFacility TwilightCouncil RoboticsFacility Pylon,23.75,78528.5
0,4364,0,142,0.064978,142,Stalker Stalker Gateway Nexus Nexus Zealot Stalker Stalker RoboticsFacility Stalker RoboticsFacility Probe Pylon Immortal Stargate Immortal Pylon Adept Gateway RoboticsFacility Zealot Stalker Assimilator Zealot Immortal Immortal Gateway Gateway Assimilator Gateway Pylon TwilightCouncil Probe,29.75,79188.5
10,13014,0,420,0.202895,420,RoboticsFacility Stalker Adept Pylon TwilightCouncil Immortal DarkShrine Zealot Gateway Zealot RoboticsFacility DarkTemplar Immortal Immortal Pylon Pylon Assimilator DarkTemplar Nexus Immortal Assimilator Stargate Zealot FleetBeacon Carrier Stargate Pylon Probe,26,83484.5
10,13224,0,427,0.20431,427,RoboticsFacility Probe Stargate Immortal Nexus VoidRay Gateway Zealot Immortal VoidRay RoboticsFacility VoidRay TwilightCouncil Zealot Nexus TemplarArchive Assimilator Zealot Immortal Assimilator RoboticsFacility Stalker RoboticsBay Stargate Gateway Pylon Adept RoboticsFacility RoboticsFacility Probe,29.25,87537
11,28988,0,938,0.443675,938,Stalker Gateway Gateway Adept Stalker Probe Adept Probe Zealot Nexus Stalker Assimilator Adept Stalker TwilightCouncil Adept Stalker Zealot Stalker Gateway Assimilator Zealot Pylon Stalker Adept Adept RoboticsFacility DarkShrine Stalker RoboticsBay Stargate FleetBeacon Immortal Stalker Stalker,24.5,89564
25,74815,0,2407,1.14732,2407,Stalker Stargate Gateway Adept Zealot RoboticsFacility Adept VoidRay Adept VoidRay Probe Adept Pylon Pylon Immortal VoidRay Stargate Stargate Stalker TwilightCouncil FleetBeacon Nexus DarkShrine Gateway Nexus Stargate Pylon Pylon Gateway Gateway Gateway Pylon Zealot Probe,25.25,93472
25,75095,0,2416,1.15431,2416,Stalker Stargate Gateway Adept Adept Zealot Probe RoboticsFacility VoidRay Stalker VoidRay Gateway Adept Pylon Adept FleetBeacon VoidRay Adept Zealot Nexus Gateway Pylon VoidRay RoboticsBay Gateway Stargate Stalker Stargate VoidRay Pylon Zealot Probe Gateway Assimilator Probe Zealot Assimilator Assimilator Probe,29.5,94980.2
33,122250,0,3972,1.87442,3972,Stalker RoboticsFacility RoboticsFacility Zealot Probe Adept Probe Nexus Immortal Immortal Stalker RoboticsBay Immortal Colossus Probe Nexus Assimilator Stalker Nexus Colossus Colossus Stalker Stargate Stargate VoidRay Gateway Zealot Gateway Stargate Probe,35.5,96843.2
46,161003,0,5295,2.49085,5295,Stalker RoboticsFacility Stalker Immortal Probe RoboticsFacility Probe Zealot Stalker Immortal Gateway Pylon Zealot RoboticsBay Assimilator Pylon Stalker Probe Colossus Colossus Zealot Adept Pylon Assimilator Immortal Probe Stalker Probe Gateway Gateway Gateway Stargate FleetBeacon Pylon Stargate Stargate Pylon,34.25,102419
59,216436,0,7212,3.36901,7212,Stalker RoboticsFacility Stalker RoboticsFacility Gateway Immortal Immortal Zealot Probe Gateway RoboticsBay Stalker Pylon Immortal Zealot Pylon Zealot Zealot Assimilator Immortal Gateway Colossus RoboticsFacility Zealot Gateway Assimilator Pylon Adept RoboticsFacility Colossus Pylon Stalker Pylon,31.5,103151
86,306434,0,10420,4.81164,10420,Stalker RoboticsFacility Stalker RoboticsFacility Gateway Immortal Immortal Immortal Probe Gateway Nexus Immortal Pylon Probe RoboticsBay Immortal Zealot Stalker Immortal Immortal Stalker Probe Pylon Pylon Colossus Zealot Adept Stargate Colossus Immortal Assimilator Probe Pylon,41.5,108922
100,377413,0,13104,5.95011,13104,Stalker RoboticsFacility Stalker RoboticsFacility Gateway Immortal Zealot Stalker Immortal Pylon Adept RoboticsBay Stalker Colossus Assimilator Immortal RoboticsFacility Pylon Adept Stalker Adept Stalker Pylon RoboticsFacility Immortal Immortal Nexus Pylon RoboticsFacility Probe,39,109224
114,399619,0,13958,6.31019,13958,Stalker RoboticsFacility Stalker RoboticsFacility Gateway Immortal Pylon Immortal Stalker Adept Adept Immortal Immortal Pylon RoboticsBay Colossus Probe Probe Probe Zealot Pylon Assimilator Nexus Zealot Immortal TwilightCouncil Zealot Immortal Stargate Probe Stargate Adept DarkShrine TemplarArchive,34.5,109894
122,408387,0,14301,6.45173,14301,Stalker RoboticsFacility Stalker RoboticsFacility Gateway Immortal Pylon Probe Pylon Pylon Immortal Stalker Zealot Zealot Adept Stalker Immortal Zealot Immortal RoboticsFacility RoboticsBay Gateway Immortal Immortal Zealot Adept Stargate FleetBeacon TwilightCouncil Gateway Probe Pylon Assimilator Colossus Assimilator Zealot,36,111206
149,518869,0,18548,8.29021,18548,Stalker RoboticsFacility Stalker RoboticsFacility Gateway Immortal Pylon Probe Pylon Zealot Adept Probe Immortal Stalker Stalker RoboticsBay Adept Stalker Colossus Immortal Gateway Adept Pylon Adept Adept Zealot Probe Pylon Immortal Stargate Zealot Stalker TwilightCouncil Stargate Adept Nexus Assimilator Assimilator RoboticsFacility Pylon Pylon,39.75,114869
163,586969,0,21195,9.4222,21195,Stalker RoboticsFacility Stalker RoboticsFacility Gateway Immortal Pylon Probe Pylon Zealot Immortal Immortal Zealot Immortal Assimilator Stalker Probe Adept Zealot Stalker RoboticsBay Pylon Immortal Immortal Probe Zealot TwilightCouncil Assimilator Nexus Nexus DarkShrine Stalker,34.75,114945
168,592113,0,21396,9.50788,21396,Stalker RoboticsFacility Stalker RoboticsFacility Gateway Immortal Pylon Probe Pylon Zealot Immortal Stalker Immortal Immortal Probe Assimilator Adept Adept Immortal Probe Immortal RoboticsBay Pylon Zealot Immortal Zealot RoboticsFacility Stargate Stargate Nexus FleetBeacon Assimilator Pylon,37,120066
212,711112,0,26455,11.4092,26455,Stalker RoboticsFacility Stalker RoboticsFacility Gateway Immortal Pylon Probe Pylon Zealot Immortal Stalker Immortal Immortal Pylon Adept Adept Probe Immortal Immortal Immortal Stargate FleetBeacon VoidRay Gateway Probe RoboticsBay Nexus Assimilator Gateway Pylon Adept TwilightCouncil Pylon,39,120328
212,714986,0,26630,11.4704,26630,Stalker RoboticsFacility Stalker RoboticsFacility Gateway Immortal Pylon Probe Pylon Zealot Immortal Stalker Immortal Zealot Immortal Probe Adept Immortal Immortal Probe Stargate Pylon Immortal VoidRay Nexus RoboticsFacility FleetBeacon Zealot Zealot Stargate Assimilator Nexus Assimilator Assimilator,38.75,122752
212,734622,0,27534,11.7848,27534,Stalker RoboticsFacility Stalker RoboticsFacility Gateway Immortal Pylon Probe Pylon Zealot Immortal Stalker Immortal Immortal Pylon Adept Immortal Zealot Stargate Zealot VoidRay Stalker Pylon Immortal Immortal Adept RoboticsFacility Assimilator Zealot Pylon Adept Adept Zealot Nexus,45,124630
225,769423,0,29206,12.3383,29206,Stalker RoboticsFacility Stalker RoboticsFacility Gateway Immortal Pylon Probe Pylon Zealot Immortal Stalker Immortal Immortal Immortal Probe Immortal Pylon Stalker Immortal RoboticsBay Immortal Gateway Stalker RoboticsFacility TwilightCouncil Assimilator Stargate Gateway Nexus Assimilator TemplarArchive Pylon,39.75,125134
238,791683,0,30320,12.6922,30320,Stalker RoboticsFacility Stalker RoboticsFacility Gateway Immortal Pylon Probe Pylon Zealot Immortal Stalker Immortal Immortal Immortal Immortal Pylon Adept Probe Probe Zealot Assimilator Stalker Immortal Stalker Pylon Immortal RoboticsBay Gateway Adept RoboticsFacility RoboticsFacility Assimilator Pylon Pylon TwilightCouncil Probe,43.25,126852
251,831577,0,32463,13.3176,32463,Stalker RoboticsFacility Stalker RoboticsFacility Gateway Immortal Pylon Probe Pylon Zealot Immortal Stalker Immortal Immortal Immortal Immortal Pylon Stalker Pylon Stalker Immortal Stalker Assimilator Stargate Zealot Stalker Probe TwilightCouncil Probe FleetBeacon Adept Zealot DarkShrine RoboticsFacility Assimilator Probe,42.75,127033
251,851519,0,33598,13.6324,33598,Stalker RoboticsFacility Stalker RoboticsFacility Gateway Immortal Pylon Probe Pylon Zealot Immortal Stalker Immortal Immortal Immortal Immortal Pylon Stalker Immortal Stalker Stalker Gateway RoboticsBay Zealot Stalker Nexus Pylon Nexus Zealot Stargate TwilightCouncil Probe,40.5,127743
258,861795,0,34187,13.7986,34187,Stalker RoboticsFacility Stalker RoboticsFacility Gateway Immortal Pylon Probe Pylon Zealot Immortal Stalker Immortal Immortal Immortal Immortal Pylon Adept Immortal Immortal Pylon Assimilator Adept Stalker Pylon Immortal Adept Stalker Zealot RoboticsBay Assimilator Zealot Stargate Probe,47.25,129210
277,903089,0,36633,14.4666,36633,Stalker RoboticsFacility Stalker RoboticsFacility Gateway Immortal Pylon Probe Pylon Zealot Immortal Stalker Immortal Immortal Immortal Immortal Pylon Adept Immortal Stalker Immortal Zealot Pylon TwilightCouncil Adept Probe Immortal RoboticsFacility Assimilator Pylon DarkShrine Gateway Immortal Probe,45.25,129646
290,930236,0,38310,14.8996,38310,Stalker RoboticsFacility Stalker RoboticsFacility Gateway Immortal Pylon Probe Pylon Zealot Immortal Stalker Immortal Immortal Immortal Immortal Pylon Adept Immortal Zealot Pylon Immortal Immortal Zealot Stalker Pylon RoboticsFacility Pylon Nexus Nexus,45,129687
290,944709,0,39286,15.1286,39286,Stalker RoboticsFacility Stalker RoboticsFacility Gateway Immortal Pylon Probe Pylon Zealot Immortal Stalker Immortal Immortal Immortal Immortal Pylon Adept Immortal Pylon Immortal Zealot Stalker Immortal Assimilator Immortal TwilightCouncil Assimilator Stargate DarkShrine Stargate,47.75,130129
290,953224,0,39861,15.2611,39861,Stalker RoboticsFacility Stalker RoboticsFacility Gateway Immortal Pylon Probe Pylon Zealot Immortal Stalker Immortal Immortal Immortal Immortal Pylon Adept Immortal Pylon Adept Immortal Immortal Stalker RoboticsFacility Stalker Probe Pylon TwilightCouncil Nexus TemplarArchive Stalker Probe,46,130180
290,954955,0,39977,15.2885,39977,Stalker RoboticsFacility Stalker RoboticsFacility Gateway Immortal Pylon Probe Pylon Zealot Immortal Stalker Immortal Immortal Immortal Immortal Pylon Adept Immortal Stalker Immortal Pylon Stalker Immortal Pylon Gateway Probe TwilightCouncil RoboticsFacility Immortal Stargate Gateway Assimilator,44.75,130540
303,964982,0,40693,15.4469,40693,Stalker RoboticsFacility Stalker RoboticsFacility Gateway Immortal Pylon Probe Pylon Zealot Immortal Stalker Immortal Immortal Immortal Immortal Pylon Adept Immortal Stalker Stalker Immortal Assimilator Pylon Immortal Assimilator Probe RoboticsBay Stalker TwilightCouncil Probe RoboticsFacility Pylon,46.5,130618
303,966012,0,40767,15.4643,40767,Stalker RoboticsFacility Stalker RoboticsFacility Gateway Immortal Pylon Probe Pylon Zealot Immortal Stalker Immortal Immortal Immortal Immortal Pylon Adept Immortal Stalker Adept Immortal Pylon Stalker Immortal Zealot TwilightCouncil TemplarArchive Assimilator Pylon Pylon DarkShrine Gateway Pylon Assimilator,47,131859
324,1013136,0,44268,16.1964,44268,Stalker RoboticsFacility Stalker RoboticsFacility Gateway Immortal Pylon Probe Pylon Zealot Immortal Stalker Immortal Immortal Immortal Immortal Pylon Adept Immortal Stalker Adept Immortal Pylon Adept Immortal Stalker RoboticsBay TwilightCouncil Nexus Assimilator Pylon Pylon Assimilator,47.25,131962
361,1034034,0,46136,16.5219,46136,Stalker RoboticsFacility Stalker RoboticsFacility Gateway Immortal Pylon Probe Pylon Zealot Immortal Stalker Immortal Immortal Immortal Immortal Pylon Adept Immortal Stalker Adept Immortal Pylon Immortal Zealot Stalker RoboticsBay Pylon Assimilator Assimilator Stalker Immortal Zealot,47,132009
361,1035659,0,46280,16.5486,46280,Stalker RoboticsFacility Stalker RoboticsFacility Gateway Immortal Pylon Probe Pylon Zealot Immortal Stalker Immortal Immortal Immortal Immortal Pylon Adept Immortal Stalker Adept Immortal Pylon Zealot Immortal Stalker Pylon Stalker Nexus Immortal Gateway,48.75,132050
361,1041439,0,46783,16.6381,46783,Stalker RoboticsFacility Stalker RoboticsFacility Gateway Immortal Pylon Probe Pylon Zealot Immortal Stalker Immortal Immortal Immortal Immortal Pylon Adept Immortal Stalker Adept Immortal Pylon Stalker Stalker Immortal Stargate FleetBeacon Assimilator Assimilator Pylon Pylon Gateway,47.75,132111
361,1043126,0,46931,16.6653,46931,Stalker RoboticsFacility Stalker RoboticsFacility Gateway Immortal Pylon Probe Pylon Zealot Immortal Stalker Immortal Immortal Immortal Immortal Pylon Adept Immortal Stalker Adept Immortal Pylon Immortal Stalker Assimilator Stalker RoboticsBay TwilightCouncil Pylon Assimilator Stargate Stargate Probe,47.75,132289
361,1044667,0,47063,16.6904,47063,Stalker RoboticsFacility Stalker RoboticsFacility Gateway Immortal Pylon Probe Pylon Zealot Immortal Stalker Immortal Immortal Immortal Immortal Pylon Adept Immortal Stalker Adept Immortal Pylon Immortal Stalker Stalker Stargate RoboticsBay Pylon TwilightCouncil Adept Adept Assimilator Pylon Assimilator,47.75,132456
361,1046283,0,47205,16.7169,47205,Stalker RoboticsFacility Stalker RoboticsFacility Gateway Immortal Pylon Probe Pylon Zealot Immortal Stalker Immortal Immortal Immortal Immortal Pylon Adept Immortal Stalker Adept Immortal Pylon Immortal Stalker Stalker Pylon Zealot Stalker Immortal Gateway Pylon RoboticsFacility,48.75,132630
374,1070522,0,49556,17.0949,49556,Stalker RoboticsFacility Stalker RoboticsFacility Gateway Immortal Pylon Probe Pylon Zealot Immortal Stalker Immortal Immortal Immortal Immortal Pylon Adept Immortal Stalker Adept Immortal Pylon Immortal Stalker Stalker Pylon Zealot Probe Adept Pylon Nexus Probe RoboticsFacility,48.75,132630
386,1080141,0,50590,17.2495,50590,Stalker RoboticsFacility Stalker RoboticsFacility Gateway Immortal Pylon Probe Pylon Zealot Immortal Stalker Immortal Immortal Immortal Immortal Pylon Adept Immortal Stalker Adept Immortal Pylon Immortal Stalker Stalker Pylon Stargate Stalker Adept RoboticsBay Zealot Probe Pylon Assimilator Probe,49.5,132650
386,1090190,0,51707,17.4004,51707,Stalker RoboticsFacility Stalker RoboticsFacility Gateway Immortal Pylon Probe Pylon Zealot Immortal Stalker Immortal Immortal Immortal Immortal Pylon Adept Immortal Stalker Adept Immortal Pylon Immortal Stalker Stalker Pylon Stalker Pylon Stalker Adept RoboticsFacility Gateway Probe Assimilator Probe,49.5,132650
386,1092919,0,52014,17.4433,52014,Stalker RoboticsFacility Stalker RoboticsFacility Gateway Immortal Pylon Probe Pylon Zealot Immortal Stalker Immortal Immortal Immortal Immortal Pylon Adept Immortal Stalker Adept Immortal Pylon Immortal Stalker Stalker Pylon Stalker Zealot Zealot Zealot Pylon Nexus,50.5,132680
394,1095997,0,52414,17.4888,52414,Stalker RoboticsFacility Stalker RoboticsFacility Gateway Immortal Pylon Probe Pylon Zealot Immortal Stalker Immortal Immortal Immortal Immortal Pylon Adept Immortal Stalker Adept Immortal Pylon Immortal Stalker Stalker Pylon Stalker Stargate Zealot Probe Stargate Adept TwilightCouncil Probe,50.5,132680
394,1101547,0,53135,17.5697,53135,Stalker RoboticsFacility Stalker RoboticsFacility Gateway Immortal Pylon Probe Pylon Zealot Immortal Stalker Immortal Immortal Immortal Immortal Pylon Adept Immortal Stalker Adept Immortal Pylon Immortal Stalker Stalker Pylon Probe Probe Stalker Zealot RoboticsBay TwilightCouncil Pylon Adept RoboticsFacility,50.5,132680
442,1124407,0,56066,17.9214,56066,Stalker RoboticsFacility Stalker RoboticsFacility Gateway Immortal Pylon Probe Pylon Zealot Immortal Stalker Immortal Immortal Immortal Immortal Pylon Adept Immortal Stalker Adept Immortal Pylon Immortal Stalker Stalker Pylon Probe Stalker Zealot Probe Stalker Pylon TwilightCouncil Stargate Pylon,50.5,132680
455,1139426,0,58017,18.1577,58017,Stalker RoboticsFacility Stalker RoboticsFacility Gateway Immortal Pylon Probe Pylon Zealot Immortal Stalker Immortal Immortal Immortal Immortal Pylon Adept Immortal Stalker Adept Immortal Pylon Immortal Stalker Stalker Pylon Probe Stalker Assimilator Probe Zealot Stargate Probe RoboticsBay Gateway,50.5,132680
468,1142439,0,58455,18.204,58455,Stalker RoboticsFacility Stalker RoboticsFacility Gateway Immortal Pylon Probe Pylon Zealot Immortal Stalker Immortal Immortal Immortal Immortal Pylon Adept Immortal Stalker Adept Immortal Pylon Immortal Stalker Stalker Pylon Probe Stalker Zealot Assimilator Probe Pylon Stargate Probe Pylon Zealot Probe,50.5,132680
468,1153082,0,60006,18.3677,60006,Stalker RoboticsFacility Stalker RoboticsFacility Gateway Immortal Pylon Probe Pylon Zealot Immortal Stalker Immortal Immortal Immortal Immortal Pylon Adept Immortal Stalker Adept Immortal Pylon Immortal Stalker Stalker Pylon Probe Stalker Zealot TwilightCouncil Probe Probe Probe Nexus,50.5,132680
561,1194136,4,67818,18.9773,67818,Stalker RoboticsFacility Stalker RoboticsFacility Gateway Immortal Pylon Probe Pylon Zealot Immortal Stalker Immortal Immortal Immortal Immortal Pylon Adept Immortal Stalker Adept Immortal Pylon Immortal Stalker Stalker Pylon Probe Stalker Zealot TwilightCouncil Probe Probe Probe Nexus,50.5,132680
