{
    "Average": {
        "Eval": 121737.015625,
        "FinishedEval": 121734.34375,
        "FinishedValue": 46.8289489746094,
        "LeafNodesExpanded": 0,
        "LeafNodesVisited": 72028,
        "NodeVisits": 1184210,
        "NodesExpanded": 557,
        "NumRuns": 19,
        "NumSimulations": 72027,
        "TimeElapsed": 18.1420985789474,
        "TimeElapsedCPU": 8.67585142768421,
        "UsefulEval": 110387.3515625,
        "UsefulValue": 39.9473686218262,
        "Value": 46.9210510253906
    },
    "Best": {
        "BestRunEval": 4,
        "BestRunEvalFinished": 4,
        "BestRunEvalUseful": 4,
        "Eval": 132679.75,
        "EvalBuildOrder": "Stalker RoboticsFacility Stalker RoboticsFacility Gateway Immortal Pylon Probe Pylon Zealot Immortal Stalker Immortal Immortal Immortal Immortal Pylon Adept Immortal Stalker Adept Immortal Pylon Immortal Stalker Stalker Pylon Probe Stalker Zealot TwilightCouncil Probe Probe Probe Nexus",
        "FinishedBuildOrder": "Stalker RoboticsFacility Stalker RoboticsFacility Gateway Immortal Pylon Probe Pylon Zealot Immortal Stalker Immortal Immortal Immortal Immortal Pylon Adept Immortal Stalker Adept Immortal Pylon Immortal Stalker Stalker Pylon Probe Stalker Zealot",
        "FinishedEval": 132679.75,
        "FinishedValue": 50.5,
        "LeafNodesExpanded": 4,
        "LeafNodesVisited": 70001,
        "NodeVisits": 1202501,
        "NodesExpanded": 596,
        "NumSimulations": 70000,
        "TimeElapsed": 19.090434,
        "TimeElapsedCPU": 8.653717037,
        "UsefulBuildOrder": "Stalker RoboticsFacility Stalker RoboticsFacility Gateway Immortal Pylon Probe Pylon Zealot Immortal Stalker Immortal Immortal Immortal Immortal Pylon Adept Immortal Stalker Adept Immortal Pylon Immortal Stalker Stalker Pylon Probe Stalker Zealot",
        "UsefulEval": 132679.75,
        "UsefulValue": 50.5,
        "Value": 50.5
    }
}
