0,0,0,0,0,0, ,0,0
0,33,0,1,0.000232,1,Assimilator Pylon Probe TwilightCouncil DarkShrine Stargate DarkTemplar Zealot Gateway Zealot Stalker Gateway DarkTemplar RoboticsFacility Stalker Assimilator TemplarArchive VoidRay DarkTemplar Stalker Probe Probe Stargate Immortal Gateway Immortal RoboticsFacility RoboticsBay FleetBeacon Stargate Gateway Stargate,22.5,23931
0,72,0,2,0.000512,2,Probe Adept Zealot Zealot Stalker Stargate TwilightCouncil Adept FleetBeacon Probe Mothership Adept DarkShrine Probe TemplarArchive Nexus Stalker Stalker Probe Stargate Assimilator RoboticsFacility Carrier Pylon Probe Gateway Assimilator Nexus Gateway Assimilator Assimilator Gateway Probe Gateway Nexus Pylon Gateway Gateway,17.25,35112.5
0,104,0,3,0.00072,3,Zealot Adept Gateway Assimilator Nexus Assimilator Nexus Adept Zealot Gateway Stalker Gateway Adept Probe Zealot Probe Zealot Zealot Probe Stalker Gateway Zealot Zealot Adept Nexus Pylon RoboticsFacility Gateway Stargate Probe Zealot,15.5,47424.2
0,207,0,6,0.001456,6,Pylon Stargate Adept Gateway Zealot FleetBeacon RoboticsFacility Assimilator RoboticsFacility Adept Gateway Probe Carrier Adept Tempest RoboticsBay Tempest Probe Tempest TwilightCouncil RoboticsFacility TemplarArchive Pylon RoboticsFacility Pylon Nexus Pylon Pylon Stargate Stargate Stargate,23.5,52370
0,234,0,7,0.001634,7,Nexus Stalker RoboticsFacility Assimilator RoboticsBay RoboticsFacility Colossus Probe TwilightCouncil TemplarArchive Adept Immortal Adept Gateway Immortal Assimilator Stalker Colossus Colossus Adept Nexus Pylon Adept Zealot Pylon Probe,29.75,53830.8
0,360,0,11,0.002505,11,Stalker Stalker Gateway TwilightCouncil DarkShrine Assimilator RoboticsFacility Stalker RoboticsBay DarkTemplar Adept RoboticsFacility Stalker Gateway Stalker Gateway Zealot Stargate Stalker TemplarArchive Stargate Adept Gateway Stargate Assimilator DarkTemplar Gateway Stargate Pylon Pylon Stalker Colossus Probe,20.75,54452
0,387,0,12,0.002686,12,Stalker Stargate Probe Zealot VoidRay Gateway Stalker VoidRay Assimilator Nexus Assimilator FleetBeacon Carrier Zealot Adept VoidRay Pylon Stalker Pylon Stargate Tempest Gateway Carrier Gateway Gateway Probe,30.75,80849.2
9,12944,0,418,0.184057,418,Stargate Pylon Stalker VoidRay Adept Stalker RoboticsFacility Gateway Immortal Stalker Stalker VoidRay Probe Stargate RoboticsBay Gateway FleetBeacon Immortal Probe Stalker Assimilator Stargate RoboticsFacility Assimilator Pylon Probe Pylon Adept Gateway Probe Tempest Nexus Adept Immortal Pylon,25.5,82623.2
10,17665,0,568,0.243443,568,Adept RoboticsFacility Adept Stargate Nexus Immortal Pylon Pylon Stalker VoidRay RoboticsFacility Zealot VoidRay Stalker Immortal Assimilator VoidRay VoidRay Stargate FleetBeacon Tempest Carrier Stargate Assimilator Probe Pylon Stalker Probe,30.5,94048.8
13,43340,0,1397,0.594453,1397,Adept RoboticsFacility RoboticsFacility Probe Stalker Immortal Immortal Stalker RoboticsBay Nexus Immortal Gateway Colossus Assimilator Immortal Pylon Stargate RoboticsFacility Stalker Stalker Pylon Zealot Pylon Colossus VoidRay Zealot FleetBeacon VoidRay Probe Assimilator,39.25,99621
71,221155,0,7397,3.14765,7397,Adept RoboticsFacility RoboticsFacility Probe Pylon Assimilator Stalker Immortal Immortal Stalker Pylon Immortal Stalker RoboticsBay Assimilator Colossus Immortal Adept Gateway Immortal TwilightCouncil Stargate RoboticsFacility DarkShrine Gateway Stalker TemplarArchive,31.5,102427
101,331791,0,11120,4.77915,11120,Adept RoboticsFacility RoboticsFacility Probe Pylon Zealot Immortal Assimilator Adept Immortal Immortal Immortal Immortal Gateway Zealot Gateway Pylon Zealot TwilightCouncil Zealot Immortal Stargate FleetBeacon Stargate Adept Pylon Tempest Zealot Gateway Assimilator Probe,30.25,105156
120,371098,0,12468,5.35175,12468,Adept RoboticsFacility RoboticsFacility Probe Pylon Zealot Immortal Stalker Immortal Immortal Zealot Stargate Pylon Probe Pylon Probe Immortal VoidRay Immortal Adept Pylon Assimilator Zealot RoboticsBay Colossus VoidRay Stalker VoidRay Gateway FleetBeacon TwilightCouncil Gateway RoboticsFacility Gateway,40.75,113964
127,378158,0,12715,5.45478,12715,Adept RoboticsFacility RoboticsFacility Probe Pylon Zealot Immortal Immortal Probe Immortal Stargate Immortal Immortal Assimilator VoidRay Probe Pylon Immortal Probe RoboticsBay Zealot Probe Pylon VoidRay Stalker Adept Assimilator TwilightCouncil DarkShrine TemplarArchive Pylon Stalker Pylon FleetBeacon Gateway Probe Gateway Pylon,36.75,115049
190,602892,0,21034,8.73725,21034,Adept RoboticsFacility RoboticsFacility Probe Pylon Zealot Immortal Immortal Probe Immortal Immortal Pylon Immortal RoboticsBay Zealot Immortal Immortal Probe Zealot Pylon Adept Colossus Nexus Probe Probe Zealot Nexus Immortal Immortal Stargate RoboticsFacility Assimilator Pylon Assimilator Pylon,36.75,118468
203,638687,0,22444,9.27191,22444,Adept RoboticsFacility RoboticsFacility Probe Pylon Zealot Immortal Immortal Probe Immortal Immortal Adept Pylon Immortal Probe Nexus Immortal Stalker Immortal TwilightCouncil RoboticsFacility Immortal Probe Nexus Immortal Assimilator Stalker Immortal Zealot Immortal RoboticsBay Assimilator Probe,40.75,118839
203,642158,0,22589,9.3105,22589,Adept RoboticsFacility RoboticsFacility Probe Pylon Zealot Immortal Immortal Probe Immortal Immortal Immortal Immortal Assimilator Pylon Pylon Immortal Immortal Immortal Assimilator Pylon Immortal Probe RoboticsFacility Zealot Adept Gateway Pylon Immortal Zealot TwilightCouncil Probe,42,120942
216,689759,0,24576,10.0072,24576,Adept RoboticsFacility RoboticsFacility Probe Pylon Zealot Immortal Immortal Probe Immortal Immortal Immortal Stargate Pylon Assimilator Adept Immortal VoidRay Pylon Immortal Zealot Immortal Nexus Stargate RoboticsFacility Stargate Assimilator FleetBeacon TwilightCouncil Probe,38.5,121119
293,906895,0,35952,13.2203,35952,Adept RoboticsFacility RoboticsFacility Probe Pylon Zealot Immortal Immortal Probe Immortal Immortal Immortal Stargate Pylon Assimilator Adept Immortal Pylon VoidRay Immortal Probe Gateway Immortal Stargate Pylon Probe Immortal Zealot Pylon Probe TwilightCouncil FleetBeacon Stargate Zealot Probe,42.25,121126
293,907046,0,35961,13.2215,35961,Adept RoboticsFacility RoboticsFacility Probe Pylon Zealot Immortal Immortal Probe Immortal Immortal Immortal Stargate Pylon Assimilator Adept Immortal Pylon VoidRay Stalker Immortal Probe Zealot Adept Assimilator Nexus Pylon Zealot Probe Nexus RoboticsBay RoboticsFacility,38.75,121313
293,909016,0,36090,13.25,36090,Adept RoboticsFacility RoboticsFacility Probe Pylon Zealot Immortal Immortal Probe Immortal Immortal Immortal Stargate Pylon Assimilator Adept Immortal Pylon Probe Immortal Immortal Immortal Stalker TwilightCouncil RoboticsFacility DarkShrine TemplarArchive RoboticsFacility Assimilator Pylon Probe Stalker FleetBeacon Probe,39,121591
293,910998,0,36220,13.2787,36220,Adept RoboticsFacility RoboticsFacility Probe Pylon Zealot Immortal Immortal Probe Immortal Immortal Immortal Stargate Pylon Assimilator Adept Immortal Pylon Probe VoidRay Immortal Stalker Assimilator Immortal RoboticsBay TwilightCouncil Stargate TemplarArchive FleetBeacon Pylon DarkShrine,39.25,122139
323,964201,0,39696,14.0841,39696,Adept RoboticsFacility RoboticsFacility Probe Pylon Zealot Immortal Immortal Probe Immortal Immortal Immortal Stargate Pylon Assimilator Adept Immortal Pylon Probe Stalker Immortal Immortal RoboticsBay Zealot Probe Pylon Immortal VoidRay Gateway RoboticsFacility FleetBeacon Pylon Gateway Pylon,44,122535
338,981824,0,40855,14.3464,40855,Adept RoboticsFacility RoboticsFacility Probe Pylon Zealot Immortal Immortal Probe Immortal Immortal Immortal Stargate Pylon Assimilator Adept Immortal Pylon Probe Stalker VoidRay Immortal Pylon Stalker VoidRay Stalker Probe Zealot Nexus Assimilator FleetBeacon Gateway RoboticsFacility,44,125838
368,1038125,0,44995,15.1625,44995,Adept RoboticsFacility RoboticsFacility Probe Pylon Zealot Immortal Immortal Probe Immortal Immortal Immortal Stargate Pylon Assimilator Adept Immortal Pylon Probe Stalker VoidRay Immortal Immortal Pylon VoidRay Adept Gateway RoboticsBay Adept FleetBeacon RoboticsFacility Stargate Pylon,45.75,126275
377,1051797,0,46161,15.366,46161,Adept RoboticsFacility RoboticsFacility Probe Pylon Zealot Immortal Immortal Probe Immortal Immortal Immortal Stargate Pylon Assimilator Adept Immortal Pylon Probe Stalker VoidRay Immortal Immortal Pylon Immortal Adept Stalker TwilightCouncil Assimilator Stargate FleetBeacon Stargate,46,126396
377,1056406,0,46627,15.4384,46627,Adept RoboticsFacility RoboticsFacility Probe Pylon Zealot Immortal Immortal Probe Immortal Immortal Immortal Stargate Pylon Assimilator Adept Immortal Pylon Probe Stalker VoidRay Immortal Immortal Pylon Immortal Stalker Stalker RoboticsBay FleetBeacon Assimilator Stargate Stargate,46.5,126665
392,1090374,0,50024,15.9329,50024,Adept RoboticsFacility RoboticsFacility Probe Pylon Zealot Immortal Immortal Probe Immortal Immortal Immortal Stargate Pylon Assimilator Adept Immortal Pylon Probe Stalker VoidRay Immortal Immortal Pylon Immortal Stalker Nexus Zealot RoboticsFacility RoboticsFacility Gateway Pylon,45.75,126677
392,1090739,0,50069,15.9358,50069,Adept RoboticsFacility RoboticsFacility Probe Pylon Zealot Immortal Immortal Probe Immortal Immortal Immortal Stargate Pylon Assimilator Adept Immortal Pylon Probe Stalker VoidRay Immortal Immortal Pylon Immortal Stalker Zealot Stargate RoboticsBay TwilightCouncil Pylon Immortal Stalker,45.75,126677
392,1091507,0,50159,15.9548,50159,Adept RoboticsFacility RoboticsFacility Probe Pylon Zealot Immortal Immortal Probe Immortal Immortal Immortal Stargate Pylon Assimilator Adept Immortal Pylon Probe Stalker VoidRay Immortal Immortal Pylon Immortal Stalker Zealot Pylon Immortal Immortal FleetBeacon,45.75,126677
407,1101129,0,51305,16.0887,51305,Adept RoboticsFacility RoboticsFacility Probe Pylon Zealot Immortal Immortal Probe Immortal Immortal Immortal Stargate Pylon Assimilator Adept Immortal Pylon Probe Stalker VoidRay Immortal Immortal Pylon Immortal Stalker TwilightCouncil Pylon Zealot Gateway Immortal Probe Probe Adept Assimilator,45.75,126677
407,1102758,0,51497,16.1132,51497,Adept RoboticsFacility RoboticsFacility Probe Pylon Zealot Immortal Immortal Probe Immortal Immortal Immortal Stargate Pylon Assimilator Adept Immortal Pylon Probe Stalker VoidRay Immortal Immortal Pylon Immortal Stalker Zealot TwilightCouncil Pylon Probe RoboticsBay Probe Stargate Probe Zealot Pylon Probe,45.75,126677
407,1108862,0,52235,16.1966,52235,Adept RoboticsFacility RoboticsFacility Probe Pylon Zealot Immortal Immortal Probe Immortal Immortal Immortal Stargate Pylon Assimilator Adept Immortal Pylon Probe Stalker VoidRay Immortal Immortal Pylon Immortal Stalker Probe Probe Pylon Zealot Immortal Pylon Pylon Zealot Assimilator RoboticsBay,45.75,126677
420,1111894,0,52628,16.2442,52628,Adept RoboticsFacility RoboticsFacility Probe Pylon Zealot Immortal Immortal Probe Immortal Immortal Immortal Stargate Pylon Assimilator Adept Immortal Pylon Probe Stalker VoidRay Immortal Immortal Pylon Immortal Stalker Pylon RoboticsFacility Probe Zealot Probe Probe Pylon RoboticsBay Stalker Stargate Pylon,45.75,126677
465,1158061,0,59242,16.9264,59242,Adept RoboticsFacility RoboticsFacility Probe Pylon Zealot Immortal Immortal Probe Immortal Immortal Immortal Stargate Pylon Assimilator Adept Immortal Pylon Probe Stalker VoidRay Immortal Immortal Pylon Immortal Stalker Pylon RoboticsFacility Probe Zealot Probe Probe FleetBeacon RoboticsFacility Stalker Probe,45.75,126677
465,1163318,0,60070,17.0043,60070,Adept RoboticsFacility RoboticsFacility Probe Pylon Zealot Immortal Immortal Probe Immortal Immortal Immortal Stargate Pylon Assimilator Adept Immortal Pylon Probe Stalker VoidRay Immortal Immortal Pylon Immortal Stalker Pylon RoboticsFacility Probe Zealot Probe VoidRay Probe FleetBeacon Probe,45.75,126677
480,1166164,0,60565,17.0526,60565,Adept RoboticsFacility RoboticsFacility Probe Pylon Zealot Immortal Immortal Probe Immortal Immortal Immortal Stargate Pylon Assimilator Adept Immortal Pylon Probe Stalker VoidRay Immortal Immortal Pylon Immortal Stalker Pylon RoboticsFacility Probe Zealot Probe Probe Probe FleetBeacon VoidRay,45.75,126677
480,1175553,0,62231,17.1864,62231,Adept RoboticsFacility RoboticsFacility Probe Pylon Zealot Immortal Immortal Probe Immortal Immortal Immortal Stargate Pylon Assimilator Adept Immortal Pylon Probe Stalker VoidRay Immortal Immortal Pylon Immortal Stalker Pylon RoboticsFacility Probe Zealot Probe RoboticsFacility Probe Probe Probe Pylon Pylon Gateway,45.75,126677
510,1196036,0,66295,17.4936,66295,Adept RoboticsFacility RoboticsFacility Probe Pylon Zealot Immortal Immortal Probe Immortal Immortal Immortal Stargate Pylon Assimilator Adept Immortal Pylon Probe Stalker VoidRay Immortal Immortal Pylon Immortal Stalker Pylon RoboticsFacility Probe Zealot Probe RoboticsFacility Probe Probe Probe Stalker RoboticsFacility Assimilator,45.75,126677
578,1222802,19,72842,17.8794,72842,Adept RoboticsFacility RoboticsFacility Probe Pylon Zealot Immortal Immortal Probe Immortal Immortal Immortal Stargate Pylon Assimilator Adept Immortal Pylon Probe Stalker VoidRay Immortal Immortal Pylon Immortal Stalker Pylon RoboticsFacility Probe Zealot Probe RoboticsFacility Probe Probe Probe Stalker Gateway Probe,45.75,126677
