0,0,0,0,0,0, ,0,0
0,31,0,1,0.000256,1,Pylon RoboticsFacility Gateway Immortal TwilightCouncil DarkShrine TemplarArchive DarkTemplar RoboticsBay Stalker Zealot Colossus Gateway Stargate Nexus Zealot Assimilator DarkTemplar Stargate RoboticsFacility Stalker Zealot RoboticsFacility Nexus Immortal Assimilator FleetBeacon Gateway Adept Probe,20.25,40347
0,68,0,2,0.000541,2,Probe Probe Stalker Stalker Stargate Stalker Stargate Adept Probe RoboticsFacility Stalker FleetBeacon Immortal Immortal TwilightCouncil Assimilator Zealot TemplarArchive RoboticsBay DarkShrine RoboticsFacility Pylon Colossus Gateway Stargate Probe Pylon Nexus Nexus Zealot Probe Tempest Assimilator Pylon Nexus Probe,16.75,58900
0,308,0,10,0.002326,10,Zealot RoboticsFacility Gateway Stargate Stalker Pylon Stargate Zealot Nexus Probe Probe Immortal Pylon Gateway TwilightCouncil Zealot Stalker Immortal Immortal VoidRay RoboticsBay Adept Stargate Stargate FleetBeacon Stargate Nexus Stalker Assimilator Zealot Zealot Pylon Probe Nexus Probe,23,69265
0,739,0,24,0.018083,24,RoboticsFacility Immortal Gateway Immortal Assimilator Stalker Stargate Gateway Stalker FleetBeacon Zealot Stargate Pylon Adept Nexus Tempest Carrier Adept Zealot RoboticsFacility Nexus TwilightCouncil Nexus Stalker,25.75,70915.5
0,1946,0,63,0.026904,63,Stalker Nexus RoboticsFacility TwilightCouncil Gateway Stargate Immortal Pylon Assimilator Zealot Pylon Stalker VoidRay Immortal Immortal Probe Adept Immortal Assimilator TemplarArchive Adept RoboticsBay Gateway DarkShrine RoboticsFacility FleetBeacon Zealot Zealot,26,74610
0,4868,0,156,0.073663,156,Adept RoboticsFacility Pylon Stalker Probe Gateway Stalker Probe Assimilator Stalker Pylon Gateway Adept Gateway Zealot Immortal TwilightCouncil Zealot TemplarArchive Stalker Immortal Probe Pylon RoboticsFacility Zealot Pylon Pylon Stalker RoboticsBay Colossus Gateway Pylon Zealot Gateway Nexus Adept Probe Adept Stalker,22.75,77604
0,7421,0,239,0.104842,239,Pylon Stargate Probe RoboticsFacility Adept Immortal VoidRay Immortal VoidRay Assimilator Probe Probe Assimilator RoboticsFacility Stargate Adept VoidRay Adept TwilightCouncil Adept FleetBeacon Gateway RoboticsBay Pylon Carrier Zealot Gateway Pylon VoidRay Pylon RoboticsFacility Probe Probe,25.5,84616.2
11,17769,0,575,0.254622,575,RoboticsFacility Immortal Stalker Immortal Adept Probe RoboticsFacility Stargate Immortal Immortal RoboticsFacility Stalker Pylon Immortal VoidRay Nexus Assimilator Adept Stargate Gateway FleetBeacon Gateway Mothership Gateway Stargate Pylon Assimilator Adept Adept,28.75,89285.8
17,62915,0,2039,0.874228,2039,RoboticsFacility Probe Probe Stalker Gateway Stalker RoboticsBay Immortal Pylon Adept Stalker Stalker Zealot Immortal RoboticsFacility Gateway RoboticsFacility Colossus Zealot RoboticsFacility Gateway Nexus Immortal Stalker RoboticsFacility Colossus Pylon Probe Nexus Adept Gateway Zealot Adept TwilightCouncil Immortal Assimilator,30.5,90143
24,86810,0,2835,1.20139,2835,RoboticsFacility Stalker RoboticsBay Pylon Stalker Gateway Pylon Immortal Zealot Immortal Stalker Adept Assimilator Probe Assimilator Colossus Stalker Probe Pylon Gateway Gateway Probe Colossus Adept Gateway Zealot TwilightCouncil Pylon Adept Immortal RoboticsFacility Stargate Adept Probe,30.25,93249.2
38,128955,0,4237,1.71864,4237,RoboticsFacility Stalker Stalker Immortal Zealot Immortal RoboticsFacility Adept Immortal Stalker Assimilator Pylon Immortal Nexus Immortal Probe Zealot Stargate TwilightCouncil DarkShrine RoboticsBay TemplarArchive Probe RoboticsFacility Immortal Stalker Nexus Probe Adept Probe,32.75,99537
38,151004,0,4994,1.98222,4994,RoboticsFacility Stalker Stalker Immortal RoboticsFacility RoboticsFacility Probe Immortal Pylon Probe Immortal Nexus Immortal Immortal Assimilator Probe Immortal Stalker Stargate Immortal Adept VoidRay Stargate TwilightCouncil Assimilator Assimilator Stargate Gateway Stargate DarkShrine Stalker,36.75,109608
87,310926,0,10663,3.67282,10663,RoboticsFacility Stalker Stalker Immortal RoboticsFacility Probe Immortal Stalker Pylon Pylon RoboticsBay Assimilator Immortal Immortal RoboticsFacility Colossus Pylon Colossus Stargate Immortal Immortal Stalker FleetBeacon Zealot Stargate Gateway Gateway Assimilator,40.5,110578
101,370000,0,12822,4.29413,12822,RoboticsFacility Stalker Stalker Immortal RoboticsFacility Probe Gateway Pylon Pylon Stalker Immortal Zealot Probe Gateway Adept Probe Immortal Immortal Zealot Adept Assimilator Stalker Immortal Pylon Immortal Zealot Gateway Pylon Stargate VoidRay Stargate Stargate Zealot Adept RoboticsFacility Assimilator Zealot RoboticsFacility,37.25,116759
177,607251,0,21821,6.93887,21821,RoboticsFacility Stalker Stalker Immortal RoboticsFacility Probe Gateway Pylon Pylon Stalker Immortal Stalker Immortal Pylon Stalker Stalker Immortal Pylon Probe RoboticsBay Assimilator Pylon Stalker Zealot Colossus Immortal TwilightCouncil Zealot Probe TemplarArchive Assimilator Probe DarkShrine Stalker Nexus Probe Probe,39.75,117514
190,635348,0,22979,7.25774,22979,RoboticsFacility Stalker Stalker Immortal RoboticsFacility Probe Gateway Pylon Pylon Stalker Immortal Probe Stalker Immortal Probe Zealot Probe Pylon Stalker Stalker Probe Probe Immortal Zealot Immortal Assimilator Stargate Immortal TwilightCouncil Stargate Assimilator Probe FleetBeacon Gateway TemplarArchive Nexus Nexus Gateway,35,118797
211,711454,0,26066,8.13271,26066,RoboticsFacility Stalker Stalker Immortal RoboticsFacility Probe Gateway Pylon Pylon Stalker Immortal Probe Stalker Immortal Immortal Immortal Gateway Stalker Immortal Pylon Adept Pylon Stalker Stalker Zealot Gateway Immortal Pylon Pylon Stalker TwilightCouncil DarkShrine Stargate RoboticsFacility Stalker Adept Zealot Probe Pylon,42.5,127933
306,1000007,0,40358,11.284,40358,RoboticsFacility Stalker Stalker Immortal RoboticsFacility Probe Gateway Pylon Pylon Stalker Immortal Probe Stalker Immortal Immortal Immortal Gateway Stalker Immortal Pylon Stalker Immortal Immortal Pylon Nexus Gateway Stalker Stalker Nexus Stargate Gateway Assimilator,44,128632
319,1031261,0,42283,11.6178,42283,RoboticsFacility Stalker Stalker Immortal RoboticsFacility Probe Gateway Pylon Pylon Stalker Immortal Probe Stalker Immortal Immortal Immortal Gateway Stalker Immortal Pylon Stalker Immortal Adept Zealot Pylon Immortal Stalker Probe Adept TwilightCouncil Pylon Zealot Stargate Nexus Probe Stalker Adept,46.75,131694
319,1060237,0,44157,11.9189,44157,RoboticsFacility Stalker Stalker Immortal RoboticsFacility Probe Gateway Pylon Pylon Stalker Immortal Probe Stalker Immortal Immortal Immortal Gateway Stalker Immortal Pylon Stalker Immortal Pylon Adept Stalker Zealot Immortal Probe Stalker Stargate Nexus Assimilator FleetBeacon Gateway,46.25,131978
332,1072245,0,45022,12.0433,45022,RoboticsFacility Stalker Stalker Immortal RoboticsFacility Probe Gateway Pylon Pylon Stalker Immortal Probe Stalker Immortal Immortal Immortal Gateway Stalker Immortal Pylon Stalker Immortal Stalker Pylon Adept Immortal Pylon Probe Stalker Gateway Stalker TwilightCouncil Stalker Immortal RoboticsFacility Gateway,48.75,132061
332,1086171,0,46013,12.1806,46013,RoboticsFacility Stalker Stalker Immortal RoboticsFacility Probe Gateway Pylon Pylon Stalker Immortal Probe Stalker Immortal Immortal Immortal Gateway Stalker Immortal Pylon Stalker Immortal Stalker Pylon Stalker Stalker Adept Zealot Stalker Pylon Adept Immortal RoboticsFacility Assimilator Pylon Pylon Adept Pylon Probe,46,132186
344,1090226,0,46317,12.2109,46317,RoboticsFacility Stalker Stalker Immortal RoboticsFacility Probe Gateway Pylon Pylon Stalker Immortal Probe Stalker Immortal Immortal Immortal Gateway Stalker Immortal Pylon Stalker Immortal Stalker Stalker Pylon Immortal Stalker Pylon Immortal Nexus Immortal Pylon Assimilator,49.5,132442
344,1090255,0,46319,12.2111,46319,RoboticsFacility Stalker Stalker Immortal RoboticsFacility Probe Gateway Pylon Pylon Stalker Immortal Probe Stalker Immortal Immortal Immortal Gateway Stalker Immortal Pylon Stalker Immortal Stalker Stalker Probe Pylon Stalker Stalker Immortal Stargate RoboticsBay RoboticsFacility Gateway Gateway Pylon Pylon Pylon Assimilator,47.5,132612
344,1098774,0,46959,12.3328,46959,RoboticsFacility Stalker Stalker Immortal RoboticsFacility Probe Gateway Pylon Pylon Stalker Immortal Probe Stalker Immortal Immortal Immortal Gateway Stalker Immortal Pylon Stalker Immortal Stalker Stalker Pylon Immortal Stalker Probe Stalker Assimilator Stargate RoboticsFacility TwilightCouncil Assimilator Stargate Gateway Pylon,47.5,133172
354,1138136,0,50082,12.9437,50082,RoboticsFacility Stalker Stalker Immortal RoboticsFacility Probe Gateway Pylon Pylon Stalker Immortal Probe Stalker Immortal Immortal Immortal Gateway Stalker Immortal Pylon Stalker Immortal Stalker Stalker Pylon Stalker Stalker Immortal Pylon Probe Stalker Stargate Stargate Probe Pylon Zealot Adept Probe Pylon Assimilator,49.25,133209
367,1142816,0,50470,13.0211,50470,RoboticsFacility Stalker Stalker Immortal RoboticsFacility Probe Gateway Pylon Pylon Stalker Immortal Probe Stalker Immortal Immortal Immortal Gateway Stalker Immortal Pylon Stalker Immortal Stalker Stalker Pylon Immortal Stalker Stalker RoboticsFacility Probe Gateway Nexus RoboticsBay Gateway Assimilator,47.5,133277
380,1167118,0,52540,13.4086,52540,RoboticsFacility Stalker Stalker Immortal RoboticsFacility Probe Gateway Pylon Pylon Stalker Immortal Probe Stalker Immortal Immortal Immortal Gateway Stalker Immortal Pylon Stalker Immortal Stalker Stalker Pylon Immortal Stalker Stalker Nexus Assimilator Probe Assimilator Pylon Stalker Stargate Pylon,47.5,133277
380,1167180,0,52546,13.409,52546,RoboticsFacility Stalker Stalker Immortal RoboticsFacility Probe Gateway Pylon Pylon Stalker Immortal Probe Stalker Immortal Immortal Immortal Gateway Stalker Immortal Pylon Stalker Immortal Stalker Stalker Pylon Immortal Adept Stalker Pylon Probe Probe Adept Pylon Adept Assimilator Adept TwilightCouncil Assimilator Stalker Stargate,49.5,133308
380,1173648,0,53161,13.5124,53161,RoboticsFacility Stalker Stalker Immortal RoboticsFacility Probe Gateway Pylon Pylon Stalker Immortal Probe Stalker Immortal Immortal Immortal Gateway Stalker Immortal Pylon Stalker Immortal Stalker Stalker Pylon Immortal Zealot Pylon Adept Stalker Stalker RoboticsFacility RoboticsBay Probe Immortal Pylon Pylon,49.75,133338
380,1176004,0,53385,13.5477,53385,RoboticsFacility Stalker Stalker Immortal RoboticsFacility Probe Gateway Pylon Pylon Stalker Immortal Probe Stalker Immortal Immortal Immortal Gateway Stalker Immortal Pylon Stalker Immortal Stalker Stalker Pylon Immortal Pylon Stalker Stalker Adept Nexus Probe Pylon Zealot TwilightCouncil Adept,48.75,133390
380,1181146,0,53884,13.6266,53884,RoboticsFacility Stalker Stalker Immortal RoboticsFacility Probe Gateway Pylon Pylon Stalker Immortal Probe Stalker Immortal Immortal Immortal Gateway Stalker Immortal Pylon Stalker Immortal Stalker Stalker Pylon Immortal Stalker Pylon Stalker Stalker Pylon Pylon Nexus Adept Adept Probe,49.25,133585
380,1183520,0,54122,13.6629,54122,RoboticsFacility Stalker Stalker Immortal RoboticsFacility Probe Gateway Pylon Pylon Stalker Immortal Probe Stalker Immortal Immortal Immortal Gateway Stalker Immortal Pylon Stalker Immortal Stalker Stalker Pylon Immortal Stalker Stalker Pylon Probe Stalker RoboticsBay Zealot Immortal Gateway TwilightCouncil,50.25,133640
392,1186683,0,54449,13.7147,54449,RoboticsFacility Stalker Stalker Immortal RoboticsFacility Probe Gateway Pylon Pylon Stalker Immortal Probe Stalker Immortal Immortal Immortal Gateway Stalker Immortal Pylon Stalker Immortal Stalker Stalker Pylon Immortal Stalker Stalker Pylon Probe Pylon Stalker Adept TwilightCouncil Zealot Adept Stalker Gateway Probe,50.5,133659
401,1203355,0,56179,13.9697,56179,RoboticsFacility Stalker Stalker Immortal RoboticsFacility Probe Gateway Pylon Pylon Stalker Immortal Probe Stalker Immortal Immortal Immortal Gateway Stalker Immortal Pylon Stalker Immortal Stalker Stalker Pylon Immortal Stalker Stalker Pylon Zealot Stargate Zealot Adept Stargate Gateway Gateway Probe Probe,49.5,133676
401,1203435,0,56188,13.9703,56188,RoboticsFacility Stalker Stalker Immortal RoboticsFacility Probe Gateway Pylon Pylon Stalker Immortal Probe Stalker Immortal Immortal Immortal Gateway Stalker Immortal Pylon Stalker Immortal Stalker Stalker Pylon Immortal Stalker Stalker Pylon Adept Stalker TwilightCouncil Gateway Gateway Pylon Zealot Stalker,50.5,133712
401,1203832,0,56233,13.973,56233,RoboticsFacility Stalker Stalker Immortal RoboticsFacility Probe Gateway Pylon Pylon Stalker Immortal Probe Stalker Immortal Immortal Immortal Gateway Stalker Immortal Pylon Stalker Immortal Stalker Stalker Pylon Immortal Stalker Stalker Pylon Adept Stalker RoboticsBay Gateway Probe Stalker Zealot Gateway Assimilator,50.5,133712
401,1206992,0,56596,14.024,56596,RoboticsFacility Stalker Stalker Immortal RoboticsFacility Probe Gateway Pylon Pylon Stalker Immortal Probe Stalker Immortal Immortal Immortal Gateway Stalker Immortal Pylon Stalker Immortal Stalker Stalker Pylon Immortal Stalker Stalker Pylon Stalker Adept Assimilator Pylon TwilightCouncil Assimilator Immortal Probe,50.5,133712
401,1208019,0,56712,14.0409,56712,RoboticsFacility Stalker Stalker Immortal RoboticsFacility Probe Gateway Pylon Pylon Stalker Immortal Probe Stalker Immortal Immortal Immortal Gateway Stalker Immortal Pylon Stalker Immortal Stalker Stalker Pylon Immortal Stalker Stalker Pylon Zealot Adept Probe Zealot Stargate Stargate TwilightCouncil Zealot Assimilator,50.75,133725
401,1209942,0,56931,14.0683,56931,RoboticsFacility Stalker Stalker Immortal RoboticsFacility Probe Gateway Pylon Pylon Stalker Immortal Probe Stalker Immortal Immortal Immortal Gateway Stalker Immortal Pylon Stalker Immortal Stalker Stalker Pylon Immortal Stalker Stalker Pylon Stalker Zealot Immortal Nexus Probe,50.25,133740
401,1212810,0,57265,14.112,57265,RoboticsFacility Stalker Stalker Immortal RoboticsFacility Probe Gateway Pylon Pylon Stalker Immortal Probe Stalker Immortal Immortal Immortal Gateway Stalker Immortal Pylon Stalker Immortal Stalker Stalker Pylon Immortal Stalker Stalker Pylon Stalker Stalker RoboticsBay Pylon RoboticsFacility Gateway Adept Zealot,51,133784
401,1220246,0,58124,14.2263,58124,RoboticsFacility Stalker Stalker Immortal RoboticsFacility Probe Gateway Pylon Pylon Stalker Immortal Probe Stalker Immortal Immortal Immortal Gateway Stalker Immortal Pylon Stalker Immortal Stalker Stalker Pylon Immortal Stalker Stalker Pylon Stalker Stalker Adept TwilightCouncil RoboticsBay Stalker Probe Assimilator Pylon,51,133784
401,1220371,0,58139,14.2273,58139,RoboticsFacility Stalker Stalker Immortal RoboticsFacility Probe Gateway Pylon Pylon Stalker Immortal Probe Stalker Immortal Immortal Immortal Gateway Stalker Immortal Pylon Stalker Immortal Stalker Stalker Pylon Immortal Stalker Stalker Pylon Probe Zealot Stalker Zealot RoboticsBay TwilightCouncil Pylon Pylon Assimilator Adept,51.25,133797
414,1220687,0,58177,14.2348,58177,RoboticsFacility Stalker Stalker Immortal RoboticsFacility Probe Gateway Pylon Pylon Stalker Immortal Probe Stalker Immortal Immortal Immortal Gateway Stalker Immortal Pylon Stalker Immortal Stalker Stalker Pylon Immortal Stalker Stalker Pylon Stalker Stalker Zealot Zealot RoboticsBay Pylon RoboticsFacility Assimilator Assimilator,52,133842
414,1227731,0,59018,14.3431,59018,RoboticsFacility Stalker Stalker Immortal RoboticsFacility Probe Gateway Pylon Pylon Stalker Immortal Probe Stalker Immortal Immortal Immortal Gateway Stalker Immortal Pylon Stalker Immortal Stalker Stalker Pylon Immortal Stalker Stalker Pylon Stalker Stalker Zealot Stargate Nexus Adept,52,133842
414,1237683,0,60210,14.5052,60210,RoboticsFacility Stalker Stalker Immortal RoboticsFacility Probe Gateway Pylon Pylon Stalker Immortal Probe Stalker Immortal Immortal Immortal Gateway Stalker Immortal Pylon Stalker Immortal Stalker Stalker Pylon Immortal Stalker Stalker Pylon Stalker Stalker Zealot Probe Gateway RoboticsBay Pylon Assimilator RoboticsFacility,52,133842
427,1243153,0,60923,14.5869,60923,RoboticsFacility Stalker Stalker Immortal RoboticsFacility Probe Gateway Pylon Pylon Stalker Immortal Probe Stalker Immortal Immortal Immortal Gateway Stalker Immortal Pylon Stalker Immortal Stalker Stalker Pylon Immortal Stalker Stalker Pylon Stalker Stalker Zealot RoboticsFacility Stargate Probe Pylon Adept Assimilator,52,133842
427,1245737,0,61261,14.6289,61261,RoboticsFacility Stalker Stalker Immortal RoboticsFacility Probe Gateway Pylon Pylon Stalker Immortal Probe Stalker Immortal Immortal Immortal Gateway Stalker Immortal Pylon Stalker Immortal Stalker Stalker Pylon Immortal Stalker Stalker Pylon Stalker Stalker Zealot Stargate Probe Stalker Pylon RoboticsFacility Pylon,52,133842
427,1252057,0,62101,14.7276,62101,RoboticsFacility Stalker Stalker Immortal RoboticsFacility Probe Gateway Pylon Pylon Stalker Immortal Probe Stalker Immortal Immortal Immortal Gateway Stalker Immortal Pylon Stalker Immortal Stalker Stalker Pylon Immortal Stalker Stalker Pylon Stalker Stalker Zealot Probe Pylon Nexus Stalker,52,133842
440,1253201,0,62271,14.7465,62271,RoboticsFacility Stalker Stalker Immortal RoboticsFacility Probe Gateway Pylon Pylon Stalker Immortal Probe Stalker Immortal Immortal Immortal Gateway Stalker Immortal Pylon Stalker Immortal Stalker Stalker Pylon Immortal Stalker Stalker Pylon Stalker Stalker Zealot Probe Pylon Zealot RoboticsBay Stalker Stalker,52,133842
440,1253564,0,62323,14.753,62323,RoboticsFacility Stalker Stalker Immortal RoboticsFacility Probe Gateway Pylon Pylon Stalker Immortal Probe Stalker Immortal Immortal Immortal Gateway Stalker Immortal Pylon Stalker Immortal Stalker Stalker Pylon Immortal Stalker Stalker Pylon Stalker Stalker Zealot Assimilator Probe Probe RoboticsBay Assimilator RoboticsFacility Pylon,52,133842
440,1257747,0,62931,14.8155,62931,RoboticsFacility Stalker Stalker Immortal RoboticsFacility Probe Gateway Pylon Pylon Stalker Immortal Probe Stalker Immortal Immortal Immortal Gateway Stalker Immortal Pylon Stalker Immortal Stalker Stalker Pylon Immortal Stalker Stalker Pylon Stalker Stalker Probe Zealot Probe Probe Gateway Assimilator Stargate Pylon Assimilator,52,133842
440,1266322,0,64191,14.9471,64191,RoboticsFacility Stalker Stalker Immortal RoboticsFacility Probe Gateway Pylon Pylon Stalker Immortal Probe Stalker Immortal Immortal Immortal Gateway Stalker Immortal Pylon Stalker Immortal Stalker Stalker Pylon Immortal Stalker Stalker Pylon Stalker Stalker Probe Probe Zealot Gateway Probe Pylon TwilightCouncil RoboticsBay,52,133842
453,1267169,0,64322,14.9584,64322,RoboticsFacility Stalker Stalker Immortal RoboticsFacility Probe Gateway Pylon Pylon Stalker Immortal Probe Stalker Immortal Immortal Immortal Gateway Stalker Immortal Pylon Stalker Immortal Stalker Stalker Pylon Immortal Stalker Stalker Pylon Stalker Stalker Probe Zealot Gateway Probe Probe Nexus,52,133842
465,1280082,0,66346,15.1531,66346,RoboticsFacility Stalker Stalker Immortal RoboticsFacility Probe Gateway Pylon Pylon Stalker Immortal Probe Stalker Immortal Immortal Immortal Gateway Stalker Immortal Pylon Stalker Immortal Stalker Stalker Pylon Immortal Stalker Stalker Pylon Stalker Stalker Probe Zealot Probe Pylon RoboticsFacility Probe Pylon Adept Adept,52,133842
465,1281907,0,66658,15.1843,66658,RoboticsFacility Stalker Stalker Immortal RoboticsFacility Probe Gateway Pylon Pylon Stalker Immortal Probe Stalker Immortal Immortal Immortal Gateway Stalker Immortal Pylon Stalker Immortal Stalker Stalker Pylon Immortal Stalker Stalker Pylon Stalker Stalker Probe Zealot Probe Probe Pylon Immortal Stalker Probe,52,133842
561,1321480,18,74534,15.7755,74534,RoboticsFacility Stalker Stalker Immortal RoboticsFacility Probe Gateway Pylon Pylon Stalker Immortal Probe Stalker Immortal Immortal Immortal Gateway Stalker Immortal Pylon Stalker Immortal Stalker Stalker Pylon Immortal Stalker Stalker Pylon Stalker Stalker Probe Zealot Probe Probe Pylon Immortal Stalker Probe,52,133842
