0,0,0,0,0,0, ,0,0
0,24,0,1,0.000252,1,Stargate TwilightCouncil Nexus Assimilator Nexus Gateway Adept Stalker Stalker RoboticsFacility FleetBeacon Immortal TemplarArchive RoboticsFacility Immortal Immortal Zealot Mothership Assimilator Pylon Tempest Stalker Adept,17,36483.5
0,145,0,5,0.001159,5,Assimilator Pylon Probe Stargate Pylon Gateway FleetBeacon Pylon Stalker RoboticsFacility Gateway VoidRay Zealot RoboticsFacility Stalker Immortal Nexus Mothership Nexus Zealot RoboticsFacility Stalker RoboticsBay Zealot RoboticsFacility Gateway Zealot Probe Probe,16,44286
0,210,0,7,0.001635,7,Pylon Zealot Probe Zealot Pylon Stalker Probe Assimilator Zealot Stargate VoidRay Assimilator FleetBeacon Carrier VoidRay Tempest TwilightCouncil Stalker Probe RoboticsFacility RoboticsFacility Probe Pylon Probe Pylon Probe Nexus Gateway RoboticsFacility Nexus RoboticsFacility,18.75,46824
0,272,0,9,0.002078,9,Gateway Pylon Pylon Adept Zealot Gateway Assimilator Zealot Assimilator Zealot Pylon Stargate TwilightCouncil VoidRay VoidRay Gateway Nexus Stargate VoidRay RoboticsFacility Stalker DarkShrine Stargate Stalker Zealot TemplarArchive,18,49179.2
0,304,0,10,0.002308,10,Adept RoboticsFacility RoboticsBay Gateway Pylon Stalker Immortal Colossus Nexus Probe Immortal Colossus RoboticsFacility Assimilator RoboticsFacility TwilightCouncil TemplarArchive Nexus Gateway Immortal Probe Stargate RoboticsFacility FleetBeacon Stalker Stargate Assimilator Probe Zealot Pylon Probe,24.25,69414.5
0,579,0,19,0.01028,19,RoboticsFacility Zealot Probe Pylon Assimilator Stargate Adept VoidRay Immortal RoboticsBay Immortal Probe Stargate Adept Adept Assimilator FleetBeacon RoboticsFacility Immortal TwilightCouncil Stalker TemplarArchive Pylon Probe Immortal Carrier DarkShrine RoboticsFacility Stargate,25.5,79578.8
0,1898,0,61,0.028516,61,Probe Stalker RoboticsFacility Probe Stalker RoboticsBay Assimilator Immortal Gateway Stalker Adept RoboticsFacility Nexus Stalker Colossus Pylon TwilightCouncil Gateway Immortal DarkShrine Assimilator TemplarArchive Adept DarkTemplar Pylon RoboticsFacility Colossus Colossus DarkTemplar Gateway Probe,24.5,81518
0,3014,0,95,0.046278,95,Stargate VoidRay Gateway Assimilator Adept RoboticsFacility Stargate Assimilator Stalker Pylon Immortal Stalker Stalker VoidRay Immortal Probe Stalker Gateway RoboticsFacility TwilightCouncil RoboticsBay Immortal DarkShrine Pylon TemplarArchive Zealot Adept,27.5,85151
0,6852,0,219,0.107294,219,Stalker Gateway RoboticsFacility Stargate Gateway Stalker Pylon Adept RoboticsFacility VoidRay Gateway Stalker Probe VoidRay Adept Adept Immortal Adept RoboticsBay Assimilator Stalker Nexus Stargate Zealot Adept Stargate TwilightCouncil Adept Colossus Zealot RoboticsFacility RoboticsFacility Zealot DarkShrine,28.25,88685.2
23,76270,0,2461,1.07749,2461,Stalker Probe Pylon Stargate Gateway Stalker VoidRay Gateway Adept Stalker RoboticsFacility Assimilator FleetBeacon Immortal Probe Stalker Tempest Immortal Gateway Gateway Zealot RoboticsBay Assimilator Nexus Stalker Colossus Stalker Tempest RoboticsFacility,25,90583.8
26,103379,0,3332,1.46141,3332,Stalker RoboticsFacility Immortal Nexus Stargate VoidRay Probe Immortal Immortal Pylon Probe Assimilator VoidRay TwilightCouncil Zealot Adept TemplarArchive RoboticsFacility Probe Adept Probe Assimilator Pylon Immortal Probe Stargate Adept Adept Adept VoidRay Probe Immortal Assimilator Probe Gateway Probe,30.75,91086
32,116177,0,3751,1.66741,3751,Stalker Stargate VoidRay Nexus Probe RoboticsFacility Pylon Gateway Pylon Stalker Stalker VoidRay Immortal VoidRay Zealot Zealot Stargate Immortal Gateway Nexus Gateway Adept FleetBeacon Stargate Immortal Adept Stargate Zealot Adept Pylon Probe Zealot Assimilator,33,91100.2
45,132991,0,4322,1.90502,4322,Stalker Stargate Stalker Pylon VoidRay Probe TwilightCouncil Zealot RoboticsFacility Pylon Immortal Stalker Nexus Probe Zealot Immortal VoidRay Immortal Adept VoidRay Assimilator FleetBeacon Zealot Tempest RoboticsBay Pylon Assimilator Zealot Adept Pylon DarkShrine Probe Gateway TemplarArchive Probe Probe,33.75,91451.8
45,167301,0,5513,2.40489,5513,Stalker Stargate RoboticsFacility Adept Pylon VoidRay Stalker VoidRay Immortal Gateway Gateway Immortal Zealot Assimilator VoidRay Adept Probe RoboticsBay TwilightCouncil Assimilator Pylon Gateway Nexus Pylon TemplarArchive Adept Stalker Stalker Pylon RoboticsFacility Stalker,31.25,96958.8
63,216481,0,7255,3.16223,7255,Stalker Stargate RoboticsFacility Gateway Pylon VoidRay Gateway Zealot VoidRay Immortal Pylon Zealot Adept VoidRay Immortal RoboticsFacility Adept VoidRay VoidRay FleetBeacon Gateway Pylon TwilightCouncil Stargate Assimilator Probe Adept Probe Assimilator Adept Zealot Probe Nexus Pylon,33.75,102588
104,328183,0,11384,4.86463,11384,Stalker Stargate RoboticsFacility Gateway Pylon VoidRay Adept Zealot Immortal Stalker Immortal Zealot Immortal Probe Pylon Probe RoboticsBay Stalker Zealot VoidRay Adept Stargate TwilightCouncil DarkShrine Probe Assimilator TemplarArchive Gateway RoboticsFacility RoboticsFacility Assimilator Nexus Pylon Gateway Nexus,30,103528
115,385526,0,13612,5.80568,13612,Stalker Stargate RoboticsFacility Gateway Pylon VoidRay Immortal VoidRay Adept Assimilator Adept Immortal VoidRay VoidRay RoboticsFacility RoboticsBay Probe Pylon VoidRay Pylon Immortal TwilightCouncil Assimilator Stalker Stargate TemplarArchive FleetBeacon Zealot,37.25,103711
131,414311,0,14797,6.32681,14797,Stalker Stargate RoboticsFacility Gateway Pylon VoidRay Immortal Stalker VoidRay Stalker Zealot Immortal Pylon Adept VoidRay Stalker TwilightCouncil Nexus FleetBeacon TemplarArchive Zealot Stalker Zealot Tempest Assimilator Probe Nexus Assimilator Gateway Zealot Gateway,31.5,104638
131,414665,0,14811,6.32953,14811,Stalker Stargate RoboticsFacility Gateway Pylon VoidRay Immortal Stalker Assimilator Stalker Zealot Stalker Immortal Gateway Immortal Pylon VoidRay Zealot Adept Nexus Immortal Gateway Pylon RoboticsFacility FleetBeacon RoboticsFacility Probe Probe,33.25,105185
131,418348,0,14964,6.43165,14964,Stalker Stargate RoboticsFacility Gateway Pylon VoidRay Immortal Stalker VoidRay Zealot Zealot Immortal Pylon Gateway Assimilator VoidRay Stalker Stalker Zealot Stalker Stargate Gateway Stargate TwilightCouncil Pylon Nexus TemplarArchive Probe Stargate Pylon Stargate,31.25,109684
135,432955,0,15575,6.56985,15575,Stalker Stargate RoboticsFacility Gateway Pylon VoidRay Immortal Stalker Gateway Pylon Zealot VoidRay Adept Probe Probe Immortal Zealot VoidRay Stargate Stalker Pylon Immortal VoidRay Pylon Pylon RoboticsFacility Stargate Gateway Immortal Adept Probe Zealot Zealot Nexus Probe Assimilator Probe Assimilator,35.75,110006
191,623879,0,24063,9.27493,24063,Stalker Stargate RoboticsFacility Gateway Pylon VoidRay Immortal Stalker Gateway Pylon Zealot VoidRay Probe Immortal Probe Stalker Probe Assimilator VoidRay Assimilator Immortal Pylon Immortal Adept Stalker TwilightCouncil DarkShrine Probe Gateway Adept FleetBeacon Stargate Pylon Probe,37.5,112390
192,625775,0,24155,9.30347,24155,Stalker Stargate RoboticsFacility Gateway Pylon VoidRay Immortal Stalker Gateway Pylon Zealot VoidRay Stalker Immortal Adept Stalker Immortal Pylon Adept Assimilator Stargate Probe Zealot Adept Zealot Zealot Stalker Probe RoboticsFacility Assimilator Pylon Adept Stargate Adept TwilightCouncil Adept Stalker,38.25,115573
216,668003,0,26230,10.1284,26230,Stalker Stargate RoboticsFacility Gateway Pylon VoidRay Immortal Stalker Gateway Pylon Zealot VoidRay Stalker Stalker Probe VoidRay Stalker Immortal Zealot Assimilator Adept Pylon TwilightCouncil VoidRay RoboticsFacility RoboticsFacility Stalker VoidRay FleetBeacon RoboticsBay Pylon Assimilator Pylon,41.25,115837
221,686107,0,27149,10.5044,27149,Stalker Stargate RoboticsFacility Gateway Pylon VoidRay Immortal Stalker Gateway Pylon Zealot VoidRay Stalker Stalker Immortal Adept Adept Stalker Pylon Pylon Stalker TwilightCouncil VoidRay Immortal Nexus RoboticsFacility Nexus TemplarArchive Gateway DarkShrine Probe,37.25,116461
236,718935,0,28831,11.2227,28831,Stalker Stargate RoboticsFacility Gateway Pylon VoidRay Immortal Stalker Gateway Pylon Zealot VoidRay Stalker Stalker Stalker Zealot Pylon Zealot Immortal VoidRay VoidRay RoboticsFacility Immortal Zealot TwilightCouncil Probe FleetBeacon Nexus Nexus,40,116767
236,739459,0,29901,11.677,29901,Stalker Stargate RoboticsFacility Gateway Pylon VoidRay Immortal Stalker Gateway Pylon Zealot VoidRay Stalker Stalker Immortal Immortal Gateway Zealot VoidRay Stalker Probe Pylon Zealot RoboticsFacility Pylon VoidRay Stalker Assimilator Nexus Nexus Probe Probe,40.75,116919
251,756008,0,30822,11.9958,30822,Stalker Stargate RoboticsFacility Gateway Pylon VoidRay Immortal Stalker Gateway Pylon Zealot VoidRay Stalker Stalker Immortal Zealot Stalker TwilightCouncil Pylon Immortal Stalker VoidRay Adept Stalker FleetBeacon RoboticsBay Assimilator Probe Stalker Assimilator Nexus Pylon Gateway,38.75,118073
261,782058,0,32303,12.5142,32303,Stalker Stargate RoboticsFacility Gateway Pylon VoidRay Immortal Stalker Gateway Pylon Zealot VoidRay Stalker Stalker Immortal Zealot Adept Immortal VoidRay Probe Pylon Assimilator Stalker Pylon Adept Stalker TwilightCouncil TemplarArchive RoboticsBay Gateway Immortal Assimilator Stargate Zealot,38.25,119282
266,784306,0,32432,12.5575,32432,Stalker Stargate RoboticsFacility Gateway Pylon VoidRay Immortal Stalker Gateway Pylon Zealot VoidRay Stalker Stalker Immortal Zealot VoidRay Adept Probe Pylon Immortal VoidRay Immortal Stargate Gateway Gateway RoboticsBay TwilightCouncil Pylon Assimilator Nexus Gateway,41.25,120936
266,809707,0,33925,12.9459,33925,Stalker Stargate RoboticsFacility Gateway Pylon VoidRay Immortal Stalker Gateway Pylon Zealot VoidRay Stalker Stalker Immortal Zealot VoidRay Zealot Pylon Stalker Pylon Stalker Stalker Probe Zealot Gateway Stalker Adept Nexus TwilightCouncil Stargate Stalker TemplarArchive RoboticsFacility Pylon Probe,38.75,121302
281,821516,0,34664,13.1093,34664,Stalker Stargate RoboticsFacility Gateway Pylon VoidRay Immortal Stalker Gateway Pylon Zealot VoidRay Stalker Stalker Immortal Zealot VoidRay Pylon Stalker Stalker Immortal Adept RoboticsBay Pylon Immortal TwilightCouncil Adept DarkShrine Probe Gateway Zealot Nexus Assimilator,42,121389
281,821971,0,34692,13.1257,34692,Stalker Stargate RoboticsFacility Gateway Pylon VoidRay Immortal Stalker Gateway Pylon Zealot VoidRay Stalker Stalker Immortal Zealot VoidRay Zealot Adept Pylon Immortal VoidRay Adept TwilightCouncil Stargate Assimilator Probe RoboticsBay RoboticsFacility RoboticsFacility Pylon Assimilator Gateway Pylon Pylon,39.75,121641
281,843993,0,36071,13.445,36071,Stalker Stargate RoboticsFacility Gateway Pylon VoidRay Immortal Stalker Gateway Pylon Zealot VoidRay Stalker Stalker Immortal Zealot VoidRay Zealot Stalker Adept Pylon Immortal VoidRay Stargate Probe Nexus RoboticsFacility TwilightCouncil RoboticsBay Assimilator Gateway Assimilator Gateway,40.25,122349
296,861117,0,37193,13.7261,37193,Stalker Stargate RoboticsFacility Gateway Pylon VoidRay Immortal Stalker Gateway Pylon Zealot VoidRay Stalker Stalker Immortal Zealot VoidRay Zealot Stalker Pylon Stalker Immortal Pylon Gateway Adept Adept Zealot Nexus RoboticsBay Stargate Stargate Stalker Zealot Assimilator,40.25,122938
309,893977,0,39389,14.2213,39389,Stalker Stargate RoboticsFacility Gateway Pylon VoidRay Immortal Stalker Gateway Pylon Zealot VoidRay Stalker Stalker Immortal Zealot VoidRay Zealot Stalker Stalker Pylon Stalker Immortal Stalker TwilightCouncil Nexus Assimilator Pylon Nexus Gateway Assimilator,40.25,123845
319,924979,0,41599,14.6815,41599,Stalker Stargate RoboticsFacility Gateway Pylon VoidRay Immortal Stalker Gateway Pylon Zealot VoidRay Stalker Stalker Immortal Zealot VoidRay Zealot Stalker Stalker Pylon Stalker Pylon Stalker Stalker VoidRay VoidRay Adept RoboticsBay Nexus RoboticsFacility Assimilator Assimilator Probe,43.5,124683
334,936194,0,42423,14.8507,42423,Stalker Stargate RoboticsFacility Gateway Pylon VoidRay Immortal Stalker Gateway Pylon Zealot VoidRay Stalker Stalker Immortal Zealot VoidRay Zealot Stalker Stalker Pylon Adept Immortal Stalker Pylon Adept Zealot Assimilator Assimilator Immortal Nexus Pylon,45.75,125546
349,973456,0,45254,15.2124,45254,Stalker Stargate RoboticsFacility Gateway Pylon VoidRay Immortal Stalker Gateway Pylon Zealot VoidRay Stalker Stalker Immortal Zealot VoidRay Zealot Stalker Stalker Pylon Adept Adept Pylon VoidRay Stalker Immortal Probe RoboticsBay Nexus Probe FleetBeacon Assimilator Probe,45,125741
349,980060,0,45765,15.2618,45765,Stalker Stargate RoboticsFacility Gateway Pylon VoidRay Immortal Stalker Gateway Pylon Zealot VoidRay Stalker Stalker Immortal Zealot VoidRay Zealot Stalker Stalker Pylon Adept Stalker Pylon VoidRay Stalker Probe Adept Zealot TwilightCouncil Assimilator Stargate DarkShrine Gateway Pylon Zealot Pylon,44,126292
349,983837,0,46062,15.2948,46062,Stalker Stargate RoboticsFacility Gateway Pylon VoidRay Immortal Stalker Gateway Pylon Zealot VoidRay Stalker Stalker Immortal Zealot VoidRay Zealot Stalker Stalker Pylon Adept Stalker Probe Pylon VoidRay Stalker Stalker Adept Gateway Zealot FleetBeacon Pylon Adept Stalker RoboticsFacility Probe,45.75,126890
364,996908,0,47142,15.4928,47142,Stalker Stargate RoboticsFacility Gateway Pylon VoidRay Immortal Stalker Gateway Pylon Zealot VoidRay Stalker Stalker Immortal Zealot VoidRay Zealot Stalker Stalker Pylon Adept Stalker Pylon Immortal Stalker Stalker Stalker Adept Pylon Nexus Adept RoboticsFacility Assimilator Assimilator,46.25,127427
379,1023939,0,49422,15.9239,49422,Stalker Stargate RoboticsFacility Gateway Pylon VoidRay Immortal Stalker Gateway Pylon Zealot VoidRay Stalker Stalker Immortal Zealot VoidRay Zealot Stalker Stalker Pylon Adept Stalker Pylon Stalker VoidRay Adept Stalker Zealot Assimilator Probe TwilightCouncil Assimilator Stargate DarkShrine RoboticsFacility,45.75,127492
379,1031477,0,50069,16.0348,50069,Stalker Stargate RoboticsFacility Gateway Pylon VoidRay Immortal Stalker Gateway Pylon Zealot VoidRay Stalker Stalker Immortal Zealot VoidRay Zealot Stalker Stalker Pylon Adept Stalker Pylon Stalker VoidRay Stalker Stalker Zealot Stargate RoboticsFacility Probe RoboticsFacility Assimilator Assimilator Gateway Pylon,46.25,127752
409,1065823,0,53371,16.5817,53371,Stalker Stargate RoboticsFacility Gateway Pylon VoidRay Immortal Stalker Gateway Pylon Zealot VoidRay Stalker Stalker Immortal Zealot VoidRay Zealot Stalker Stalker Pylon Adept Stalker Pylon Stalker VoidRay Stalker Stalker Stalker Stargate Nexus TwilightCouncil Gateway Probe,47,127993
409,1071937,0,54009,16.667,54009,Stalker Stargate RoboticsFacility Gateway Pylon VoidRay Immortal Stalker Gateway Pylon Zealot VoidRay Stalker Stalker Immortal Zealot VoidRay Zealot Stalker Stalker Pylon Adept Stalker Pylon Stalker VoidRay Stalker Stalker Stalker Gateway Nexus FleetBeacon Probe,47,127993
409,1073026,0,54129,16.6889,54129,Stalker Stargate RoboticsFacility Gateway Pylon VoidRay Immortal Stalker Gateway Pylon Zealot VoidRay Stalker Stalker Immortal Zealot VoidRay Zealot Stalker Stalker Pylon Adept Stalker Pylon Stalker VoidRay Stalker Stalker Stalker Stargate Pylon Stargate Gateway Zealot Probe Zealot Probe,47,127993
424,1075140,0,54372,16.7192,54372,Stalker Stargate RoboticsFacility Gateway Pylon VoidRay Immortal Stalker Gateway Pylon Zealot VoidRay Stalker Stalker Immortal Zealot VoidRay Zealot Stalker Stalker Pylon Adept Stalker Pylon Stalker VoidRay Stalker Stalker Pylon Stalker Zealot Stalker TwilightCouncil RoboticsBay Zealot Probe Pylon,49.75,128092
437,1093446,0,56474,17.0004,56474,Stalker Stargate RoboticsFacility Gateway Pylon VoidRay Immortal Stalker Gateway Pylon Zealot VoidRay Stalker Stalker Immortal Zealot VoidRay Zealot Stalker Stalker Pylon Adept Stalker Pylon Stalker VoidRay Stalker Stalker Pylon Stalker Stalker Nexus Pylon RoboticsFacility,48.75,128131
452,1109087,0,58413,17.2237,58413,Stalker Stargate RoboticsFacility Gateway Pylon VoidRay Immortal Stalker Gateway Pylon Zealot VoidRay Stalker Stalker Immortal Zealot VoidRay Zealot Stalker Stalker Pylon Adept Stalker Pylon Stalker VoidRay Stalker Stalker Pylon Stalker Stalker Stalker Pylon Assimilator RoboticsFacility Stalker Zealot,50.5,128159
452,1121391,0,60018,17.4241,60018,Stalker Stargate RoboticsFacility Gateway Pylon VoidRay Immortal Stalker Gateway Pylon Zealot VoidRay Stalker Stalker Immortal Zealot VoidRay Zealot Stalker Stalker Pylon Adept Stalker Pylon Stalker VoidRay Stalker Stalker Pylon Stalker Stalker Zealot Immortal RoboticsBay Pylon Probe,49.75,128211
467,1125097,0,60558,17.4807,60558,Stalker Stargate RoboticsFacility Gateway Pylon VoidRay Immortal Stalker Gateway Pylon Zealot VoidRay Stalker Stalker Immortal Zealot VoidRay Zealot Stalker Stalker Pylon Adept Stalker Pylon Stalker VoidRay Stalker Stalker Pylon Stalker Stalker Zealot VoidRay Pylon Assimilator Gateway,49.75,128211
467,1125417,0,60603,17.4832,60603,Stalker Stargate RoboticsFacility Gateway Pylon VoidRay Immortal Stalker Gateway Pylon Zealot VoidRay Stalker Stalker Immortal Zealot VoidRay Zealot Stalker Stalker Pylon Adept Stalker Pylon Stalker VoidRay Stalker Stalker Pylon Stalker Stalker Probe Zealot Probe Stargate Adept Pylon Gateway,49.75,128211
482,1148755,0,64235,17.8445,64235,Stalker Stargate RoboticsFacility Gateway Pylon VoidRay Immortal Stalker Gateway Pylon Zealot VoidRay Stalker Stalker Immortal Zealot VoidRay Zealot Stalker Stalker Pylon Adept Stalker Pylon Stalker VoidRay Stalker Stalker Pylon Stalker Stalker Probe Zealot Probe Nexus Adept,49.75,128211
497,1149741,0,64400,17.8658,64400,Stalker Stargate RoboticsFacility Gateway Pylon VoidRay Immortal Stalker Gateway Pylon Zealot VoidRay Stalker Stalker Immortal Zealot VoidRay Zealot Stalker Stalker Pylon Adept Stalker Pylon Stalker VoidRay Stalker Stalker Pylon Stalker Stalker Probe Zealot Probe Adept Probe RoboticsFacility Pylon Pylon,49.75,128211
497,1156079,0,65465,17.964,65465,Stalker Stargate RoboticsFacility Gateway Pylon VoidRay Immortal Stalker Gateway Pylon Zealot VoidRay Stalker Stalker Immortal Zealot VoidRay Zealot Stalker Stalker Pylon Adept Stalker Pylon Stalker VoidRay Stalker Stalker Pylon Stalker Stalker Probe Zealot Probe Probe Pylon Immortal Pylon,49.75,128211
497,1160850,0,66310,18.0273,66310,Stalker Stargate RoboticsFacility Gateway Pylon VoidRay Immortal Stalker Gateway Pylon Zealot VoidRay Stalker Stalker Immortal Zealot VoidRay Zealot Stalker Stalker Pylon Adept Stalker Pylon Stalker VoidRay Stalker Stalker Pylon Stalker Stalker Probe Zealot Probe Probe Probe Pylon Stargate Probe Pylon,49.75,128211
512,1163998,0,66925,18.0765,66925,Stalker Stargate RoboticsFacility Gateway Pylon VoidRay Immortal Stalker Gateway Pylon Zealot VoidRay Stalker Stalker Immortal Zealot VoidRay Zealot Stalker Stalker Pylon Adept Stalker Pylon Stalker VoidRay Stalker Stalker Pylon Stalker Stalker Probe Zealot Probe Probe Probe Stargate Pylon RoboticsFacility,49.75,128211
512,1169937,0,68086,18.17,68086,Stalker Stargate RoboticsFacility Gateway Pylon VoidRay Immortal Stalker Gateway Pylon Zealot VoidRay Stalker Stalker Immortal Zealot VoidRay Zealot Stalker Stalker Pylon Adept Stalker Pylon Stalker VoidRay Stalker Stalker Pylon Stalker Stalker Probe Zealot Probe Pylon Probe Probe TwilightCouncil Probe Stalker,49.75,128211
512,1170262,0,68150,18.1728,68150,Stalker Stargate RoboticsFacility Gateway Pylon VoidRay Immortal Stalker Gateway Pylon Zealot VoidRay Stalker Stalker Immortal Zealot VoidRay Zealot Stalker Stalker Pylon Adept Stalker Pylon Stalker VoidRay Stalker Stalker Pylon Stalker Stalker Probe Zealot Probe Probe Probe Probe Gateway Pylon Pylon,49.75,128211
538,1182662,0,70648,18.3837,70648,Stalker Stargate RoboticsFacility Gateway Pylon VoidRay Immortal Stalker Gateway Pylon Zealot VoidRay Stalker Stalker Immortal Zealot VoidRay Zealot Stalker Stalker Pylon Adept Stalker Pylon Stalker VoidRay Stalker Stalker Pylon Stalker Stalker Probe Zealot Probe Probe Probe Probe Assimilator FleetBeacon,49.75,128211
576,1198690,7,74308,18.6757,74308,Stalker Stargate RoboticsFacility Gateway Pylon VoidRay Immortal Stalker Gateway Pylon Zealot VoidRay Stalker Stalker Immortal Zealot VoidRay Zealot Stalker Stalker Pylon Adept Stalker Pylon Stalker VoidRay Stalker Stalker Pylon Stalker Stalker Probe Zealot Probe Probe Probe Probe FleetBeacon Assimilator,49.75,128211
