0,0,0,0,0,0, ,0,0
0,26,0,1,0.000222,1,Adept Adept Assimilator Gateway Stargate Stalker TwilightCouncil TemplarArchive Nexus FleetBeacon Stargate Mothership Adept Tempest VoidRay VoidRay Adept Nexus Adept Assimilator Zealot Gateway Zealot Stargate Pylon,29.25,54816.8
0,397,0,13,0.00283,13,Stalker Zealot Stargate Pylon Probe VoidRay Gateway VoidRay Assimilator Stargate Pylon Assimilator Zealot Adept FleetBeacon Pylon Carrier Stargate VoidRay Nexus RoboticsFacility Adept Tempest Stargate Immortal RoboticsFacility Pylon,28.5,72531.8
0,956,0,31,0.00679,31,Stalker Stargate VoidRay RoboticsFacility Gateway RoboticsBay Zealot Immortal Pylon RoboticsFacility Colossus Nexus Colossus Stalker Adept Probe Assimilator FleetBeacon VoidRay Stalker Pylon Mothership TwilightCouncil Assimilator Pylon Pylon Nexus Adept,29.25,73416.8
0,1057,0,35,0.007485,35,RoboticsFacility Stalker Immortal Stalker Immortal RoboticsFacility Nexus Probe Immortal RoboticsBay Zealot Immortal Adept Stalker Colossus Stargate Immortal Assimilator FleetBeacon Nexus Assimilator RoboticsFacility Probe Gateway Pylon Nexus Adept,31.25,95043.2
15,47309,0,1531,0.842363,1531,RoboticsFacility Zealot Probe Immortal Immortal Stargate RoboticsFacility Probe Probe Pylon Gateway Adept VoidRay Pylon Immortal Pylon Zealot Probe Stalker Zealot Stargate Probe Immortal Adept Nexus VoidRay RoboticsFacility Zealot Adept RoboticsBay Gateway Immortal Pylon Assimilator Colossus Adept Probe Zealot TwilightCouncil Probe Gateway Gateway,36.25,97620.2
38,108135,0,3536,1.96863,3536,RoboticsFacility Adept Zealot Zealot Pylon Probe RoboticsFacility Immortal Immortal Immortal Pylon Probe Probe Pylon Immortal Stalker Immortal RoboticsFacility RoboticsFacility Stalker Adept Probe Pylon Immortal Adept Stargate Nexus TwilightCouncil Stalker Immortal Nexus Stalker TemplarArchive Probe Pylon Gateway Gateway Probe,37.25,100178
129,370024,0,12640,6.13371,12640,RoboticsFacility Adept Zealot Zealot Pylon Probe Probe RoboticsFacility Immortal Gateway Probe Pylon Adept Immortal Probe Immortal TwilightCouncil Stalker RoboticsFacility Adept Adept Immortal Gateway DarkShrine Immortal Pylon Pylon Adept Adept Gateway RoboticsBay Adept Zealot DarkTemplar Zealot Pylon Stalker Pylon Gateway Probe Zealot RoboticsFacility Stargate Adept Adept Probe Zealot Gateway,38.5,105501
259,835122,0,29259,14.6933,29259,RoboticsFacility Adept Zealot Zealot Pylon Probe Probe RoboticsFacility Immortal Gateway Probe Pylon Adept Immortal RoboticsFacility Stalker Stalker Stalker Immortal Stalker Immortal Stalker Assimilator Pylon Pylon Nexus Immortal RoboticsFacility Immortal Gateway Probe Nexus Stargate RoboticsFacility RoboticsFacility Adept,35.75,106605
259,837615,0,29356,14.7126,29356,RoboticsFacility Adept Zealot Zealot Pylon Probe Probe RoboticsFacility Immortal Gateway Probe Pylon Adept Immortal Immortal Immortal Immortal Adept Nexus Pylon Immortal Stalker Pylon Adept Zealot RoboticsFacility Immortal Adept Stalker Gateway Stargate Immortal Pylon TwilightCouncil RoboticsBay Probe Gateway Adept Assimilator,42.75,110420
259,838633,0,29396,14.7202,29396,RoboticsFacility Adept Zealot Zealot Pylon Probe Probe RoboticsFacility Immortal Gateway Probe Pylon Adept Immortal Immortal Pylon Immortal RoboticsFacility Immortal Zealot Gateway Adept Pylon Immortal Adept Immortal Immortal RoboticsBay Zealot RoboticsFacility Assimilator Nexus Pylon TwilightCouncil Probe Nexus,39,111722
285,924492,0,32954,15.3691,32954,RoboticsFacility Adept Zealot Zealot Pylon Probe Probe RoboticsFacility Immortal Gateway Probe Pylon Adept Immortal Immortal Pylon Gateway Stalker Adept Gateway Stalker Zealot Zealot Immortal Immortal RoboticsFacility Pylon Zealot Adept Stalker Stalker Stalker Assimilator Adept Assimilator Stalker Stargate RoboticsFacility Pylon Pylon TwilightCouncil Adept Probe Probe,40.5,113055
285,948057,0,33951,15.5461,33951,RoboticsFacility Adept Zealot Zealot Pylon Probe Probe RoboticsFacility Immortal Gateway Probe Pylon Adept Immortal Immortal Pylon Adept Stalker Adept Immortal Assimilator Pylon Zealot Zealot Immortal Pylon Stalker Immortal Immortal RoboticsFacility RoboticsBay Stargate VoidRay Stargate RoboticsFacility Gateway Stalker Probe,38.75,114168
285,948680,0,33978,15.5508,33978,RoboticsFacility Adept Zealot Zealot Pylon Probe Probe RoboticsFacility Immortal Gateway Probe Pylon Adept Immortal Immortal Pylon Adept Immortal Stalker Stalker Adept Immortal Adept Stalker Nexus Zealot Probe Pylon Immortal Zealot Stalker Gateway Pylon Adept RoboticsBay TwilightCouncil TemplarArchive Adept DarkShrine Stalker Assimilator RoboticsFacility Probe,41,115589
298,959095,0,34429,15.6701,34429,RoboticsFacility Adept Zealot Zealot Pylon Probe Probe RoboticsFacility Immortal Gateway Probe Pylon Adept Immortal Immortal Pylon Adept Immortal Immortal Stalker Stalker RoboticsFacility Immortal Adept Assimilator Adept Pylon Zealot Zealot RoboticsBay Nexus Stalker Stalker Stalker RoboticsFacility Assimilator Stargate RoboticsFacility Pylon,39.75,116542
311,1000793,0,36247,16.4638,36247,RoboticsFacility Adept Zealot Zealot Pylon Probe Probe RoboticsFacility Immortal Gateway Probe Pylon Adept Immortal Immortal Pylon Adept Immortal Immortal Immortal Probe Immortal Pylon Stalker Adept Pylon Immortal Adept Probe Zealot Stargate Nexus Zealot RoboticsBay VoidRay Zealot TwilightCouncil RoboticsFacility RoboticsFacility Pylon,43,117390
311,1025888,0,37410,16.9979,37410,RoboticsFacility Adept Zealot Zealot Pylon Probe Probe RoboticsFacility Immortal Gateway Probe Pylon Adept Immortal Immortal Pylon Adept Immortal Immortal Stalker Immortal Stalker Pylon Immortal Gateway Adept Gateway Stalker Adept Nexus Probe Stalker Nexus Assimilator RoboticsBay TwilightCouncil Gateway Assimilator,41.5,119001
324,1077817,0,39940,18.1096,39940,RoboticsFacility Adept Zealot Zealot Pylon Probe Probe RoboticsFacility Immortal Gateway Probe Pylon Adept Immortal Immortal Pylon Adept Immortal Immortal Stalker Pylon Stalker Pylon Immortal Zealot RoboticsBay TwilightCouncil Immortal Zealot Zealot Immortal Zealot Stalker Nexus Nexus Adept Zealot,45,119059
324,1080659,0,40083,18.1554,40083,RoboticsFacility Adept Zealot Zealot Pylon Probe Probe RoboticsFacility Immortal Gateway Probe Pylon Adept Immortal Immortal Pylon Adept Immortal Immortal Stalker Assimilator Immortal Stalker Stalker Immortal Assimilator Stargate Pylon Immortal Adept Adept FleetBeacon Stargate Gateway Pylon,43.5,119392
337,1083425,0,40226,18.2267,40226,RoboticsFacility Adept Zealot Zealot Pylon Probe Probe RoboticsFacility Immortal Gateway Probe Pylon Adept Immortal Immortal Pylon Adept Immortal Immortal Stalker Immortal Probe Immortal Stalker Gateway Pylon Immortal Stalker RoboticsBay Adept Nexus TwilightCouncil Probe Assimilator Pylon Nexus Probe RoboticsFacility Probe,42.25,119872
337,1092956,0,40711,18.4234,40711,RoboticsFacility Adept Zealot Zealot Pylon Probe Probe RoboticsFacility Immortal Gateway Probe Pylon Adept Immortal Immortal Pylon Adept Immortal Immortal Stalker Stalker Immortal Pylon Zealot Immortal RoboticsFacility Pylon Immortal RoboticsBay Stalker Pylon TwilightCouncil RoboticsFacility Pylon Immortal RoboticsFacility Stalker Probe Assimilator Pylon,42,120394
337,1096642,0,40900,18.5061,40900,RoboticsFacility Adept Zealot Zealot Pylon Probe Probe RoboticsFacility Immortal Gateway Probe Pylon Adept Immortal Immortal Pylon Adept Immortal Immortal Stalker Adept Stalker Assimilator Immortal Pylon Zealot Immortal Assimilator Immortal Zealot TwilightCouncil TemplarArchive Pylon Gateway Pylon RoboticsFacility RoboticsFacility,42.5,120931
350,1125966,0,42416,19.0827,42416,RoboticsFacility Adept Zealot Zealot Pylon Probe Probe RoboticsFacility Immortal Gateway Probe Pylon Adept Immortal Immortal Pylon Adept Immortal Immortal Stalker Adept Assimilator Stalker Pylon Stalker Immortal Immortal Adept Immortal RoboticsFacility RoboticsBay Gateway Assimilator Gateway RoboticsFacility TwilightCouncil Gateway,43.5,120958
389,1228359,0,48566,20.7332,48566,RoboticsFacility Adept Zealot Zealot Pylon Probe Probe RoboticsFacility Immortal Gateway Probe Pylon Adept Immortal Immortal Pylon Adept Immortal Immortal Stalker Adept Assimilator Stalker Pylon Immortal Immortal Stalker Stalker Pylon Stalker Stalker Adept Nexus RoboticsBay Stalker TwilightCouncil Stalker,45,121648
402,1265737,0,51160,21.4555,51160,RoboticsFacility Adept Zealot Zealot Pylon Probe Probe RoboticsFacility Immortal Gateway Probe Pylon Adept Immortal Immortal Pylon Adept Immortal Immortal Stalker Adept Assimilator Stalker Pylon Immortal Adept Stalker Immortal Zealot Pylon Zealot Immortal Probe Stalker Stargate TwilightCouncil Nexus,47.25,121779
402,1278693,0,52124,21.6928,52124,RoboticsFacility Adept Zealot Zealot Pylon Probe Probe RoboticsFacility Immortal Gateway Probe Pylon Adept Immortal Immortal Pylon Adept Immortal Immortal Stalker Adept Assimilator Stalker Pylon Immortal Adept Immortal Stalker Pylon Zealot Zealot Immortal Probe Zealot TwilightCouncil Nexus RoboticsBay Probe,46.5,121853
428,1309341,0,54553,22.2813,54553,RoboticsFacility Adept Zealot Zealot Pylon Probe Probe RoboticsFacility Immortal Gateway Probe Pylon Adept Immortal Immortal Pylon Adept Immortal Immortal Stalker Adept Assimilator Stalker Pylon Immortal Adept Immortal Stalker Stalker RoboticsFacility Assimilator Pylon Stalker Stalker RoboticsBay Immortal Stargate,45,121921
428,1327141,0,56137,22.6102,56137,RoboticsFacility Adept Zealot Zealot Pylon Probe Probe RoboticsFacility Immortal Gateway Probe Pylon Adept Immortal Immortal Pylon Adept Immortal Immortal Stalker Adept Assimilator Stalker Pylon Immortal Adept Immortal Stalker Stalker Pylon Immortal RoboticsFacility Nexus RoboticsBay RoboticsFacility Zealot,45.25,121938
428,1327979,0,56216,22.6166,56216,RoboticsFacility Adept Zealot Zealot Pylon Probe Probe RoboticsFacility Immortal Gateway Probe Pylon Adept Immortal Immortal Pylon Adept Immortal Immortal Stalker Adept Assimilator Stalker Pylon Immortal Adept Immortal Stalker Immortal Pylon Zealot Stalker Zealot Pylon Zealot Gateway Pylon Stargate Assimilator Probe,46.25,122345
441,1335365,0,56921,22.7609,56921,RoboticsFacility Adept Zealot Zealot Pylon Probe Probe RoboticsFacility Immortal Gateway Probe Pylon Adept Immortal Immortal Pylon Adept Immortal Immortal Stalker Adept Assimilator Stalker Pylon Immortal Adept Immortal Stalker Pylon Stalker Immortal Stalker Assimilator RoboticsFacility Stargate RoboticsBay RoboticsFacility Probe,47,122598
454,1357168,0,59040,23.0603,59040,RoboticsFacility Adept Zealot Zealot Pylon Probe Probe RoboticsFacility Immortal Gateway Probe Pylon Adept Immortal Immortal Pylon Adept Immortal Immortal Stalker Adept Assimilator Stalker Pylon Immortal Adept Immortal Stalker Pylon Stalker Immortal Adept Adept TwilightCouncil Adept Pylon Adept TemplarArchive Probe Pylon,47.75,122804
454,1367706,0,60086,23.2149,60086,RoboticsFacility Adept Zealot Zealot Pylon Probe Probe RoboticsFacility Immortal Gateway Probe Pylon Adept Immortal Immortal Pylon Adept Immortal Immortal Stalker Adept Assimilator Stalker Pylon Immortal Adept Immortal Stalker Pylon Stalker Immortal Zealot Stalker TwilightCouncil Nexus Pylon Probe,48,122904
467,1372220,0,60562,23.2877,60562,RoboticsFacility Adept Zealot Zealot Pylon Probe Probe RoboticsFacility Immortal Gateway Probe Pylon Adept Immortal Immortal Pylon Adept Immortal Immortal Stalker Adept Assimilator Stalker Pylon Immortal Adept Immortal Stalker Pylon Stalker Immortal Adept Stalker Zealot Gateway Nexus Assimilator,48.25,122959
467,1377098,0,61081,23.3618,61081,RoboticsFacility Adept Zealot Zealot Pylon Probe Probe RoboticsFacility Immortal Gateway Probe Pylon Adept Immortal Immortal Pylon Adept Immortal Immortal Stalker Adept Assimilator Stalker Pylon Immortal Adept Immortal Stalker Pylon Stalker Immortal Stalker Adept Stalker Pylon Adept Gateway Probe RoboticsBay Probe,48.25,122986
467,1385636,0,61987,23.4882,61987,RoboticsFacility Adept Zealot Zealot Pylon Probe Probe RoboticsFacility Immortal Gateway Probe Pylon Adept Immortal Immortal Pylon Adept Immortal Immortal Stalker Adept Assimilator Stalker Pylon Immortal Adept Immortal Stalker Pylon Stalker Immortal Stalker Stalker Assimilator Stargate Gateway Stargate Adept,48.75,123083
467,1385934,0,62024,23.4905,62024,RoboticsFacility Adept Zealot Zealot Pylon Probe Probe RoboticsFacility Immortal Gateway Probe Pylon Adept Immortal Immortal Pylon Adept Immortal Immortal Stalker Adept Assimilator Stalker Pylon Immortal Adept Immortal Stalker Pylon Stalker Immortal Stalker Stalker Stargate Stalker TwilightCouncil RoboticsFacility Assimilator,48.75,123083
467,1387258,0,62193,23.514,62193,RoboticsFacility Adept Zealot Zealot Pylon Probe Probe RoboticsFacility Immortal Gateway Probe Pylon Adept Immortal Immortal Pylon Adept Immortal Immortal Stalker Adept Assimilator Stalker Pylon Immortal Adept Immortal Stalker Pylon Stalker Immortal Stalker Stalker Probe Probe Nexus Assimilator RoboticsBay,48.75,123083
493,1403265,0,64289,23.7309,64289,RoboticsFacility Adept Zealot Zealot Pylon Probe Probe RoboticsFacility Immortal Gateway Probe Pylon Adept Immortal Immortal Pylon Adept Immortal Immortal Stalker Adept Assimilator Stalker Pylon Immortal Adept Immortal Stalker Pylon Stalker Immortal Stalker Stalker Pylon Probe Assimilator Probe Zealot Gateway Stalker Probe,48.75,123083
493,1415660,0,66103,23.9062,66103,RoboticsFacility Adept Zealot Zealot Pylon Probe Probe RoboticsFacility Immortal Gateway Probe Pylon Adept Immortal Immortal Pylon Adept Immortal Immortal Stalker Adept Assimilator Stalker Pylon Immortal Adept Immortal Stalker Pylon Stalker Immortal Stalker Stalker Probe Pylon Probe Immortal RoboticsFacility Stalker,48.75,123083
514,1427854,0,68131,24.1363,68131,RoboticsFacility Adept Zealot Zealot Pylon Probe Probe RoboticsFacility Immortal Gateway Probe Pylon Adept Immortal Immortal Pylon Adept Immortal Immortal Stalker Adept Assimilator Stalker Pylon Immortal Adept Immortal Stalker Pylon Stalker Immortal Stalker Stalker Probe Probe Pylon Gateway Probe Stalker Adept Assimilator Probe,48.75,123083
514,1432556,0,68914,24.2161,68914,RoboticsFacility Adept Zealot Zealot Pylon Probe Probe RoboticsFacility Immortal Gateway Probe Pylon Adept Immortal Immortal Pylon Adept Immortal Immortal Stalker Adept Assimilator Stalker Pylon Immortal Adept Immortal Stalker Pylon Stalker Immortal Stalker Stalker Probe Probe Pylon Stalker Zealot Probe Probe Gateway Probe,48.75,123083
522,1446554,0,71384,24.4877,71384,RoboticsFacility Adept Zealot Zealot Pylon Probe Probe RoboticsFacility Immortal Gateway Probe Pylon Adept Immortal Immortal Pylon Adept Immortal Immortal Stalker Adept Assimilator Stalker Pylon Immortal Adept Immortal Stalker Pylon Stalker Immortal Stalker Stalker Probe Probe Pylon Probe Adept Assimilator Probe Stalker RoboticsFacility,48.75,123083
574,1450433,0,72105,24.5452,72105,RoboticsFacility Adept Zealot Zealot Pylon Probe Probe RoboticsFacility Immortal Gateway Probe Pylon Adept Immortal Immortal Pylon Adept Immortal Immortal Stalker Adept Assimilator Stalker Pylon Immortal Adept Immortal Stalker Pylon Stalker Immortal Stalker Stalker Probe Probe Pylon Probe Adept Probe Immortal Assimilator,48.75,123083
600,1464012,0,74721,24.8074,74721,RoboticsFacility Adept Zealot Zealot Pylon Probe Probe RoboticsFacility Immortal Gateway Probe Pylon Adept Immortal Immortal Pylon Adept Immortal Immortal Stalker Adept Assimilator Stalker Pylon Immortal Adept Immortal Stalker Pylon Stalker Immortal Stalker Stalker Probe Probe Pylon Probe Stalker Probe Immortal,48.75,123083
