0,0,0,0,0,0, ,0,0
0,32,0,1,0.000269,1,Stalker RoboticsFacility Probe Pylon Adept TwilightCouncil Stargate TemplarArchive Immortal DarkShrine Nexus RoboticsFacility FleetBeacon Assimilator DarkTemplar RoboticsFacility Immortal Immortal Mothership RoboticsBay Nexus RoboticsFacility Assimilator Probe Pylon Gateway Gateway Probe Zealot Gateway Pylon,16.75,41157.8
0,119,0,4,0.000913,4,Probe Pylon Assimilator Stargate Probe Nexus Pylon Stalker Probe Stargate Stargate FleetBeacon Probe Carrier Zealot Carrier Tempest Nexus Nexus Carrier RoboticsFacility Immortal Carrier Nexus Zealot Gateway,25,50435.2
0,323,0,11,0.002395,11,Gateway Pylon TwilightCouncil Stargate Zealot Stalker Stalker Gateway VoidRay DarkShrine Nexus Nexus Stargate Zealot Probe FleetBeacon Pylon Tempest Stargate Gateway DarkTemplar DarkTemplar Tempest Adept DarkTemplar Adept Assimilator Nexus Pylon Zealot Assimilator Gateway Pylon,18.75,52147.5
0,390,0,13,0.002924,13,Probe Stargate Nexus Adept VoidRay Gateway Adept Zealot TwilightCouncil Probe Gateway VoidRay DarkShrine FleetBeacon Tempest Pylon Stalker Mothership VoidRay DarkTemplar Probe Adept Assimilator Pylon Nexus Nexus Nexus Pylon Adept Assimilator Assimilator Assimilator Probe Pylon,17.5,61271
0,460,0,15,0.003434,15,TwilightCouncil Gateway Zealot Zealot Probe RoboticsFacility Stalker Probe Assimilator Zealot DarkShrine Stalker Zealot Pylon Immortal Adept Stargate RoboticsFacility Stalker Pylon VoidRay Pylon VoidRay Stargate Stalker Probe Probe RoboticsBay Stargate Probe Gateway RoboticsFacility DarkTemplar Gateway Assimilator VoidRay Zealot Probe Probe Adept Stargate Pylon,27.5,78642.2
0,3012,0,97,0.034882,97,RoboticsFacility Gateway RoboticsBay Immortal Nexus Colossus Zealot Zealot Probe Adept Immortal Stalker Probe Pylon Nexus Stalker Adept Adept TwilightCouncil Zealot Adept Colossus Assimilator Nexus Zealot Nexus Colossus Probe Gateway Pylon Assimilator,30,78945.8
0,4602,0,149,0.059038,149,Zealot Assimilator RoboticsFacility Probe Stalker Pylon Assimilator Stalker Stargate Stargate VoidRay Gateway Stalker Immortal VoidRay VoidRay RoboticsBay Stalker Immortal Nexus Stargate Stargate RoboticsFacility Pylon,27.5,80440.8
0,5286,0,171,0.07695,171,Stargate Stalker VoidRay Assimilator Zealot Assimilator VoidRay Gateway Nexus Stalker VoidRay TwilightCouncil Probe Probe Adept Stalker Gateway VoidRay VoidRay Stalker Pylon VoidRay TemplarArchive Pylon Stargate Adept Probe,29.25,82523.2
11,32085,0,1040,0.459985,1040,Zealot RoboticsFacility TwilightCouncil Zealot Probe Gateway Immortal Pylon Gateway Zealot Assimilator Pylon Immortal Probe Immortal Assimilator Adept Stalker Pylon Probe Gateway Probe TemplarArchive Stalker Stalker Immortal Gateway Probe Zealot Probe Stalker RoboticsBay Gateway Adept Nexus Stargate RoboticsFacility,28.5,84354
11,32148,0,1042,0.460441,1042,Zealot RoboticsFacility Stalker Gateway Immortal Stargate Nexus Immortal VoidRay Pylon VoidRay Adept Stargate RoboticsBay Nexus Immortal Adept Pylon Stargate RoboticsFacility VoidRay Stargate Pylon Pylon TwilightCouncil Zealot Adept Probe Nexus,28.5,85308.2
11,50158,0,1614,0.702895,1614,Probe Adept Gateway Pylon Stalker Stargate VoidRay Probe Stalker Adept VoidRay Assimilator Assimilator RoboticsFacility Probe Stalker RoboticsFacility Gateway Stalker RoboticsBay Stargate Immortal Adept Stalker TwilightCouncil Stargate FleetBeacon Stargate TemplarArchive DarkShrine Stargate RoboticsFacility Stargate Stargate Pylon,24.25,85748
11,51994,0,1673,0.728577,1673,Gateway Pylon Zealot RoboticsFacility Adept Pylon Stalker RoboticsBay Stalker Stalker Immortal Stalker Adept Colossus Nexus Stalker Pylon RoboticsFacility Adept Probe Stargate Stargate VoidRay Gateway VoidRay Probe Gateway Zealot RoboticsFacility Pylon VoidRay Nexus Pylon Stalker Probe,31.25,92792.8
31,119850,0,3901,1.69105,3901,Gateway RoboticsFacility Zealot Stalker Immortal Stalker Pylon Zealot TwilightCouncil Immortal Adept Stargate Stalker Pylon Adept TemplarArchive Gateway Adept Zealot Stargate Probe Immortal Immortal Stalker Probe Probe Nexus Assimilator Stargate RoboticsFacility DarkShrine Nexus Probe Adept Pylon RoboticsFacility,28.75,94269
43,134395,0,4399,1.9035,4399,Gateway RoboticsFacility Probe RoboticsFacility Probe Stalker Stalker Stalker Adept RoboticsBay Stalker Assimilator Immortal Probe Stalker Pylon Colossus TwilightCouncil Immortal RoboticsFacility Assimilator RoboticsFacility Stalker TemplarArchive Pylon Immortal Zealot Stalker RoboticsFacility Gateway Nexus Nexus,30.75,94931.5
58,225356,0,7450,3.24021,7450,Gateway RoboticsFacility Probe Adept Pylon Stargate Immortal Adept Gateway VoidRay Immortal VoidRay Stalker Pylon Probe Gateway Zealot Immortal RoboticsBay Adept TwilightCouncil VoidRay Pylon VoidRay Stalker TemplarArchive RoboticsFacility Stalker Pylon Assimilator Zealot Pylon Probe Gateway Gateway Nexus Gateway,35.5,102369
87,319407,0,10591,4.6323,10591,Gateway RoboticsFacility Probe Adept Pylon Stargate Stalker Probe Immortal Immortal VoidRay Zealot Zealot Probe Adept Adept RoboticsFacility Adept RoboticsFacility Pylon Zealot Pylon Immortal Assimilator Zealot Stalker Gateway FleetBeacon VoidRay Stargate Nexus Pylon Probe RoboticsFacility Assimilator Zealot RoboticsFacility Pylon Stalker Adept,32.75,102676
141,491044,0,16726,7.2613,16726,Gateway RoboticsFacility Probe Adept Pylon Stargate Stalker Probe Zealot VoidRay Pylon Adept VoidRay Stalker Zealot Immortal Zealot RoboticsBay Immortal Adept Immortal Pylon Adept TwilightCouncil Assimilator Stalker Probe Probe DarkShrine Assimilator Stargate Pylon Nexus Nexus Gateway Probe Stargate RoboticsFacility Probe Probe,32.5,103169
152,531978,0,18173,7.88307,18173,Gateway RoboticsFacility Probe Adept Pylon Stargate Stalker Probe Zealot Immortal Stalker VoidRay Pylon Immortal VoidRay Zealot Pylon RoboticsFacility Immortal Zealot Immortal Stalker Stargate VoidRay Pylon VoidRay Adept RoboticsBay Nexus Gateway Pylon Assimilator Pylon Nexus Zealot,41.75,113765
202,703433,0,24655,10.4823,24655,Gateway RoboticsFacility Probe Adept Pylon Stargate Stalker Probe Zealot Immortal Stalker VoidRay Stalker Immortal VoidRay Probe TwilightCouncil Pylon Adept Immortal Pylon Adept VoidRay Stalker FleetBeacon Nexus Nexus Adept Gateway Zealot RoboticsFacility Assimilator DarkShrine Nexus Assimilator,37.25,115337
202,735195,0,25940,10.9708,25940,Gateway RoboticsFacility Probe Adept Pylon Stargate Stalker Probe Zealot Immortal Stalker VoidRay Adept Immortal Gateway Pylon Adept Nexus Stalker Gateway Stalker Stalker Adept Immortal Stalker Zealot Stalker Adept Zealot Immortal Stalker Assimilator RoboticsFacility Nexus RoboticsBay Pylon TwilightCouncil,42.25,117505
217,772894,0,27491,11.5301,27491,Gateway RoboticsFacility Probe Adept Pylon Stargate Stalker Probe Zealot Immortal Stalker VoidRay Adept Adept Pylon Stalker Immortal Gateway Pylon VoidRay Assimilator Adept Immortal Zealot Assimilator Stalker RoboticsFacility Zealot Nexus RoboticsFacility RoboticsBay Gateway Gateway RoboticsFacility Probe,34.25,117731
232,794459,0,28385,11.873,28385,Gateway RoboticsFacility Probe Adept Pylon Stargate Stalker Probe Zealot Immortal Stalker VoidRay Adept Adept Immortal Pylon Stalker Adept Stalker RoboticsFacility Immortal Pylon Zealot Stalker Pylon VoidRay TwilightCouncil RoboticsFacility Stargate Nexus Stalker Assimilator Adept Pylon VoidRay Immortal Pylon Pylon Probe,38,119507
233,830180,0,29892,12.4094,29892,Gateway RoboticsFacility Probe Adept Pylon Stargate Stalker Probe Zealot Immortal Stalker VoidRay Adept Adept Adept Pylon VoidRay Immortal Pylon Zealot Zealot Pylon Immortal RoboticsBay Stalker Colossus Stalker Adept Zealot Probe Gateway Assimilator TwilightCouncil TemplarArchive RoboticsFacility Assimilator Nexus Gateway Pylon Pylon,41.5,119878
278,953625,0,35354,14.5782,35354,Gateway RoboticsFacility Probe Adept Pylon Stargate Stalker Probe Zealot Immortal Stalker VoidRay Adept Adept Adept Pylon VoidRay Pylon Adept Stalker Immortal Immortal Pylon Zealot Zealot Assimilator Pylon RoboticsFacility VoidRay Pylon Probe FleetBeacon RoboticsFacility TwilightCouncil Tempest RoboticsBay RoboticsFacility Gateway Probe,37.75,119882
287,973316,0,36282,14.9989,36282,Gateway RoboticsFacility Probe Adept Pylon Stargate Stalker Probe Zealot Immortal Stalker VoidRay Adept Adept Adept Pylon VoidRay Pylon Immortal Probe Pylon Probe Zealot Stalker Adept Adept TwilightCouncil VoidRay Assimilator Immortal Pylon Gateway Gateway TemplarArchive DarkShrine Zealot RoboticsFacility Adept Adept FleetBeacon Zealot Adept Assimilator,41.5,120661
293,1008866,0,37982,15.7122,37982,Gateway RoboticsFacility Probe Adept Pylon Stargate Stalker Probe Zealot Immortal Stalker VoidRay Adept Adept Adept Pylon VoidRay Pylon Immortal VoidRay Zealot Stalker Adept Immortal Nexus Pylon Nexus VoidRay VoidRay Pylon FleetBeacon Pylon Zealot TwilightCouncil Assimilator,40.75,121211
293,1009373,0,38007,15.7342,38007,Gateway RoboticsFacility Probe Adept Pylon Stargate Stalker Probe Zealot Immortal Stalker VoidRay Adept Adept Adept Pylon VoidRay Pylon Immortal Stalker Assimilator Immortal VoidRay Pylon RoboticsFacility Pylon Stalker Immortal TwilightCouncil Adept Probe Immortal Stalker Nexus Assimilator Probe,46.75,124069
308,1018901,0,38494,15.9657,38494,Gateway RoboticsFacility Probe Adept Pylon Stargate Stalker Probe Zealot Immortal Stalker VoidRay Adept Adept Adept Pylon VoidRay Pylon Immortal Stalker Adept VoidRay Pylon Adept Zealot Zealot Assimilator Stalker VoidRay Assimilator Adept Pylon Adept Probe Zealot Adept Nexus Probe RoboticsBay Gateway,44.5,127935
353,1132753,0,44562,18.2744,44562,Gateway RoboticsFacility Probe Adept Pylon Stargate Stalker Probe Zealot Immortal Stalker VoidRay Adept Adept Adept Pylon VoidRay Pylon Immortal Stalker Adept VoidRay Probe Immortal Pylon Stalker Stalker Immortal Adept Assimilator Stargate RoboticsBay FleetBeacon Assimilator Nexus Gateway Pylon Pylon,44.25,128798
353,1134813,0,44680,18.3192,44680,Gateway RoboticsFacility Probe Adept Pylon Stargate Stalker Probe Zealot Immortal Stalker VoidRay Adept Adept Adept Pylon VoidRay Pylon Immortal Stalker Adept VoidRay Stalker Pylon Pylon Immortal Assimilator Gateway Stalker Adept VoidRay Probe RoboticsBay Zealot VoidRay Pylon RoboticsFacility Gateway Zealot Probe,45.5,129176
353,1158418,0,46055,18.7964,46055,Gateway RoboticsFacility Probe Adept Pylon Stargate Stalker Probe Zealot Immortal Stalker VoidRay Adept Adept Adept Pylon VoidRay Pylon Immortal Stalker Adept VoidRay Stalker Zealot Pylon Immortal Zealot Adept TwilightCouncil Pylon Adept Adept RoboticsFacility Assimilator RoboticsFacility Assimilator Pylon Adept DarkShrine Stalker RoboticsBay Zealot,44.5,129397
368,1171125,0,46829,19.0365,46829,Gateway RoboticsFacility Probe Adept Pylon Stargate Stalker Probe Zealot Immortal Stalker VoidRay Adept Adept Adept Pylon VoidRay Pylon Immortal Stalker Adept VoidRay Stalker Pylon Pylon Probe Adept Immortal VoidRay Stalker Adept Nexus Nexus FleetBeacon VoidRay Pylon,45.75,129449
368,1190608,0,48014,19.3719,48014,Gateway RoboticsFacility Probe Adept Pylon Stargate Stalker Probe Zealot Immortal Stalker VoidRay Adept Adept Adept Pylon VoidRay Pylon Immortal Stalker Adept VoidRay Stalker Pylon Immortal Probe Stalker Stalker Stalker Gateway Gateway Stalker Assimilator Stargate Gateway RoboticsBay RoboticsFacility TwilightCouncil Pylon Gateway Assimilator Pylon,44.5,129494
383,1198170,0,48489,19.5599,48489,Gateway RoboticsFacility Probe Adept Pylon Stargate Stalker Probe Zealot Immortal Stalker VoidRay Adept Adept Adept Pylon VoidRay Pylon Immortal Stalker Adept VoidRay Stalker Pylon Immortal Adept Stalker Pylon VoidRay Gateway Zealot FleetBeacon Assimilator RoboticsFacility Nexus Assimilator Zealot Adept Probe,45.5,129508
383,1217569,0,49702,19.9329,49702,Gateway RoboticsFacility Probe Adept Pylon Stargate Stalker Probe Zealot Immortal Stalker VoidRay Adept Adept Adept Pylon VoidRay Pylon Immortal Stalker Adept VoidRay Stalker Pylon Zealot Assimilator Immortal VoidRay Assimilator Pylon Adept Zealot Zealot Probe TwilightCouncil Immortal FleetBeacon,45.75,130370
397,1227602,0,50343,20.1271,50343,Gateway RoboticsFacility Probe Adept Pylon Stargate Stalker Probe Zealot Immortal Stalker VoidRay Adept Adept Adept Pylon VoidRay Pylon Immortal Stalker Adept VoidRay Stalker Pylon Zealot Immortal Stalker Probe Stalker Pylon Zealot Stalker Stargate RoboticsFacility Stalker Stargate Nexus Nexus Assimilator,44.75,130788
398,1238109,0,51033,20.3228,51033,Gateway RoboticsFacility Probe Adept Pylon Stargate Stalker Probe Zealot Immortal Stalker VoidRay Adept Adept Adept Pylon VoidRay Pylon Immortal Stalker Adept VoidRay Stalker Pylon Zealot Immortal Stalker Pylon Immortal Assimilator Adept Stalker Zealot Pylon VoidRay Immortal Zealot TwilightCouncil Assimilator Probe,48,130916
398,1238513,0,51058,20.3259,51058,Gateway RoboticsFacility Probe Adept Pylon Stargate Stalker Probe Zealot Immortal Stalker VoidRay Adept Adept Adept Pylon VoidRay Pylon Immortal Stalker Adept VoidRay Stalker Pylon Zealot Probe Zealot Pylon Immortal Stalker VoidRay Zealot Pylon Adept Assimilator TwilightCouncil Immortal TemplarArchive Probe Probe Gateway Adept Assimilator,47.5,131364
398,1246425,0,51571,20.4635,51571,Gateway RoboticsFacility Probe Adept Pylon Stargate Stalker Probe Zealot Immortal Stalker VoidRay Adept Adept Adept Pylon VoidRay Pylon Immortal Stalker Adept VoidRay Stalker Pylon Zealot Pylon Immortal Assimilator Zealot VoidRay Assimilator Stalker Stalker Stargate Stargate RoboticsBay TwilightCouncil RoboticsFacility,47,131616
398,1246635,0,51584,20.4651,51584,Gateway RoboticsFacility Probe Adept Pylon Stargate Stalker Probe Zealot Immortal Stalker VoidRay Adept Adept Adept Pylon VoidRay Pylon Immortal Stalker Adept VoidRay Stalker Pylon Zealot Pylon Immortal Adept Zealot VoidRay Zealot Stalker RoboticsBay Pylon Nexus FleetBeacon Gateway Assimilator Probe,47.5,132244
443,1316674,0,56541,21.8977,56541,Gateway RoboticsFacility Probe Adept Pylon Stargate Stalker Probe Zealot Immortal Stalker VoidRay Adept Adept Adept Pylon VoidRay Pylon Immortal Stalker Adept VoidRay Stalker Pylon Zealot Pylon Immortal Adept Stalker Gateway VoidRay Zealot Stalker Gateway Assimilator TwilightCouncil Zealot Probe Assimilator Stargate Gateway Pylon,49.25,132339
443,1323383,0,57062,22.0119,57062,Gateway RoboticsFacility Probe Adept Pylon Stargate Stalker Probe Zealot Immortal Stalker VoidRay Adept Adept Adept Pylon VoidRay Pylon Immortal Stalker Adept VoidRay Stalker Pylon Zealot Pylon Immortal Adept Stalker Pylon Stalker Immortal Adept Pylon Assimilator FleetBeacon RoboticsFacility RoboticsBay Probe Probe Pylon,48.25,132348
443,1336488,0,58086,22.2492,58086,Gateway RoboticsFacility Probe Adept Pylon Stargate Stalker Probe Zealot Immortal Stalker VoidRay Adept Adept Adept Pylon VoidRay Pylon Immortal Stalker Adept VoidRay Stalker Pylon Zealot Pylon Immortal Adept Stalker Stalker Immortal Adept Adept RoboticsBay Gateway Probe Nexus TwilightCouncil Gateway,49.5,132390
458,1347586,0,59003,22.4437,59003,Gateway RoboticsFacility Probe Adept Pylon Stargate Stalker Probe Zealot Immortal Stalker VoidRay Adept Adept Adept Pylon VoidRay Pylon Immortal Stalker Adept VoidRay Stalker Pylon Zealot Pylon Immortal Adept Stalker VoidRay Zealot Stalker Nexus Stalker RoboticsFacility Probe RoboticsBay Assimilator Pylon Pylon Assimilator,50,132404
458,1352481,0,59405,22.5439,59405,Gateway RoboticsFacility Probe Adept Pylon Stargate Stalker Probe Zealot Immortal Stalker VoidRay Adept Adept Adept Pylon VoidRay Pylon Immortal Stalker Adept VoidRay Stalker Pylon Zealot Pylon Immortal Adept Stalker Probe Stalker Immortal Probe Stalker Gateway Stargate Gateway Stargate Gateway Assimilator Probe Gateway Assimilator,48.75,132590
458,1354925,0,59605,22.5887,59605,Gateway RoboticsFacility Probe Adept Pylon Stargate Stalker Probe Zealot Immortal Stalker VoidRay Adept Adept Adept Pylon VoidRay Pylon Immortal Stalker Adept VoidRay Stalker Pylon Zealot Pylon Immortal Adept Stalker Stalker Immortal Gateway Stalker Pylon Zealot Gateway Immortal RoboticsBay Gateway Assimilator,49.75,132608
458,1361752,0,60178,22.7043,60178,Gateway RoboticsFacility Probe Adept Pylon Stargate Stalker Probe Zealot Immortal Stalker VoidRay Adept Adept Adept Pylon VoidRay Pylon Immortal Stalker Adept VoidRay Stalker Pylon Zealot Pylon Immortal Adept Stalker Stalker Immortal Stalker RoboticsFacility Pylon Adept Stalker Stargate Nexus Assimilator Probe,50,132632
473,1364734,0,60437,22.7974,60437,Gateway RoboticsFacility Probe Adept Pylon Stargate Stalker Probe Zealot Immortal Stalker VoidRay Adept Adept Adept Pylon VoidRay Pylon Immortal Stalker Adept VoidRay Stalker Pylon Zealot Pylon Immortal Adept Stalker Stalker Immortal Stalker Assimilator Adept Probe FleetBeacon RoboticsFacility RoboticsFacility Gateway Assimilator,50,132632
473,1368330,0,60750,22.8671,60750,Gateway RoboticsFacility Probe Adept Pylon Stargate Stalker Probe Zealot Immortal Stalker VoidRay Adept Adept Adept Pylon VoidRay Pylon Immortal Stalker Adept VoidRay Stalker Pylon Zealot Pylon Immortal Adept Stalker Stalker Immortal Stalker Pylon Stalker RoboticsBay Probe Pylon TwilightCouncil Zealot Adept Assimilator Assimilator Probe Pylon,50.5,132648
473,1378818,0,61659,23.0576,61659,Gateway RoboticsFacility Probe Adept Pylon Stargate Stalker Probe Zealot Immortal Stalker VoidRay Adept Adept Adept Pylon VoidRay Pylon Immortal Stalker Adept VoidRay Stalker Pylon Zealot Pylon Immortal Adept Stalker Stalker Immortal Pylon Stalker Zealot FleetBeacon Nexus Zealot Zealot Probe,49.75,132687
473,1382879,0,62017,23.1468,62017,Gateway RoboticsFacility Probe Adept Pylon Stargate Stalker Probe Zealot Immortal Stalker VoidRay Adept Adept Adept Pylon VoidRay Pylon Immortal Stalker Adept VoidRay Stalker Pylon Zealot Pylon Immortal Adept Stalker Stalker Immortal Stalker Pylon TwilightCouncil Zealot Immortal Probe Zealot Zealot Assimilator Pylon Assimilator,49.75,132687
473,1384175,0,62152,23.1805,62152,Gateway RoboticsFacility Probe Adept Pylon Stargate Stalker Probe Zealot Immortal Stalker VoidRay Adept Adept Adept Pylon VoidRay Pylon Immortal Stalker Adept VoidRay Stalker Pylon Zealot Pylon Immortal Adept Stalker Stalker Immortal Stalker Stargate Probe Gateway Pylon Zealot Probe Adept Probe Zealot Stargate Pylon Probe,49.75,132687
488,1388681,0,62609,23.2745,62609,Gateway RoboticsFacility Probe Adept Pylon Stargate Stalker Probe Zealot Immortal Stalker VoidRay Adept Adept Adept Pylon VoidRay Pylon Immortal Stalker Adept VoidRay Stalker Pylon Zealot Pylon Immortal Adept Stalker Stalker Immortal Stalker Probe Zealot Pylon Adept Probe Probe Stalker RoboticsFacility Assimilator Nexus,49.75,132687
501,1412061,0,65068,23.7693,65068,Gateway RoboticsFacility Probe Adept Pylon Stargate Stalker Probe Zealot Immortal Stalker VoidRay Adept Adept Adept Pylon VoidRay Pylon Immortal Stalker Adept VoidRay Stalker Pylon Zealot Pylon Immortal Adept Stalker Stalker Immortal Stalker Probe Probe Pylon Pylon Zealot RoboticsBay Gateway Probe Stalker Probe Adept RoboticsFacility Probe,49.75,132687
524,1444159,0,68686,24.4005,68686,Gateway RoboticsFacility Probe Adept Pylon Stargate Stalker Probe Zealot Immortal Stalker VoidRay Adept Adept Adept Pylon VoidRay Pylon Immortal Stalker Adept VoidRay Stalker Pylon Zealot Pylon Immortal Adept Stalker Stalker Immortal Stalker Probe Probe Pylon Probe Zealot Nexus Probe RoboticsBay VoidRay Assimilator,49.75,132687
524,1457193,0,70176,24.6684,70176,Gateway RoboticsFacility Probe Adept Pylon Stargate Stalker Probe Zealot Immortal Stalker VoidRay Adept Adept Adept Pylon VoidRay Pylon Immortal Stalker Adept VoidRay Stalker Pylon Zealot Pylon Immortal Adept Stalker Stalker Immortal Stalker Probe Probe Pylon Probe Probe Zealot RoboticsBay Pylon Adept Immortal Pylon Gateway,49.75,132687
539,1459844,0,70485,24.732,70485,Gateway RoboticsFacility Probe Adept Pylon Stargate Stalker Probe Zealot Immortal Stalker VoidRay Adept Adept Adept Pylon VoidRay Pylon Immortal Stalker Adept VoidRay Stalker Pylon Zealot Pylon Immortal Adept Stalker Stalker Immortal Stalker Probe Probe Pylon VoidRay Probe Zealot Probe Probe RoboticsBay Pylon Pylon Pylon Pylon,49.75,132687
539,1469534,0,71616,24.8895,71616,Gateway RoboticsFacility Probe Adept Pylon Stargate Stalker Probe Zealot Immortal Stalker VoidRay Adept Adept Adept Pylon VoidRay Pylon Immortal Stalker Adept VoidRay Stalker Pylon Zealot Pylon Immortal Adept Stalker Stalker Immortal Stalker Probe Probe Pylon Probe Probe Zealot Pylon Probe RoboticsBay Probe Stalker Stalker Probe Gateway Assimilator Probe,49.75,132687
554,1475569,0,72335,25.058,72335,Gateway RoboticsFacility Probe Adept Pylon Stargate Stalker Probe Zealot Immortal Stalker VoidRay Adept Adept Adept Pylon VoidRay Pylon Immortal Stalker Adept VoidRay Stalker Pylon Zealot Pylon Immortal Adept Stalker Stalker Immortal Stalker Probe Probe Pylon Probe Probe Probe Zealot Probe Adept FleetBeacon Probe Pylon Assimilator Pylon Pylon,49.75,132687
584,1510427,0,76553,25.9092,76553,Gateway RoboticsFacility Probe Adept Pylon Stargate Stalker Probe Zealot Immortal Stalker VoidRay Adept Adept Adept Pylon VoidRay Pylon Immortal Stalker Adept VoidRay Stalker Pylon Zealot Pylon Immortal Adept Stalker Stalker Immortal Stalker Probe Probe Pylon Probe Probe Probe Zealot Stalker Probe Assimilator RoboticsBay Pylon Probe RoboticsFacility Assimilator Pylon,49.75,132687
584,1511894,0,76736,25.9575,76736,Gateway RoboticsFacility Probe Adept Pylon Stargate Stalker Probe Zealot Immortal Stalker VoidRay Adept Adept Adept Pylon VoidRay Pylon Immortal Stalker Adept VoidRay Stalker Pylon Zealot Pylon Immortal Adept Stalker Stalker Immortal Stalker Probe Probe Pylon Probe Probe Probe RoboticsBay Zealot Probe Probe Pylon Gateway TwilightCouncil Stalker Adept,49.75,132687
584,1514015,0,77003,26.0179,77003,Gateway RoboticsFacility Probe Adept Pylon Stargate Stalker Probe Zealot Immortal Stalker VoidRay Adept Adept Adept Pylon VoidRay Pylon Immortal Stalker Adept VoidRay Stalker Pylon Zealot Pylon Immortal Adept Stalker Stalker Immortal Stalker Probe Probe Pylon Probe Probe Probe Zealot Adept RoboticsFacility Probe Pylon Probe Immortal Gateway,49.75,132687
612,1539591,0,80492,26.5418,80492,Gateway RoboticsFacility Probe Adept Pylon Stargate Stalker Probe Zealot Immortal Stalker VoidRay Adept Adept Adept Pylon VoidRay Pylon Immortal Stalker Adept VoidRay Stalker Pylon Zealot Pylon Immortal Adept Stalker Stalker Immortal Stalker Probe Probe Pylon Probe Probe Probe Zealot Adept Assimilator Assimilator Probe Pylon Probe Zealot Immortal,49.75,132687
612,1539920,0,80541,26.5442,80541,Gateway RoboticsFacility Probe Adept Pylon Stargate Stalker Probe Zealot Immortal Stalker VoidRay Adept Adept Adept Pylon VoidRay Pylon Immortal Stalker Adept VoidRay Stalker Pylon Zealot Pylon Immortal Adept Stalker Stalker Immortal Stalker Probe Probe Pylon Probe Probe Probe Zealot Adept Probe Probe Assimilator Pylon Zealot RoboticsFacility VoidRay,49.75,132687
612,1544291,0,81204,26.5762,81204,Gateway RoboticsFacility Probe Adept Pylon Stargate Stalker Probe Zealot Immortal Stalker VoidRay Adept Adept Adept Pylon VoidRay Pylon Immortal Stalker Adept VoidRay Stalker Pylon Zealot Pylon Immortal Adept Stalker Stalker Immortal Stalker Probe Probe Pylon Probe Probe Probe Zealot Adept Probe Pylon Probe Stalker TwilightCouncil Immortal,49.75,132687
622,1556047,0,83069,26.688,83069,Gateway RoboticsFacility Probe Adept Pylon Stargate Stalker Probe Zealot Immortal Stalker VoidRay Adept Adept Adept Pylon VoidRay Pylon Immortal Stalker Adept VoidRay Stalker Pylon Zealot Pylon Immortal Adept Stalker Stalker Immortal Stalker Probe Probe Pylon Probe Probe Probe Zealot Adept Probe Pylon Probe Stalker VoidRay RoboticsFacility Probe,49.75,132687
637,1566914,0,84912,26.9082,84912,Gateway RoboticsFacility Probe Adept Pylon Stargate Stalker Probe Zealot Immortal Stalker VoidRay Adept Adept Adept Pylon VoidRay Pylon Immortal Stalker Adept VoidRay Stalker Pylon Zealot Pylon Immortal Adept Stalker Stalker Immortal Stalker Probe Probe Pylon Probe Probe Probe Zealot Adept Probe Pylon Probe Immortal VoidRay,49.75,132687
