0,0,0,0,0,0, ,0,0
0,32,0,1,0.00026,1,Gateway Pylon Adept TwilightCouncil Probe DarkShrine Assimilator Stargate Pylon Pylon Stalker Adept DarkTemplar Assimilator RoboticsFacility RoboticsFacility Zealot Stalker DarkTemplar TemplarArchive Pylon Pylon Nexus Probe Zealot RoboticsFacility DarkTemplar Nexus Pylon Nexus RoboticsBay,15.5,46901.8
0,88,0,3,0.000662,3,Stargate Stargate Assimilator FleetBeacon Mothership Nexus Assimilator Zealot Zealot Adept Pylon Tempest Gateway Tempest Stalker Stalker Adept Carrier Adept Zealot Probe Nexus,26.75,51383.2
0,310,0,10,0.00216,10,Probe RoboticsFacility RoboticsBay Gateway Zealot Gateway Probe Assimilator Stargate Adept Stargate Adept Zealot Colossus Stalker Immortal TwilightCouncil DarkShrine Stargate Probe FleetBeacon RoboticsFacility Pylon Carrier Pylon TemplarArchive Assimilator Probe Nexus VoidRay DarkTemplar Adept Pylon Pylon Probe,21,53059.5
0,430,0,14,0.003022,14,Adept Stargate Zealot Gateway TwilightCouncil Stalker RoboticsFacility Stargate Immortal Zealot Stalker Assimilator DarkShrine Adept Stargate RoboticsFacility Assimilator Probe Probe Stalker Stargate TemplarArchive Zealot RoboticsFacility Nexus Stalker DarkTemplar Nexus Nexus Probe Probe,14.5,54871.2
0,498,0,16,0.003519,16,Zealot RoboticsFacility Assimilator Stalker Probe Immortal RoboticsFacility Immortal Gateway Adept Adept Assimilator Probe Stargate Immortal Nexus RoboticsBay VoidRay Zealot VoidRay Adept Stargate Adept RoboticsFacility Adept TwilightCouncil FleetBeacon,24,73071.5
0,1244,0,40,0.017908,40,Adept RoboticsFacility Stalker Probe Zealot Immortal Adept Zealot Nexus Probe Pylon Gateway Stargate TwilightCouncil Immortal RoboticsBay RoboticsFacility Probe Colossus Probe Immortal Stalker Probe TemplarArchive Stargate DarkShrine Stalker RoboticsFacility Nexus Gateway Pylon Gateway Pylon Probe Assimilator Assimilator Gateway Gateway Pylon Pylon Zealot Probe Pylon,24.25,76592.2
0,3627,0,117,0.054889,117,Adept Stargate RoboticsFacility Stargate Stalker Assimilator Immortal Zealot FleetBeacon VoidRay VoidRay Immortal TwilightCouncil Pylon Tempest Stalker Gateway Nexus VoidRay Gateway Immortal Nexus Zealot,25.5,81608
0,4484,0,145,0.069844,145,Adept RoboticsFacility Probe Zealot Immortal Zealot Immortal RoboticsFacility Immortal Gateway Stalker Pylon Immortal Stalker Stalker TwilightCouncil Stargate Stalker RoboticsFacility Stargate Nexus Assimilator Gateway RoboticsFacility RoboticsBay Nexus TemplarArchive FleetBeacon Immortal Pylon,25.25,88472
11,34620,0,1119,0.630313,1119,Stalker Stargate Probe Pylon Stalker Pylon VoidRay Stalker RoboticsFacility VoidRay Stalker Nexus Nexus RoboticsFacility Assimilator Stalker VoidRay Stalker Stargate RoboticsBay Gateway VoidRay TwilightCouncil VoidRay VoidRay Adept Adept Zealot Immortal Probe,37,91239.5
11,51971,0,1675,0.971517,1675,Adept RoboticsFacility Stalker Nexus RoboticsBay Immortal Stalker RoboticsFacility Immortal Zealot Colossus Assimilator Stargate Immortal Stalker Pylon Zealot TwilightCouncil Adept TemplarArchive Probe Immortal RoboticsFacility Nexus Nexus DarkShrine,29.75,91870.8
30,113085,0,3673,1.87405,3673,Adept RoboticsFacility Stalker Immortal Zealot Pylon RoboticsFacility Zealot Immortal TwilightCouncil Immortal Zealot Stalker Gateway Immortal Pylon Zealot Stalker Stargate Adept DarkShrine Assimilator Pylon Pylon RoboticsBay Colossus VoidRay Nexus Stalker Adept RoboticsFacility Probe,30.75,98153
62,235534,0,7884,3.6091,7884,Adept RoboticsFacility Stalker Gateway RoboticsFacility Immortal Probe Adept Probe Adept Probe Adept Immortal Zealot RoboticsBay Pylon Immortal Zealot Stargate Assimilator Assimilator Stalker Pylon Adept Colossus Pylon Nexus VoidRay Immortal RoboticsFacility FleetBeacon Adept Adept Probe,35.75,103612
104,371518,0,12897,6.0495,12897,Adept RoboticsFacility Stalker Gateway RoboticsFacility Immortal Nexus Adept Immortal Zealot Probe Probe RoboticsBay Stalker Stalker Zealot Immortal Zealot Colossus Stalker Pylon Pylon Gateway Immortal TwilightCouncil Immortal DarkShrine Stalker Nexus Gateway Zealot Probe Gateway Probe RoboticsFacility,38,105974
165,544607,0,20299,8.9539,20299,Adept RoboticsFacility Stalker Gateway RoboticsFacility Immortal Nexus Adept Immortal Zealot Immortal Pylon Immortal Stalker Immortal Stalker Adept TwilightCouncil Assimilator Immortal Stalker Stargate Adept Stargate Immortal TemplarArchive Pylon Gateway RoboticsBay,39.25,110398
191,643182,0,25149,10.556,25149,Adept RoboticsFacility Stalker Gateway RoboticsFacility Immortal Nexus Adept Immortal Zealot Immortal Pylon Immortal Stalker Immortal Stalker Stalker Stargate Assimilator Adept Immortal RoboticsFacility Adept Stalker Stalker Nexus Gateway Assimilator Pylon,39,112157
204,686280,0,27467,11.2505,27467,Adept RoboticsFacility Stalker Gateway RoboticsFacility Immortal Nexus Adept Immortal Zealot Immortal Pylon Immortal Stalker Immortal Immortal Stalker Pylon Pylon Zealot Stargate Adept Zealot Immortal Zealot Gateway FleetBeacon Pylon Stalker Zealot Stalker,39.25,112292
204,695115,0,27961,11.3907,27961,Adept RoboticsFacility Stalker Gateway RoboticsFacility Immortal Nexus Adept Immortal Zealot Immortal Pylon Immortal Adept Immortal Stalker Stargate Stalker Adept Stalker Immortal Stalker Assimilator Adept Pylon RoboticsBay Probe VoidRay Probe Zealot RoboticsFacility Pylon Pylon,38.5,112552
217,705419,0,28546,11.5609,28546,Adept RoboticsFacility Stalker Gateway RoboticsFacility Immortal Nexus Adept Immortal Zealot Immortal Pylon Immortal Adept Immortal Stalker Immortal Assimilator Stalker Immortal Probe Stalker Assimilator Gateway TwilightCouncil DarkShrine Stargate Stargate RoboticsBay,38,113694
217,732181,0,30080,12.0466,30080,Adept RoboticsFacility Stalker Gateway RoboticsFacility Immortal Nexus Adept Immortal Zealot Immortal Pylon Immortal Adept Immortal Zealot Stalker Immortal Pylon Probe Stalker Immortal Stalker Nexus Assimilator Zealot Zealot Pylon TwilightCouncil Stalker Pylon Probe,41,114554
219,732766,0,30116,12.0601,30116,Adept RoboticsFacility Stalker Gateway RoboticsFacility Immortal Nexus Adept Immortal Zealot Immortal Pylon Immortal Adept Immortal Stalker Stalker Immortal Immortal RoboticsFacility Adept Stargate Zealot RoboticsBay FleetBeacon Stargate Assimilator Assimilator Gateway Assimilator Pylon,38.5,114705
230,749752,0,31170,12.4715,31170,Adept RoboticsFacility Stalker Gateway RoboticsFacility Immortal Nexus Adept Immortal Zealot Immortal Pylon Immortal Adept Immortal Stalker Immortal Immortal Adept Immortal RoboticsBay Stargate Gateway RoboticsFacility Assimilator RoboticsFacility Nexus,39.5,115124
230,763381,0,32021,12.7284,32021,Adept RoboticsFacility Stalker Gateway RoboticsFacility Immortal Nexus Adept Immortal Zealot Immortal Pylon Immortal Adept Immortal Stalker Immortal Immortal Pylon Immortal Adept Immortal Adept Assimilator Stalker RoboticsFacility Stargate RoboticsBay Pylon,46.25,116947
269,825890,0,36384,13.6176,36384,Adept RoboticsFacility Stalker Gateway RoboticsFacility Immortal Nexus Adept Immortal Zealot Immortal Pylon Immortal Adept Immortal Stalker Immortal Immortal Stalker Stalker Pylon Probe Immortal Adept Stalker Nexus RoboticsBay Assimilator Probe Pylon Assimilator,44.75,118066
294,889612,0,42007,14.0702,42007,Adept RoboticsFacility Stalker Gateway RoboticsFacility Immortal Nexus Adept Immortal Zealot Immortal Pylon Immortal Adept Immortal Stalker Immortal Immortal Stalker Stalker Pylon Immortal Adept Stalker Stalker Stargate Assimilator Gateway Stargate RoboticsFacility,44.75,118333
294,891415,0,42182,14.0844,42182,Adept RoboticsFacility Stalker Gateway RoboticsFacility Immortal Nexus Adept Immortal Zealot Immortal Pylon Immortal Adept Immortal Stalker Immortal Immortal Stalker Stalker Pylon Immortal Stalker Probe Stalker Stargate Nexus TwilightCouncil Pylon,45.25,118418
307,892313,0,42270,14.0913,42270,Adept RoboticsFacility Stalker Gateway RoboticsFacility Immortal Nexus Adept Immortal Zealot Immortal Pylon Immortal Adept Immortal Stalker Immortal Immortal Stalker Stalker Pylon Immortal Stalker Stalker Nexus Nexus,45.25,118535
307,907918,0,43798,14.2029,43798,Adept RoboticsFacility Stalker Gateway RoboticsFacility Immortal Nexus Adept Immortal Zealot Immortal Pylon Immortal Adept Immortal Stalker Immortal Immortal Stalker Stalker Pylon Immortal Stalker Stalker Stalker TwilightCouncil RoboticsFacility RoboticsBay RoboticsFacility Assimilator,45.25,118535
307,911869,0,44216,14.2323,44216,Adept RoboticsFacility Stalker Gateway RoboticsFacility Immortal Nexus Adept Immortal Zealot Immortal Pylon Immortal Adept Immortal Stalker Immortal Immortal Stalker Stalker Pylon Immortal Stalker Stalker Stargate Probe Gateway Gateway Pylon Gateway Probe,45.25,118535
320,912411,0,44281,14.2362,44281,Adept RoboticsFacility Stalker Gateway RoboticsFacility Immortal Nexus Adept Immortal Zealot Immortal Pylon Immortal Adept Immortal Stalker Immortal Immortal Stalker Stalker Pylon Immortal Stalker Stalker Probe Nexus Gateway TwilightCouncil Assimilator,45.25,118535
320,917694,0,44898,14.273,44898,Adept RoboticsFacility Stalker Gateway RoboticsFacility Immortal Nexus Adept Immortal Zealot Immortal Pylon Immortal Adept Immortal Stalker Immortal Immortal Stalker Stalker Pylon Immortal Stalker Stalker Probe Probe Nexus RoboticsFacility Gateway Assimilator,45.25,118535
320,927869,0,46094,14.3449,46094,Adept RoboticsFacility Stalker Gateway RoboticsFacility Immortal Nexus Adept Immortal Zealot Immortal Pylon Immortal Adept Immortal Stalker Immortal Immortal Stalker Stalker Pylon Immortal Stalker Stalker RoboticsBay Probe RoboticsFacility Probe Pylon Zealot Stalker Assimilator Probe,45.25,118535
333,935989,0,47134,14.4042,47134,Adept RoboticsFacility Stalker Gateway RoboticsFacility Immortal Nexus Adept Immortal Zealot Immortal Pylon Immortal Adept Immortal Stalker Immortal Immortal Stalker Stalker Pylon Immortal Stalker Stalker RoboticsBay Probe TwilightCouncil Probe Pylon Immortal Assimilator,45.25,118535
333,936291,0,47173,14.4063,47173,Adept RoboticsFacility Stalker Gateway RoboticsFacility Immortal Nexus Adept Immortal Zealot Immortal Pylon Immortal Adept Immortal Stalker Immortal Immortal Stalker Stalker Pylon Immortal Stalker Stalker Probe Probe Pylon Stargate Gateway Probe Immortal Probe,45.25,118535
345,949548,0,48991,14.4996,48991,Adept RoboticsFacility Stalker Gateway RoboticsFacility Immortal Nexus Adept Immortal Zealot Immortal Pylon Immortal Adept Immortal Stalker Immortal Immortal Stalker Stalker Pylon Immortal Stalker Stalker Probe Pylon Immortal Probe Probe Stargate Zealot Pylon,45.25,118535
354,960774,0,50611,14.5785,50611,Adept RoboticsFacility Stalker Gateway RoboticsFacility Immortal Nexus Adept Immortal Zealot Immortal Pylon Immortal Adept Immortal Stalker Immortal Immortal Stalker Stalker Pylon Immortal Stalker Stalker Probe Assimilator Probe Pylon Immortal Probe Adept Pylon,45.25,118535
354,965405,0,51293,14.6084,51293,Adept RoboticsFacility Stalker Gateway RoboticsFacility Immortal Nexus Adept Immortal Zealot Immortal Pylon Immortal Adept Immortal Stalker Immortal Immortal Stalker Stalker Pylon Immortal Stalker Stalker Probe Pylon Probe Pylon Adept Probe Stalker Probe Pylon Gateway,45.25,118535
367,975660,0,52858,14.6793,52858,Adept RoboticsFacility Stalker Gateway RoboticsFacility Immortal Nexus Adept Immortal Zealot Immortal Pylon Immortal Adept Immortal Stalker Immortal Immortal Stalker Stalker Pylon Immortal Stalker Stalker Probe Pylon Probe Probe Probe Zealot Immortal TwilightCouncil Assimilator,45.25,118535
367,977213,0,53105,14.6899,53105,Adept RoboticsFacility Stalker Gateway RoboticsFacility Immortal Nexus Adept Immortal Zealot Immortal Pylon Immortal Adept Immortal Stalker Immortal Immortal Stalker Stalker Pylon Immortal Stalker Stalker Probe Pylon Probe Zealot Probe Probe Stalker Probe Assimilator RoboticsBay Pylon,45.25,118535
380,988247,0,54875,14.7675,54875,Adept RoboticsFacility Stalker Gateway RoboticsFacility Immortal Nexus Adept Immortal Zealot Immortal Pylon Immortal Adept Immortal Stalker Immortal Immortal Stalker Stalker Pylon Immortal Stalker Stalker Probe Pylon Probe Probe RoboticsBay Probe Probe Immortal Probe Assimilator,45.25,118535
380,995510,0,56059,14.8174,56059,Adept RoboticsFacility Stalker Gateway RoboticsFacility Immortal Nexus Adept Immortal Zealot Immortal Pylon Immortal Adept Immortal Stalker Immortal Immortal Stalker Stalker Pylon Immortal Stalker Stalker Probe Pylon Probe Probe Immortal Probe Probe Stargate Pylon,45.25,118535
438,1026232,5,62829,15.0141,62829,Adept RoboticsFacility Stalker Gateway RoboticsFacility Immortal Nexus Adept Immortal Zealot Immortal Pylon Immortal Adept Immortal Stalker Immortal Immortal Stalker Stalker Pylon Immortal Stalker Stalker Probe Pylon Probe Probe Immortal Probe Probe Gateway Pylon,45.25,118535
