{
    "Average": {
        "Eval": 121317.125,
        "FinishedEval": 121312.515625,
        "FinishedValue": 48.1111106872559,
        "LeafNodesExpanded": 0,
        "LeafNodesVisited": 72555,
        "NodeVisits": 1250000,
        "NodesExpanded": 552,
        "NumRuns": 18,
        "NumSimulations": 72554,
        "TimeElapsed": 18.8364116666667,
        "TimeElapsedCPU": 9.16701168283333,
        "UsefulEval": 108583.4296875,
        "UsefulValue": 40.9305572509766,
        "Value": 48.1666679382324
    },
    "Best": {
        "BestRunEval": 13,
        "BestRunEvalFinished": 13,
        "BestRunEvalUseful": 4,
        "Eval": 129355.5,
        "EvalBuildOrder": "Stalker RoboticsFacility Gateway Stalker Pylon Adept Immortal Probe Stalker Stalker Immortal Stalker Probe Adept Adept Pylon Immortal RoboticsFacility Pylon RoboticsFacility Adept Zealot Stalker Immortal Immortal Stalker Pylon Immortal Pylon Stalker Stalker Immortal Stalker Zealot Pylon Probe RoboticsBay Probe Probe Immortal",
        "FinishedBuildOrder": "Stalker RoboticsFacility Gateway Stalker Pylon Adept Immortal Probe Stalker Stalker Immortal Stalker Probe Adept Adept Pylon Immortal RoboticsFacility Pylon RoboticsFacility Adept Zealot Stalker Immortal Immortal Stalker Pylon Immortal Pylon Stalker Stalker Immortal Stalker Zealot Pylon Probe",
        "FinishedEval": 129355.5,
        "FinishedValue": 50.75,
        "LeafNodesExpanded": 4,
        "LeafNodesVisited": 84001,
        "NodeVisits": 1463736,
        "NodesExpanded": 650,
        "NumSimulations": 84000,
        "TimeElapsed": 21.602004,
        "TimeElapsedCPU": 11.120110141,
        "UsefulBuildOrder": "Pylon Adept Gateway Stargate Stalker Probe RoboticsFacility Adept VoidRay Adept Adept Immortal Pylon Pylon VoidRay Adept Probe Pylon Adept VoidRay Stalker Immortal Zealot Zealot Immortal Pylon Stalker Zealot VoidRay Stalker Stalker Immortal Pylon Zealot Probe Zealot Probe Pylon Probe Probe",
        "UsefulEval": 128215.5,
        "UsefulValue": 52.25,
        "Value": 50.75
    }
}
