0,0,0,0,0,0, ,0,0
0,33,0,1,0.000266,1,Zealot Stalker Pylon Probe RoboticsFacility Gateway Zealot TwilightCouncil Nexus Pylon Gateway Gateway TemplarArchive DarkShrine RoboticsBay Pylon Immortal Colossus Assimilator Immortal DarkTemplar Nexus Pylon Stalker Immortal Zealot Assimilator Adept Probe Adept Nexus Pylon,24,46170.5
0,119,0,4,0.00088,4,Pylon Stalker Nexus Zealot Adept Adept Stargate Assimilator Zealot Pylon Pylon RoboticsFacility Probe Stargate Immortal Zealot Immortal Pylon Stalker Immortal Stalker Stargate Immortal Zealot Nexus Stargate Stargate FleetBeacon Probe Assimilator Probe Probe,22,51344
0,196,0,7,0.005462,7,Stalker Pylon Zealot Stalker TwilightCouncil Pylon Assimilator Stalker Nexus Stargate Nexus RoboticsFacility VoidRay Gateway Probe FleetBeacon Zealot RoboticsFacility Stargate Immortal Immortal Carrier DarkShrine RoboticsFacility Pylon Tempest,18.75,51678.8
0,227,0,8,0.005691,8,Stargate Assimilator Assimilator Stalker Gateway TwilightCouncil VoidRay Probe TemplarArchive Probe Zealot Adept DarkShrine VoidRay Stalker Nexus Stalker Stargate Probe DarkTemplar Pylon Pylon Probe Nexus DarkTemplar DarkTemplar Gateway Stalker Probe Stargate,20.5,61273
0,401,0,14,0.00693,14,Stalker Gateway Stalker RoboticsFacility Adept Immortal RoboticsBay Colossus Assimilator Immortal Probe Adept Pylon RoboticsFacility Pylon Adept Probe RoboticsFacility Colossus Adept Gateway Stalker Nexus TwilightCouncil Zealot Immortal Gateway Stalker Assimilator Stalker RoboticsFacility Stalker Probe,28.75,74667
0,2648,0,87,0.043104,87,Pylon Stargate Gateway Assimilator Stalker VoidRay VoidRay Nexus Probe VoidRay Adept Zealot Nexus Zealot Zealot Gateway VoidRay Probe RoboticsFacility Zealot Zealot Adept Probe Stalker FleetBeacon VoidRay Mothership Stargate,27,78504.2
1,8703,0,279,0.1348,279,Stalker Probe Adept RoboticsFacility Stargate RoboticsBay VoidRay Assimilator Nexus Colossus VoidRay RoboticsFacility Probe Gateway VoidRay Colossus Gateway Immortal RoboticsFacility Nexus Assimilator RoboticsFacility Probe VoidRay Stalker Gateway RoboticsFacility Zealot Probe,28.75,79907
11,19617,0,633,0.300743,633,Gateway Stalker Probe RoboticsFacility Assimilator Pylon RoboticsBay TwilightCouncil RoboticsFacility Immortal Zealot Immortal Stalker Colossus Colossus Pylon Nexus Adept Probe Stalker Pylon DarkShrine TemplarArchive Adept Nexus Stargate Immortal Assimilator Gateway,26.25,80829.2
11,24326,0,784,0.376713,784,Probe Pylon Zealot RoboticsFacility Nexus Stalker Pylon Stalker RoboticsBay Immortal Nexus Gateway Stalker RoboticsFacility Immortal Adept Colossus Adept Pylon Stalker Gateway Assimilator Stalker Colossus Zealot Assimilator Probe Stalker Probe Nexus Immortal Probe,32.5,81032.2
11,37983,0,1217,0.582244,1217,Stalker Zealot Stargate Adept Stalker Pylon Assimilator Gateway Stargate Probe VoidRay VoidRay Adept Zealot VoidRay Adept Nexus Stargate Pylon Probe Stalker Zealot TwilightCouncil Nexus Gateway RoboticsFacility Assimilator Zealot Assimilator Zealot Gateway RoboticsBay Gateway,26,83588.5
11,41648,0,1333,0.638118,1333,Pylon Zealot Gateway RoboticsFacility Zealot Stargate VoidRay Gateway Stalker Stalker Immortal Adept VoidRay Zealot RoboticsFacility VoidRay Probe Stargate Adept Nexus VoidRay Nexus TwilightCouncil RoboticsBay VoidRay Assimilator Nexus DarkShrine Pylon Zealot Probe,28.75,90435.8
33,116644,0,3766,1.79062,3766,Pylon Adept Gateway Stargate Stalker Zealot Adept RoboticsFacility Zealot VoidRay Stalker Immortal Zealot Probe Pylon VoidRay Stargate Assimilator TwilightCouncil Zealot Immortal Zealot TemplarArchive Assimilator Immortal DarkShrine Pylon RoboticsBay FleetBeacon DarkTemplar Probe DarkTemplar Probe Probe,30.25,101218
96,333001,0,11223,4.49985,11223,Pylon Adept Gateway Stargate Stalker Probe Probe RoboticsFacility Adept VoidRay Adept VoidRay Adept Stalker Pylon Assimilator RoboticsBay Probe Zealot Probe Stalker Adept VoidRay Zealot Pylon Stargate Stalker Assimilator Immortal TwilightCouncil RoboticsFacility TemplarArchive Stalker Gateway Probe Gateway Gateway Probe Nexus Stargate,32.75,103695
99,340003,0,11462,4.60104,11462,Pylon Adept Gateway Stargate Stalker Probe RoboticsFacility Adept Stalker VoidRay Stalker Immortal Immortal VoidRay Stalker Nexus Pylon Assimilator Stalker Assimilator Gateway Zealot RoboticsBay Stargate Adept Pylon Pylon Adept Colossus Stargate Probe Zealot Adept,30.25,104427
157,499761,0,17260,7.01462,17260,Pylon Adept Gateway Stargate Stalker Probe RoboticsFacility Adept VoidRay Immortal Zealot Stalker VoidRay Nexus Stalker Stalker RoboticsFacility Assimilator RoboticsBay Probe Immortal Immortal VoidRay Gateway Assimilator Adept Stargate RoboticsFacility RoboticsFacility Pylon Gateway Stalker Zealot,35,107552
173,529994,0,18415,7.47851,18415,Pylon Adept Gateway Stargate Stalker Probe RoboticsFacility Adept VoidRay Adept VoidRay Pylon Immortal Probe Probe Stalker Pylon Stalker Assimilator Pylon VoidRay RoboticsFacility Zealot Adept VoidRay FleetBeacon RoboticsFacility Zealot Stalker Zealot Stalker Gateway Tempest TwilightCouncil Assimilator Pylon Gateway Gateway Probe,36.5,110746
186,574610,0,20169,8.15555,20169,Pylon Adept Gateway Stargate Stalker Probe RoboticsFacility Adept VoidRay Adept Adept Immortal Immortal Assimilator Gateway VoidRay Probe Stalker Pylon Adept Assimilator Immortal TwilightCouncil Pylon Immortal Stalker Zealot Pylon RoboticsFacility Adept Probe RoboticsBay Adept Stalker DarkShrine Probe,36.75,113273
217,675029,0,24252,9.69154,24252,Pylon Adept Gateway Stargate Stalker Probe RoboticsFacility Adept VoidRay Adept Adept Immortal Stalker Adept VoidRay Immortal Pylon Stalker Pylon Gateway Probe Nexus Gateway Adept Immortal Adept Stargate Zealot Nexus Nexus Pylon Pylon Gateway Probe Adept Assimilator,34.25,113400
218,676521,0,24317,9.71576,24317,Pylon Adept Gateway Stargate Stalker Probe RoboticsFacility Adept VoidRay Adept Adept Immortal Adept VoidRay Probe Probe Pylon Immortal Assimilator Pylon Immortal Zealot RoboticsFacility Stargate Immortal Immortal Stargate Stalker Assimilator RoboticsBay Gateway Stargate RoboticsFacility Pylon TwilightCouncil Adept Probe,37.5,113963
218,697744,0,25239,10.0296,25239,Pylon Adept Gateway Stargate Stalker Probe RoboticsFacility Adept VoidRay Adept Adept Immortal Pylon Pylon VoidRay Adept Immortal VoidRay Stalker Stalker TwilightCouncil Immortal Stalker Zealot Gateway Stalker FleetBeacon RoboticsBay Gateway RoboticsFacility Pylon Pylon Pylon Pylon Gateway Assimilator Pylon Pylon,39.25,120475
256,810912,0,30282,11.7526,30282,Pylon Adept Gateway Stargate Stalker Probe RoboticsFacility Adept VoidRay Adept Adept Immortal Pylon Pylon VoidRay Adept Probe Gateway Stalker VoidRay Immortal Stalker Probe Zealot Adept Pylon Immortal TwilightCouncil VoidRay TemplarArchive Gateway DarkShrine Nexus Zealot Nexus Zealot Assimilator,41,121435
278,872046,0,33221,12.7066,33221,Pylon Adept Gateway Stargate Stalker Probe RoboticsFacility Adept VoidRay Adept Adept Immortal Pylon Pylon VoidRay Adept Probe Pylon Adept VoidRay Pylon Stalker Immortal Zealot Stalker VoidRay Pylon Immortal Pylon Stargate Stargate Immortal Probe Stalker Adept Nexus Probe Gateway Probe,41,123062
338,1021783,0,40528,15.0435,40528,Pylon Adept Gateway Stargate Stalker Probe RoboticsFacility Adept VoidRay Adept Adept Immortal Pylon Pylon VoidRay Adept Probe Pylon Adept VoidRay Assimilator Stalker Zealot Pylon Stalker Immortal VoidRay Zealot Stalker Gateway Immortal TwilightCouncil RoboticsBay Immortal Stargate Gateway,43.75,123322
338,1032280,0,41081,15.202,41081,Pylon Adept Gateway Stargate Stalker Probe RoboticsFacility Adept VoidRay Adept Adept Immortal Pylon Pylon VoidRay Adept Probe Pylon Adept VoidRay Immortal Adept Adept Immortal Stalker Adept Nexus Stalker Probe Adept RoboticsBay FleetBeacon RoboticsFacility Gateway Stalker Probe Zealot Gateway Pylon Assimilator,41,123406
338,1035949,0,41275,15.2562,41275,Pylon Adept Gateway Stargate Stalker Probe RoboticsFacility Adept VoidRay Adept Adept Immortal Pylon Pylon VoidRay Adept Probe Pylon Adept VoidRay Stalker Stalker Assimilator Gateway Immortal Stalker Stalker Zealot Adept Immortal Adept Gateway FleetBeacon Stargate Nexus,43,124599
353,1057214,0,42412,15.5787,42412,Pylon Adept Gateway Stargate Stalker Probe RoboticsFacility Adept VoidRay Adept Adept Immortal Pylon Pylon VoidRay Adept Probe Pylon Adept VoidRay Stalker Immortal Stalker Stalker Zealot Immortal Nexus Adept VoidRay Stargate Assimilator FleetBeacon TwilightCouncil Adept Gateway Assimilator Pylon,44,124922
364,1091089,0,44285,16.1149,44285,Pylon Adept Gateway Stargate Stalker Probe RoboticsFacility Adept VoidRay Adept Adept Immortal Pylon Pylon VoidRay Adept Probe Pylon Adept VoidRay Stalker Immortal Zealot Zealot Pylon VoidRay Stalker VoidRay Immortal Stalker Immortal Nexus Stargate Assimilator Gateway Gateway,47.75,125123
374,1124721,0,46288,16.6393,46288,Pylon Adept Gateway Stargate Stalker Probe RoboticsFacility Adept VoidRay Adept Adept Immortal Pylon Pylon VoidRay Adept Probe Pylon Adept VoidRay Stalker Immortal Zealot Zealot Immortal Pylon Zealot VoidRay Stalker Zealot Immortal TwilightCouncil Adept Probe DarkShrine Pylon Gateway Nexus,49,127446
428,1236270,0,53781,18.2368,53781,Pylon Adept Gateway Stargate Stalker Probe RoboticsFacility Adept VoidRay Adept Adept Immortal Pylon Pylon VoidRay Adept Probe Pylon Adept VoidRay Stalker Immortal Zealot Zealot Immortal Pylon Stalker Zealot VoidRay Adept Immortal Stalker TwilightCouncil DarkShrine Assimilator Nexus Assimilator Pylon,49.75,127757
458,1276339,0,56916,18.7482,56916,Pylon Adept Gateway Stargate Stalker Probe RoboticsFacility Adept VoidRay Adept Adept Immortal Pylon Pylon VoidRay Adept Probe Pylon Adept VoidRay Stalker Immortal Zealot Zealot Immortal Pylon Stalker Zealot VoidRay Stalker Probe Zealot Immortal Stargate RoboticsFacility Assimilator Pylon Assimilator Gateway Gateway Pylon,49.5,127880
458,1291057,0,58131,18.9805,58131,Pylon Adept Gateway Stargate Stalker Probe RoboticsFacility Adept VoidRay Adept Adept Immortal Pylon Pylon VoidRay Adept Probe Pylon Adept VoidRay Stalker Immortal Zealot Zealot Immortal Pylon Stalker Zealot VoidRay Stalker Immortal Stalker RoboticsFacility RoboticsBay Probe Assimilator Gateway Pylon Pylon Gateway,50.25,127952
473,1295518,0,58535,19.0554,58535,Pylon Adept Gateway Stargate Stalker Probe RoboticsFacility Adept VoidRay Adept Adept Immortal Pylon Pylon VoidRay Adept Probe Pylon Adept VoidRay Stalker Immortal Zealot Zealot Immortal Pylon Stalker Zealot VoidRay Stalker Immortal Stalker Nexus Pylon FleetBeacon Zealot Probe,50.25,127952
473,1295800,0,58560,19.0575,58560,Pylon Adept Gateway Stargate Stalker Probe RoboticsFacility Adept VoidRay Adept Adept Immortal Pylon Pylon VoidRay Adept Probe Pylon Adept VoidRay Stalker Immortal Zealot Zealot Immortal Pylon Stalker Zealot VoidRay Assimilator Stalker Stalker Immortal Gateway FleetBeacon Assimilator Probe TwilightCouncil,50.25,128019
473,1298043,0,58763,19.0877,58763,Pylon Adept Gateway Stargate Stalker Probe RoboticsFacility Adept VoidRay Adept Adept Immortal Pylon Pylon VoidRay Adept Probe Pylon Adept VoidRay Stalker Immortal Zealot Zealot Immortal Pylon Stalker Zealot VoidRay Stalker Stalker Assimilator Immortal Nexus Assimilator Gateway Pylon Probe,50.25,128124
473,1313284,0,60163,19.3223,60163,Pylon Adept Gateway Stargate Stalker Probe RoboticsFacility Adept VoidRay Adept Adept Immortal Pylon Pylon VoidRay Adept Probe Pylon Adept VoidRay Stalker Immortal Zealot Zealot Immortal Pylon Stalker Zealot VoidRay Stalker Stalker Immortal Pylon Stalker Gateway Adept TwilightCouncil Pylon Probe Probe Assimilator,50.25,128132
488,1316308,0,60454,19.373,60454,Pylon Adept Gateway Stargate Stalker Probe RoboticsFacility Adept VoidRay Adept Adept Immortal Pylon Pylon VoidRay Adept Probe Pylon Adept VoidRay Stalker Immortal Zealot Zealot Immortal Pylon Stalker Zealot VoidRay Stalker Stalker Immortal Pylon Nexus Adept Assimilator Stalker RoboticsBay,50.25,128132
488,1317198,0,60539,19.3798,60539,Pylon Adept Gateway Stargate Stalker Probe RoboticsFacility Adept VoidRay Adept Adept Immortal Pylon Pylon VoidRay Adept Probe Pylon Adept VoidRay Stalker Immortal Zealot Zealot Immortal Pylon Stalker Zealot VoidRay Stalker Stalker Immortal Probe Stargate Nexus Pylon Assimilator Gateway Assimilator,50.25,128132
488,1332324,0,62018,19.6132,62018,Pylon Adept Gateway Stargate Stalker Probe RoboticsFacility Adept VoidRay Adept Adept Immortal Pylon Pylon VoidRay Adept Probe Pylon Adept VoidRay Stalker Immortal Zealot Zealot Immortal Pylon Stalker Zealot VoidRay Stalker Stalker Immortal Stargate Nexus Pylon Probe RoboticsFacility Assimilator,50.25,128132
488,1333745,0,62169,19.638,62169,Pylon Adept Gateway Stargate Stalker Probe RoboticsFacility Adept VoidRay Adept Adept Immortal Pylon Pylon VoidRay Adept Probe Pylon Adept VoidRay Stalker Immortal Zealot Zealot Immortal Pylon Stalker Zealot VoidRay Stalker Stalker Immortal Probe Gateway Pylon VoidRay Probe Gateway Zealot Gateway,50.25,128132
503,1347784,0,63662,19.8487,63662,Pylon Adept Gateway Stargate Stalker Probe RoboticsFacility Adept VoidRay Adept Adept Immortal Pylon Pylon VoidRay Adept Probe Pylon Adept VoidRay Stalker Immortal Zealot Zealot Immortal Pylon Stalker Zealot VoidRay Stalker Stalker Immortal Pylon TwilightCouncil Pylon Zealot Nexus Assimilator,51.25,128154
503,1350322,0,63929,19.8936,63929,Pylon Adept Gateway Stargate Stalker Probe RoboticsFacility Adept VoidRay Adept Adept Immortal Pylon Pylon VoidRay Adept Probe Pylon Adept VoidRay Stalker Immortal Zealot Zealot Immortal Pylon Stalker Zealot VoidRay Stalker Stalker Immortal Pylon Zealot Zealot RoboticsBay Zealot Nexus,52.25,128216
513,1361629,0,65385,20.0567,65385,Pylon Adept Gateway Stargate Stalker Probe RoboticsFacility Adept VoidRay Adept Adept Immortal Pylon Pylon VoidRay Adept Probe Pylon Adept VoidRay Stalker Immortal Zealot Zealot Immortal Pylon Stalker Zealot VoidRay Stalker Stalker Immortal Pylon Zealot Probe Probe Zealot Assimilator Gateway Adept TwilightCouncil Probe,52.25,128216
533,1378704,0,67664,20.3176,67664,Pylon Adept Gateway Stargate Stalker Probe RoboticsFacility Adept VoidRay Adept Adept Immortal Pylon Pylon VoidRay Adept Probe Pylon Adept VoidRay Stalker Immortal Zealot Zealot Immortal Pylon Stalker Zealot VoidRay Stalker Stalker Immortal Pylon Zealot Probe Zealot Probe Probe RoboticsBay Assimilator Probe RoboticsFacility Probe Assimilator,52.25,128216
563,1408304,0,72103,20.7693,72103,Pylon Adept Gateway Stargate Stalker Probe RoboticsFacility Adept VoidRay Adept Adept Immortal Pylon Pylon VoidRay Adept Probe Pylon Adept VoidRay Stalker Immortal Zealot Zealot Immortal Pylon Stalker Zealot VoidRay Stalker Stalker Immortal Pylon Zealot Probe Zealot Assimilator Probe Gateway Probe Probe Pylon RoboticsFacility,52.25,128216
578,1413229,0,72970,20.845,72970,Pylon Adept Gateway Stargate Stalker Probe RoboticsFacility Adept VoidRay Adept Adept Immortal Pylon Pylon VoidRay Adept Probe Pylon Adept VoidRay Stalker Immortal Zealot Zealot Immortal Pylon Stalker Zealot VoidRay Stalker Stalker Immortal Pylon Zealot Probe Zealot Probe Assimilator Probe Probe Pylon FleetBeacon,52.25,128216
591,1422942,0,74671,20.9805,74671,Pylon Adept Gateway Stargate Stalker Probe RoboticsFacility Adept VoidRay Adept Adept Immortal Pylon Pylon VoidRay Adept Probe Pylon Adept VoidRay Stalker Immortal Zealot Zealot Immortal Pylon Stalker Zealot VoidRay Stalker Stalker Immortal Pylon Zealot Probe Zealot Probe Pylon Probe Probe Adept Zealot RoboticsFacility Probe,52.25,128216
591,1427401,0,75451,21.0511,75451,Pylon Adept Gateway Stargate Stalker Probe RoboticsFacility Adept VoidRay Adept Adept Immortal Pylon Pylon VoidRay Adept Probe Pylon Adept VoidRay Stalker Immortal Zealot Zealot Immortal Pylon Stalker Zealot VoidRay Stalker Stalker Immortal Pylon Zealot Probe Zealot Probe Pylon Probe Probe Assimilator VoidRay Probe,52.25,128216
591,1430853,0,76063,21.089,76063,Pylon Adept Gateway Stargate Stalker Probe RoboticsFacility Adept VoidRay Adept Adept Immortal Pylon Pylon VoidRay Adept Probe Pylon Adept VoidRay Stalker Immortal Zealot Zealot Immortal Pylon Stalker Zealot VoidRay Stalker Stalker Immortal Pylon Zealot Probe Zealot Probe Pylon Probe Probe Adept Immortal,52.25,128216
621,1442734,0,78533,21.2872,78533,Pylon Adept Gateway Stargate Stalker Probe RoboticsFacility Adept VoidRay Adept Adept Immortal Pylon Pylon VoidRay Adept Probe Pylon Adept VoidRay Stalker Immortal Zealot Zealot Immortal Pylon Stalker Zealot VoidRay Stalker Stalker Immortal Pylon Zealot Probe Zealot Probe Pylon Probe Probe Stalker Immortal,52.25,128216
622,1449486,1,80045,21.3899,80045,Pylon Adept Gateway Stargate Stalker Probe RoboticsFacility Adept VoidRay Adept Adept Immortal Pylon Pylon VoidRay Adept Probe Pylon Adept VoidRay Stalker Immortal Zealot Zealot Immortal Pylon Stalker Zealot VoidRay Stalker Stalker Immortal Pylon Zealot Probe Zealot Probe Pylon Probe Probe Stalker VoidRay,52.25,128216
