0,0,0,0,0,0, ,0,0
0,33,0,1,0.000288,1,Stargate Stalker FleetBeacon Tempest TwilightCouncil Tempest Probe Gateway Gateway Nexus Pylon VoidRay Pylon Gateway Adept Gateway DarkShrine Adept Stalker Adept Stargate Stargate TemplarArchive Stargate Pylon Pylon Nexus Gateway Probe Zealot Nexus Gateway,19.75,55675.2
0,223,0,7,0.001674,7,Probe TwilightCouncil Adept RoboticsFacility Adept Gateway Immortal Adept RoboticsFacility Stalker DarkShrine TemplarArchive Zealot RoboticsBay Colossus Pylon Gateway Stargate Zealot Pylon Stargate Pylon Stalker Probe Stalker Assimilator Probe Adept DarkTemplar RoboticsFacility Adept Pylon Pylon Probe Gateway Zealot Gateway Assimilator RoboticsFacility Gateway Nexus Probe Probe,21,57062.2
0,514,0,16,0.003759,16,RoboticsFacility Stalker Gateway Pylon Immortal RoboticsFacility RoboticsBay Gateway Colossus Colossus RoboticsFacility Adept Pylon Nexus Zealot Stargate Immortal Gateway Stargate Stalker Adept Gateway TwilightCouncil Assimilator Pylon Nexus Gateway Probe Probe Colossus Probe,24.5,72471.8
0,6093,0,195,0.113417,195,Zealot Stargate Gateway Adept VoidRay Stargate Adept Nexus Probe Gateway Probe RoboticsFacility Stalker VoidRay Probe RoboticsFacility Immortal Adept Zealot FleetBeacon Nexus Stalker Assimilator Carrier Assimilator TwilightCouncil Gateway Mothership Probe RoboticsBay Probe DarkShrine Pylon,27,77361.2
4,9747,0,314,0.158423,314,Gateway Zealot Stargate Zealot Probe Adept VoidRay Stalker Assimilator RoboticsFacility Gateway VoidRay Adept Assimilator Zealot Nexus Gateway Adept Adept VoidRay Stalker Stargate RoboticsBay Stalker FleetBeacon Stargate Stargate TwilightCouncil Probe,25.25,81445.8
11,17233,0,557,0.210449,557,Stargate Zealot Gateway Probe Stalker Pylon Assimilator VoidRay VoidRay Adept Pylon Gateway Stalker VoidRay FleetBeacon Tempest Mothership Probe Zealot TwilightCouncil Assimilator Adept TemplarArchive Stargate RoboticsFacility RoboticsFacility Pylon RoboticsFacility Zealot DarkShrine Pylon,32.25,85975
26,96520,0,3183,1.55663,3183,Stargate Gateway Probe RoboticsFacility TwilightCouncil Assimilator VoidRay Adept Immortal RoboticsFacility RoboticsBay Pylon Immortal Immortal VoidRay Pylon Colossus DarkShrine Adept TemplarArchive Probe Adept VoidRay Nexus Stargate Assimilator RoboticsFacility FleetBeacon,32,86492.8
26,99165,0,3272,1.59954,3272,Stargate RoboticsFacility Probe VoidRay Immortal Nexus RoboticsBay Immortal Zealot VoidRay VoidRay Adept Pylon Immortal VoidRay Assimilator Assimilator Pylon Adept Assimilator Gateway Gateway Stalker Stargate Pylon Immortal Pylon Nexus,36.25,89427.5
41,176492,0,5968,2.86759,5968,Stargate RoboticsFacility VoidRay Stalker Immortal Pylon Pylon VoidRay Immortal VoidRay Assimilator Adept Probe RoboticsBay Immortal Pylon Stargate Stargate VoidRay RoboticsFacility Nexus Assimilator Colossus Colossus TwilightCouncil Pylon Pylon,30.25,95204.5
71,242484,0,8396,3.96867,8396,Stargate RoboticsFacility VoidRay Stalker Pylon Assimilator Immortal Stalker Stalker VoidRay RoboticsBay Immortal Pylon Immortal Zealot Stargate Probe Immortal RoboticsFacility FleetBeacon Stalker Stargate Adept Gateway Pylon Colossus Assimilator Adept Probe Probe,32.25,98277.8
86,303029,0,10685,5.02817,10685,Stargate RoboticsFacility VoidRay Stalker Pylon Pylon Gateway Immortal VoidRay Stalker Nexus VoidRay Adept RoboticsFacility Stalker Gateway Stalker Probe Immortal Adept FleetBeacon Stalker Assimilator Immortal RoboticsBay Pylon VoidRay Stalker Stalker Zealot Probe Probe Probe,34.5,99244.8
102,349806,0,12492,5.86907,12492,Stargate RoboticsFacility VoidRay Stalker Pylon Pylon Gateway Immortal Adept Stalker Zealot Immortal Pylon VoidRay RoboticsFacility Zealot VoidRay Pylon Assimilator Immortal Nexus VoidRay FleetBeacon Carrier Zealot Stalker Assimilator Probe,34,104011
106,370501,0,13300,6.20837,13300,Stargate RoboticsFacility VoidRay Stalker Pylon Pylon Probe Gateway Zealot Immortal VoidRay Pylon Immortal Stalker Adept Immortal VoidRay Assimilator Stargate Zealot Assimilator VoidRay RoboticsBay FleetBeacon RoboticsFacility Gateway Colossus Gateway Stargate,34,105464
164,546447,0,20042,9.62122,20042,Stargate RoboticsFacility VoidRay Stalker Pylon Pylon Probe Gateway Zealot Immortal VoidRay Assimilator Stalker Immortal Zealot Gateway VoidRay RoboticsFacility Stalker Adept Immortal Stargate Pylon VoidRay RoboticsFacility FleetBeacon Gateway Gateway TwilightCouncil RoboticsFacility,35.75,107717
178,561647,0,20677,9.7371,20677,Stargate RoboticsFacility VoidRay Stalker Pylon Pylon Probe Gateway Zealot Immortal Probe VoidRay Adept Immortal Probe Probe Adept VoidRay Adept Pylon Adept Probe Gateway Gateway Nexus Adept TwilightCouncil Immortal VoidRay TemplarArchive FleetBeacon Nexus Adept Stalker Assimilator Pylon Pylon Zealot Assimilator Zealot Probe,36.25,108304
193,627671,0,23363,10.8905,23363,Stargate RoboticsFacility VoidRay Stalker Pylon Pylon Probe Gateway Zealot Immortal Probe VoidRay Adept Stalker Assimilator RoboticsFacility VoidRay Immortal Immortal Adept Probe Pylon Zealot Immortal Immortal FleetBeacon Nexus RoboticsBay TwilightCouncil Stargate Gateway Assimilator,38.75,112398
223,710300,0,26827,12.325,26827,Stargate RoboticsFacility VoidRay Stalker Pylon Pylon Probe Gateway Zealot Immortal Probe VoidRay Adept Immortal Pylon Zealot Pylon Adept Immortal Adept Assimilator Stalker VoidRay TwilightCouncil Immortal Gateway Zealot TemplarArchive Pylon Assimilator VoidRay Gateway DarkShrine RoboticsFacility Adept,41.25,113916
238,778997,0,29886,13.3071,29886,Stargate RoboticsFacility VoidRay Stalker Pylon Pylon Probe Gateway Zealot Immortal Probe VoidRay Adept Immortal Stalker Pylon Assimilator Probe Immortal Stalker VoidRay Adept Adept Gateway Stalker RoboticsFacility Immortal Stargate Gateway Gateway Stargate Nexus Assimilator RoboticsBay Pylon,38.75,115042
253,813355,0,31514,14.0271,31514,Stargate RoboticsFacility VoidRay Stalker Pylon Pylon Probe Gateway Zealot Immortal Probe VoidRay Adept Immortal Stalker Stalker Pylon VoidRay Assimilator Immortal Zealot VoidRay Probe Immortal Stargate FleetBeacon Stargate RoboticsFacility RoboticsBay RoboticsFacility Assimilator Pylon Pylon Pylon Gateway,39.5,116445
268,838236,0,32713,14.3251,32713,Stargate RoboticsFacility VoidRay Stalker Pylon Pylon Probe Gateway Zealot Immortal Probe VoidRay Adept Immortal Stalker Stalker Pylon Immortal Zealot Zealot Stalker Pylon Immortal Stargate Zealot VoidRay Probe Stalker Stargate Assimilator Nexus Adept Zealot Assimilator RoboticsBay Nexus,43.25,116848
283,876058,0,34561,14.9094,34561,Stargate RoboticsFacility VoidRay Stalker Pylon Pylon Probe Gateway Zealot Immortal Probe VoidRay Adept Immortal Stalker Stalker Pylon Zealot Stalker Immortal Pylon VoidRay Immortal Probe Nexus Pylon Immortal Nexus Stalker FleetBeacon Stalker Pylon Stargate Pylon,42.75,117753
283,883435,0,34931,15.0332,34931,Stargate RoboticsFacility VoidRay Stalker Pylon Pylon Probe Gateway Zealot Immortal Probe VoidRay Adept Immortal Stalker Stalker Pylon VoidRay Adept Immortal Zealot Pylon Zealot VoidRay TwilightCouncil Immortal Stalker RoboticsBay Nexus Stalker Gateway RoboticsFacility Assimilator Gateway Gateway Probe,43.5,119806
283,907520,0,36141,15.3244,36141,Stargate RoboticsFacility VoidRay Stalker Pylon Pylon Probe Gateway Zealot Immortal Probe VoidRay Adept Immortal Stalker Stalker Pylon VoidRay Pylon Adept Gateway Stalker Immortal Adept Stalker RoboticsFacility Stalker Immortal Gateway Zealot Stalker Gateway RoboticsBay Probe Gateway Assimilator Assimilator Gateway Pylon Pylon,45,121250
328,987684,0,40443,16.9967,40443,Stargate RoboticsFacility VoidRay Stalker Pylon Pylon Probe Gateway Zealot Immortal Probe VoidRay Adept Immortal Stalker Stalker Pylon VoidRay Pylon Adept Gateway Stalker Stalker Immortal Pylon Adept Adept VoidRay Zealot Immortal Assimilator Stargate Pylon FleetBeacon Zealot Stalker Gateway,46.75,122267
373,1115848,0,48141,19.2787,48141,Stargate RoboticsFacility VoidRay Stalker Pylon Pylon Probe Gateway Zealot Immortal Probe VoidRay Adept Immortal Stalker Stalker Pylon VoidRay Pylon Adept Gateway Stalker Stalker Immortal Stalker Stalker Pylon Zealot VoidRay Zealot Assimilator Stalker Gateway RoboticsBay Adept Stalker Stalker Stargate Pylon,48,123474
403,1148495,0,50473,19.5276,50473,Stargate RoboticsFacility VoidRay Stalker Pylon Pylon Probe Gateway Zealot Immortal Probe VoidRay Adept Immortal Stalker Stalker Pylon VoidRay Pylon Adept Gateway Stalker Stalker Immortal Stalker Stalker Stalker Immortal Stalker Pylon Nexus Zealot Immortal RoboticsFacility Probe Gateway Probe,47.25,123715
418,1190215,0,53646,19.8446,53646,Stargate RoboticsFacility VoidRay Stalker Pylon Pylon Probe Gateway Zealot Immortal Probe VoidRay Adept Immortal Stalker Stalker Pylon VoidRay Pylon Adept Gateway Stalker Stalker Immortal Stalker Stalker Adept Stalker Immortal Probe Pylon Pylon Probe Stalker Zealot TwilightCouncil Gateway FleetBeacon Gateway Pylon,48.5,123891
418,1196889,0,54179,19.8956,54179,Stargate RoboticsFacility VoidRay Stalker Pylon Pylon Probe Gateway Zealot Immortal Probe VoidRay Adept Immortal Stalker Stalker Pylon VoidRay Pylon Adept Gateway Stalker Stalker Immortal Stalker Stalker Adept Immortal Gateway Stalker Pylon Stalker Stalker Probe Zealot RoboticsBay RoboticsFacility Assimilator Probe Pylon Probe Pylon,50.25,124066
418,1198248,0,54293,19.9195,54293,Stargate RoboticsFacility VoidRay Stalker Pylon Pylon Probe Gateway Zealot Immortal Probe VoidRay Adept Immortal Stalker Stalker Pylon VoidRay Pylon Adept Gateway Stalker Stalker Immortal Stalker Stalker Adept Pylon Immortal Zealot Stalker FleetBeacon Nexus RoboticsFacility Stalker Pylon,46.75,124110
448,1225374,0,56547,20.2325,56547,Stargate RoboticsFacility VoidRay Stalker Pylon Pylon Probe Gateway Zealot Immortal Probe VoidRay Adept Immortal Stalker Stalker Pylon VoidRay Pylon Adept Gateway Stalker Stalker Immortal Stalker Stalker Adept Pylon Zealot Immortal Stalker Nexus Stalker Probe Adept Stargate Assimilator Adept Pylon,48.5,124142
448,1225492,0,56557,20.2335,56557,Stargate RoboticsFacility VoidRay Stalker Pylon Pylon Probe Gateway Zealot Immortal Probe VoidRay Adept Immortal Stalker Stalker Pylon VoidRay Pylon Adept Gateway Stalker Stalker Immortal Stalker Stalker Adept Pylon Immortal Stalker Stalker Stargate Stalker RoboticsFacility Gateway Pylon Zealot Zealot Probe Assimilator Assimilator,47.5,124163
448,1227827,0,56760,20.2645,56760,Stargate RoboticsFacility VoidRay Stalker Pylon Pylon Probe Gateway Zealot Immortal Probe VoidRay Adept Immortal Stalker Stalker Pylon VoidRay Pylon Adept Gateway Stalker Stalker Immortal Stalker Stalker Adept Pylon Adept Immortal Stalker Adept RoboticsBay Stargate Nexus Probe Gateway Zealot,48.25,124552
448,1244946,0,58229,20.437,58229,Stargate RoboticsFacility VoidRay Stalker Pylon Pylon Probe Gateway Zealot Immortal Probe VoidRay Adept Immortal Stalker Stalker Pylon VoidRay Pylon Adept Gateway Stalker Stalker Immortal Stalker Stalker Adept Pylon Adept Immortal Adept Zealot Stalker FleetBeacon Zealot Nexus Assimilator,49.25,124606
463,1247727,0,58481,20.4722,58481,Stargate RoboticsFacility VoidRay Stalker Pylon Pylon Probe Gateway Zealot Immortal Probe VoidRay Adept Immortal Stalker Stalker Pylon VoidRay Pylon Adept Gateway Stalker Stalker Immortal Stalker Stalker Adept Pylon Adept Immortal Stalker Stalker VoidRay TwilightCouncil Nexus Gateway,48.75,124729
463,1257474,0,59347,20.6251,59347,Stargate RoboticsFacility VoidRay Stalker Pylon Pylon Probe Gateway Zealot Immortal Probe VoidRay Adept Immortal Stalker Stalker Pylon VoidRay Pylon Adept Gateway Stalker Stalker Immortal Stalker Stalker Adept Pylon Adept Immortal Stalker Stalker Pylon Pylon FleetBeacon Zealot Probe Gateway Probe Adept,48.75,124729
463,1265144,0,60042,20.7412,60042,Stargate RoboticsFacility VoidRay Stalker Pylon Pylon Probe Gateway Zealot Immortal Probe VoidRay Adept Immortal Stalker Stalker Pylon VoidRay Pylon Adept Gateway Stalker Stalker Immortal Stalker Stalker Adept Pylon Adept Immortal Stalker Adept Adept Nexus Nexus Adept,49.5,124774
463,1265438,0,60072,20.7626,60072,Stargate RoboticsFacility VoidRay Stalker Pylon Pylon Probe Gateway Zealot Immortal Probe VoidRay Adept Immortal Stalker Stalker Pylon VoidRay Pylon Adept Gateway Stalker Stalker Immortal Stalker Stalker Adept Pylon Adept Immortal Stalker Pylon Stalker Zealot Immortal VoidRay Assimilator Probe Pylon,49.75,124936
463,1267520,0,60291,20.7928,60291,Stargate RoboticsFacility VoidRay Stalker Pylon Pylon Probe Gateway Zealot Immortal Probe VoidRay Adept Immortal Stalker Stalker Pylon VoidRay Pylon Adept Gateway Stalker Stalker Immortal Stalker Stalker Adept Pylon Adept Immortal Stalker Stalker Adept RoboticsBay Adept Assimilator Probe Pylon Pylon Assimilator Gateway,50,124952
478,1278292,0,61413,20.9805,61413,Stargate RoboticsFacility VoidRay Stalker Pylon Pylon Probe Gateway Zealot Immortal Probe VoidRay Adept Immortal Stalker Stalker Pylon VoidRay Pylon Adept Gateway Stalker Stalker Immortal Stalker Stalker Adept Pylon Adept Immortal Stalker Stalker Assimilator Zealot RoboticsFacility RoboticsFacility Zealot TwilightCouncil Assimilator Probe,49.75,124971
478,1284104,0,62016,21.0637,62016,Stargate RoboticsFacility VoidRay Stalker Pylon Pylon Probe Gateway Zealot Immortal Probe VoidRay Adept Immortal Stalker Stalker Pylon VoidRay Pylon Adept Gateway Stalker Stalker Immortal Stalker Stalker Adept Pylon Adept Immortal Stalker Stalker Stalker Pylon Gateway Gateway Stalker Probe Stargate Assimilator Probe,50.5,125041
493,1300443,0,63866,21.3176,63866,Stargate RoboticsFacility VoidRay Stalker Pylon Pylon Probe Gateway Zealot Immortal Probe VoidRay Adept Immortal Stalker Stalker Pylon VoidRay Pylon Adept Gateway Stalker Stalker Immortal Stalker Stalker Adept Pylon Adept Immortal Stalker Stalker Assimilator Probe Stalker RoboticsFacility Adept Pylon Adept RoboticsBay Probe,50.5,125041
508,1304331,0,64337,21.3744,64337,Stargate RoboticsFacility VoidRay Stalker Pylon Pylon Probe Gateway Zealot Immortal Probe VoidRay Adept Immortal Stalker Stalker Pylon VoidRay Pylon Adept Gateway Stalker Stalker Immortal Stalker Stalker Adept Pylon Adept Immortal Stalker Stalker Stalker Probe Pylon Probe Stargate Adept Gateway Pylon Gateway Probe,50.5,125041
508,1315764,0,65750,21.5361,65750,Stargate RoboticsFacility VoidRay Stalker Pylon Pylon Probe Gateway Zealot Immortal Probe VoidRay Adept Immortal Stalker Stalker Pylon VoidRay Pylon Adept Gateway Stalker Stalker Immortal Stalker Stalker Adept Pylon Adept Immortal Stalker Stalker Stalker Gateway Gateway Probe TwilightCouncil Probe Probe Gateway Assimilator,50.5,125041
508,1318470,0,66097,21.5741,66097,Stargate RoboticsFacility VoidRay Stalker Pylon Pylon Probe Gateway Zealot Immortal Probe VoidRay Adept Immortal Stalker Stalker Pylon VoidRay Pylon Adept Gateway Stalker Stalker Immortal Stalker Stalker Adept Pylon Adept Immortal Stalker Stalker Stalker Probe Probe Probe Nexus Stargate Gateway,50.5,125041
521,1326786,0,67228,21.7007,67228,Stargate RoboticsFacility VoidRay Stalker Pylon Pylon Probe Gateway Zealot Immortal Probe VoidRay Adept Immortal Stalker Stalker Pylon VoidRay Pylon Adept Gateway Stalker Stalker Immortal Stalker Stalker Adept Pylon Adept Immortal Stalker Stalker Stalker Probe TwilightCouncil Pylon Probe Probe RoboticsFacility Probe Zealot Adept Assimilator,50.5,125041
521,1333553,0,68167,21.7899,68167,Stargate RoboticsFacility VoidRay Stalker Pylon Pylon Probe Gateway Zealot Immortal Probe VoidRay Adept Immortal Stalker Stalker Pylon VoidRay Pylon Adept Gateway Stalker Stalker Immortal Stalker Stalker Adept Pylon Adept Immortal Stalker Stalker Stalker Probe Probe Pylon Immortal Stalker Probe Stalker Assimilator,50.5,125041
521,1333828,0,68206,21.8132,68206,Stargate RoboticsFacility VoidRay Stalker Pylon Pylon Probe Gateway Zealot Immortal Probe VoidRay Adept Immortal Stalker Stalker Pylon VoidRay Pylon Adept Gateway Stalker Stalker Immortal Stalker Stalker Adept Pylon Adept Immortal Stalker Stalker Stalker Probe Probe Pylon Probe RoboticsBay Probe Assimilator Adept Stalker Gateway,50.5,125041
544,1347654,0,70197,22.1041,70197,Stargate RoboticsFacility VoidRay Stalker Pylon Pylon Probe Gateway Zealot Immortal Probe VoidRay Adept Immortal Stalker Stalker Pylon VoidRay Pylon Adept Gateway Stalker Stalker Immortal Stalker Stalker Adept Pylon Adept Immortal Stalker Stalker Stalker Probe Probe Pylon RoboticsBay Zealot Probe Zealot Probe Assimilator Stalker Probe,50.5,125041
544,1352470,0,70917,22.1392,70917,Stargate RoboticsFacility VoidRay Stalker Pylon Pylon Probe Gateway Zealot Immortal Probe VoidRay Adept Immortal Stalker Stalker Pylon VoidRay Pylon Adept Gateway Stalker Stalker Immortal Stalker Stalker Adept Pylon Adept Immortal Stalker Stalker Stalker Probe Probe Pylon Probe RoboticsFacility Probe Adept Probe Immortal,50.5,125041
565,1360182,0,72072,22.1958,72072,Stargate RoboticsFacility VoidRay Stalker Pylon Pylon Probe Gateway Zealot Immortal Probe VoidRay Adept Immortal Stalker Stalker Pylon VoidRay Pylon Adept Gateway Stalker Stalker Immortal Stalker Stalker Adept Pylon Adept Immortal Stalker Stalker Stalker Probe Probe Pylon Probe Assimilator Adept Probe Probe VoidRay Pylon,50.5,125041
580,1367090,0,73137,22.2507,73137,Stargate RoboticsFacility VoidRay Stalker Pylon Pylon Probe Gateway Zealot Immortal Probe VoidRay Adept Immortal Stalker Stalker Pylon VoidRay Pylon Adept Gateway Stalker Stalker Immortal Stalker Stalker Adept Pylon Adept Immortal Stalker Stalker Stalker Probe Probe Pylon Probe Immortal Probe Probe Stalker Gateway,50.5,125041
580,1374233,0,74260,22.3065,74260,Stargate RoboticsFacility VoidRay Stalker Pylon Pylon Probe Gateway Zealot Immortal Probe VoidRay Adept Immortal Stalker Stalker Pylon VoidRay Pylon Adept Gateway Stalker Stalker Immortal Stalker Stalker Adept Pylon Adept Immortal Stalker Stalker Stalker Probe Probe Pylon Probe Probe Probe Assimilator VoidRay Stalker Assimilator,50.5,125041
610,1387631,0,76456,22.4103,76456,Stargate RoboticsFacility VoidRay Stalker Pylon Pylon Probe Gateway Zealot Immortal Probe VoidRay Adept Immortal Stalker Stalker Pylon VoidRay Pylon Adept Gateway Stalker Stalker Immortal Stalker Stalker Adept Pylon Adept Immortal Stalker Stalker Stalker Probe Probe Pylon Probe Probe VoidRay Probe Gateway Stalker,50.5,125041
666,1408962,1,80608,22.5572,80608,Stargate RoboticsFacility VoidRay Stalker Pylon Pylon Probe Gateway Zealot Immortal Probe VoidRay Adept Immortal Stalker Stalker Pylon VoidRay Pylon Adept Gateway Stalker Stalker Immortal Stalker Stalker Adept Pylon Adept Immortal Stalker Stalker Stalker Probe Probe Pylon Probe Probe VoidRay Probe Stalker Gateway,50.5,125041
