0,0,0,0,0,0, ,0,0
0,25,0,1,0.000202,1,Nexus Assimilator Gateway Stalker Zealot Adept RoboticsFacility Adept Assimilator Immortal TwilightCouncil RoboticsBay Pylon Nexus Zealot Stalker DarkShrine Gateway Pylon Immortal Zealot Stargate Colossus Probe,16.5,45061.8
0,99,0,3,0.000761,3,Stalker Zealot Pylon Stalker Stargate Stalker Stargate Adept VoidRay Adept Adept Nexus VoidRay RoboticsFacility Nexus RoboticsBay Probe Pylon Colossus Probe Nexus Assimilator Pylon Adept Probe Adept Probe Gateway VoidRay Gateway RoboticsFacility Stargate RoboticsFacility TwilightCouncil,19.25,61568
0,514,0,16,0.003734,16,Nexus Stalker RoboticsFacility Adept Adept TwilightCouncil Probe Adept Immortal Immortal RoboticsFacility Pylon RoboticsFacility Adept Assimilator Pylon Pylon Probe Gateway Pylon Zealot Gateway Immortal Adept Immortal Probe Stalker RoboticsFacility Assimilator Pylon Probe Gateway Nexus Immortal Probe,25.75,69053.8
0,1159,0,37,0.00839,37,Pylon Probe RoboticsFacility Pylon Immortal Assimilator Adept Zealot Immortal Gateway Stalker Pylon Nexus Gateway Immortal Probe Immortal RoboticsFacility RoboticsFacility Nexus Immortal Stalker RoboticsBay Colossus Colossus Adept TwilightCouncil Assimilator Probe,24.5,71512.5
0,3506,0,113,0.025194,113,Adept Probe RoboticsFacility Immortal Stalker RoboticsBay Pylon Gateway Immortal Stalker Gateway Nexus Adept Probe Probe Pylon Nexus Assimilator Assimilator Pylon Stalker Immortal Colossus Probe Probe Gateway Adept Stargate Adept VoidRay RoboticsFacility Assimilator Probe Adept FleetBeacon,26.5,76255
0,3832,0,123,0.027504,123,Stargate Assimilator RoboticsFacility Probe FleetBeacon VoidRay Immortal VoidRay Pylon RoboticsFacility Mothership Immortal Immortal Stalker Pylon Stargate RoboticsBay Zealot Zealot Pylon Gateway Nexus Adept Adept Adept RoboticsFacility Pylon Probe,32.25,78124
0,8436,0,272,0.11345,272,Adept Stargate TwilightCouncil Gateway Stalker RoboticsFacility VoidRay Nexus Immortal Immortal Zealot VoidRay Immortal VoidRay FleetBeacon Pylon Tempest Tempest Nexus Zealot Gateway RoboticsFacility Assimilator Immortal Assimilator Pylon Assimilator,31.5,86948.8
11,38908,0,1252,0.539811,1252,RoboticsFacility RoboticsFacility Zealot Immortal RoboticsBay Adept Colossus Gateway Immortal Pylon Immortal Adept Immortal Zealot Probe Stargate Pylon Gateway Probe Adept Zealot FleetBeacon TwilightCouncil Adept Pylon Nexus DarkShrine TemplarArchive Stalker Gateway Zealot Nexus Probe Assimilator,28,89385
24,74301,0,2410,1.05741,2410,RoboticsFacility RoboticsBay Immortal Immortal Gateway Stalker Stalker Immortal Stalker Pylon Zealot Pylon RoboticsFacility Stalker Stalker Adept Adept Pylon Immortal TwilightCouncil Assimilator Probe Pylon Stalker RoboticsFacility Assimilator Immortal Adept Immortal Zealot RoboticsFacility RoboticsFacility Zealot Pylon,38.75,90266.8
24,102753,0,3366,1.44159,3366,RoboticsFacility Zealot Stalker Immortal Nexus Stalker RoboticsBay Gateway Probe Adept Probe Pylon Immortal Stalker Zealot Stalker Colossus Nexus Colossus Pylon TwilightCouncil Probe Stargate Zealot Nexus Colossus VoidRay Zealot Probe Adept RoboticsFacility Assimilator Adept Assimilator RoboticsFacility,29.75,91363.5
32,124383,0,4085,1.8075,4085,RoboticsFacility Zealot Nexus Stargate Immortal Probe Pylon VoidRay Adept Immortal Zealot Immortal Probe VoidRay RoboticsFacility RoboticsFacility Zealot Pylon Immortal Immortal Stargate Assimilator VoidRay TwilightCouncil Pylon TemplarArchive Probe Pylon Stargate Gateway Adept Nexus,35,101393
32,126949,0,4175,1.86581,4175,RoboticsFacility Zealot RoboticsFacility Probe Stalker Immortal Immortal Pylon Zealot Immortal Pylon Stalker Stalker Immortal Stargate RoboticsFacility Stalker Immortal Stargate RoboticsFacility Stargate Pylon Assimilator Assimilator Nexus VoidRay Gateway TwilightCouncil Zealot RoboticsBay Gateway Stalker Probe Probe,28.75,106796
117,404643,0,13643,5.92141,13643,RoboticsFacility Zealot RoboticsFacility Probe Stalker Immortal Immortal Stalker Zealot Adept Pylon Pylon Immortal Pylon Immortal RoboticsBay Colossus Assimilator Pylon Immortal Assimilator Probe Adept RoboticsFacility Stargate Zealot RoboticsFacility TwilightCouncil Colossus Probe FleetBeacon Stalker Gateway,32.75,106796
126,416718,0,14083,6.02161,14083,RoboticsFacility Zealot RoboticsFacility Probe Stalker Immortal Immortal Immortal Assimilator Pylon Pylon Immortal Immortal Probe Probe Adept Adept Gateway Immortal Pylon Immortal Assimilator Stalker Zealot Gateway Stalker Probe TwilightCouncil Gateway Pylon Adept Gateway Stalker Stalker Zealot Probe,36,117966
196,645393,0,24192,8.80866,24192,RoboticsFacility Zealot RoboticsFacility Probe Stalker Immortal Immortal Immortal Assimilator Pylon Pylon Immortal Stalker Immortal Pylon Adept Stargate Pylon Probe Immortal Pylon Immortal Stalker VoidRay Pylon Pylon Immortal RoboticsBay FleetBeacon VoidRay,41.5,118168
210,686565,0,26381,9.46107,26381,RoboticsFacility Zealot RoboticsFacility Probe Stalker Immortal Immortal Immortal Assimilator Pylon Pylon Immortal Stalker Immortal Stalker Immortal Gateway Zealot Immortal Nexus Pylon Adept Probe Immortal Probe Immortal Gateway RoboticsFacility Stalker Probe,38.5,121219
210,712874,0,27819,9.76926,27819,RoboticsFacility Zealot RoboticsFacility Probe Stalker Immortal Immortal Immortal Assimilator Pylon Pylon Immortal Stalker Pylon Stalker Immortal Immortal Immortal Assimilator Adept Pylon Pylon Immortal Adept Zealot Gateway Zealot Nexus,39.75,122398
249,792233,0,32401,10.8616,32401,RoboticsFacility Zealot RoboticsFacility Probe Stalker Immortal Immortal Immortal Assimilator Pylon Pylon Immortal Stalker Pylon Stalker Immortal Immortal Immortal Immortal Stalker Nexus Probe TwilightCouncil Stalker Pylon Gateway Probe Nexus,39.75,124519
249,801019,0,32957,11.0004,32957,RoboticsFacility Zealot RoboticsFacility Probe Stalker Immortal Immortal Immortal Assimilator Pylon Pylon Immortal Stalker Pylon Stalker Immortal Immortal Pylon Stalker Immortal Immortal Immortal Adept TwilightCouncil Gateway TemplarArchive RoboticsFacility RoboticsBay Stargate,43,126168
262,833397,0,35123,11.5045,35123,RoboticsFacility Zealot RoboticsFacility Probe Stalker Immortal Immortal Immortal Assimilator Pylon Pylon Immortal Stalker Pylon Stalker Immortal Immortal Stalker Immortal Stalker Immortal RoboticsBay Zealot RoboticsFacility RoboticsFacility Pylon TwilightCouncil Colossus Probe Probe Assimilator,40.75,127328
275,861124,0,37130,11.9341,37130,RoboticsFacility Zealot RoboticsFacility Probe Stalker Immortal Immortal Immortal Assimilator Pylon Pylon Immortal Stalker Pylon Stalker Immortal Immortal Stalker Immortal Immortal Stalker Stalker Nexus TwilightCouncil RoboticsBay Gateway Gateway TemplarArchive,41.5,127517
275,874088,0,38103,12.1289,38103,RoboticsFacility Zealot RoboticsFacility Probe Stalker Immortal Immortal Immortal Assimilator Pylon Pylon Immortal Stalker Pylon Stalker Immortal Immortal Stalker Immortal Stalker Immortal Zealot Pylon Probe Stalker Assimilator Adept Pylon Stargate RoboticsBay Stargate Probe Pylon,42.5,128006
288,877021,0,38350,12.1738,38350,RoboticsFacility Zealot RoboticsFacility Probe Stalker Immortal Immortal Immortal Assimilator Pylon Pylon Immortal Stalker Pylon Stalker Immortal Immortal Stalker Immortal Stalker Immortal Zealot Pylon Immortal Assimilator TwilightCouncil Pylon Adept TemplarArchive Pylon,44.5,128685
301,910773,0,41277,12.6823,41277,RoboticsFacility Zealot RoboticsFacility Probe Stalker Immortal Immortal Immortal Assimilator Pylon Pylon Immortal Stalker Pylon Stalker Immortal Immortal Stalker Immortal Stalker Immortal Zealot Pylon Immortal Adept Zealot TwilightCouncil RoboticsFacility RoboticsBay Gateway,45.75,129124
313,921415,0,42281,12.8404,42281,RoboticsFacility Zealot RoboticsFacility Probe Stalker Immortal Immortal Immortal Assimilator Pylon Pylon Immortal Stalker Pylon Stalker Immortal Immortal Stalker Immortal Stalker Immortal Stalker Pylon Immortal Pylon Adept Stalker Pylon Stargate Assimilator Probe Probe,46.5,129462
321,938294,0,44094,13.0928,44094,RoboticsFacility Zealot RoboticsFacility Probe Stalker Immortal Immortal Immortal Assimilator Pylon Pylon Immortal Stalker Pylon Stalker Immortal Immortal Stalker Immortal Stalker Immortal Stalker Pylon Immortal Stalker Stalker RoboticsFacility TwilightCouncil Assimilator RoboticsBay,47,129700
361,961421,0,46928,13.4276,46928,RoboticsFacility Zealot RoboticsFacility Probe Stalker Immortal Immortal Immortal Assimilator Pylon Pylon Immortal Stalker Pylon Stalker Immortal Immortal Stalker Immortal Stalker Immortal Stalker Pylon Immortal Stalker Pylon Immortal Probe Stargate Probe,47,129700
361,971072,0,48119,13.5694,48119,RoboticsFacility Zealot RoboticsFacility Probe Stalker Immortal Immortal Immortal Assimilator Pylon Pylon Immortal Stalker Pylon Stalker Immortal Immortal Stalker Immortal Stalker Immortal Stalker Pylon Immortal Stalker Probe RoboticsFacility RoboticsBay Probe Pylon Assimilator Pylon,47,129700
361,971680,0,48210,13.579,48210,RoboticsFacility Zealot RoboticsFacility Probe Stalker Immortal Immortal Immortal Assimilator Pylon Pylon Immortal Stalker Pylon Stalker Immortal Immortal Stalker Immortal Stalker Immortal Stalker Pylon Immortal Stalker TwilightCouncil RoboticsFacility Probe Probe Stargate Pylon,47,129700
374,978040,0,49162,13.6728,49162,RoboticsFacility Zealot RoboticsFacility Probe Stalker Immortal Immortal Immortal Assimilator Pylon Pylon Immortal Stalker Pylon Stalker Immortal Immortal Stalker Immortal Stalker Immortal Stalker Pylon Immortal Stalker Probe RoboticsFacility Probe Nexus,47,129700
374,983691,0,50018,13.7545,50018,RoboticsFacility Zealot RoboticsFacility Probe Stalker Immortal Immortal Immortal Assimilator Pylon Pylon Immortal Stalker Pylon Stalker Immortal Immortal Stalker Immortal Stalker Immortal Stalker Pylon Immortal Stalker Probe Pylon RoboticsBay Probe Stargate Stalker Probe,47,129700
386,985651,0,50357,13.7811,50357,RoboticsFacility Zealot RoboticsFacility Probe Stalker Immortal Immortal Immortal Assimilator Pylon Pylon Immortal Stalker Pylon Stalker Immortal Immortal Stalker Immortal Stalker Immortal Stalker Pylon Immortal Stalker Assimilator Probe Pylon Probe Immortal Probe,47,129700
397,997326,0,52448,13.946,52448,RoboticsFacility Zealot RoboticsFacility Probe Stalker Immortal Immortal Immortal Assimilator Pylon Pylon Immortal Stalker Pylon Stalker Immortal Immortal Stalker Immortal Stalker Immortal Stalker Pylon Immortal Stalker Assimilator Pylon Probe Probe Probe Adept TwilightCouncil Probe,47,129700
414,1011673,5,55647,14.1434,55647,RoboticsFacility Zealot RoboticsFacility Probe Stalker Immortal Immortal Immortal Assimilator Pylon Pylon Immortal Stalker Pylon Stalker Immortal Immortal Stalker Immortal Stalker Immortal Stalker Pylon Immortal Stalker Assimilator Pylon Probe Probe Probe RoboticsBay Stalker,47,129700
429,1019570,5,57511,14.2573,57511,RoboticsFacility Zealot RoboticsFacility Probe Stalker Immortal Immortal Immortal Assimilator Pylon Pylon Immortal Stalker Pylon Stalker Immortal Immortal Stalker Immortal Stalker Immortal Stalker Pylon Immortal Stalker Assimilator Pylon Probe Probe Probe Probe Pylon Zealot Probe,47,129700
429,1022216,8,58143,14.2991,58143,RoboticsFacility Zealot RoboticsFacility Probe Stalker Immortal Immortal Immortal Assimilator Pylon Pylon Immortal Stalker Pylon Stalker Immortal Immortal Stalker Immortal Stalker Immortal Stalker Pylon Immortal Stalker Assimilator Pylon Probe Probe Probe Probe Stargate Adept,47,129700
440,1022823,8,58286,14.3082,58286,RoboticsFacility Zealot RoboticsFacility Probe Stalker Immortal Immortal Immortal Assimilator Pylon Pylon Immortal Stalker Pylon Stalker Immortal Immortal Stalker Immortal Stalker Immortal Stalker Pylon Immortal Stalker Assimilator Pylon Probe Probe Probe Probe Stalker Pylon,47,129700
464,1039381,11,62767,14.5379,62767,RoboticsFacility Zealot RoboticsFacility Probe Stalker Immortal Immortal Immortal Assimilator Pylon Pylon Immortal Stalker Pylon Stalker Immortal Immortal Stalker Immortal Stalker Immortal Stalker Pylon Immortal Stalker Assimilator Pylon Probe Probe Probe Probe Stalker Pylon,47,129700
