0,0,0,0,0,0, ,0,0
0,28,0,1,0.000241,1,Pylon Stargate Stargate Pylon Stalker VoidRay Nexus RoboticsFacility Assimilator Assimilator TwilightCouncil Probe Stalker Zealot VoidRay Probe FleetBeacon DarkShrine RoboticsBay Colossus RoboticsFacility DarkTemplar Mothership Pylon Adept Tempest Probe,20,50634.5
0,68,0,2,0.000578,2,RoboticsFacility Pylon TwilightCouncil Adept RoboticsBay Adept Stalker Probe Colossus Nexus Probe Stargate Zealot Probe Immortal Stalker Nexus DarkShrine Nexus Immortal RoboticsFacility Pylon Pylon Adept TemplarArchive Probe FleetBeacon Immortal Gateway Pylon Pylon Adept Probe Probe Gateway Probe Gateway Probe Probe,20.75,63984
0,1073,0,34,0.017615,34,Stalker Stalker Stargate Stargate Gateway Stalker Stargate Adept Nexus Probe VoidRay Stalker VoidRay Stargate Zealot Assimilator Pylon Gateway Zealot Assimilator Stargate FleetBeacon Gateway Pylon Stalker VoidRay Tempest RoboticsFacility Adept Stargate Probe Probe,28.25,72629.8
0,2550,0,82,0.04204,82,Adept Gateway Stargate RoboticsFacility Stargate Adept Zealot Pylon Adept Zealot TwilightCouncil VoidRay Immortal Immortal VoidRay RoboticsFacility Pylon Nexus TemplarArchive DarkShrine Probe Pylon Pylon Assimilator VoidRay Pylon Probe Nexus RoboticsFacility VoidRay Stargate Gateway,25.25,72658.5
0,4537,0,146,0.071213,146,Stalker Stargate Nexus VoidRay RoboticsFacility Zealot Stalker Assimilator RoboticsBay VoidRay TwilightCouncil VoidRay Probe Immortal Stargate Assimilator TemplarArchive FleetBeacon VoidRay Colossus Nexus Stalker RoboticsFacility Probe,29.25,77296
5,10444,0,337,0.160915,337,Probe Assimilator Adept Probe Stalker Pylon Stargate Stargate Adept Probe Assimilator TwilightCouncil Zealot VoidRay VoidRay DarkShrine VoidRay VoidRay Probe Nexus DarkTemplar Adept FleetBeacon VoidRay Tempest Tempest RoboticsFacility RoboticsFacility Gateway,29,82963.5
11,21736,0,700,0.335331,700,Stalker Stalker Stalker Stargate Stargate Pylon VoidRay VoidRay Gateway Stalker VoidRay Zealot Assimilator Adept VoidRay Adept Assimilator TwilightCouncil Nexus Stargate RoboticsFacility Stargate VoidRay RoboticsFacility RoboticsBay RoboticsFacility DarkShrine Probe Pylon,30.5,89864.2
23,108277,0,3510,1.6487,3510,Stalker RoboticsFacility Gateway Stalker Adept Immortal Immortal Immortal Gateway RoboticsBay Zealot Zealot Pylon Stargate Pylon Stargate Nexus Probe Adept Colossus Stalker Stalker Assimilator Adept Probe Gateway Immortal Gateway FleetBeacon Assimilator Probe Stargate Zealot Assimilator Probe,32.75,92144
41,127120,0,4133,1.94108,4133,Stalker RoboticsFacility Pylon Pylon Probe Pylon Probe RoboticsFacility Gateway Immortal Assimilator Adept Immortal Probe Immortal Immortal Adept Adept Immortal Nexus Stalker Nexus Immortal Stargate Stalker Probe Nexus Immortal RoboticsBay Assimilator Gateway,31.5,98759.8
81,308837,0,10413,4.81699,10413,Stalker RoboticsFacility Pylon Pylon Probe Adept Immortal Gateway Stalker Pylon Stalker TwilightCouncil Immortal RoboticsBay Stalker RoboticsFacility Nexus Stalker Stalker Adept Immortal Assimilator Colossus Colossus Stargate Stalker Zealot Probe Colossus DarkShrine Stalker RoboticsFacility Probe Probe,37,100745
89,358332,0,12083,5.62553,12083,Stalker RoboticsFacility Pylon Pylon Probe Adept Gateway Immortal Stalker Immortal Zealot Nexus RoboticsBay Adept Immortal Gateway Pylon Stalker Adept Adept Stalker Immortal Gateway Assimilator Immortal Stargate Nexus Stalker Adept Stargate RoboticsFacility TwilightCouncil Probe,34.75,101125
95,405400,0,13709,6.38143,13709,Stalker RoboticsFacility Pylon Pylon Probe Adept Immortal Stargate Stalker Zealot Probe Assimilator VoidRay Immortal Adept Immortal VoidRay TwilightCouncil Probe RoboticsBay Zealot Pylon Stalker Stargate Nexus Nexus Colossus VoidRay VoidRay Gateway Stalker,29,106430
120,474987,0,16237,7.47641,16237,Stalker RoboticsFacility Pylon Pylon Probe Adept Immortal Stargate Immortal Assimilator Gateway VoidRay VoidRay Adept Stalker Stargate Immortal Immortal VoidRay Gateway Probe Pylon TwilightCouncil VoidRay Stalker Gateway TemplarArchive Gateway Probe Stargate Assimilator Stalker Pylon,38.75,109173
124,496692,0,17074,7.83666,17074,Stalker RoboticsFacility Pylon Pylon Probe Adept Immortal Stargate Adept Probe Immortal Pylon Stalker Assimilator VoidRay Probe Probe Immortal Assimilator VoidRay VoidRay TwilightCouncil Immortal RoboticsFacility Probe VoidRay Adept DarkShrine Pylon Zealot RoboticsFacility Stargate Immortal Probe TemplarArchive Probe,39.25,113070
188,706504,0,25234,11.311,25234,Stalker RoboticsFacility Pylon Pylon Probe Adept Immortal Stargate Adept Probe Immortal Pylon VoidRay Adept Stalker Pylon VoidRay Immortal Stalker VoidRay Pylon Zealot Zealot Stalker Stalker RoboticsFacility Gateway TwilightCouncil Gateway RoboticsBay FleetBeacon Pylon Assimilator Gateway Gateway Gateway Assimilator Gateway Probe Pylon Probe,36,115694
203,739355,0,26599,11.8636,26599,Stalker RoboticsFacility Pylon Pylon Probe Adept Immortal Stargate Adept Probe Immortal Pylon VoidRay Immortal VoidRay Immortal VoidRay Probe Gateway Stalker VoidRay Stalker Stalker Assimilator RoboticsBay Stargate Nexus Assimilator Stargate Gateway Gateway Stargate Pylon Gateway Gateway,40.5,116207
203,743362,0,26770,11.9268,26770,Stalker RoboticsFacility Pylon Pylon Probe Adept Immortal Stargate Adept Probe Immortal Pylon VoidRay Zealot Immortal Stalker Gateway Immortal VoidRay Nexus Stalker VoidRay Immortal RoboticsFacility Stargate Immortal Stargate Gateway Gateway Gateway Zealot Zealot Pylon Probe Probe Probe,39.5,117976
218,793354,0,28913,12.7629,28913,Stalker RoboticsFacility Pylon Pylon Probe Adept Immortal Stargate Adept Probe Immortal Pylon VoidRay Zealot Zealot Immortal Gateway Zealot Immortal Stalker Probe Stalker VoidRay Adept Pylon Pylon Immortal RoboticsBay Nexus Colossus Nexus VoidRay Pylon Assimilator RoboticsFacility Probe,38.75,118142
233,839246,0,30925,13.5284,30925,Stalker RoboticsFacility Pylon Pylon Probe Adept Immortal Stargate Adept Probe Immortal Pylon VoidRay Zealot Zealot Probe Immortal Stalker Pylon VoidRay Assimilator Immortal VoidRay Stargate Nexus Pylon VoidRay Immortal FleetBeacon Pylon Adept Assimilator Assimilator Pylon RoboticsFacility,42.75,118956
248,876365,0,32547,14.1451,32547,Stalker RoboticsFacility Pylon Pylon Probe Adept Immortal Stargate Adept Probe Immortal Pylon VoidRay Zealot Zealot Probe Stalker Pylon Immortal VoidRay Zealot VoidRay Immortal Gateway Zealot Immortal Stalker Pylon Stalker Nexus Nexus Pylon Nexus Probe Stalker Probe,44.25,120211
308,1053073,0,40656,17.0757,40656,Stalker RoboticsFacility Pylon Pylon Probe Adept Immortal Stargate Adept Probe Immortal Pylon VoidRay Zealot Zealot Probe Stalker Pylon Immortal VoidRay Immortal Pylon Gateway Stalker Assimilator VoidRay Stalker VoidRay Gateway Gateway Stalker TwilightCouncil Probe RoboticsBay Adept DarkShrine VoidRay Stalker Probe,45.5,120332
323,1094602,0,42864,17.7648,42864,Stalker RoboticsFacility Pylon Pylon Probe Adept Immortal Stargate Adept Probe Immortal Pylon VoidRay Zealot Zealot Probe Stalker Pylon Immortal VoidRay Immortal Stalker VoidRay Stalker Gateway VoidRay Immortal RoboticsFacility RoboticsFacility Nexus Gateway RoboticsFacility Gateway Nexus,46.25,120509
338,1126525,0,44666,18.301,44666,Stalker RoboticsFacility Pylon Pylon Probe Adept Immortal Stargate Adept Probe Immortal Pylon VoidRay Zealot Zealot Probe Stalker Pylon Immortal VoidRay Immortal Stalker VoidRay Stalker Nexus Gateway Immortal Stalker Assimilator Gateway RoboticsFacility Zealot RoboticsBay FleetBeacon Stalker Pylon Assimilator,45,120760
338,1148450,0,45934,18.6625,45934,Stalker RoboticsFacility Pylon Pylon Probe Adept Immortal Stargate Adept Probe Immortal Pylon VoidRay Zealot Zealot Probe Stalker Pylon Immortal VoidRay Immortal Stalker VoidRay Stalker Immortal VoidRay Assimilator Gateway Gateway Assimilator FleetBeacon RoboticsBay Nexus Gateway,46.25,121075
353,1164219,0,46917,18.93,46917,Stalker RoboticsFacility Pylon Pylon Probe Adept Immortal Stargate Adept Probe Immortal Pylon VoidRay Zealot Zealot Probe Stalker Pylon Immortal VoidRay Immortal Stalker VoidRay Assimilator Adept Nexus Immortal VoidRay Zealot RoboticsBay Stargate TwilightCouncil VoidRay Pylon Probe Pylon,45.75,121101
353,1183636,0,48150,19.25,48150,Stalker RoboticsFacility Pylon Pylon Probe Adept Immortal Stargate Adept Probe Immortal Pylon VoidRay Zealot Zealot Probe Stalker Pylon Immortal VoidRay Immortal Stalker VoidRay Assimilator Immortal Stalker VoidRay TwilightCouncil Gateway FleetBeacon DarkShrine Gateway Pylon Pylon Assimilator Pylon Gateway,46.25,121315
368,1192933,0,48830,19.4075,48830,Stalker RoboticsFacility Pylon Pylon Probe Adept Immortal Stargate Adept Probe Immortal Pylon VoidRay Zealot Zealot Probe Stalker Pylon Immortal VoidRay Immortal Stalker VoidRay Assimilator Gateway Stalker Immortal VoidRay Nexus Nexus Pylon Probe TwilightCouncil Zealot Probe,46.25,121679
368,1200117,0,49357,19.5231,49357,Stalker RoboticsFacility Pylon Pylon Probe Adept Immortal Stargate Adept Probe Immortal Pylon VoidRay Zealot Zealot Probe Stalker Pylon Immortal VoidRay Immortal Stalker VoidRay Assimilator Adept Gateway Gateway Immortal Pylon VoidRay TwilightCouncil Adept Adept DarkShrine Pylon Immortal Zealot Assimilator,48.25,121705
383,1214916,0,50464,19.7689,50464,Stalker RoboticsFacility Pylon Pylon Probe Adept Immortal Stargate Adept Probe Immortal Pylon VoidRay Zealot Zealot Probe Stalker Pylon Immortal VoidRay Immortal Stalker VoidRay Assimilator Adept Immortal Gateway Pylon VoidRay Stalker Probe VoidRay Stargate RoboticsFacility Pylon RoboticsFacility Pylon Pylon Probe,47.5,121898
428,1290987,0,57168,21.002,57168,Stalker RoboticsFacility Pylon Pylon Probe Adept Immortal Stargate Adept Probe Immortal Pylon VoidRay Zealot Zealot Probe Stalker Pylon Immortal VoidRay Immortal Stalker VoidRay Assimilator Adept Immortal Gateway Pylon VoidRay Stalker Zealot Probe RoboticsFacility Pylon Gateway Stargate Immortal Pylon,47.5,121898
428,1300016,0,58051,21.1518,58051,Stalker RoboticsFacility Pylon Pylon Probe Adept Immortal Stargate Adept Probe Immortal Pylon VoidRay Zealot Zealot Probe Stalker Pylon Immortal VoidRay Immortal Stalker VoidRay Assimilator Adept Immortal Gateway Pylon VoidRay Assimilator Probe Stalker VoidRay Pylon Nexus Adept,47.5,121898
428,1301861,0,58259,21.1859,58259,Stalker RoboticsFacility Pylon Pylon Probe Adept Immortal Stargate Adept Probe Immortal Pylon VoidRay Zealot Zealot Probe Stalker Pylon Immortal VoidRay Immortal Stalker VoidRay Assimilator Adept Immortal Gateway Pylon VoidRay Stalker Nexus Probe Stalker Pylon Immortal TwilightCouncil,47.5,121898
443,1303039,0,58394,21.2053,58394,Stalker RoboticsFacility Pylon Pylon Probe Adept Immortal Stargate Adept Probe Immortal Pylon VoidRay Zealot Zealot Probe Stalker Pylon Immortal VoidRay Immortal Stalker VoidRay Assimilator Adept Immortal Gateway Pylon VoidRay Stalker Assimilator Probe Stalker Probe TwilightCouncil Pylon Probe Zealot Pylon Gateway Pylon,47.5,121898
443,1304421,0,58553,21.2298,58553,Stalker RoboticsFacility Pylon Pylon Probe Adept Immortal Stargate Adept Probe Immortal Pylon VoidRay Zealot Zealot Probe Stalker Pylon Immortal VoidRay Immortal Stalker VoidRay Assimilator Adept Immortal Gateway Pylon VoidRay Probe Stalker FleetBeacon Probe Adept Probe Pylon RoboticsFacility RoboticsBay Probe Stalker,47.5,121898
443,1319578,0,60263,21.4797,60263,Stalker RoboticsFacility Pylon Pylon Probe Adept Immortal Stargate Adept Probe Immortal Pylon VoidRay Zealot Zealot Probe Stalker Pylon Immortal VoidRay Immortal Stalker VoidRay Assimilator Adept Immortal Gateway Pylon VoidRay Probe Probe Stalker Probe Probe Stalker Assimilator FleetBeacon TwilightCouncil RoboticsFacility RoboticsFacility,47.5,121898
473,1343247,0,62962,21.8777,62962,Stalker RoboticsFacility Pylon Pylon Probe Adept Immortal Stargate Adept Probe Immortal Pylon VoidRay Zealot Zealot Probe Stalker Pylon Immortal VoidRay Immortal Stalker VoidRay Assimilator Adept Immortal Gateway Pylon VoidRay Probe Probe Assimilator Stalker FleetBeacon Stalker TwilightCouncil Probe Probe Stargate,47.5,121898
473,1345331,0,63200,21.9103,63200,Stalker RoboticsFacility Pylon Pylon Probe Adept Immortal Stargate Adept Probe Immortal Pylon VoidRay Zealot Zealot Probe Stalker Pylon Immortal VoidRay Immortal Stalker VoidRay Assimilator Adept Immortal Gateway Pylon VoidRay Probe Probe Stalker Immortal Pylon Assimilator Probe Probe Zealot VoidRay Pylon,47.5,121898
473,1353251,0,64124,22.0418,64124,Stalker RoboticsFacility Pylon Pylon Probe Adept Immortal Stargate Adept Probe Immortal Pylon VoidRay Zealot Zealot Probe Stalker Pylon Immortal VoidRay Immortal Stalker VoidRay Assimilator Adept Immortal Gateway Pylon VoidRay Probe Probe Stalker RoboticsFacility Assimilator TwilightCouncil Probe Gateway Probe Pylon Probe DarkShrine Probe,47.5,121898
473,1354486,0,64278,22.0609,64278,Stalker RoboticsFacility Pylon Pylon Probe Adept Immortal Stargate Adept Probe Immortal Pylon VoidRay Zealot Zealot Probe Stalker Pylon Immortal VoidRay Immortal Stalker VoidRay Assimilator Adept Immortal Gateway Pylon VoidRay Probe Probe Stalker Probe RoboticsFacility FleetBeacon RoboticsFacility Probe Probe Assimilator Probe RoboticsBay,47.5,121898
473,1354596,0,64293,22.0669,64293,Stalker RoboticsFacility Pylon Pylon Probe Adept Immortal Stargate Adept Probe Immortal Pylon VoidRay Zealot Zealot Probe Stalker Pylon Immortal VoidRay Immortal Stalker VoidRay Assimilator Adept Immortal Gateway Pylon VoidRay Probe Probe Stalker Probe Nexus RoboticsBay Probe Assimilator Probe Gateway Gateway,47.5,121898
488,1360343,0,65017,22.1567,65017,Stalker RoboticsFacility Pylon Pylon Probe Adept Immortal Stargate Adept Probe Immortal Pylon VoidRay Zealot Zealot Probe Stalker Pylon Immortal VoidRay Immortal Stalker VoidRay Assimilator Adept Immortal Gateway Pylon VoidRay Probe Probe Stalker Gateway Probe Probe Nexus Probe FleetBeacon Assimilator,47.5,121898
488,1362144,0,65245,22.189,65245,Stalker RoboticsFacility Pylon Pylon Probe Adept Immortal Stargate Adept Probe Immortal Pylon VoidRay Zealot Zealot Probe Stalker Pylon Immortal VoidRay Immortal Stalker VoidRay Assimilator Adept Immortal Gateway Pylon VoidRay Probe Probe Stalker FleetBeacon Gateway Probe Probe Probe Probe RoboticsFacility RoboticsBay Pylon,47.5,121898
516,1392831,0,70131,22.7056,70131,Stalker RoboticsFacility Pylon Pylon Probe Adept Immortal Stargate Adept Probe Immortal Pylon VoidRay Zealot Zealot Probe Stalker Pylon Immortal VoidRay Immortal Stalker VoidRay Assimilator Adept Immortal Gateway Pylon VoidRay Probe Probe Stalker FleetBeacon Gateway Probe Probe Pylon Probe Probe TwilightCouncil Adept Assimilator,47.5,121898
540,1404482,0,72275,22.8985,72275,Stalker RoboticsFacility Pylon Pylon Probe Adept Immortal Stargate Adept Probe Immortal Pylon VoidRay Zealot Zealot Probe Stalker Pylon Immortal VoidRay Immortal Stalker VoidRay Assimilator Adept Immortal Gateway Pylon VoidRay Probe Probe Stalker FleetBeacon Gateway Probe Probe Pylon Probe Probe Stargate Stalker Probe,47.5,121898
540,1413304,0,74034,23.0645,74034,Stalker RoboticsFacility Pylon Pylon Probe Adept Immortal Stargate Adept Probe Immortal Pylon VoidRay Zealot Zealot Probe Stalker Pylon Immortal VoidRay Immortal Stalker VoidRay Assimilator Adept Immortal Gateway Pylon VoidRay Probe Probe Stalker FleetBeacon Gateway Probe Probe Pylon Probe Probe Adept Zealot Assimilator Probe,47.5,121898
554,1417362,1,75000,23.1783,75000,Stalker RoboticsFacility Pylon Pylon Probe Adept Immortal Stargate Adept Probe Immortal Pylon VoidRay Zealot Zealot Probe Stalker Pylon Immortal VoidRay Immortal Stalker VoidRay Assimilator Adept Immortal Gateway Pylon VoidRay Probe Probe Stalker FleetBeacon Gateway Probe Probe Pylon Probe Probe VoidRay Probe,47.5,121898
583,1433976,4,79073,23.6141,79073,Stalker RoboticsFacility Pylon Pylon Probe Adept Immortal Stargate Adept Probe Immortal Pylon VoidRay Zealot Zealot Probe Stalker Pylon Immortal VoidRay Immortal Stalker VoidRay Assimilator Adept Immortal Gateway Pylon VoidRay Probe Probe Stalker FleetBeacon Gateway Probe Probe Pylon Probe Probe VoidRay Probe,47.5,121898
