0,0,0,0,0,0, ,0,0
0,33,0,1,0.000259,1,Stalker TwilightCouncil Stalker DarkShrine Zealot Assimilator Probe RoboticsFacility RoboticsBay Colossus Stargate Stalker Immortal Gateway Probe FleetBeacon Gateway Gateway RoboticsFacility DarkTemplar Nexus Probe Adept Assimilator Zealot Nexus Probe Pylon Immortal TemplarArchive Gateway Zealot,17.5,47432
0,95,0,3,0.000707,3,Zealot Adept Adept Pylon RoboticsFacility RoboticsFacility Pylon Nexus RoboticsBay RoboticsFacility TwilightCouncil Colossus Colossus Colossus Assimilator Zealot Nexus DarkShrine Pylon Probe Nexus Probe Immortal TemplarArchive Adept Pylon RoboticsFacility Gateway Stargate Zealot,24.5,52406.8
0,157,0,5,0.005164,5,TwilightCouncil Gateway DarkShrine Stargate Stalker Zealot VoidRay RoboticsFacility VoidRay DarkTemplar Probe DarkTemplar Stalker DarkTemplar Assimilator RoboticsFacility Zealot Stargate Pylon Immortal FleetBeacon Zealot Assimilator RoboticsBay Nexus Zealot TemplarArchive Pylon Gateway Gateway Nexus Pylon,25.75,62172.5
0,947,0,31,0.010596,31,Assimilator Assimilator Probe Pylon Stalker Gateway Zealot Probe Adept Stalker Zealot Stalker TwilightCouncil Stalker Zealot Stalker Adept Zealot Pylon TemplarArchive RoboticsFacility Gateway Stalker Gateway Stalker Pylon Zealot Stargate Nexus Gateway Adept Gateway Pylon,19.75,64983.8
0,1239,0,40,0.012643,40,Stalker Adept RoboticsFacility Adept Gateway Immortal TwilightCouncil Zealot Immortal Adept TemplarArchive Pylon Zealot Nexus Adept RoboticsBay RoboticsFacility Stargate Nexus VoidRay Stalker Nexus Nexus Gateway Nexus Immortal,22,72602.5
0,1348,0,43,0.013411,43,Stalker Stalker Stargate Stalker VoidRay Stalker TwilightCouncil Assimilator RoboticsFacility Probe Assimilator Pylon TemplarArchive Pylon Stalker VoidRay Probe Immortal Adept Pylon Stargate DarkShrine Stargate VoidRay Probe Nexus Zealot Stalker Pylon RoboticsBay Probe RoboticsFacility Probe,26.75,85529.8
11,18489,0,596,0.244567,596,Stalker RoboticsFacility RoboticsFacility Adept Gateway Immortal Immortal Immortal RoboticsFacility Assimilator Immortal Adept Assimilator Pylon Probe Adept Adept Nexus TwilightCouncil DarkShrine TemplarArchive Nexus DarkTemplar Immortal Zealot Probe,21.75,90085.2
24,84789,0,2740,1.16123,2740,Stalker RoboticsFacility Probe Pylon Stargate Zealot Probe Probe Assimilator Stalker Probe VoidRay Adept Gateway Zealot Immortal Immortal Stargate TwilightCouncil Stalker Stalker Pylon Stargate Stargate Adept Adept Probe Probe Stargate DarkShrine Pylon Probe Zealot Immortal Adept Zealot RoboticsFacility Gateway Pylon Probe Assimilator Immortal DarkTemplar Stargate TemplarArchive Probe,31.25,90106.8
24,91771,0,2973,1.26027,2973,Stalker Adept Gateway Pylon Stargate Adept Stalker Adept Assimilator Stargate VoidRay Stalker Zealot VoidRay Stalker VoidRay Zealot Gateway FleetBeacon Assimilator Pylon Tempest Adept Gateway Pylon Nexus Adept Probe Pylon Adept,30.25,97005
80,283137,0,9391,3.88983,9391,Stalker Adept Gateway Pylon RoboticsFacility RoboticsFacility Zealot Probe Immortal Immortal Zealot Zealot Stalker Nexus Probe Zealot Immortal Assimilator Pylon Adept Gateway RoboticsBay Zealot Immortal Probe Adept Probe Adept Colossus Assimilator Assimilator Adept Adept Probe Probe TwilightCouncil RoboticsFacility Stargate Pylon,36,98293.8
93,300611,0,10002,4.14069,10002,Stalker Adept Gateway Pylon RoboticsFacility Stalker Immortal Pylon Stargate Zealot Adept Pylon Immortal Immortal VoidRay VoidRay Adept Gateway Stalker Assimilator Immortal Stargate Zealot Adept Assimilator Zealot Nexus Nexus Stalker,36.25,98936
95,335165,0,11262,4.62045,11262,Stalker Adept Gateway Pylon RoboticsFacility RoboticsFacility Pylon Stalker Adept Immortal Gateway RoboticsBay Assimilator Immortal Adept Zealot Immortal Immortal Stalker Immortal Immortal Nexus Gateway Pylon Stargate Zealot Assimilator RoboticsFacility Pylon,32.5,99372.8
118,395643,0,13503,5.50662,13503,Stalker Adept Gateway Pylon RoboticsFacility RoboticsFacility Adept Immortal Stargate Stalker Zealot Immortal Pylon Immortal Immortal Immortal Stalker Adept Nexus Pylon VoidRay TwilightCouncil Assimilator Stargate Pylon Stargate Stargate VoidRay Adept Stargate Assimilator,32.75,107519
146,464647,0,16129,6.49959,16129,Stalker Adept Gateway Pylon RoboticsFacility RoboticsFacility Adept Immortal Immortal Immortal Adept RoboticsBay Immortal Pylon Immortal Pylon Colossus Stalker Stalker Assimilator Stalker Colossus Probe Assimilator Pylon RoboticsFacility Zealot Colossus Stargate RoboticsFacility,40.5,111005
159,542595,0,19330,7.59874,19330,Stalker Adept Gateway Pylon RoboticsFacility RoboticsFacility Adept Immortal Immortal Stalker Immortal Stalker Immortal Adept RoboticsFacility Gateway Stargate Zealot Pylon Adept Zealot Pylon Probe Stalker Stargate Adept Stalker TwilightCouncil Immortal Pylon Adept Stalker RoboticsFacility VoidRay Pylon Assimilator Zealot Assimilator,38.75,111803
179,580736,0,20978,8.15238,20978,Stalker Adept Gateway Pylon RoboticsFacility RoboticsFacility Adept Immortal Immortal Stalker Immortal Zealot Zealot Immortal Adept Pylon RoboticsBay Immortal Pylon Immortal Zealot Immortal Pylon Stalker Probe Pylon Zealot RoboticsFacility Pylon Stalker Immortal Adept Colossus Probe,41,119982
230,734544,0,28244,10.3696,28244,Stalker Adept Gateway Pylon RoboticsFacility RoboticsFacility Adept Immortal Immortal Stalker Immortal Zealot Zealot Immortal Pylon Stalker Immortal RoboticsFacility Stalker Stalker Pylon Stalker Probe Adept TwilightCouncil Stargate Adept Gateway Stalker TemplarArchive DarkShrine Nexus Assimilator Gateway Pylon,38,119991
257,811536,0,32404,11.7351,32404,Stalker Adept Gateway Pylon RoboticsFacility RoboticsFacility Adept Immortal Immortal Stalker Immortal Zealot Zealot Immortal Pylon Stalker Stalker Pylon Adept Adept Immortal Immortal Gateway Adept Stargate Nexus TwilightCouncil Stargate Probe Nexus RoboticsFacility,37.75,120905
257,818070,0,32772,11.852,32772,Stalker Adept Gateway Pylon RoboticsFacility RoboticsFacility Adept Immortal Immortal Stalker Immortal Zealot Zealot Immortal Pylon Stalker Immortal RoboticsFacility Stalker Stalker Pylon Immortal Gateway Adept Stalker Probe Pylon Gateway RoboticsBay Assimilator TwilightCouncil Zealot Stalker Pylon Adept TemplarArchive,39.75,121735
257,818089,0,32773,11.8521,32773,Stalker Adept Gateway Pylon RoboticsFacility RoboticsFacility Adept Immortal Immortal Stalker Immortal Zealot Zealot Immortal Pylon Stalker Immortal Adept Stalker Pylon Immortal Gateway Stalker RoboticsFacility Zealot RoboticsFacility Probe RoboticsFacility Assimilator Stargate FleetBeacon Gateway Stargate Assimilator,38,122182
265,843108,0,34194,12.2247,34194,Stalker Adept Gateway Pylon RoboticsFacility RoboticsFacility Adept Immortal Immortal Stalker Immortal Zealot Zealot Immortal Pylon Stalker Immortal Immortal Pylon Immortal RoboticsBay Stalker Adept RoboticsFacility Stargate Assimilator Pylon TwilightCouncil Assimilator TemplarArchive Pylon Probe Zealot Stalker,39,122856
270,847067,0,34437,12.2521,34437,Stalker Adept Gateway Pylon RoboticsFacility RoboticsFacility Adept Immortal Immortal Stalker Immortal Zealot Zealot Immortal Pylon Stalker Immortal Stalker Pylon Pylon Adept Adept RoboticsBay Stalker Immortal Adept Adept Zealot TwilightCouncil Stalker TemplarArchive Pylon Pylon Nexus,43.5,123226
270,853142,0,34812,12.3198,34812,Stalker Adept Gateway Pylon RoboticsFacility RoboticsFacility Adept Immortal Immortal Stalker Immortal Zealot Zealot Immortal Pylon Stalker Immortal Stalker Pylon Stalker Probe Adept Zealot Immortal Pylon TwilightCouncil Adept RoboticsBay Zealot Adept Adept Gateway TemplarArchive Stargate Assimilator RoboticsFacility Gateway,42.75,124382
270,861180,0,35303,12.4401,35303,Stalker Adept Gateway Pylon RoboticsFacility RoboticsFacility Adept Immortal Immortal Stalker Immortal Zealot Zealot Immortal Pylon Stalker Immortal Pylon Stalker Pylon Immortal Stalker Immortal Stalker Zealot Zealot RoboticsBay Nexus Adept Assimilator Pylon RoboticsFacility Assimilator Probe,43.25,125888
309,947964,0,40933,14.0718,40933,Stalker Adept Gateway Pylon RoboticsFacility RoboticsFacility Adept Immortal Immortal Stalker Immortal Zealot Zealot Immortal Pylon Stalker Immortal Pylon Stalker Pylon Immortal Stalker Adept Immortal Zealot Adept RoboticsBay Pylon Adept Stalker Assimilator TwilightCouncil Stargate Probe Stalker Probe,46,126500
309,964204,0,42056,14.3123,42056,Stalker Adept Gateway Pylon RoboticsFacility RoboticsFacility Adept Immortal Immortal Stalker Immortal Zealot Zealot Immortal Pylon Stalker Immortal Pylon Stalker Pylon Immortal Stalker Stalker Immortal Pylon Stalker Immortal Immortal Stargate Zealot Stalker Assimilator Assimilator,46.75,126532
322,975472,0,42924,14.4765,42924,Stalker Adept Gateway Pylon RoboticsFacility RoboticsFacility Adept Immortal Immortal Stalker Immortal Zealot Zealot Immortal Pylon Stalker Immortal Pylon Stalker Pylon Immortal Stalker Zealot Immortal Stalker Adept RoboticsFacility TwilightCouncil Stalker Gateway Assimilator Pylon RoboticsFacility Zealot Assimilator,45.25,126649
335,992694,0,44261,14.7935,44261,Stalker Adept Gateway Pylon RoboticsFacility RoboticsFacility Adept Immortal Immortal Stalker Immortal Zealot Zealot Immortal Pylon Stalker Immortal Pylon Stalker Pylon Immortal Stalker Immortal Adept Stalker Immortal Assimilator Nexus Probe RoboticsFacility Pylon Assimilator,46.25,126942
348,1018387,0,46393,15.324,46393,Stalker Adept Gateway Pylon RoboticsFacility RoboticsFacility Adept Immortal Immortal Stalker Immortal Zealot Zealot Immortal Pylon Stalker Immortal Pylon Stalker Pylon Immortal Stalker Immortal Immortal Stalker Adept Nexus RoboticsBay TwilightCouncil Pylon Probe Assimilator,46.25,126992
348,1020104,0,46551,15.3454,46551,Stalker Adept Gateway Pylon RoboticsFacility RoboticsFacility Adept Immortal Immortal Stalker Immortal Zealot Zealot Immortal Pylon Stalker Immortal Pylon Stalker Pylon Immortal Stalker Immortal Immortal Stalker Stalker TwilightCouncil Pylon Nexus Adept Pylon Probe,46.75,127220
348,1025516,0,47053,15.3838,47053,Stalker Adept Gateway Pylon RoboticsFacility RoboticsFacility Adept Immortal Immortal Stalker Immortal Zealot Zealot Immortal Pylon Stalker Immortal Pylon Stalker Pylon Immortal Stalker Immortal Stalker Stalker Immortal RoboticsBay Assimilator RoboticsFacility Stargate Probe Assimilator RoboticsFacility,46.75,127253
361,1041416,0,48568,15.543,48568,Stalker Adept Gateway Pylon RoboticsFacility RoboticsFacility Adept Immortal Immortal Stalker Immortal Zealot Zealot Immortal Pylon Stalker Immortal Pylon Stalker Pylon Immortal Stalker Immortal Stalker Stalker Immortal Probe Nexus Stargate RoboticsFacility Assimilator Assimilator,46.75,127253
361,1047939,0,49219,15.6795,49219,Stalker Adept Gateway Pylon RoboticsFacility RoboticsFacility Adept Immortal Immortal Stalker Immortal Zealot Zealot Immortal Pylon Stalker Immortal Pylon Stalker Pylon Immortal Stalker Immortal Stalker Stalker Immortal Assimilator Pylon Assimilator Adept Probe TwilightCouncil Probe Pylon Probe,46.75,127253
361,1051622,0,49589,15.73,49589,Stalker Adept Gateway Pylon RoboticsFacility RoboticsFacility Adept Immortal Immortal Stalker Immortal Zealot Zealot Immortal Pylon Stalker Immortal Pylon Stalker Pylon Immortal Stalker Immortal Stalker Immortal Stalker Pylon Probe Assimilator Zealot Zealot Adept Stargate RoboticsFacility Probe,47.75,127306
382,1079036,0,52884,16.0469,52884,Stalker Adept Gateway Pylon RoboticsFacility RoboticsFacility Adept Immortal Immortal Stalker Immortal Zealot Zealot Immortal Pylon Stalker Immortal Pylon Stalker Pylon Immortal Stalker Immortal Stalker Immortal Stalker Pylon Assimilator Zealot Probe Probe Adept Stalker Assimilator Pylon Probe,47.75,127306
382,1087281,0,54002,16.1368,54002,Stalker Adept Gateway Pylon RoboticsFacility RoboticsFacility Adept Immortal Immortal Stalker Immortal Zealot Zealot Immortal Pylon Stalker Immortal Pylon Stalker Pylon Immortal Stalker Immortal Stalker Immortal Stalker Pylon Zealot Probe TwilightCouncil Probe Immortal Probe RoboticsBay,47.75,127306
395,1095903,0,55234,16.1992,55234,Stalker Adept Gateway Pylon RoboticsFacility RoboticsFacility Adept Immortal Immortal Stalker Immortal Zealot Zealot Immortal Pylon Stalker Immortal Pylon Stalker Pylon Immortal Stalker Immortal Stalker Immortal Stalker Pylon Probe Zealot Pylon Immortal Probe Stalker Stalker,47.75,127306
395,1101531,0,56043,16.243,56043,Stalker Adept Gateway Pylon RoboticsFacility RoboticsFacility Adept Immortal Immortal Stalker Immortal Zealot Zealot Immortal Pylon Stalker Immortal Pylon Stalker Pylon Immortal Stalker Immortal Stalker Immortal Stalker Pylon Probe Probe Zealot Stalker Probe Probe Assimilator RoboticsFacility Pylon Pylon,47.75,127306
421,1121193,0,58935,16.5383,58935,Stalker Adept Gateway Pylon RoboticsFacility RoboticsFacility Adept Immortal Immortal Stalker Immortal Zealot Zealot Immortal Pylon Stalker Immortal Pylon Stalker Pylon Immortal Stalker Immortal Stalker Immortal Stalker Pylon Probe Probe Zealot Probe Probe Assimilator Stargate Probe Pylon TwilightCouncil Probe,47.75,127306
421,1129397,0,60179,16.5958,60179,Stalker Adept Gateway Pylon RoboticsFacility RoboticsFacility Adept Immortal Immortal Stalker Immortal Zealot Zealot Immortal Pylon Stalker Immortal Pylon Stalker Pylon Immortal Stalker Immortal Stalker Immortal Stalker Pylon Probe Probe Zealot Probe Zealot Probe RoboticsBay Probe Gateway Pylon,47.75,127306
434,1133940,0,60933,16.6357,60933,Stalker Adept Gateway Pylon RoboticsFacility RoboticsFacility Adept Immortal Immortal Stalker Immortal Zealot Zealot Immortal Pylon Stalker Immortal Pylon Stalker Pylon Immortal Stalker Immortal Stalker Immortal Stalker Pylon Probe Probe Zealot Probe Probe RoboticsFacility Probe Adept Stargate Assimilator,47.75,127306
434,1135567,0,61202,16.6567,61202,Stalker Adept Gateway Pylon RoboticsFacility RoboticsFacility Adept Immortal Immortal Stalker Immortal Zealot Zealot Immortal Pylon Stalker Immortal Pylon Stalker Pylon Immortal Stalker Immortal Stalker Immortal Stalker Pylon Probe Probe Zealot RoboticsBay Probe Probe Probe Stalker TwilightCouncil Assimilator,47.75,127306
462,1158951,1,65798,16.9538,65798,Stalker Adept Gateway Pylon RoboticsFacility RoboticsFacility Adept Immortal Immortal Stalker Immortal Zealot Zealot Immortal Pylon Stalker Immortal Pylon Stalker Pylon Immortal Stalker Immortal Stalker Immortal Stalker Pylon Probe Probe Zealot RoboticsBay Probe Pylon Probe Probe Adept Zealot Probe,47.75,127306
475,1168427,3,68055,17.0403,68055,Stalker Adept Gateway Pylon RoboticsFacility RoboticsFacility Adept Immortal Immortal Stalker Immortal Zealot Zealot Immortal Pylon Stalker Immortal Pylon Stalker Pylon Immortal Stalker Immortal Stalker Immortal Stalker Pylon Probe Probe Zealot RoboticsBay Probe Pylon Probe Probe Stalker Adept,47.75,127306
486,1169804,4,68429,17.0649,68429,Stalker Adept Gateway Pylon RoboticsFacility RoboticsFacility Adept Immortal Immortal Stalker Immortal Zealot Zealot Immortal Pylon Stalker Immortal Pylon Stalker Pylon Immortal Stalker Immortal Stalker Immortal Stalker Pylon Probe Probe Zealot RoboticsBay Probe Pylon Probe Probe Stalker Stalker,47.75,127306
