0,0,0,0,0,0, ,0,0
0,31,0,1,0.000235,1,Stalker Pylon Probe Zealot TwilightCouncil Pylon Stargate Assimilator DarkShrine RoboticsFacility Stalker FleetBeacon Carrier TemplarArchive Zealot Stalker Assimilator Tempest Tempest Immortal Gateway Probe Immortal RoboticsFacility Adept RoboticsFacility RoboticsBay Probe Stargate Pylon,25.5,52197.2
0,91,0,3,0.005704,3,Pylon RoboticsFacility Zealot Nexus Probe Stargate Stalker Immortal Stargate TwilightCouncil FleetBeacon Assimilator Pylon Adept RoboticsBay Assimilator Stalker Carrier VoidRay Adept Stargate Zealot Pylon Immortal DarkShrine Carrier RoboticsFacility Probe,25.5,58940.2
0,210,0,7,0.006526,7,Zealot Stargate Zealot RoboticsFacility RoboticsFacility Stalker Probe Assimilator Immortal Immortal Stargate Stalker Zealot Gateway RoboticsFacility RoboticsFacility Gateway Assimilator Probe RoboticsBay FleetBeacon Pylon VoidRay Carrier Pylon Colossus Adept Gateway Probe Pylon,24,65321
0,858,0,28,0.015995,28,Gateway Stalker Stalker Gateway Zealot Pylon Stargate Gateway Assimilator TwilightCouncil VoidRay RoboticsFacility FleetBeacon Gateway VoidRay Gateway Immortal Probe Assimilator Stalker Stalker Tempest Nexus TemplarArchive Adept RoboticsBay Probe Pylon,24,67540.8
0,1781,0,58,0.031381,58,Stalker Pylon Nexus Zealot Stargate Zealot TwilightCouncil Adept TemplarArchive VoidRay Zealot Zealot VoidRay Adept Pylon DarkShrine Gateway VoidRay Zealot FleetBeacon Mothership RoboticsFacility Zealot Gateway Assimilator Nexus Adept Probe Nexus Gateway,21.25,68672
0,3482,0,113,0.053009,113,Stalker Assimilator Pylon RoboticsFacility Immortal Assimilator TwilightCouncil Adept Adept RoboticsFacility Adept Immortal Immortal Nexus RoboticsFacility Stalker Pylon Gateway Immortal Probe Nexus RoboticsFacility Probe,22.25,69292.2
0,7698,0,249,0.119803,249,Probe Stargate Adept Pylon Zealot VoidRay Stargate Stalker Adept Gateway VoidRay Pylon FleetBeacon Carrier RoboticsFacility Zealot VoidRay TwilightCouncil Adept DarkShrine Gateway RoboticsBay Probe Pylon Nexus Pylon RoboticsFacility Zealot Gateway Pylon Nexus Gateway Assimilator Probe Gateway Probe,25.5,74836.5
3,8715,0,281,0.131754,281,RoboticsFacility Adept Gateway Zealot Immortal Probe Stargate Stalker Immortal VoidRay Adept Pylon FleetBeacon Probe Adept Tempest Zealot Pylon Probe TwilightCouncil Stalker DarkShrine Stargate RoboticsFacility Assimilator Zealot Adept Nexus TemplarArchive RoboticsFacility Pylon Probe Pylon Assimilator Nexus Pylon Gateway Gateway,27.25,92299.2
16,61640,0,1967,0.921652,1967,Stargate Gateway Zealot TwilightCouncil Pylon Zealot Probe Stalker Adept Probe VoidRay Assimilator RoboticsFacility VoidRay Stalker Immortal Adept Nexus Stalker RoboticsBay Adept Adept Colossus Adept VoidRay Nexus Probe TemplarArchive DarkShrine Nexus Pylon,34.25,94195.5
29,93521,0,3055,1.48811,3055,Stargate Gateway Stalker VoidRay Stalker Stalker VoidRay Zealot RoboticsFacility Nexus VoidRay VoidRay Stargate Immortal Nexus Adept Probe Zealot RoboticsFacility RoboticsBay Stargate Immortal Stargate Pylon Pylon Assimilator Zealot Probe Gateway Zealot Gateway Pylon Pylon,28.25,94338.8
38,124320,0,4115,2.07811,4115,Stargate Gateway Stalker VoidRay Adept Zealot VoidRay Zealot Zealot Assimilator RoboticsFacility VoidRay FleetBeacon RoboticsFacility Pylon Probe Stalker RoboticsBay Pylon Tempest Adept Pylon Zealot Immortal Pylon Immortal VoidRay Stalker Assimilator Probe Immortal Probe,35.5,95314.5
51,171089,0,5740,2.94234,5740,Stargate Gateway Zealot VoidRay Stalker RoboticsFacility Assimilator Probe VoidRay Pylon RoboticsBay Stalker Stalker Stalker RoboticsFacility Adept Immortal VoidRay Assimilator Stalker Pylon Probe Zealot TwilightCouncil Gateway Stalker FleetBeacon DarkShrine Probe RoboticsFacility Probe Pylon Probe Pylon,29.5,97403.5
52,174165,0,5848,2.99282,5848,Stargate Gateway Zealot Nexus VoidRay Stalker Stalker Adept Stalker Probe Stalker Stargate Adept VoidRay Pylon Pylon VoidRay Zealot Zealot Adept VoidRay Nexus Pylon Probe Stalker Assimilator RoboticsFacility Gateway Adept VoidRay RoboticsBay TwilightCouncil Assimilator Pylon RoboticsFacility Probe,36.75,100647
132,393070,0,14349,6.1933,14349,Stargate Gateway Zealot Nexus VoidRay Stalker Stalker Probe Zealot Zealot Stalker VoidRay Pylon Stalker Zealot Zealot TwilightCouncil Pylon VoidRay Stalker Pylon Stalker VoidRay Pylon Stargate FleetBeacon Tempest Tempest Assimilator Gateway Assimilator Pylon Assimilator Pylon Probe Zealot Adept Pylon,31.5,100956
145,458939,0,17077,7.18278,17077,Stargate Gateway Zealot Nexus VoidRay Stalker Stalker Probe Pylon Gateway Stalker Pylon Stalker VoidRay Zealot Stalker Probe RoboticsFacility Adept Adept Pylon Adept Adept Immortal TwilightCouncil Zealot Stalker Gateway DarkShrine Assimilator Stalker RoboticsFacility Stalker Pylon TemplarArchive FleetBeacon Assimilator RoboticsFacility Assimilator,33.75,101769
145,474829,0,17728,7.39517,17728,Stargate Gateway Zealot Nexus VoidRay Stalker Stalker Probe Pylon Stalker Pylon Stalker Stalker VoidRay Adept Zealot VoidRay Zealot Stalker Stalker VoidRay Pylon Adept Assimilator RoboticsFacility Stargate RoboticsFacility Zealot RoboticsFacility Assimilator Stargate RoboticsBay Probe Zealot Probe VoidRay Probe Probe,35.75,106547
201,626436,0,24122,9.73966,24122,Stargate Gateway Zealot Nexus VoidRay Stalker Stalker Probe Pylon Stalker Pylon Stalker Stargate Assimilator Stalker Stalker VoidRay VoidRay VoidRay VoidRay Assimilator Adept Adept VoidRay Zealot Pylon Zealot RoboticsFacility Nexus,40,107510
285,844456,0,35796,13.2032,35796,Stargate Gateway Zealot Nexus VoidRay Stalker Stalker Probe Pylon Stalker Pylon Stalker Stargate Assimilator Stalker Stalker VoidRay VoidRay Adept Probe VoidRay Zealot Adept Stalker Probe VoidRay Stalker Adept Adept FleetBeacon Zealot TwilightCouncil Pylon Probe Pylon Probe Gateway,41,109261
286,848089,0,36038,13.2527,36038,Stargate Gateway Zealot Nexus VoidRay Stalker Stalker Probe Pylon Stalker Pylon Stalker Stargate Assimilator Stalker Stalker VoidRay VoidRay Adept Stalker VoidRay Stalker Probe VoidRay VoidRay Gateway VoidRay Adept Adept RoboticsFacility TwilightCouncil Stargate,46.75,109970
311,903024,0,40006,14.0365,40006,Stargate Gateway Zealot Nexus VoidRay Stalker Stalker Probe Pylon Stalker Pylon Stalker Stargate Assimilator Stalker Stalker VoidRay VoidRay Adept Stalker Zealot VoidRay Adept Stalker Adept VoidRay Probe Zealot Stalker TwilightCouncil TemplarArchive Adept FleetBeacon Assimilator,42.5,110151
324,907806,0,40373,14.1456,40373,Stargate Gateway Zealot Nexus VoidRay Stalker Stalker Probe Pylon Stalker Pylon Stalker Stargate Assimilator Stalker Stalker VoidRay VoidRay Adept Stalker VoidRay Adept VoidRay Zealot VoidRay Gateway TwilightCouncil Stargate Pylon Assimilator FleetBeacon Probe,40.75,110271
324,928866,0,42011,14.4915,42011,Stargate Gateway Zealot Nexus VoidRay Stalker Stalker Probe Pylon Stalker Pylon Stalker Stargate Assimilator Stalker Stalker VoidRay VoidRay Adept Stalker VoidRay Stalker VoidRay Probe VoidRay Zealot Assimilator TwilightCouncil DarkShrine Pylon VoidRay Gateway,41.25,110623
337,932826,0,42358,14.5903,42358,Stargate Gateway Zealot Nexus VoidRay Stalker Stalker Probe Pylon Stalker Pylon Stalker Stargate Assimilator Stalker Stalker VoidRay VoidRay Adept Stalker VoidRay Stalker VoidRay Zealot Stalker VoidRay Nexus RoboticsFacility Zealot RoboticsFacility,43,111693
337,953000,0,44111,14.9285,44111,Stargate Gateway Zealot Nexus VoidRay Stalker Stalker Probe Pylon Stalker Pylon Stalker Stargate Assimilator Stalker Stalker VoidRay VoidRay Adept Stalker VoidRay Stalker VoidRay VoidRay Stalker Gateway Zealot Stargate Probe Pylon Probe TwilightCouncil RoboticsFacility Probe,43,111829
350,959314,0,44687,15.0664,44687,Stargate Gateway Zealot Nexus VoidRay Stalker Stalker Probe Pylon Stalker Pylon Stalker Stargate Assimilator Stalker Stalker VoidRay VoidRay Adept Stalker VoidRay Stalker VoidRay Stalker VoidRay Assimilator Zealot FleetBeacon TwilightCouncil RoboticsFacility Probe,43,111882
350,963694,0,45088,15.1737,45088,Stargate Gateway Zealot Nexus VoidRay Stalker Stalker Probe Pylon Stalker Pylon Stalker Stargate Assimilator Stalker Stalker VoidRay VoidRay Adept Stalker VoidRay Stalker VoidRay Stalker Stalker TwilightCouncil Probe Stalker Assimilator Pylon Gateway RoboticsFacility DarkShrine Probe,41.5,111906
350,963888,0,45105,15.1751,45105,Stargate Gateway Zealot Nexus VoidRay Stalker Stalker Probe Pylon Stalker Pylon Stalker Stargate Assimilator Stalker Stalker VoidRay VoidRay Adept Stalker VoidRay Stalker VoidRay VoidRay Adept Adept TwilightCouncil Adept DarkShrine Nexus Probe,44,112013
350,965902,0,45288,15.2206,45288,Stargate Gateway Zealot Nexus VoidRay Stalker Stalker Probe Pylon Stalker Pylon Stalker Stargate Assimilator Stalker Stalker VoidRay VoidRay Adept Stalker VoidRay Stalker Stalker VoidRay Probe Stalker Assimilator Stalker Zealot TwilightCouncil DarkShrine Stalker Gateway Probe,42.5,112164
350,973739,0,46004,15.3011,46004,Stargate Gateway Zealot Nexus VoidRay Stalker Stalker Probe Pylon Stalker Pylon Stalker Stargate Assimilator Stalker Stalker VoidRay VoidRay Adept Stalker VoidRay Stalker Stalker VoidRay VoidRay Adept Stargate Adept Stalker Stargate Pylon RoboticsFacility Probe,44.5,112266
363,986994,0,47310,15.5309,47310,Stargate Gateway Zealot Nexus VoidRay Stalker Stalker Probe Pylon Stalker Pylon Stalker Stargate Assimilator Stalker Stalker VoidRay VoidRay Adept Stalker VoidRay Stalker Stalker VoidRay Stalker Adept Adept Probe Assimilator Probe FleetBeacon Probe Stargate TwilightCouncil,42.25,112355
363,994298,0,48028,15.6088,48028,Stargate Gateway Zealot Nexus VoidRay Stalker Stalker Probe Pylon Stalker Pylon Stalker Stargate Assimilator Stalker Stalker VoidRay VoidRay Adept Stalker VoidRay Stalker Stalker VoidRay Stalker Zealot VoidRay Zealot Probe Nexus Assimilator Assimilator,45.75,112704
369,996068,0,48228,15.6465,48228,Stargate Gateway Zealot Nexus VoidRay Stalker Stalker Probe Pylon Stalker Pylon Stalker Stargate Assimilator Stalker Stalker VoidRay VoidRay Adept Stalker VoidRay Stalker Stalker VoidRay Stalker Stalker Stalker Zealot Zealot Assimilator TwilightCouncil Pylon RoboticsFacility Probe,44.25,112969
376,998894,0,48547,15.7085,48547,Stargate Gateway Zealot Nexus VoidRay Stalker Stalker Probe Pylon Stalker Pylon Stalker Stargate Assimilator Stalker Stalker VoidRay VoidRay Adept Stalker VoidRay Stalker Stalker VoidRay Stalker Stalker VoidRay Adept Assimilator Gateway TwilightCouncil Stargate,46.75,112970
376,1000280,0,48705,15.7333,48705,Stargate Gateway Zealot Nexus VoidRay Stalker Stalker Probe Pylon Stalker Pylon Stalker Stargate Assimilator Stalker Stalker VoidRay VoidRay Adept Stalker VoidRay Stalker Stalker VoidRay Stalker Stalker VoidRay Stalker Pylon VoidRay Stalker Assimilator,47.25,113014
389,1015206,0,50421,15.9357,50421,Stargate Gateway Zealot Nexus VoidRay Stalker Stalker Probe Pylon Stalker Pylon Stalker Stargate Assimilator Stalker Stalker VoidRay VoidRay Adept Stalker VoidRay Stalker Stalker VoidRay Stalker VoidRay Stalker Stalker TwilightCouncil Stargate Probe RoboticsFacility,47.25,113110
402,1033853,0,52854,16.2279,52854,Stargate Gateway Zealot Nexus VoidRay Stalker Stalker Probe Pylon Stalker Pylon Stalker Stargate Assimilator Stalker Stalker VoidRay VoidRay Adept Stalker VoidRay Stalker Stalker VoidRay Stalker VoidRay Stalker Stalker Gateway Pylon Probe VoidRay,47.25,113110
414,1045994,0,54759,16.4787,54759,Stargate Gateway Zealot Nexus VoidRay Stalker Stalker Probe Pylon Stalker Pylon Stalker Stargate Assimilator Stalker Stalker VoidRay VoidRay Adept Stalker VoidRay Stalker Stalker VoidRay Stalker VoidRay Stalker Stalker Probe Pylon Assimilator VoidRay Zealot,47.25,113110
414,1053416,0,56012,16.5679,56012,Stargate Gateway Zealot Nexus VoidRay Stalker Stalker Probe Pylon Stalker Pylon Stalker Stargate Assimilator Stalker Stalker VoidRay VoidRay Adept Stalker VoidRay Stalker Stalker VoidRay Stalker VoidRay Stalker Stalker Probe Pylon VoidRay Adept Probe,47.25,113110
423,1054523,0,56238,16.5758,56238,Stargate Gateway Zealot Nexus VoidRay Stalker Stalker Probe Pylon Stalker Pylon Stalker Stargate Assimilator Stalker Stalker VoidRay VoidRay Adept Stalker VoidRay Stalker Stalker VoidRay Stalker VoidRay Stalker Stalker Pylon Probe Adept Assimilator Probe RoboticsFacility Probe,47.25,113110
423,1061364,0,57642,16.6637,57642,Stargate Gateway Zealot Nexus VoidRay Stalker Stalker Probe Pylon Stalker Pylon Stalker Stargate Assimilator Stalker Stalker VoidRay VoidRay Adept Stalker VoidRay Stalker Stalker VoidRay Stalker VoidRay Stalker Stalker Pylon Probe Probe VoidRay Zealot,47.25,113110
448,1064730,0,58351,16.7321,58351,Stargate Gateway Zealot Nexus VoidRay Stalker Stalker Probe Pylon Stalker Pylon Stalker Stargate Assimilator Stalker Stalker VoidRay VoidRay Adept Stalker VoidRay Stalker Stalker VoidRay Stalker VoidRay Stalker Stalker Pylon Probe Probe Probe Zealot Stalker Probe Probe,47.25,113110
449,1068487,1,59186,16.8146,59186,Stargate Gateway Zealot Nexus VoidRay Stalker Stalker Probe Pylon Stalker Pylon Stalker Stargate Assimilator Stalker Stalker VoidRay VoidRay Adept Stalker VoidRay Stalker Stalker VoidRay Stalker VoidRay Stalker Stalker Pylon Assimilator Probe Probe Probe Adept Stalker,47.25,113110
