0,0,0,0,0,0, ,0,0
0,31,0,1,0.000249,1,Stargate Stalker Adept RoboticsFacility Stargate Adept Pylon Stargate Immortal RoboticsBay Assimilator Nexus Colossus TwilightCouncil Probe Pylon Colossus TemplarArchive Stalker Assimilator Stargate Adept DarkShrine Pylon Colossus Probe Adept Stargate FleetBeacon Gateway,21,47513.2
0,87,0,3,0.000653,3,Adept Probe Stargate Pylon FleetBeacon Assimilator TwilightCouncil Stalker Zealot RoboticsFacility Assimilator Carrier Stargate RoboticsFacility Stargate VoidRay Nexus VoidRay Immortal Gateway TemplarArchive Pylon Pylon Zealot VoidRay Probe Probe,22.75,54285
0,233,0,8,0.001711,8,Probe Zealot Assimilator RoboticsFacility TwilightCouncil Adept Gateway Zealot RoboticsFacility RoboticsFacility Adept RoboticsFacility Immortal Nexus Adept Immortal TemplarArchive Immortal Stalker Immortal Zealot Zealot Pylon Stalker Adept Immortal Nexus Adept Assimilator,31.25,68735.8
0,1729,0,57,0.025675,57,RoboticsFacility Pylon Stalker Stalker RoboticsBay Stalker Probe Nexus Colossus TwilightCouncil Stalker TemplarArchive Gateway Nexus Probe Immortal Gateway Assimilator Stalker Zealot Immortal Probe Stalker Adept Colossus RoboticsFacility Immortal Assimilator Probe Gateway Adept Assimilator Colossus Probe,30.25,77813
0,2657,0,87,0.032397,87,Stargate Probe Adept Pylon Adept Pylon RoboticsFacility Pylon Adept Gateway Gateway Probe VoidRay Stalker Zealot Stalker Assimilator RoboticsFacility RoboticsBay Stalker Pylon Stalker Nexus Pylon Colossus VoidRay Assimilator Zealot Stalker Colossus Immortal RoboticsFacility Gateway Adept Probe,32.5,78722.8
0,4271,0,139,0.057063,139,Adept RoboticsFacility Adept RoboticsFacility Immortal Pylon Zealot Immortal Gateway Adept Probe TwilightCouncil Probe Adept DarkShrine Adept Assimilator Zealot Zealot Nexus DarkTemplar Stargate Adept RoboticsFacility Stalker Probe Adept TemplarArchive Pylon Nexus Immortal Zealot Immortal Adept RoboticsBay Assimilator,28.25,80395.2
6,10460,0,342,0.152995,342,Stargate Pylon Gateway Adept Zealot VoidRay Assimilator Stalker VoidRay Pylon Stalker Adept Assimilator TwilightCouncil RoboticsFacility VoidRay Probe Stalker Probe Stalker DarkShrine RoboticsBay Stargate Nexus RoboticsFacility Probe Immortal DarkTemplar VoidRay,22.5,85738.5
11,24740,0,801,0.344093,801,Gateway Stalker Adept Stargate Pylon Assimilator Stargate VoidRay VoidRay Stalker VoidRay Probe Probe TwilightCouncil VoidRay Probe VoidRay Gateway Pylon DarkShrine DarkTemplar Adept Nexus RoboticsFacility Adept RoboticsBay Adept Adept Stargate RoboticsFacility FleetBeacon RoboticsFacility Assimilator,29.75,90164.2
12,46981,0,1516,0.656396,1516,Gateway RoboticsFacility Adept Adept TwilightCouncil Gateway Stalker Immortal Stalker Stalker Stalker Stalker Adept Adept Pylon Pylon Adept RoboticsBay DarkShrine Colossus Zealot Nexus Gateway Gateway DarkTemplar Stalker Zealot Immortal RoboticsFacility RoboticsFacility Assimilator Zealot Assimilator DarkTemplar Adept TemplarArchive,34.75,97110.2
145,495862,0,17575,7.38305,17575,Gateway RoboticsFacility Adept Adept TwilightCouncil Gateway Stalker Immortal Stalker Stalker Probe Adept Pylon Pylon Zealot Gateway Immortal DarkShrine Gateway RoboticsFacility Assimilator Zealot Stalker Immortal Adept DarkTemplar Immortal Assimilator Gateway Gateway Gateway TemplarArchive Pylon Zealot Stalker Probe,31.5,97523.2
159,540312,0,19400,8.0627,19400,Gateway RoboticsFacility Adept Adept TwilightCouncil Gateway Stalker Immortal Stalker Stalker Pylon Zealot Immortal Stalker Stalker Immortal Pylon Assimilator Pylon Zealot Stalker RoboticsFacility RoboticsBay Immortal Probe Immortal Stalker Assimilator Stalker DarkShrine Pylon Pylon Zealot RoboticsFacility,37.25,111017
232,748409,0,28608,11.2696,28608,Gateway RoboticsFacility Adept Adept TwilightCouncil Gateway Stalker Immortal Stalker Stalker Pylon Zealot Immortal Stalker Gateway Stalker Probe Stalker Pylon Stalker Immortal Stalker Pylon DarkShrine Immortal Probe Immortal RoboticsBay TemplarArchive Pylon Stargate Zealot Probe Assimilator Assimilator Adept Immortal Zealot Gateway,36.25,112312
260,822292,0,32321,12.5428,32321,Gateway RoboticsFacility Adept Adept TwilightCouncil Gateway Stalker Immortal Stalker Stalker Pylon Zealot Immortal Stalker Gateway Stalker Pylon Adept Adept Adept Adept RoboticsBay Stalker Pylon Adept Stalker Assimilator Immortal Adept Adept DarkShrine Nexus Assimilator Pylon Zealot Stalker,35.75,113610
