0,0,0,0,0,0, ,0,0
0,27,0,1,0.000231,1,Nexus Stargate Assimilator Gateway Stargate Zealot Pylon Zealot VoidRay Zealot Adept Nexus FleetBeacon Stargate Tempest Adept Carrier Stalker VoidRay RoboticsFacility Stalker Probe Pylon Stargate Probe Immortal,27.25,50797.2
0,95,0,3,0.000744,3,RoboticsFacility RoboticsFacility Immortal Gateway Pylon TwilightCouncil TemplarArchive Assimilator Zealot Assimilator Zealot Stalker RoboticsBay Adept Immortal Immortal Pylon Gateway Gateway Stalker Immortal Zealot Pylon Zealot Immortal Pylon DarkShrine,23.75,66393.5
0,585,0,18,0.004292,18,Adept Gateway Adept Probe Zealot Gateway Stargate Stargate Stalker Gateway Stalker Assimilator Pylon Adept Adept Probe VoidRay Adept RoboticsFacility Pylon Pylon Gateway Adept Zealot RoboticsFacility RoboticsBay Assimilator Stalker Stargate RoboticsFacility Stargate RoboticsFacility Immortal Colossus Zealot Gateway,22.5,72801
0,748,0,23,0.005507,23,Gateway RoboticsFacility Immortal Zealot Stargate Pylon Stalker Stargate Gateway RoboticsFacility VoidRay Pylon Adept Stalker Zealot RoboticsBay Immortal Adept Stalker Stargate Probe Gateway Adept Immortal FleetBeacon Stalker Adept Assimilator Zealot Gateway Gateway Pylon Stargate Zealot Probe Adept Pylon Pylon,30.25,77560.5
0,7504,0,239,0.105345,239,Gateway Stargate Assimilator Stalker VoidRay RoboticsFacility Adept Pylon VoidRay Immortal Nexus Adept RoboticsFacility Assimilator Immortal FleetBeacon VoidRay Pylon RoboticsBay Pylon Carrier Probe Adept,23.75,78812
11,16209,0,521,0.217514,521,RoboticsFacility RoboticsFacility TwilightCouncil Immortal Immortal Zealot Nexus Adept Probe Gateway Zealot RoboticsBay Probe Pylon Zealot Immortal Probe Stalker Immortal Immortal TemplarArchive DarkShrine Immortal Probe Immortal Probe Pylon Stargate Pylon Assimilator Stargate Gateway Probe Gateway Stalker Gateway Probe Adept Probe Probe Pylon,32.25,85865.2
12,62435,0,2022,0.86225,2022,RoboticsFacility Zealot Immortal Stargate Nexus Probe Immortal VoidRay RoboticsFacility Zealot Adept VoidRay RoboticsBay Adept Colossus RoboticsFacility Zealot Immortal FleetBeacon Nexus Assimilator Nexus TwilightCouncil Gateway Probe Assimilator RoboticsFacility Pylon Pylon,29.75,87072.8
22,69028,0,2243,0.95786,2243,RoboticsFacility RoboticsFacility Adept Assimilator Probe Immortal Immortal Probe RoboticsFacility Immortal RoboticsBay RoboticsFacility Pylon Adept Zealot Immortal Immortal Pylon Immortal Assimilator Zealot Adept Pylon Nexus Stalker Zealot Nexus RoboticsFacility,30,93114.2
52,184299,0,6152,2.78817,6152,RoboticsFacility RoboticsFacility Adept Stalker Immortal Pylon Zealot Immortal Stargate Immortal VoidRay Pylon Stalker Probe Gateway TwilightCouncil Zealot DarkShrine Pylon Adept Zealot Nexus Stalker Pylon Stargate Nexus TemplarArchive RoboticsFacility Zealot Probe Gateway Nexus Stargate,27,93921
55,192949,0,6451,2.93328,6451,RoboticsFacility RoboticsFacility Adept Stalker Immortal Immortal Immortal Stalker Stalker Adept Pylon Stalker Stalker Pylon Immortal Zealot Probe Assimilator Gateway Adept Adept Assimilator RoboticsFacility RoboticsBay Pylon TwilightCouncil Pylon Nexus Zealot Pylon Stargate RoboticsFacility Gateway Probe Pylon Stargate Probe,28.5,94206.8
55,193667,0,6476,2.94249,6476,RoboticsFacility RoboticsFacility Adept Stalker Pylon Probe Pylon Immortal Stalker Immortal Gateway Probe Probe Immortal Assimilator Assimilator Immortal Immortal RoboticsFacility Gateway Zealot Zealot Immortal Stalker RoboticsFacility RoboticsFacility RoboticsBay Stargate RoboticsFacility Pylon Gateway Probe Gateway Probe,31,103865
150,470657,0,16285,6.84781,16285,RoboticsFacility RoboticsFacility Adept Stalker Pylon Probe Pylon Immortal Probe Probe Probe Immortal Immortal Immortal Nexus Adept Nexus Immortal Pylon Gateway Immortal Immortal Zealot Gateway Stalker Zealot Probe RoboticsFacility Adept Stalker Gateway Probe TwilightCouncil Adept DarkShrine Stargate Gateway Stalker Stargate Pylon Probe,38.5,107223
150,487542,0,16911,7.10342,16911,RoboticsFacility RoboticsFacility Adept Stalker Pylon Probe Pylon Immortal Pylon Immortal Immortal Immortal Stargate Immortal Stalker Gateway RoboticsFacility Assimilator Stalker FleetBeacon Zealot Adept Probe Adept VoidRay Assimilator Adept Stalker TwilightCouncil Adept Nexus DarkShrine,37,107302
150,492026,0,17079,7.19426,17079,RoboticsFacility RoboticsFacility Adept Stalker Pylon Probe Pylon Immortal Adept Gateway Immortal Immortal Immortal Immortal Stalker Nexus Nexus Probe Adept Immortal Probe Zealot Stalker TwilightCouncil Zealot Zealot Assimilator Nexus Immortal Probe Probe RoboticsBay DarkShrine Assimilator,34.5,107390
171,568743,0,19983,8.39542,19983,RoboticsFacility RoboticsFacility Adept Stalker Pylon Probe Pylon Immortal Adept Gateway Immortal RoboticsBay Pylon Immortal Zealot Immortal Pylon Zealot Colossus Assimilator Immortal RoboticsFacility Immortal Gateway Assimilator Stalker Zealot Probe Gateway Zealot Nexus Probe Probe,37.5,107729
181,581938,0,20511,8.63267,20511,RoboticsFacility RoboticsFacility Adept Stalker Pylon Probe Pylon Immortal Adept Gateway Immortal RoboticsBay Zealot Zealot RoboticsFacility Immortal Probe Immortal Immortal Zealot Immortal Pylon Zealot Stalker Stalker Pylon Immortal TwilightCouncil RoboticsFacility Zealot Pylon Pylon Immortal Nexus RoboticsFacility,39,108640
194,622751,0,22124,9.29873,22124,RoboticsFacility RoboticsFacility Adept Stalker Pylon Probe Pylon Immortal Adept Gateway Immortal Pylon Probe Immortal Immortal Immortal RoboticsFacility Probe Adept Stalker Assimilator Pylon TwilightCouncil Immortal Zealot Adept Stalker Immortal DarkShrine Gateway RoboticsFacility Stargate Gateway RoboticsBay Pylon Stalker TemplarArchive,37.5,112119
208,684803,0,24691,10.1842,24691,RoboticsFacility RoboticsFacility Adept Stalker Pylon Probe Pylon Immortal Adept Gateway Immortal Pylon Immortal Stalker Probe Adept Immortal Immortal Pylon Immortal Pylon RoboticsBay Zealot Probe Pylon Gateway Zealot Immortal TwilightCouncil Assimilator DarkShrine TemplarArchive Immortal Adept Adept Stargate Stalker Gateway,36.75,113042
208,685807,0,24734,10.1968,24734,RoboticsFacility RoboticsFacility Adept Stalker Pylon Probe Pylon Immortal Adept Gateway Immortal Pylon Immortal Immortal Immortal Assimilator Immortal Pylon RoboticsBay Stalker Stalker Immortal Stalker Gateway Stalker Adept Assimilator Colossus Probe Stalker RoboticsFacility Probe,38.75,114983
221,747555,0,27426,11.16,27426,RoboticsFacility RoboticsFacility Adept Stalker Pylon Probe Pylon Immortal Adept Gateway Immortal Pylon Immortal Immortal Immortal Adept Pylon Immortal Stalker Stalker Stalker Zealot Pylon Zealot RoboticsBay Stargate Stargate Adept Zealot Stargate Colossus Gateway Assimilator Adept Gateway Probe Zealot Probe,37.5,116694
221,759200,0,27947,11.3133,27947,RoboticsFacility RoboticsFacility Adept Stalker Pylon Probe Pylon Immortal Adept Gateway Immortal Pylon Immortal Stalker Immortal Zealot Immortal Zealot Immortal Adept Probe Zealot Pylon RoboticsFacility Nexus Stargate Immortal RoboticsBay Adept Probe Stalker Zealot Assimilator Gateway Zealot VoidRay Assimilator,39.5,116787
234,779094,0,28871,11.6313,28871,RoboticsFacility RoboticsFacility Adept Stalker Pylon Probe Pylon Immortal Adept Gateway Immortal Pylon Immortal Stalker Immortal Adept Zealot Immortal Immortal Probe Zealot Pylon Immortal Zealot Pylon TwilightCouncil Probe Pylon Nexus Assimilator Immortal Adept DarkShrine Adept Immortal Probe,41.5,119231
234,789083,0,29337,11.8274,29337,RoboticsFacility RoboticsFacility Adept Stalker Pylon Probe Pylon Immortal Adept Gateway Immortal Pylon Immortal Stalker Immortal Immortal Stalker Zealot Assimilator Pylon Immortal Immortal TwilightCouncil Immortal Assimilator RoboticsBay Zealot Probe TemplarArchive Immortal Pylon Probe,39.75,119266
247,807870,0,30223,12.0746,30223,RoboticsFacility RoboticsFacility Adept Stalker Pylon Probe Pylon Immortal Adept Gateway Immortal Pylon Immortal Stalker Immortal Immortal Stalker Stalker Immortal Gateway Immortal RoboticsFacility Adept Pylon Nexus Assimilator TwilightCouncil Immortal Nexus Stalker,37,120276
247,814183,0,30540,12.1351,30540,RoboticsFacility RoboticsFacility Adept Stalker Pylon Probe Pylon Immortal Adept Gateway Immortal Pylon Immortal Stalker Immortal Immortal Adept Adept Pylon Immortal Adept Stalker Probe RoboticsFacility Probe Adept RoboticsFacility Immortal Adept Probe Stargate Nexus RoboticsBay Stalker TwilightCouncil Assimilator Gateway Gateway,40.25,121714
247,821280,0,30894,12.2451,30894,RoboticsFacility RoboticsFacility Adept Stalker Pylon Probe Pylon Immortal Adept Gateway Immortal Pylon Immortal Stalker Immortal Zealot Stalker Immortal Adept Immortal Zealot Immortal Zealot Stargate Assimilator FleetBeacon RoboticsFacility TwilightCouncil RoboticsFacility Pylon VoidRay Stalker Probe Probe,38.25,122912
247,837804,0,31716,12.465,31716,RoboticsFacility RoboticsFacility Adept Stalker Pylon Probe Pylon Immortal Adept Gateway Immortal Pylon Immortal Stalker Immortal Stalker Stalker Pylon Adept Immortal Adept Probe Pylon Immortal Adept Stalker Immortal RoboticsFacility Probe RoboticsFacility Adept Immortal Stargate Immortal Pylon Probe Probe Pylon Assimilator,46.25,124454
273,892741,0,34543,13.2104,34543,RoboticsFacility RoboticsFacility Adept Stalker Pylon Probe Pylon Immortal Adept Gateway Immortal Pylon Immortal Stalker Immortal Stalker Stalker Immortal Stalker Immortal Immortal Zealot RoboticsBay TwilightCouncil Stalker TemplarArchive Pylon Probe Adept RoboticsFacility Probe Immortal Pylon Assimilator Assimilator Pylon Gateway,40.25,125732
273,921544,0,36077,13.606,36077,RoboticsFacility RoboticsFacility Adept Stalker Pylon Probe Pylon Immortal Adept Gateway Immortal Pylon Immortal Stalker Immortal Stalker Stalker Immortal Stalker Adept Immortal Immortal Zealot Assimilator TwilightCouncil TemplarArchive Assimilator RoboticsBay Nexus Nexus,39.75,125912
286,925262,0,36287,13.6565,36287,RoboticsFacility RoboticsFacility Adept Stalker Pylon Probe Pylon Immortal Adept Gateway Immortal Pylon Immortal Stalker Immortal Stalker Stalker Immortal Immortal Adept TwilightCouncil Adept Stalker Pylon Stalker Zealot Immortal Gateway Adept Gateway Nexus Pylon Stalker Stargate Probe,44,126111
286,934960,0,36848,13.7814,36848,RoboticsFacility RoboticsFacility Adept Stalker Pylon Probe Pylon Immortal Adept Gateway Immortal Pylon Immortal Stalker Immortal Stalker Stalker Immortal Probe Immortal Zealot Immortal Stalker Pylon RoboticsBay Immortal Pylon Adept Immortal Zealot Adept Probe Probe Assimilator TwilightCouncil Assimilator Stargate Gateway,49.5,128339
286,937476,0,36991,13.8131,36991,RoboticsFacility RoboticsFacility Adept Stalker Pylon Probe Pylon Immortal Adept Gateway Immortal Pylon Immortal Stalker Immortal Stalker Stalker Immortal Adept Immortal Pylon Stalker Immortal Stalker Immortal Probe Nexus Nexus Stalker Assimilator Gateway Probe Assimilator,44.25,128934
305,991648,0,40191,14.6109,40191,RoboticsFacility RoboticsFacility Adept Stalker Pylon Probe Pylon Immortal Adept Gateway Immortal Pylon Immortal Stalker Immortal Stalker Stalker Immortal Adept Immortal Immortal Zealot Pylon Adept Immortal Zealot Pylon TwilightCouncil Immortal Zealot Immortal Gateway TemplarArchive,48.75,129347
312,992137,0,40223,14.6146,40223,RoboticsFacility RoboticsFacility Adept Stalker Pylon Probe Pylon Immortal Adept Gateway Immortal Pylon Immortal Stalker Immortal Stalker Stalker Immortal Adept Immortal Stalker Immortal Pylon Immortal Stalker RoboticsBay RoboticsFacility Stalker Nexus Nexus Probe,46,129982
312,1020304,0,42083,15.0238,42083,RoboticsFacility RoboticsFacility Adept Stalker Pylon Probe Pylon Immortal Adept Gateway Immortal Pylon Immortal Stalker Immortal Stalker Stalker Immortal Adept Immortal Stalker Immortal Pylon Immortal Adept Gateway Adept RoboticsFacility Stalker Stargate Nexus Pylon RoboticsFacility,46.75,130477
325,1037481,0,43278,15.288,43278,RoboticsFacility RoboticsFacility Adept Stalker Pylon Probe Pylon Immortal Adept Gateway Immortal Pylon Immortal Stalker Immortal Stalker Stalker Immortal Adept Immortal Stalker Immortal Adept Assimilator Pylon Immortal Zealot Stalker RoboticsBay Assimilator RoboticsFacility RoboticsFacility RoboticsFacility,46.5,130610
325,1038833,0,43372,15.3107,43372,RoboticsFacility RoboticsFacility Adept Stalker Pylon Probe Pylon Immortal Adept Gateway Immortal Pylon Immortal Stalker Immortal Stalker Stalker Immortal Adept Immortal Stalker Immortal Adept Pylon Immortal Stalker Assimilator Stargate Adept Nexus FleetBeacon,46.75,131179
325,1038866,0,43374,15.311,43374,RoboticsFacility RoboticsFacility Adept Stalker Pylon Probe Pylon Immortal Adept Gateway Immortal Pylon Immortal Stalker Immortal Stalker Stalker Immortal Adept Immortal Stalker Immortal Pylon Stalker Zealot Immortal Pylon Stalker Zealot Zealot Nexus Zealot Pylon Pylon Probe,48,131754
350,1085788,0,47021,15.9704,47021,RoboticsFacility RoboticsFacility Adept Stalker Pylon Probe Pylon Immortal Adept Gateway Immortal Pylon Immortal Stalker Immortal Stalker Stalker Immortal Adept Immortal Stalker Immortal Pylon Stalker Stalker Immortal Adept Assimilator Pylon RoboticsFacility Gateway Zealot RoboticsBay Assimilator Zealot Probe,48.25,131825
350,1097795,0,47990,16.147,47990,RoboticsFacility RoboticsFacility Adept Stalker Pylon Probe Pylon Immortal Adept Gateway Immortal Pylon Immortal Stalker Immortal Stalker Stalker Immortal Adept Immortal Stalker Immortal Pylon Stalker Immortal Stalker Zealot RoboticsBay TwilightCouncil Pylon Colossus Pylon Adept Gateway,47,131836
363,1104707,0,48581,16.2609,48581,RoboticsFacility RoboticsFacility Adept Stalker Pylon Probe Pylon Immortal Adept Gateway Immortal Pylon Immortal Stalker Immortal Stalker Stalker Immortal Adept Immortal Stalker Immortal Pylon Stalker Immortal Stalker Stalker RoboticsFacility RoboticsFacility TwilightCouncil Gateway Gateway Pylon Stargate,47.75,132277
363,1115406,0,49493,16.4035,49493,RoboticsFacility RoboticsFacility Adept Stalker Pylon Probe Pylon Immortal Adept Gateway Immortal Pylon Immortal Stalker Immortal Stalker Stalker Immortal Adept Immortal Stalker Immortal Pylon Stalker Stalker Immortal Pylon Stalker Adept Immortal RoboticsBay Pylon Gateway Adept Assimilator,49,132325
388,1146843,0,52418,16.871,52418,RoboticsFacility RoboticsFacility Adept Stalker Pylon Probe Pylon Immortal Adept Gateway Immortal Pylon Immortal Stalker Immortal Stalker Stalker Immortal Adept Immortal Stalker Immortal Pylon Stalker Stalker Immortal Stalker Pylon Assimilator Adept Assimilator Adept Gateway TwilightCouncil Adept Probe,50.25,132339
388,1149315,0,52685,16.9009,52685,RoboticsFacility RoboticsFacility Adept Stalker Pylon Probe Pylon Immortal Adept Gateway Immortal Pylon Immortal Stalker Immortal Stalker Stalker Immortal Adept Immortal Stalker Immortal Pylon Stalker Stalker Immortal Stalker Pylon Stalker Pylon RoboticsBay RoboticsFacility Assimilator Stargate Assimilator Pylon,49.5,132414
388,1150991,0,52867,16.9255,52867,RoboticsFacility RoboticsFacility Adept Stalker Pylon Probe Pylon Immortal Adept Gateway Immortal Pylon Immortal Stalker Immortal Stalker Stalker Immortal Adept Immortal Stalker Immortal Pylon Stalker Stalker Immortal Stalker Pylon RoboticsBay Stalker Zealot Assimilator Stalker TwilightCouncil Probe Probe Pylon,50.5,132479
396,1170015,0,55113,17.185,55113,RoboticsFacility RoboticsFacility Adept Stalker Pylon Probe Pylon Immortal Adept Gateway Immortal Pylon Immortal Stalker Immortal Stalker Stalker Immortal Adept Immortal Stalker Immortal Pylon Stalker Stalker Immortal Stalker Pylon Stalker Probe Gateway Zealot Zealot RoboticsFacility Probe RoboticsBay Assimilator,50.5,132479
430,1177273,0,56030,17.274,56030,RoboticsFacility RoboticsFacility Adept Stalker Pylon Probe Pylon Immortal Adept Gateway Immortal Pylon Immortal Stalker Immortal Stalker Stalker Immortal Adept Immortal Stalker Immortal Pylon Stalker Stalker Immortal Stalker Pylon Stalker RoboticsBay Zealot Assimilator Probe Gateway Assimilator Stalker Pylon,50.5,132479
443,1182923,0,56735,17.3534,56735,RoboticsFacility RoboticsFacility Adept Stalker Pylon Probe Pylon Immortal Adept Gateway Immortal Pylon Immortal Stalker Immortal Stalker Stalker Immortal Adept Immortal Stalker Immortal Pylon Stalker Stalker Immortal Stalker Pylon Stargate Stalker Probe Zealot Pylon Probe Stalker Stargate Adept,50.5,132479
488,1221739,0,62445,17.9298,62445,RoboticsFacility RoboticsFacility Adept Stalker Pylon Probe Pylon Immortal Adept Gateway Immortal Pylon Immortal Stalker Immortal Stalker Stalker Immortal Adept Immortal Stalker Immortal Pylon Stalker Stalker Immortal Stalker Pylon Stargate Stalker Probe Zealot Probe Probe FleetBeacon Probe Pylon,50.5,132479
488,1227000,0,63315,18.0029,63315,RoboticsFacility RoboticsFacility Adept Stalker Pylon Probe Pylon Immortal Adept Gateway Immortal Pylon Immortal Stalker Immortal Stalker Stalker Immortal Adept Immortal Stalker Immortal Pylon Stalker Stalker Immortal Stalker Pylon Stargate Stalker Probe Zealot Probe TwilightCouncil Probe Probe RoboticsBay Assimilator,50.5,132479
514,1243234,0,66271,18.2255,66271,RoboticsFacility RoboticsFacility Adept Stalker Pylon Probe Pylon Immortal Adept Gateway Immortal Pylon Immortal Stalker Immortal Stalker Stalker Immortal Adept Immortal Stalker Immortal Pylon Stalker Stalker Immortal Stalker Pylon Stargate Stalker Probe Zealot Probe Probe Pylon Probe Stalker Gateway Probe,50.5,132479
514,1250383,0,67701,18.3377,67701,RoboticsFacility RoboticsFacility Adept Stalker Pylon Probe Pylon Immortal Adept Gateway Immortal Pylon Immortal Stalker Immortal Stalker Stalker Immortal Adept Immortal Stalker Immortal Pylon Stalker Stalker Immortal Stalker Pylon Stargate Stalker Probe Zealot Probe Probe Pylon Probe Immortal Probe,50.5,132479
524,1253279,0,68307,18.3849,68307,RoboticsFacility RoboticsFacility Adept Stalker Pylon Probe Pylon Immortal Adept Gateway Immortal Pylon Immortal Stalker Immortal Stalker Stalker Immortal Adept Immortal Stalker Immortal Pylon Stalker Stalker Immortal Stalker Pylon Stargate Stalker Probe Zealot Probe Probe Pylon Probe VoidRay Probe,50.5,132479
575,1273219,9,73174,18.6563,73174,RoboticsFacility RoboticsFacility Adept Stalker Pylon Probe Pylon Immortal Adept Gateway Immortal Pylon Immortal Stalker Immortal Stalker Stalker Immortal Adept Immortal Stalker Immortal Pylon Stalker Stalker Immortal Stalker Pylon Stargate Stalker Probe Zealot Probe Probe Pylon Probe VoidRay Probe,50.5,132479
