0,0,0,0,0,0, ,0,0
0,32,0,1,0.007272,1,Pylon Stargate Probe Probe Nexus Adept Zealot Nexus Gateway Pylon Assimilator Stargate Pylon Adept VoidRay FleetBeacon Nexus Gateway Probe Stalker Adept Nexus Assimilator Gateway Tempest Stargate Tempest Zealot Stargate Zealot Probe,14.75,36555.8
0,86,0,3,0.00769,3,Gateway Stalker Nexus Stargate RoboticsFacility Stalker VoidRay Stalker Probe RoboticsFacility Stargate RoboticsBay Nexus Gateway Immortal Assimilator Probe FleetBeacon Nexus Immortal Stargate Gateway Carrier Stargate Carrier Probe Assimilator,16.75,55199.2
0,283,0,9,0.009095,9,Stargate Gateway Probe RoboticsFacility Pylon Pylon Pylon Gateway Stalker RoboticsFacility Zealot RoboticsFacility Immortal Zealot Gateway Adept Immortal Stalker Immortal Probe Pylon Zealot Stargate Nexus Assimilator Stargate Assimilator Stargate Zealot RoboticsBay Zealot FleetBeacon Gateway Zealot Probe Gateway Probe,21,67756.2
0,415,0,13,0.010026,13,Gateway Stalker Probe TwilightCouncil Stalker Zealot Stalker RoboticsFacility Stalker Gateway RoboticsBay Assimilator Stalker Probe Gateway Nexus RoboticsFacility TemplarArchive Zealot Colossus Probe Immortal Adept Nexus Stalker Adept Assimilator Stargate Gateway Zealot Immortal Colossus Pylon,24.75,73233.5
0,1065,0,34,0.029584,34,Pylon RoboticsFacility Adept Immortal Pylon Stargate Probe VoidRay Gateway Probe Immortal Assimilator VoidRay Assimilator Zealot Probe Probe RoboticsBay TwilightCouncil Colossus FleetBeacon TemplarArchive Probe Colossus Nexus Stalker Pylon Tempest RoboticsFacility Adept DarkShrine Pylon Probe,29.5,78513.8
0,4240,0,136,0.0631,136,Stargate Pylon RoboticsFacility Adept Stalker Immortal Immortal Adept Probe VoidRay Zealot TwilightCouncil VoidRay Probe Gateway Assimilator Probe Immortal Pylon Assimilator TemplarArchive Immortal Adept RoboticsFacility Zealot Pylon VoidRay Zealot RoboticsBay Pylon Pylon Stargate Adept Zealot Gateway,35.5,97390.8
24,90605,0,3001,1.29988,3001,Stargate Stalker Zealot VoidRay Zealot Stargate VoidRay Nexus Pylon Stalker VoidRay VoidRay Gateway TwilightCouncil Probe Adept VoidRay Zealot VoidRay Zealot TemplarArchive Stalker DarkShrine Stalker Assimilator Assimilator Nexus Stalker Pylon Assimilator Gateway Gateway Probe Pylon Pylon,34.5,99549.8
38,137761,0,4603,1.97969,4603,Stargate Stalker Adept Gateway VoidRay VoidRay Stalker Pylon Nexus Stalker VoidRay Stalker Assimilator Probe Zealot Stalker RoboticsFacility Stalker FleetBeacon VoidRay Tempest Tempest RoboticsFacility Nexus Probe Nexus Adept,33,101142
106,392771,0,13952,5.68622,13952,Stargate Stalker Adept Gateway VoidRay VoidRay Stalker Probe Stalker Assimilator Zealot Stargate Pylon Pylon Stalker Gateway Stalker VoidRay VoidRay Stalker Assimilator Stalker Adept Zealot Stargate Pylon Stargate Gateway Pylon Probe RoboticsFacility Gateway TwilightCouncil Zealot Probe,32.75,109018
158,586771,0,22045,8.4894,22045,Stargate Stalker Adept Gateway VoidRay VoidRay Stalker Probe Stalker Assimilator Zealot Stargate Pylon Stalker Gateway VoidRay Adept VoidRay Pylon Adept VoidRay Zealot Pylon Assimilator RoboticsFacility FleetBeacon Zealot Adept RoboticsBay RoboticsFacility Adept Gateway Probe,35,109425
171,620792,0,23711,8.9592,23711,Stargate Stalker Adept Gateway VoidRay VoidRay Stalker Probe Stalker Assimilator Zealot Pylon Pylon Assimilator Stargate Zealot VoidRay Adept VoidRay Adept Pylon VoidRay Stalker Stalker Stalker Adept Adept Nexus RoboticsFacility Stargate,38.75,111439
269,881313,0,39767,12.705,39767,Stargate Stalker Adept Gateway VoidRay VoidRay Stalker Probe Stalker Assimilator Zealot Pylon Pylon Assimilator Stargate Zealot VoidRay Adept VoidRay Stalker VoidRay Zealot Pylon VoidRay Gateway Stalker TwilightCouncil Probe Probe Nexus,38.25,111467
269,885139,0,40089,12.7584,40089,Stargate Stalker Adept Gateway VoidRay VoidRay Stalker Probe Stalker Assimilator Zealot Pylon Pylon Assimilator Stargate Zealot VoidRay Adept VoidRay Stalker VoidRay Adept Pylon Stalker VoidRay Stargate TwilightCouncil Stargate Adept Gateway Pylon,38.5,111948
281,887621,0,40310,12.8024,40310,Stargate Stalker Adept Gateway VoidRay VoidRay Stalker Probe Stalker Assimilator Zealot Pylon Pylon Assimilator Stargate Zealot VoidRay Adept VoidRay Stalker VoidRay Pylon VoidRay Stalker Probe Stalker TwilightCouncil Stargate Pylon Stargate Probe Zealot Pylon,39,112513
281,897180,0,41155,12.9292,41155,Stargate Stalker Adept Gateway VoidRay VoidRay Stalker Probe Stalker Assimilator Zealot Pylon Pylon Assimilator Stargate Zealot VoidRay Adept VoidRay Stalker VoidRay Adept Pylon VoidRay Adept Stalker Pylon Nexus Zealot Adept,39.75,113195
348,951730,0,46959,13.6811,46959,Stargate Stalker Adept Gateway VoidRay VoidRay Stalker Probe Stalker Assimilator Zealot Pylon Pylon Assimilator Stargate Zealot VoidRay Adept VoidRay Stalker VoidRay Adept Pylon VoidRay Stalker Stalker Nexus Gateway Pylon,40.25,113499
360,963722,0,48415,13.8423,48415,Stargate Stalker Adept Gateway VoidRay VoidRay Stalker Probe Stalker Assimilator Zealot Pylon Pylon Assimilator Stargate Zealot VoidRay Adept VoidRay Stalker VoidRay Adept Pylon VoidRay Stalker Stalker Pylon Probe Stalker Pylon Gateway Probe Adept,42,113613
371,984965,0,51577,14.1263,51577,Stargate Stalker Adept Gateway VoidRay VoidRay Stalker Probe Stalker Assimilator Zealot Pylon Pylon Assimilator Stargate Zealot VoidRay Adept VoidRay Stalker VoidRay Adept Pylon VoidRay Stalker Stalker Pylon Probe Stalker Zealot RoboticsFacility Pylon Probe,43,113619
378,987931,0,52065,14.159,52065,Stargate Stalker Adept Gateway VoidRay VoidRay Stalker Probe Stalker Assimilator Zealot Pylon Pylon Assimilator Stargate Zealot VoidRay Adept VoidRay Stalker VoidRay Adept Pylon VoidRay Stalker Stalker Pylon Zealot Nexus Probe,41.25,113628
378,988197,0,52121,14.1608,52121,Stargate Stalker Adept Gateway VoidRay VoidRay Stalker Probe Stalker Assimilator Zealot Pylon Pylon Assimilator Stargate Zealot VoidRay Adept VoidRay Stalker VoidRay Adept Pylon VoidRay Stalker Stalker Pylon Zealot Gateway VoidRay Probe,41.25,113628
378,988342,0,52149,14.1747,52149,Stargate Stalker Adept Gateway VoidRay VoidRay Stalker Probe Stalker Assimilator Zealot Pylon Pylon Assimilator Stargate Zealot VoidRay Adept VoidRay Stalker VoidRay Adept Pylon VoidRay Stalker Stalker Pylon Pylon Zealot Probe Stalker Pylon Pylon,41.25,113628
378,988643,0,52212,14.1766,52212,Stargate Stalker Adept Gateway VoidRay VoidRay Stalker Probe Stalker Assimilator Zealot Pylon Pylon Assimilator Stargate Zealot VoidRay Adept VoidRay Stalker VoidRay Adept Pylon VoidRay Stalker Stalker Pylon Zealot Zealot Probe Zealot TwilightCouncil Probe,42.25,113676
378,989449,0,52373,14.1816,52373,Stargate Stalker Adept Gateway VoidRay VoidRay Stalker Probe Stalker Assimilator Zealot Pylon Pylon Assimilator Stargate Zealot VoidRay Adept VoidRay Stalker VoidRay Adept Pylon VoidRay Stalker Stalker Pylon Zealot Zealot Pylon Probe VoidRay,42.25,113676
430,1008526,0,56164,14.4203,56164,Stargate Stalker Adept Gateway VoidRay VoidRay Stalker Probe Stalker Assimilator Zealot Pylon Pylon Assimilator Stargate Zealot VoidRay Adept VoidRay Stalker VoidRay Adept Pylon VoidRay Stalker Stalker Pylon Zealot Zealot Probe Probe Gateway Probe Probe,42.25,113676
443,1012322,1,56992,14.4709,56992,Stargate Stalker Adept Gateway VoidRay VoidRay Stalker Probe Stalker Assimilator Zealot Pylon Pylon Assimilator Stargate Zealot VoidRay Adept VoidRay Stalker VoidRay Adept Pylon VoidRay Stalker Stalker Pylon Zealot Zealot Probe Gateway Probe Gateway,42.25,113676
443,1016967,1,58015,14.5268,58015,Stargate Stalker Adept Gateway VoidRay VoidRay Stalker Probe Stalker Assimilator Zealot Pylon Pylon Assimilator Stargate Zealot VoidRay Adept VoidRay Stalker VoidRay Adept Pylon VoidRay Stalker Stalker Pylon Zealot Zealot Probe Probe Probe TwilightCouncil Pylon,42.25,113676
456,1025187,3,60095,14.6304,60095,Stargate Stalker Adept Gateway VoidRay VoidRay Stalker Probe Stalker Assimilator Zealot Pylon Pylon Assimilator Stargate Zealot VoidRay Adept VoidRay Stalker VoidRay Adept Pylon VoidRay Stalker Stalker Pylon Zealot Zealot Probe Probe Probe Probe RoboticsFacility,42.25,113676
529,1041381,29,64928,14.8386,64928,Stargate Stalker Adept Gateway VoidRay VoidRay Stalker Probe Stalker Assimilator Zealot Pylon Pylon Assimilator Stargate Zealot VoidRay Adept VoidRay Stalker VoidRay Adept Pylon VoidRay Stalker Stalker Pylon Zealot Zealot Probe Probe Probe Probe Gateway,42.25,113676
