0,0,0,0,0,0, ,0,0
0,28,0,1,0.000237,1,RoboticsFacility Stargate Gateway Gateway Probe Adept Pylon RoboticsBay Assimilator Stargate FleetBeacon RoboticsFacility RoboticsFacility Mothership Colossus Pylon Pylon Tempest Adept Assimilator Stargate Tempest Tempest VoidRay Gateway Colossus Probe,28.25,27419
0,89,0,3,0.004747,3,Stalker Pylon RoboticsFacility Adept Stargate RoboticsFacility Gateway Adept RoboticsBay TwilightCouncil VoidRay DarkShrine Stalker FleetBeacon Zealot Carrier Adept Colossus Nexus TemplarArchive Gateway Nexus Pylon Probe Nexus Probe Gateway Pylon Pylon Gateway,18.25,44163
0,156,0,5,0.005274,5,Probe RoboticsFacility Gateway Gateway TwilightCouncil RoboticsFacility Zealot Probe Adept Zealot TemplarArchive Pylon Stargate Stalker Adept RoboticsFacility RoboticsFacility Immortal Zealot Stalker Nexus Zealot Zealot Assimilator Stargate Adept DarkShrine FleetBeacon Adept Immortal Gateway VoidRay Nexus Immortal Probe,21,52553
0,278,0,9,0.006195,9,Stargate Pylon Pylon Nexus RoboticsFacility Adept Probe Zealot Immortal VoidRay Zealot VoidRay Gateway Zealot Immortal Pylon Nexus Zealot FleetBeacon Zealot VoidRay RoboticsBay Nexus Assimilator Pylon Probe Zealot Carrier Probe Probe Assimilator RoboticsFacility Probe,26.75,78571
0,303,0,10,0.006394,10,Adept RoboticsFacility Zealot Immortal Immortal Stargate Nexus Assimilator FleetBeacon Immortal Immortal VoidRay TwilightCouncil Adept RoboticsBay Stalker Tempest Nexus Pylon Nexus Zealot Stargate Probe Probe,28.5,81794.5
0,5456,0,181,0.083979,181,Stalker Gateway Adept RoboticsFacility Adept RoboticsFacility Adept RoboticsBay Assimilator Nexus Pylon Probe Colossus Gateway Stalker Immortal Probe Stalker Zealot Colossus Assimilator Stalker Immortal Stalker Nexus Probe Zealot Gateway Stargate Stalker Probe,32,83073
0,5811,0,192,0.091573,192,Probe Stargate VoidRay RoboticsFacility Immortal Stalker Assimilator VoidRay Assimilator Pylon Gateway RoboticsFacility Stalker Immortal RoboticsBay TwilightCouncil Probe Zealot VoidRay FleetBeacon Pylon RoboticsFacility Stalker Tempest DarkShrine Pylon Adept TemplarArchive Adept Adept,31.25,84913.2
11,49981,0,1606,0.768561,1606,Probe Stargate Stalker Stalker VoidRay Adept VoidRay Assimilator VoidRay Gateway Gateway Gateway VoidRay Pylon TwilightCouncil DarkShrine RoboticsFacility Zealot Stargate Zealot Stalker Gateway Pylon VoidRay Pylon RoboticsFacility Immortal Zealot Probe Stargate Stargate Stalker RoboticsFacility Pylon,33.25,85346.8
11,50639,0,1627,0.781109,1627,RoboticsFacility Stalker Immortal RoboticsFacility Stalker Stalker Immortal Probe Immortal Adept Stargate Stalker Gateway Assimilator Pylon TwilightCouncil Pylon RoboticsBay Immortal Colossus DarkShrine Colossus Gateway Assimilator RoboticsFacility TemplarArchive RoboticsFacility Nexus Pylon,33.25,96293.5
24,96054,0,3135,1.53741,3135,RoboticsFacility Stalker Adept RoboticsFacility Immortal Stalker Immortal Pylon Stalker Stalker Nexus Immortal Zealot Pylon Stalker Gateway Nexus RoboticsFacility Immortal Adept Adept TwilightCouncil Adept TemplarArchive Stargate RoboticsFacility Adept Gateway RoboticsBay Adept Adept RoboticsFacility Probe,31,97797
25,97419,0,3179,1.55701,3179,RoboticsFacility Stalker Pylon Stalker Immortal Probe Gateway Probe Adept Immortal Probe Stalker Nexus Adept Immortal Zealot Nexus Zealot Adept Stalker Probe Pylon Stalker RoboticsBay Adept RoboticsFacility Probe Immortal Adept Assimilator TwilightCouncil Probe Immortal RoboticsFacility Gateway Nexus TemplarArchive Assimilator Adept Assimilator,35.75,105750
85,269836,0,9129,3.94418,9129,RoboticsFacility Stalker Pylon Stalker Probe Pylon RoboticsFacility Stalker Immortal Gateway Immortal Adept Stargate Assimilator Immortal Immortal Adept Pylon RoboticsFacility Immortal Immortal Immortal Immortal Immortal Gateway Nexus Stargate,41.5,110786
184,541042,0,18659,6.33586,18659,RoboticsFacility Stalker Pylon Stalker Probe Pylon RoboticsFacility Stalker Immortal Immortal Immortal Probe Zealot Immortal Pylon Zealot Immortal Stargate VoidRay RoboticsFacility Adept VoidRay Nexus Probe Immortal Pylon Assimilator Adept Nexus Zealot Gateway TwilightCouncil Gateway Assimilator,40.25,114934
197,584498,0,20354,6.96309,20354,RoboticsFacility Stalker Pylon Stalker Probe Pylon RoboticsFacility Stalker Immortal Immortal Immortal Stalker Immortal Immortal Assimilator Zealot RoboticsFacility RoboticsFacility RoboticsFacility Adept Immortal Pylon Adept Adept RoboticsFacility Nexus Pylon Zealot Immortal RoboticsFacility TwilightCouncil,35.25,115639
197,584651,0,20360,6.96422,20360,RoboticsFacility Stalker Pylon Stalker Probe Pylon RoboticsFacility Stalker Immortal Immortal Immortal Immortal Immortal Immortal Pylon Gateway Immortal RoboticsBay Stalker Pylon Gateway Gateway Stargate Adept Zealot Nexus Adept Stargate Gateway Probe RoboticsFacility Probe Stargate Assimilator Probe,36.75,116002
197,603998,0,21144,7.24812,21144,RoboticsFacility Stalker Pylon Stalker Probe Pylon RoboticsFacility Stalker Immortal Immortal Immortal Adept Probe Adept Immortal Immortal Stargate Immortal Pylon Stalker Immortal Adept Stargate Stargate Adept RoboticsFacility RoboticsFacility Gateway Assimilator Pylon Nexus Pylon Gateway Gateway Gateway Assimilator,38.25,120857
203,607764,0,21299,7.30157,21299,RoboticsFacility Stalker Pylon Stalker Probe Pylon RoboticsFacility Stalker Immortal Immortal Immortal Stalker Immortal Probe Gateway Adept Stargate Zealot Immortal Stalker Gateway Pylon VoidRay Stalker Zealot Stalker FleetBeacon Pylon Probe Stargate TwilightCouncil Pylon Gateway RoboticsFacility Zealot Gateway Assimilator Pylon Assimilator Probe,38.25,121520
210,627596,0,22119,7.59594,22119,RoboticsFacility Stalker Pylon Stalker Probe Pylon RoboticsFacility Stalker Immortal Immortal Immortal Stalker Gateway Immortal Immortal Stalker Assimilator Adept Stalker Immortal Pylon RoboticsBay Gateway Probe Immortal RoboticsFacility Assimilator Adept Stargate Pylon Gateway Colossus,39.25,123777
249,773684,0,28623,9.89898,28623,RoboticsFacility Stalker Pylon Stalker Probe Pylon RoboticsFacility Stalker Immortal Immortal Immortal Stalker Gateway Immortal Immortal Immortal Pylon Zealot Assimilator Immortal Stalker Immortal Assimilator RoboticsFacility RoboticsFacility Stalker RoboticsFacility Stargate RoboticsBay Pylon Pylon,41.5,127114
249,802241,0,30016,10.3668,30016,RoboticsFacility Stalker Pylon Stalker Probe Pylon RoboticsFacility Stalker Immortal Immortal Immortal Stalker Gateway Immortal Immortal Pylon Stalker Immortal Adept Assimilator Adept TwilightCouncil Immortal Adept Pylon Stalker DarkShrine Adept Gateway Zealot RoboticsFacility Assimilator Probe Stalker Probe Pylon,42.75,128178
262,829310,0,31453,10.8082,31453,RoboticsFacility Stalker Pylon Stalker Probe Pylon RoboticsFacility Stalker Immortal Immortal Immortal Stalker Gateway Immortal Immortal Pylon Immortal Stalker Immortal Stalker Stalker Zealot Zealot TwilightCouncil DarkShrine Pylon Pylon RoboticsFacility Immortal Assimilator RoboticsFacility RoboticsFacility Pylon Zealot Adept Probe,40.5,128921
262,830454,0,31514,10.8257,31514,RoboticsFacility Stalker Pylon Stalker Probe Pylon RoboticsFacility Stalker Immortal Immortal Immortal Stalker Gateway Immortal Immortal Pylon Stalker Immortal Stalker Immortal Gateway Immortal RoboticsFacility Stargate Zealot TwilightCouncil FleetBeacon Gateway Assimilator Nexus Assimilator,41.5,129052
275,851818,0,32648,11.1774,32648,RoboticsFacility Stalker Pylon Stalker Probe Pylon RoboticsFacility Stalker Immortal Immortal Immortal Stalker Gateway Immortal Immortal Pylon Immortal Immortal Stalker Immortal Adept Pylon Pylon Gateway Adept RoboticsBay Adept Adept Gateway Immortal Gateway Pylon Stargate Stalker,43.75,129203
288,912139,0,36078,12.1639,36078,RoboticsFacility Stalker Pylon Stalker Probe Pylon RoboticsFacility Stalker Immortal Immortal Immortal Stalker Gateway Immortal Immortal Pylon Immortal Immortal Stalker Stalker Probe Stalker Probe Pylon RoboticsFacility Immortal Adept Adept Adept Stargate TwilightCouncil Pylon Zealot Adept RoboticsFacility Pylon Gateway Assimilator,46,129876
301,916147,0,36339,12.2329,36339,RoboticsFacility Stalker Pylon Stalker Probe Pylon RoboticsFacility Stalker Immortal Immortal Immortal Stalker Gateway Immortal Immortal Pylon Immortal Immortal Stalker Immortal Pylon Zealot Stalker Adept TwilightCouncil Stalker RoboticsFacility Probe RoboticsFacility Zealot RoboticsFacility Assimilator Nexus Pylon,45.5,130796
301,921887,0,36710,12.3224,36710,RoboticsFacility Stalker Pylon Stalker Probe Pylon RoboticsFacility Stalker Immortal Immortal Immortal Stalker Gateway Immortal Immortal Pylon Immortal Immortal Adept Immortal Adept Adept Pylon Immortal Adept Gateway Gateway Nexus Pylon Gateway Stalker Probe Probe,45.75,131151
314,961016,0,39288,12.9466,39288,RoboticsFacility Stalker Pylon Stalker Probe Pylon RoboticsFacility Stalker Immortal Immortal Immortal Stalker Gateway Immortal Immortal Pylon Immortal Immortal Adept Stalker Immortal Stargate Zealot Pylon Immortal Adept Adept Gateway RoboticsBay Gateway Nexus Assimilator,47.25,131585
327,975676,0,40284,13.1685,40284,RoboticsFacility Stalker Pylon Stalker Probe Pylon RoboticsFacility Stalker Immortal Immortal Immortal Stalker Gateway Immortal Immortal Pylon Immortal Immortal Adept Stalker Pylon Zealot Immortal Stalker Immortal RoboticsBay Probe Pylon TwilightCouncil Immortal Pylon Assimilator Pylon RoboticsFacility,46.5,131592
327,989179,0,41244,13.412,41244,RoboticsFacility Stalker Pylon Stalker Probe Pylon RoboticsFacility Stalker Immortal Immortal Immortal Stalker Gateway Immortal Immortal Pylon Immortal Immortal Adept Stalker Pylon Immortal Immortal Zealot RoboticsFacility Zealot TwilightCouncil Gateway Zealot RoboticsBay RoboticsFacility Pylon Pylon Pylon,46.75,131666
327,997290,0,41816,13.5846,41816,RoboticsFacility Stalker Pylon Stalker Probe Pylon RoboticsFacility Stalker Immortal Immortal Immortal Stalker Gateway Immortal Immortal Pylon Immortal Immortal Adept Stalker Immortal Pylon Stalker Probe Stalker RoboticsBay Immortal Nexus Pylon TwilightCouncil Stargate Probe Assimilator Probe,47.25,132108
327,1000346,0,42040,13.6559,42040,RoboticsFacility Stalker Pylon Stalker Probe Pylon RoboticsFacility Stalker Immortal Immortal Immortal Stalker Gateway Immortal Immortal Pylon Immortal Immortal Adept Stalker Immortal Pylon Probe Immortal Stalker Zealot RoboticsFacility RoboticsFacility Gateway Pylon Immortal Stargate Pylon Zealot,46.5,132350
327,1000894,0,42087,13.6741,42087,RoboticsFacility Stalker Pylon Stalker Probe Pylon RoboticsFacility Stalker Immortal Immortal Immortal Stalker Gateway Immortal Immortal Pylon Immortal Immortal Adept Stalker Immortal Pylon Adept Immortal Stargate Stalker Pylon RoboticsFacility Assimilator Probe Pylon Adept Probe Gateway TwilightCouncil Probe,46.75,132438
339,1006739,0,42561,13.7664,42561,RoboticsFacility Stalker Pylon Stalker Probe Pylon RoboticsFacility Stalker Immortal Immortal Immortal Stalker Gateway Immortal Immortal Pylon Immortal Immortal Adept Stalker Immortal Stalker Pylon Stalker Adept Immortal RoboticsFacility RoboticsFacility Nexus Stargate Assimilator Pylon,48.5,133190
339,1009411,0,42777,13.8084,42777,RoboticsFacility Stalker Pylon Stalker Probe Pylon RoboticsFacility Stalker Immortal Immortal Immortal Stalker Gateway Immortal Immortal Pylon Immortal Immortal Adept Stalker Immortal Stalker Pylon Stalker Immortal TwilightCouncil Adept RoboticsFacility RoboticsFacility Assimilator Nexus Assimilator,48.5,133416
347,1026432,0,44165,14.0776,44165,RoboticsFacility Stalker Pylon Stalker Probe Pylon RoboticsFacility Stalker Immortal Immortal Immortal Stalker Gateway Immortal Immortal Pylon Immortal Immortal Adept Stalker Immortal Stalker Pylon Immortal Stalker RoboticsBay Zealot RoboticsFacility Assimilator Gateway Pylon Colossus Probe,48.25,133586
356,1045124,0,45854,14.3639,45854,RoboticsFacility Stalker Pylon Stalker Probe Pylon RoboticsFacility Stalker Immortal Immortal Immortal Stalker Gateway Immortal Immortal Pylon Immortal Immortal Adept Stalker Immortal Stalker Pylon Stalker Immortal Assimilator Stalker RoboticsFacility RoboticsBay RoboticsFacility Gateway Pylon Assimilator,49,133749
372,1047557,0,46072,14.4053,46072,RoboticsFacility Stalker Pylon Stalker Probe Pylon RoboticsFacility Stalker Immortal Immortal Immortal Stalker Gateway Immortal Immortal Pylon Immortal Immortal Adept Stalker Immortal Stalker Pylon Stalker Immortal Stalker RoboticsFacility RoboticsFacility Stargate Pylon Nexus,49,133915
385,1062260,0,47370,14.6363,47370,RoboticsFacility Stalker Pylon Stalker Probe Pylon RoboticsFacility Stalker Immortal Immortal Immortal Stalker Gateway Immortal Immortal Pylon Immortal Immortal Adept Stalker Immortal Stalker Pylon Immortal Stalker Stalker Nexus RoboticsBay RoboticsFacility TwilightCouncil Pylon,49,134131
385,1069717,0,48036,14.7571,48036,RoboticsFacility Stalker Pylon Stalker Probe Pylon RoboticsFacility Stalker Immortal Immortal Immortal Stalker Gateway Immortal Immortal Pylon Immortal Immortal Adept Stalker Immortal Stalker Pylon Immortal Stalker Stalker Pylon Pylon TwilightCouncil Zealot DarkShrine Stargate Assimilator Gateway,50,134224
398,1073006,0,48378,14.8104,48378,RoboticsFacility Stalker Pylon Stalker Probe Pylon RoboticsFacility Stalker Immortal Immortal Immortal Stalker Gateway Immortal Immortal Pylon Immortal Immortal Adept Stalker Immortal Stalker Pylon Immortal Stalker Stalker Pylon Zealot RoboticsFacility Assimilator Assimilator Immortal RoboticsFacility,50,134268
410,1093083,0,50500,15.1198,50500,RoboticsFacility Stalker Pylon Stalker Probe Pylon RoboticsFacility Stalker Immortal Immortal Immortal Stalker Gateway Immortal Immortal Pylon Immortal Immortal Adept Stalker Immortal Stalker Pylon Immortal Stalker Stalker Pylon Zealot Assimilator RoboticsBay Pylon Gateway Probe Assimilator Zealot Probe,50,134268
410,1093893,0,50592,15.1294,50592,RoboticsFacility Stalker Pylon Stalker Probe Pylon RoboticsFacility Stalker Immortal Immortal Immortal Stalker Gateway Immortal Immortal Pylon Immortal Immortal Adept Stalker Immortal Stalker Pylon Immortal Stalker Stalker Pylon Probe Zealot Pylon Gateway Stalker Assimilator Gateway RoboticsFacility,50,134268
410,1102840,0,51612,15.2683,51612,RoboticsFacility Stalker Pylon Stalker Probe Pylon RoboticsFacility Stalker Immortal Immortal Immortal Stalker Gateway Immortal Immortal Pylon Immortal Immortal Adept Stalker Immortal Stalker Pylon Immortal Stalker Stalker Pylon Zealot Pylon Probe Immortal Gateway Gateway Probe,50,134268
418,1110077,0,52503,15.3808,52503,RoboticsFacility Stalker Pylon Stalker Probe Pylon RoboticsFacility Stalker Immortal Immortal Immortal Stalker Gateway Immortal Immortal Pylon Immortal Immortal Adept Stalker Immortal Stalker Pylon Immortal Stalker Stalker Pylon Probe Zealot Probe Probe Zealot TwilightCouncil Gateway Pylon Stargate Probe,50,134268
466,1126523,0,54670,15.6315,54670,RoboticsFacility Stalker Pylon Stalker Probe Pylon RoboticsFacility Stalker Immortal Immortal Immortal Stalker Gateway Immortal Immortal Pylon Immortal Immortal Adept Stalker Immortal Stalker Pylon Immortal Stalker Stalker Pylon Probe Zealot Probe Pylon Probe Stalker Zealot Assimilator Immortal,50,134268
479,1142442,0,56755,15.8779,56755,RoboticsFacility Stalker Pylon Stalker Probe Pylon RoboticsFacility Stalker Immortal Immortal Immortal Stalker Gateway Immortal Immortal Pylon Immortal Immortal Adept Stalker Immortal Stalker Pylon Immortal Stalker Stalker Pylon Probe Probe Zealot Adept Assimilator Probe Assimilator TwilightCouncil Probe Pylon Pylon,50,134268
479,1152255,0,58088,16.0281,58088,RoboticsFacility Stalker Pylon Stalker Probe Pylon RoboticsFacility Stalker Immortal Immortal Immortal Stalker Gateway Immortal Immortal Pylon Immortal Immortal Adept Stalker Immortal Stalker Pylon Immortal Stalker Stalker Pylon Probe Probe Assimilator Zealot Adept Probe RoboticsFacility Probe Gateway Pylon,50,134268
479,1152542,0,58128,16.0353,58128,RoboticsFacility Stalker Pylon Stalker Probe Pylon RoboticsFacility Stalker Immortal Immortal Immortal Stalker Gateway Immortal Immortal Pylon Immortal Immortal Adept Stalker Immortal Stalker Pylon Immortal Stalker Stalker Pylon Probe Probe Zealot Assimilator Stalker Pylon Probe Probe Immortal,50,134268
505,1168622,0,60418,16.2835,60418,RoboticsFacility Stalker Pylon Stalker Probe Pylon RoboticsFacility Stalker Immortal Immortal Immortal Stalker Gateway Immortal Immortal Pylon Immortal Immortal Adept Stalker Immortal Stalker Pylon Immortal Stalker Stalker Pylon Probe Probe Zealot Zealot Probe Probe Pylon Adept Immortal Assimilator,50,134268
534,1204036,0,66488,16.8123,66488,RoboticsFacility Stalker Pylon Stalker Probe Pylon RoboticsFacility Stalker Immortal Immortal Immortal Stalker Gateway Immortal Immortal Pylon Immortal Immortal Adept Stalker Immortal Stalker Pylon Immortal Stalker Stalker Pylon Probe Probe Zealot Zealot Probe Probe Pylon Stalker Immortal Probe,50,134268
611,1222126,13,70415,17.0856,70415,RoboticsFacility Stalker Pylon Stalker Probe Pylon RoboticsFacility Stalker Immortal Immortal Immortal Stalker Gateway Immortal Immortal Pylon Immortal Immortal Adept Stalker Immortal Stalker Pylon Immortal Stalker Stalker Pylon Probe Probe Zealot Zealot Probe Probe Pylon Stalker Immortal Probe,50,134268
