0,0,0,0,0,0, ,0,0
0,34,0,1,0.000286,1,Zealot RoboticsFacility RoboticsFacility Stalker RoboticsBay Probe Zealot TwilightCouncil Gateway Nexus Zealot Nexus Probe Immortal Probe Pylon Adept Pylon Gateway Assimilator Gateway Stargate Gateway Zealot Zealot Colossus Colossus Nexus Gateway VoidRay Colossus Pylon Probe,21.75,50716
0,186,0,6,0.001402,6,Probe Adept Zealot Nexus Adept Nexus Gateway Zealot Zealot Adept Adept Assimilator Probe Stargate Nexus Adept Pylon TwilightCouncil Pylon VoidRay RoboticsFacility Zealot Stalker Stargate Assimilator Nexus Pylon VoidRay Immortal FleetBeacon,20,51233.2
0,738,0,24,0.005323,24,Zealot Gateway Zealot Pylon Nexus RoboticsFacility Adept Stargate RoboticsBay Stargate Colossus Immortal Zealot Stalker Gateway Probe VoidRay Assimilator VoidRay TwilightCouncil Assimilator FleetBeacon RoboticsFacility Probe TemplarArchive Zealot Zealot DarkShrine Nexus Pylon,24.75,52802.5
0,769,0,25,0.00555,25,Pylon Assimilator Pylon Zealot Stargate Pylon Zealot Pylon Stalker Assimilator RoboticsFacility VoidRay Gateway Probe TwilightCouncil TemplarArchive Adept Gateway Immortal Zealot Stargate Immortal Zealot Probe Stargate Stalker Stalker RoboticsFacility Immortal Probe,22,53660.8
0,801,0,26,0.005809,26,Gateway Pylon Stargate VoidRay Probe Nexus RoboticsFacility VoidRay RoboticsFacility VoidRay Zealot Adept Gateway FleetBeacon Gateway Immortal Pylon TwilightCouncil Stalker Zealot RoboticsBay Stargate Nexus RoboticsFacility Adept Tempest Pylon Stalker Nexus Assimilator Pylon,22,63252.8
0,861,0,28,0.006248,28,RoboticsFacility Probe Gateway Zealot Immortal Stalker Stargate Immortal Nexus Pylon Zealot Assimilator Gateway Zealot Pylon Assimilator Zealot Adept VoidRay Stargate Probe Stargate Pylon Probe RoboticsFacility Immortal Gateway VoidRay Nexus Stalker,22.25,73463.5
0,1219,0,39,0.008881,39,Zealot Stargate Nexus VoidRay Gateway VoidRay Probe Pylon RoboticsFacility Stalker RoboticsFacility Pylon Immortal Immortal Zealot Immortal TwilightCouncil Immortal Adept RoboticsBay VoidRay Probe Gateway Pylon DarkShrine Zealot VoidRay Stalker Pylon Stalker Pylon Pylon Zealot Gateway Probe,33,88744.2
17,61917,0,2008,0.844764,2008,Zealot RoboticsFacility Stalker Nexus Immortal Zealot Immortal Stargate Stalker Adept Pylon Gateway VoidRay Pylon RoboticsBay Stargate Adept Probe Colossus Adept Assimilator Stalker Assimilator FleetBeacon Mothership Adept TwilightCouncil Colossus Probe,28.75,90449
17,62430,0,2025,0.848432,2025,Zealot RoboticsFacility Stalker RoboticsFacility Stalker Immortal Immortal Stalker Immortal RoboticsBay Nexus TwilightCouncil Gateway Assimilator Immortal Colossus Assimilator RoboticsFacility Adept Pylon Colossus Stargate VoidRay RoboticsFacility Stalker,32.5,94094
35,141235,0,4637,1.95725,4637,Zealot RoboticsFacility Probe Stalker RoboticsFacility RoboticsBay Immortal Immortal Assimilator Immortal Adept Pylon Colossus Immortal Adept Gateway TwilightCouncil Nexus Stargate Adept Gateway VoidRay DarkShrine VoidRay Immortal Stargate Assimilator RoboticsFacility,30.5,94323.8
37,176441,0,5818,2.45424,5818,Zealot RoboticsFacility Immortal RoboticsFacility Adept Nexus Probe Gateway Zealot Probe Zealot Immortal Gateway Immortal Pylon RoboticsBay Immortal Stalker Zealot Immortal Adept Colossus Nexus Assimilator Colossus Stalker Gateway Immortal Stargate Assimilator Zealot Assimilator,32,94466.8
38,181440,0,5988,2.52874,5988,Zealot RoboticsFacility Gateway Immortal Zealot Adept Pylon RoboticsFacility Adept Immortal RoboticsBay Adept Colossus Immortal Gateway Stalker Stargate Pylon Immortal VoidRay Probe FleetBeacon RoboticsFacility Assimilator TwilightCouncil Nexus Nexus Stargate Gateway,31.5,99299.5
64,266029,0,9003,3.76989,9003,Zealot RoboticsFacility Gateway Immortal Stalker Adept Adept Adept Immortal Pylon Adept Gateway Zealot Stargate Gateway Probe Probe Adept Gateway Pylon Stalker Immortal VoidRay Adept Assimilator Probe FleetBeacon TwilightCouncil Pylon Adept Probe Immortal Assimilator RoboticsFacility Pylon TemplarArchive Adept Pylon Zealot Pylon,33.25,101052
64,272867,0,9248,3.87114,9248,Zealot RoboticsFacility Gateway Immortal Stalker Probe Probe Probe Zealot Adept Adept Immortal Pylon Pylon Immortal Nexus Zealot Stalker RoboticsBay Adept Immortal Zealot Stalker Assimilator Probe Nexus Stalker RoboticsFacility Stargate Nexus Nexus Immortal VoidRay Assimilator,29.75,102111
91,406039,0,14145,5.81997,14145,Zealot RoboticsFacility Gateway Immortal Stalker Probe Probe Zealot Immortal Stalker Nexus Pylon Probe Probe Assimilator Probe Stalker Adept Immortal Adept Probe Pylon Assimilator Stalker Adept TwilightCouncil Immortal Adept Zealot DarkShrine Assimilator TemplarArchive Gateway Adept Stargate Adept Pylon Gateway RoboticsBay Zealot Probe Probe,32.5,102124
104,431140,0,15029,6.08733,15029,Zealot RoboticsFacility Gateway Immortal Stalker Probe Probe Gateway Stargate Adept Probe Pylon Immortal Probe Pylon Stargate VoidRay Gateway Adept VoidRay TwilightCouncil Assimilator Stalker Pylon Stalker Stalker Zealot Stalker VoidRay Assimilator Immortal Stargate RoboticsFacility RoboticsFacility FleetBeacon Pylon Pylon DarkShrine Pylon Probe,36.5,103744
117,495693,0,17311,7.27843,17311,Zealot RoboticsFacility Gateway Immortal Stalker Probe Probe Gateway Adept RoboticsFacility RoboticsBay Adept Pylon Pylon Zealot Stalker Stalker Adept Adept Adept Zealot Pylon Colossus Pylon Pylon Immortal Adept Colossus Zealot Gateway Probe Adept Nexus Colossus Stalker Pylon Adept Zealot Nexus Probe,37.25,104064
130,562350,0,19726,8.64406,19726,Zealot RoboticsFacility Gateway Immortal Stalker Probe Probe Gateway Adept Pylon Zealot Adept Zealot Immortal Stalker Probe Stalker Zealot Probe Probe Pylon Pylon Adept RoboticsBay Stargate Immortal Zealot VoidRay Assimilator Stalker Pylon VoidRay VoidRay Stalker RoboticsFacility RoboticsFacility Nexus Pylon FleetBeacon Colossus Probe,35,107249
143,583211,0,20494,9.09893,20494,Zealot RoboticsFacility Gateway Immortal Stalker Probe Probe Gateway Adept Pylon Pylon Zealot RoboticsBay Adept Probe Immortal Stalker Zealot Probe Probe Stalker Zealot Adept Pylon RoboticsFacility Immortal Pylon RoboticsFacility Assimilator Zealot Stalker Immortal Stalker Probe Adept Stalker Zealot Gateway Probe Pylon Immortal Stargate Probe Zealot Gateway Assimilator Probe Gateway RoboticsFacility Pylon,41.25,109985
238,958034,0,35473,14.7623,35473,Zealot RoboticsFacility Gateway Immortal Stalker Probe Probe Gateway Adept Pylon Pylon Zealot RoboticsBay Adept Probe Immortal Stalker Adept Probe Pylon Pylon Stalker Immortal Adept Stalker Adept Pylon Zealot Immortal Adept Nexus Zealot Colossus Nexus Stalker Pylon Gateway TwilightCouncil Colossus Adept Adept,40.25,112218
277,1072830,0,40460,16.464,40460,Zealot RoboticsFacility Gateway Immortal Stalker Probe Probe Gateway Adept Pylon Pylon Zealot RoboticsBay Adept Probe Immortal Stalker Adept Probe Pylon Stalker Immortal Adept Pylon Zealot Colossus Adept Zealot Adept Stalker Assimilator Stalker Assimilator Zealot Gateway Pylon Immortal Probe RoboticsFacility Stalker Stalker RoboticsFacility RoboticsFacility Gateway,44.75,116253
303,1193137,0,45960,18.2442,45960,Zealot RoboticsFacility Gateway Immortal Stalker Probe Probe Gateway Adept Pylon Pylon Zealot RoboticsBay Adept Probe Immortal Stalker Adept Probe Pylon Stalker Immortal Stargate Adept Pylon Zealot Immortal Adept VoidRay Stalker Pylon Stalker Stalker Nexus Stalker Adept Adept Adept TwilightCouncil Adept FleetBeacon Assimilator RoboticsFacility Pylon,43,117499
408,1435839,0,60048,22.0716,60048,Zealot RoboticsFacility Gateway Immortal Stalker Probe Probe Gateway Adept Pylon Pylon Zealot RoboticsBay Adept Probe Immortal Stalker Adept Probe Pylon Stalker Immortal Stargate Adept Pylon Zealot Immortal Adept VoidRay Stalker Immortal Pylon Zealot Gateway Pylon Adept Stalker Gateway Stalker Probe Immortal RoboticsFacility VoidRay Zealot,44.75,117560
408,1438982,0,60278,22.1236,60278,Zealot RoboticsFacility Gateway Immortal Stalker Probe Probe Gateway Adept Pylon Pylon Zealot RoboticsBay Adept Probe Immortal Stalker Adept Probe Pylon Stalker Immortal Stargate Adept Pylon Zealot Immortal Adept VoidRay Stalker Stalker Pylon Zealot Stalker Adept Pylon FleetBeacon Adept Stalker Stalker Nexus VoidRay Pylon,45.75,118284
423,1444743,0,60698,22.2213,60698,Zealot RoboticsFacility Gateway Immortal Stalker Probe Probe Gateway Adept Pylon Pylon Zealot RoboticsBay Adept Probe Immortal Stalker Adept Probe Pylon Stalker Immortal Stargate Adept Pylon Zealot Immortal Adept VoidRay Stalker Stalker Probe Adept Pylon Immortal Zealot Adept FleetBeacon Probe Pylon Tempest Nexus Assimilator Probe Probe,44.25,118715
423,1451203,0,61166,22.3239,61166,Zealot RoboticsFacility Gateway Immortal Stalker Probe Probe Gateway Adept Pylon Pylon Zealot RoboticsBay Adept Probe Immortal Stalker Adept Probe Pylon Stalker Immortal Stargate Adept Pylon Zealot Immortal Adept VoidRay Stalker Pylon Zealot Stalker Stalker VoidRay Stalker Nexus Stalker TwilightCouncil FleetBeacon Pylon Assimilator Assimilator,47.25,119188
453,1510143,0,65654,23.2777,65654,Zealot RoboticsFacility Gateway Immortal Stalker Probe Probe Gateway Adept Pylon Pylon Zealot RoboticsBay Adept Probe Immortal Stalker Adept Probe Pylon Stalker Immortal Stargate Adept Pylon Zealot Immortal Adept VoidRay Stalker Pylon Zealot Stalker Stalker Adept Immortal Zealot RoboticsFacility TwilightCouncil RoboticsFacility RoboticsFacility Nexus Assimilator Probe,45.75,119280
453,1517632,0,66259,23.3924,66259,Zealot RoboticsFacility Gateway Immortal Stalker Probe Probe Gateway Adept Pylon Pylon Zealot RoboticsBay Adept Probe Immortal Stalker Adept Probe Pylon Stalker Immortal Stargate Adept Pylon Zealot Immortal Adept VoidRay Stalker Pylon Zealot Stalker Immortal Stalker Stalker Nexus Zealot Stargate RoboticsFacility TwilightCouncil Pylon Assimilator Assimilator,46.25,119749
468,1533178,0,67563,23.6468,67563,Zealot RoboticsFacility Gateway Immortal Stalker Probe Probe Gateway Adept Pylon Pylon Zealot RoboticsBay Adept Probe Immortal Stalker Adept Probe Pylon Stalker Immortal Stargate Adept Pylon Zealot Immortal Adept VoidRay Stalker Pylon Zealot Stalker Immortal Stalker Stalker Gateway Zealot Gateway Probe Assimilator Assimilator TwilightCouncil Nexus,46.25,120021
468,1539763,0,68128,23.7514,68128,Zealot RoboticsFacility Gateway Immortal Stalker Probe Probe Gateway Adept Pylon Pylon Zealot RoboticsBay Adept Probe Immortal Stalker Adept Probe Pylon Stalker Immortal Stargate Adept Pylon Zealot Immortal Adept VoidRay Stalker Pylon Zealot Stalker Immortal Stalker Adept Stalker FleetBeacon RoboticsFacility Nexus Pylon Pylon Probe,46.5,120234
468,1540792,0,68226,23.773,68226,Zealot RoboticsFacility Gateway Immortal Stalker Probe Probe Gateway Adept Pylon Pylon Zealot RoboticsBay Adept Probe Immortal Stalker Adept Probe Pylon Stalker Immortal Stargate Adept Pylon Zealot Immortal Adept VoidRay Stalker Pylon Zealot Stalker Immortal Stalker Adept Stalker Stargate Probe Gateway FleetBeacon Pylon Assimilator Assimilator Pylon Pylon,46.5,120234
483,1546081,0,68732,23.8542,68732,Zealot RoboticsFacility Gateway Immortal Stalker Probe Probe Gateway Adept Pylon Pylon Zealot RoboticsBay Adept Probe Immortal Stalker Adept Probe Pylon Stalker Immortal Stargate Adept Pylon Zealot Immortal Adept VoidRay Stalker Pylon Zealot Stalker Immortal Stalker Stalker Stalker RoboticsFacility Pylon Immortal Pylon Stalker Zealot Probe Zealot Probe,47,120476
497,1565573,0,70615,24.1636,70615,Zealot RoboticsFacility Gateway Immortal Stalker Probe Probe Gateway Adept Pylon Pylon Zealot RoboticsBay Adept Probe Immortal Stalker Adept Probe Pylon Stalker Immortal Stargate Adept Pylon Zealot Immortal Adept VoidRay Stalker Pylon Zealot Stalker Immortal Stalker Stalker Stalker RoboticsFacility Probe Assimilator Nexus FleetBeacon Assimilator,47,120476
497,1571905,0,71256,24.2647,71256,Zealot RoboticsFacility Gateway Immortal Stalker Probe Probe Gateway Adept Pylon Pylon Zealot RoboticsBay Adept Probe Immortal Stalker Adept Probe Pylon Stalker Immortal Stargate Adept Pylon Zealot Immortal Adept VoidRay Stalker Pylon Zealot Stalker Immortal Stalker Stalker Stalker Pylon Adept Colossus Gateway RoboticsFacility Gateway Pylon,48.25,120478
509,1581574,0,72256,24.4191,72256,Zealot RoboticsFacility Gateway Immortal Stalker Probe Probe Gateway Adept Pylon Pylon Zealot RoboticsBay Adept Probe Immortal Stalker Adept Probe Pylon Stalker Immortal Stargate Adept Pylon Zealot Immortal Adept VoidRay Stalker Pylon Zealot Stalker Immortal Stalker Stalker Stalker Pylon Colossus Zealot Assimilator Gateway Gateway Stargate Probe,48,120488
509,1594006,0,73612,24.6066,73612,Zealot RoboticsFacility Gateway Immortal Stalker Probe Probe Gateway Adept Pylon Pylon Zealot RoboticsBay Adept Probe Immortal Stalker Adept Probe Pylon Stalker Immortal Stargate Adept Pylon Zealot Immortal Adept VoidRay Stalker Pylon Zealot Stalker Immortal Stalker Stalker Stalker Pylon Adept Zealot FleetBeacon TwilightCouncil Gateway Adept Probe,49.25,120518
509,1597909,0,74039,24.6632,74039,Zealot RoboticsFacility Gateway Immortal Stalker Probe Probe Gateway Adept Pylon Pylon Zealot RoboticsBay Adept Probe Immortal Stalker Adept Probe Pylon Stalker Immortal Stargate Adept Pylon Zealot Immortal Adept VoidRay Stalker Pylon Zealot Stalker Immortal Stalker Stalker Stalker Pylon Zealot FleetBeacon Gateway RoboticsFacility Assimilator Probe Probe Zealot,48,120542
509,1598139,0,74066,24.6781,74066,Zealot RoboticsFacility Gateway Immortal Stalker Probe Probe Gateway Adept Pylon Pylon Zealot RoboticsBay Adept Probe Immortal Stalker Adept Probe Pylon Stalker Immortal Stargate Adept Pylon Zealot Immortal Adept VoidRay Stalker Pylon Zealot Stalker Immortal Stalker Stalker Stalker Pylon Probe Pylon Zealot TwilightCouncil Stalker FleetBeacon Gateway,48,120542
518,1599714,0,74255,24.7037,74255,Zealot RoboticsFacility Gateway Immortal Stalker Probe Probe Gateway Adept Pylon Pylon Zealot RoboticsBay Adept Probe Immortal Stalker Adept Probe Pylon Stalker Immortal Stargate Adept Pylon Zealot Immortal Adept VoidRay Stalker Pylon Zealot Stalker Immortal Stalker Stalker Stalker Pylon Zealot Probe Immortal Adept Assimilator FleetBeacon Pylon,48,120542
518,1606477,0,75074,24.8076,75074,Zealot RoboticsFacility Gateway Immortal Stalker Probe Probe Gateway Adept Pylon Pylon Zealot RoboticsBay Adept Probe Immortal Stalker Adept Probe Pylon Stalker Immortal Stargate Adept Pylon Zealot Immortal Adept VoidRay Stalker Pylon Zealot Stalker Immortal Stalker Stalker Stalker Pylon Zealot VoidRay Probe Stalker Stargate Gateway Pylon Assimilator,48,120542
518,1608714,0,75344,24.8379,75344,Zealot RoboticsFacility Gateway Immortal Stalker Probe Probe Gateway Adept Pylon Pylon Zealot RoboticsBay Adept Probe Immortal Stalker Adept Probe Pylon Stalker Immortal Stargate Adept Pylon Zealot Immortal Adept VoidRay Stalker Pylon Zealot Stalker Immortal Stalker Stalker Stalker Pylon Zealot Probe Pylon RoboticsFacility Probe Stargate Nexus,48,120542
518,1610264,0,75533,24.8629,75533,Zealot RoboticsFacility Gateway Immortal Stalker Probe Probe Gateway Adept Pylon Pylon Zealot RoboticsBay Adept Probe Immortal Stalker Adept Probe Pylon Stalker Immortal Stargate Adept Pylon Zealot Immortal Adept VoidRay Stalker Pylon Zealot Stalker Immortal Stalker Stalker Stalker Pylon Assimilator RoboticsFacility Zealot Zealot Gateway TwilightCouncil Zealot Assimilator,49,120546
518,1614688,0,76068,24.9234,76068,Zealot RoboticsFacility Gateway Immortal Stalker Probe Probe Gateway Adept Pylon Pylon Zealot RoboticsBay Adept Probe Immortal Stalker Adept Probe Pylon Stalker Immortal Stargate Adept Pylon Zealot Immortal Adept VoidRay Stalker Pylon Zealot Stalker Immortal Stalker Stalker Stalker Pylon RoboticsFacility Zealot Zealot Zealot Pylon Stargate Immortal,49,120581
533,1622470,0,77066,25.0509,77066,Zealot RoboticsFacility Gateway Immortal Stalker Probe Probe Gateway Adept Pylon Pylon Zealot RoboticsBay Adept Probe Immortal Stalker Adept Probe Pylon Stalker Immortal Stargate Adept Pylon Zealot Immortal Adept VoidRay Stalker Pylon Zealot Stalker Immortal Stalker Stalker Stalker Pylon Zealot Stargate Zealot Immortal Probe Gateway RoboticsFacility,49,120581
533,1626821,0,77621,25.1108,77621,Zealot RoboticsFacility Gateway Immortal Stalker Probe Probe Gateway Adept Pylon Pylon Zealot RoboticsBay Adept Probe Immortal Stalker Adept Probe Pylon Stalker Immortal Stargate Adept Pylon Zealot Immortal Adept VoidRay Stalker Pylon Zealot Stalker Immortal Stalker Stalker Stalker Pylon Zealot Zealot Pylon Probe Probe Adept Gateway Immortal Probe,49,120581
533,1631087,0,78187,25.1841,78187,Zealot RoboticsFacility Gateway Immortal Stalker Probe Probe Gateway Adept Pylon Pylon Zealot RoboticsBay Adept Probe Immortal Stalker Adept Probe Pylon Stalker Immortal Stargate Adept Pylon Zealot Immortal Adept VoidRay Stalker Pylon Zealot Stalker Immortal Stalker Stalker Stalker Pylon Zealot Zealot Probe Gateway Probe Adept Pylon Probe TwilightCouncil Stargate,49,120581
548,1636997,0,79008,25.2695,79008,Zealot RoboticsFacility Gateway Immortal Stalker Probe Probe Gateway Adept Pylon Pylon Zealot RoboticsBay Adept Probe Immortal Stalker Adept Probe Pylon Stalker Immortal Stargate Adept Pylon Zealot Immortal Adept VoidRay Stalker Pylon Zealot Stalker Immortal Stalker Stalker Stalker Pylon Zealot Probe Zealot Adept RoboticsFacility Probe Probe FleetBeacon Assimilator,49,120581
563,1647841,0,80549,25.4458,80549,Zealot RoboticsFacility Gateway Immortal Stalker Probe Probe Gateway Adept Pylon Pylon Zealot RoboticsBay Adept Probe Immortal Stalker Adept Probe Pylon Stalker Immortal Stargate Adept Pylon Zealot Immortal Adept VoidRay Stalker Pylon Zealot Stalker Immortal Stalker Stalker Stalker Pylon Zealot Probe Probe Zealot TwilightCouncil Probe Stalker Stargate Assimilator Gateway,49,120581
563,1647864,0,80552,25.446,80552,Zealot RoboticsFacility Gateway Immortal Stalker Probe Probe Gateway Adept Pylon Pylon Zealot RoboticsBay Adept Probe Immortal Stalker Adept Probe Pylon Stalker Immortal Stargate Adept Pylon Zealot Immortal Adept VoidRay Stalker Pylon Zealot Stalker Immortal Stalker Stalker Stalker Pylon Zealot Probe Zealot Probe Probe Probe RoboticsFacility TwilightCouncil RoboticsFacility Gateway,49,120581
577,1661784,0,82646,25.6579,82646,Zealot RoboticsFacility Gateway Immortal Stalker Probe Probe Gateway Adept Pylon Pylon Zealot RoboticsBay Adept Probe Immortal Stalker Adept Probe Pylon Stalker Immortal Stargate Adept Pylon Zealot Immortal Adept VoidRay Stalker Pylon Zealot Stalker Immortal Stalker Stalker Stalker Pylon Zealot Probe Zealot Probe Probe Pylon Probe Nexus Zealot,49,120581
589,1672556,0,84360,25.8315,84360,Zealot RoboticsFacility Gateway Immortal Stalker Probe Probe Gateway Adept Pylon Pylon Zealot RoboticsBay Adept Probe Immortal Stalker Adept Probe Pylon Stalker Immortal Stargate Adept Pylon Zealot Immortal Adept VoidRay Stalker Pylon Zealot Stalker Immortal Stalker Stalker Stalker Pylon Zealot Probe Zealot Probe Probe TwilightCouncil Pylon Probe Immortal Assimilator,49,120581
589,1674579,0,84688,25.8599,84688,Zealot RoboticsFacility Gateway Immortal Stalker Probe Probe Gateway Adept Pylon Pylon Zealot RoboticsBay Adept Probe Immortal Stalker Adept Probe Pylon Stalker Immortal Stargate Adept Pylon Zealot Immortal Adept VoidRay Stalker Pylon Zealot Stalker Immortal Stalker Stalker Stalker Pylon Zealot Probe Zealot Probe Gateway Pylon Probe Probe Colossus Assimilator,49,120581
617,1701917,1,90067,26.2802,90067,Zealot RoboticsFacility Gateway Immortal Stalker Probe Probe Gateway Adept Pylon Pylon Zealot RoboticsBay Adept Probe Immortal Stalker Adept Probe Pylon Stalker Immortal Stargate Adept Pylon Zealot Immortal Adept VoidRay Stalker Pylon Zealot Stalker Immortal Stalker Stalker Stalker Pylon Zealot Probe Zealot Probe Gateway Pylon Probe Probe Stalker Stalker Stalker,49,120581
617,1702834,1,90292,26.3021,90292,Zealot RoboticsFacility Gateway Immortal Stalker Probe Probe Gateway Adept Pylon Pylon Zealot RoboticsBay Adept Probe Immortal Stalker Adept Probe Pylon Stalker Immortal Stargate Adept Pylon Zealot Immortal Adept VoidRay Stalker Pylon Zealot Stalker Immortal Stalker Stalker Stalker Pylon Zealot Probe Zealot Probe Gateway Pylon Probe Probe VoidRay Stalker,49,120581
