0,0,0,0,0,0, ,0,0
0,41,0,1,0.010323,1,Assimilator Gateway Probe RoboticsFacility Adept Probe Assimilator RoboticsFacility RoboticsFacility Probe Gateway Immortal Gateway Probe Stalker Adept RoboticsBay Probe Pylon Adept Colossus Zealot Probe Probe Probe Stargate Stargate Pylon Adept Stargate Colossus FleetBeacon Stalker Stargate Gateway Pylon Stalker Gateway Adept TwilightCouncil,23.25,53022.2
0,80,0,2,0.010634,2,TwilightCouncil Adept Probe TemplarArchive Gateway Probe Nexus Zealot Stalker Stargate Stargate Nexus Zealot Zealot VoidRay RoboticsFacility Zealot Zealot Stalker FleetBeacon Carrier Stalker Assimilator Stargate Zealot Pylon Assimilator Zealot Gateway Probe Probe Assimilator Immortal Tempest Stalker Pylon Probe Probe,27.25,55471.8
0,180,0,5,0.011395,5,Probe Adept Gateway Pylon Adept Adept RoboticsFacility TwilightCouncil Gateway Immortal Adept Assimilator Stalker DarkShrine Adept RoboticsBay TemplarArchive Immortal Nexus Stargate Nexus Probe Probe RoboticsFacility Stalker DarkTemplar Adept Stargate Gateway Pylon VoidRay Stalker Pylon VoidRay,21,65544.8
0,241,0,7,0.01183,7,RoboticsFacility Immortal Immortal Stargate Immortal Adept Nexus Zealot TwilightCouncil Assimilator Probe Gateway Pylon Assimilator RoboticsFacility Stargate Pylon VoidRay Stargate Immortal Probe Pylon Stargate Gateway Adept RoboticsBay Stalker VoidRay Pylon Zealot,24.25,65736
0,620,0,19,0.027549,19,Adept Stalker Adept Probe Gateway RoboticsFacility Pylon Pylon RoboticsFacility Zealot Immortal Zealot Pylon TwilightCouncil Pylon RoboticsBay Immortal Pylon Stargate Gateway Stalker Stalker Pylon Zealot Pylon Stalker Assimilator Zealot Gateway Pylon Assimilator Gateway Nexus VoidRay Stargate DarkShrine,21,71765
0,7651,0,247,0.103403,247,Probe Assimilator Probe Pylon Adept Stargate Gateway Probe Stalker Stargate Zealot VoidRay Gateway Adept Pylon FleetBeacon Probe VoidRay Carrier Tempest Pylon TwilightCouncil Mothership Pylon Zealot Probe DarkShrine Stargate Carrier Nexus Probe TemplarArchive Gateway Tempest,24.5,76579.2
1,8366,0,271,0.108394,271,Adept Stargate RoboticsFacility Gateway Stalker Probe Immortal TwilightCouncil Assimilator Stalker Immortal Pylon VoidRay Probe Assimilator RoboticsBay Stalker Adept Probe DarkShrine Gateway FleetBeacon Probe Gateway VoidRay Stargate Nexus RoboticsFacility TemplarArchive RoboticsFacility Stargate Probe,23.25,79113.2
5,10481,0,339,0.123546,339,Adept RoboticsFacility Adept Pylon TwilightCouncil Gateway Zealot Probe Stalker Immortal Pylon Stargate Immortal RoboticsFacility Stalker VoidRay Adept Probe Assimilator Zealot DarkShrine FleetBeacon RoboticsBay VoidRay Carrier Stargate Assimilator Pylon Zealot RoboticsFacility Pylon RoboticsFacility Stargate Probe Gateway Probe,24.75,80709.5
11,25876,0,837,0.324268,837,Pylon Stalker Pylon RoboticsFacility Immortal Stalker Stalker RoboticsBay Immortal Pylon Probe Zealot RoboticsFacility Assimilator TwilightCouncil RoboticsFacility Stalker Adept Colossus Immortal Stalker Adept Stargate VoidRay Gateway TemplarArchive Adept Assimilator Gateway Gateway Immortal Stargate Pylon,28.5,84440
11,26969,0,872,0.341874,872,Pylon Stalker RoboticsFacility Immortal Assimilator Adept Zealot Immortal Stalker Immortal Gateway Immortal TwilightCouncil Nexus RoboticsBay Pylon Zealot Zealot Colossus Pylon Zealot TemplarArchive Stalker Pylon Stalker Assimilator Probe DarkShrine Zealot Gateway,32.25,85620.5
11,32518,0,1051,0.427944,1051,Probe Pylon RoboticsFacility Gateway Stalker Adept RoboticsFacility Stargate Pylon Zealot Gateway Adept VoidRay Immortal Immortal Stalker Stalker Stalker TwilightCouncil Zealot Stalker RoboticsBay Pylon RoboticsFacility Probe Probe TemplarArchive FleetBeacon Zealot Immortal Probe Adept Assimilator Zealot Stalker Probe Assimilator Gateway Gateway Gateway Gateway Gateway,25.75,90380.2
60,217829,0,6878,3.02753,6878,Probe Pylon RoboticsFacility Adept Adept Immortal RoboticsBay Adept Immortal RoboticsFacility Adept Probe Immortal TwilightCouncil Probe Stalker Nexus Immortal Colossus Pylon Nexus Zealot Assimilator Stalker Probe Colossus TemplarArchive Pylon Stargate Pylon Probe Stargate Zealot Probe Colossus Pylon Gateway,34.5,91002.2
60,219607,0,6935,3.05368,6935,Probe Pylon RoboticsFacility Stalker RoboticsFacility Stalker Immortal Immortal Gateway Zealot Stalker RoboticsBay RoboticsFacility Pylon Adept Adept Nexus Gateway Stalker Colossus Immortal TwilightCouncil Nexus Adept Colossus Zealot Pylon Gateway Colossus Colossus Assimilator Probe,34,94879.5
61,232794,0,7362,3.25093,7362,Probe Pylon RoboticsFacility Probe Immortal Stalker Stargate Nexus Zealot Immortal Gateway Stalker VoidRay VoidRay Adept Probe Zealot Immortal Stargate RoboticsBay Pylon Gateway Stalker VoidRay Adept Probe TwilightCouncil Stargate RoboticsFacility Probe Zealot Zealot Gateway Pylon Assimilator Stalker Gateway Probe Gateway Probe Assimilator Probe Pylon Gateway,33,96450
110,409939,0,13057,5.53573,13057,Probe Pylon RoboticsFacility Probe Immortal Stalker Probe Probe Stargate Stalker Gateway Pylon Immortal Pylon VoidRay VoidRay Nexus Immortal Pylon FleetBeacon Immortal VoidRay Zealot Stalker Assimilator Stargate VoidRay RoboticsBay Immortal Stalker Nexus Adept Assimilator Gateway Gateway Probe,33.25,97410.2
135,506301,0,16174,6.88585,16174,Probe Pylon RoboticsFacility Probe Immortal Stalker Probe Probe RoboticsFacility RoboticsFacility Adept Immortal Zealot Probe Gateway Assimilator Immortal RoboticsFacility Stargate Pylon Immortal Pylon Stalker Immortal VoidRay TwilightCouncil Gateway VoidRay Pylon Gateway Immortal TemplarArchive Probe Gateway VoidRay Pylon Probe Adept Pylon Zealot Zealot Stalker,36.25,98054
149,578953,0,18461,7.77838,18461,Probe Pylon RoboticsFacility Probe Immortal Stalker Probe Probe RoboticsFacility Pylon Gateway Immortal Stalker Immortal Assimilator Zealot RoboticsBay Stalker Adept Zealot Immortal Adept Gateway Pylon Adept Adept Stargate RoboticsFacility Assimilator Pylon Zealot Stargate Zealot VoidRay RoboticsFacility Nexus Pylon Stargate Pylon Probe,33.25,99701
149,587642,0,18738,7.9074,18738,Probe Pylon RoboticsFacility Probe Immortal Stalker Probe Probe RoboticsFacility Stalker Immortal Assimilator RoboticsBay Assimilator Immortal Stalker Pylon Stalker Immortal Pylon Immortal Gateway Pylon Stalker Stargate RoboticsFacility Adept Colossus Stalker TwilightCouncil Immortal Nexus Probe Probe,35.5,100633
163,636299,0,20293,8.77652,20293,Probe Pylon RoboticsFacility Probe Immortal Stalker Probe Probe RoboticsFacility Stalker Pylon Immortal Pylon Gateway Zealot Stargate Immortal Adept Immortal Assimilator Zealot VoidRay Immortal RoboticsBay VoidRay Immortal TwilightCouncil Pylon DarkShrine Adept Colossus TemplarArchive Probe Pylon Assimilator Nexus Adept Zealot,38.5,109243
183,715899,0,22889,10.2169,22889,Probe Pylon RoboticsFacility Probe Immortal Stalker Probe Probe RoboticsFacility Stalker Pylon Immortal Zealot RoboticsFacility Immortal Stalker Probe Probe Immortal Assimilator Immortal Pylon Immortal RoboticsFacility Gateway Immortal Pylon Immortal Probe Gateway Adept Stargate VoidRay TwilightCouncil Nexus Stargate RoboticsFacility Stargate Probe Stargate Pylon,37.5,110608
236,966339,0,31790,14.4778,31790,Probe Pylon RoboticsFacility Probe Immortal Stalker Probe Probe RoboticsFacility Stalker Pylon Immortal Zealot RoboticsFacility Immortal Immortal Gateway Gateway Immortal TwilightCouncil Immortal Adept Pylon Zealot Gateway Zealot Zealot Pylon Stalker Immortal Assimilator Immortal DarkShrine RoboticsBay Pylon Zealot Colossus Stalker Pylon Gateway Probe,41.5,111329
262,1060720,0,35625,15.6474,35625,Probe Pylon RoboticsFacility Probe Immortal Stalker Probe Probe RoboticsFacility Stalker Pylon Immortal Zealot RoboticsFacility Immortal Immortal Gateway Immortal Immortal Probe Immortal Gateway Pylon RoboticsBay Probe Stalker Pylon Adept Immortal Pylon Adept Zealot Nexus Zealot Nexus Pylon Zealot Immortal Probe Probe Pylon TwilightCouncil Probe,41.75,113054
275,1082117,0,36546,15.9134,36546,Probe Pylon RoboticsFacility Probe Immortal Stalker Probe Probe RoboticsFacility Stalker Pylon Immortal Zealot RoboticsFacility Immortal Immortal Gateway Immortal Pylon Assimilator Pylon Immortal Immortal Stalker Immortal Adept Adept Gateway RoboticsBay Immortal Stargate Assimilator RoboticsFacility Nexus Probe Stalker Pylon,42.5,116407
288,1157150,0,39898,17.2978,39898,Probe Pylon RoboticsFacility Probe Immortal Stalker Probe Probe RoboticsFacility Stalker Pylon Immortal Zealot RoboticsFacility Immortal Immortal Gateway Immortal Pylon Immortal Adept Immortal Immortal Pylon Immortal Zealot TwilightCouncil Gateway Assimilator Adept Zealot RoboticsFacility DarkShrine TemplarArchive Stargate Nexus Pylon Assimilator Pylon,42.75,118064
288,1159965,0,40027,17.343,40027,Probe Pylon RoboticsFacility Probe Immortal Stalker Probe Probe RoboticsFacility Stalker Pylon Immortal Zealot RoboticsFacility Immortal Immortal Gateway Immortal Pylon Immortal Immortal Assimilator Stalker Immortal Probe Pylon Immortal Zealot RoboticsBay Immortal Nexus Stargate TwilightCouncil Stargate Pylon Assimilator Stargate,44.75,118709
314,1209698,0,42454,18.1827,42454,Probe Pylon RoboticsFacility Probe Immortal Stalker Probe Probe RoboticsFacility Stalker Pylon Immortal Zealot RoboticsFacility Immortal Immortal Gateway Immortal Pylon Immortal Immortal Stalker Pylon Pylon Pylon Adept Pylon Immortal Immortal Stalker Adept Immortal Immortal Nexus Nexus Stalker,51.75,120610
314,1225511,0,43275,18.4451,43275,Probe Pylon RoboticsFacility Probe Immortal Stalker Probe Probe RoboticsFacility Stalker Pylon Immortal Zealot RoboticsFacility Immortal Immortal Gateway Immortal Pylon Immortal Immortal Stalker Zealot Immortal Pylon Stalker Adept Immortal Stargate Nexus Pylon Assimilator Gateway VoidRay Gateway RoboticsFacility RoboticsBay Probe Probe,44,121056
327,1255435,0,44857,18.7426,44857,Probe Pylon RoboticsFacility Probe Immortal Stalker Probe Probe RoboticsFacility Stalker Pylon Immortal Zealot RoboticsFacility Immortal Immortal Gateway Immortal Pylon Immortal Immortal Stalker Immortal Pylon Zealot Immortal Immortal Pylon Immortal Immortal Gateway Probe Pylon Zealot Zealot RoboticsBay Assimilator TwilightCouncil Assimilator Gateway,52.25,123261
352,1345623,0,50146,20.1764,50146,Probe Pylon RoboticsFacility Probe Immortal Stalker Probe Probe RoboticsFacility Stalker Pylon Immortal Zealot RoboticsFacility Immortal Immortal Gateway Immortal Pylon Immortal Immortal Stalker Immortal Pylon Zealot Stalker Immortal Stalker Pylon Immortal RoboticsBay Immortal Pylon Probe Pylon Gateway Probe Stalker Gateway Stalker Pylon,48.25,123291
378,1397892,0,53492,20.909,53492,Probe Pylon RoboticsFacility Probe Immortal Stalker Probe Probe RoboticsFacility Stalker Pylon Immortal Zealot RoboticsFacility Immortal Immortal Gateway Immortal Pylon Immortal Immortal Stalker Immortal Pylon Zealot Stalker Immortal Pylon Immortal Pylon Adept Gateway Stalker Nexus Probe RoboticsFacility Probe Probe TwilightCouncil Probe RoboticsBay,49.5,123486
378,1406572,0,54074,21.0398,54074,Probe Pylon RoboticsFacility Probe Immortal Stalker Probe Probe RoboticsFacility Stalker Pylon Immortal Zealot RoboticsFacility Immortal Immortal Gateway Immortal Pylon Immortal Immortal Stalker Immortal Pylon Zealot Stalker Immortal Stalker Pylon Zealot Gateway Immortal Zealot Probe Gateway RoboticsFacility Pylon Adept Probe Gateway Assimilator Gateway Probe,50.25,123944
378,1406858,0,54095,21.0421,54095,Probe Pylon RoboticsFacility Probe Immortal Stalker Probe Probe RoboticsFacility Stalker Pylon Immortal Zealot RoboticsFacility Immortal Immortal Gateway Immortal Pylon Immortal Immortal Stalker Immortal Pylon Zealot Stalker Immortal Pylon Adept Zealot Immortal Probe Stalker RoboticsBay Pylon Adept Gateway Pylon Assimilator Pylon Stargate Zealot Assimilator Probe,50.5,124376
390,1411944,0,54473,21.1188,54473,Probe Pylon RoboticsFacility Probe Immortal Stalker Probe Probe RoboticsFacility Stalker Pylon Immortal Zealot RoboticsFacility Immortal Immortal Gateway Immortal Pylon Immortal Immortal Stalker Immortal Pylon Zealot Stalker Immortal Pylon Stalker Stalker Immortal Stalker Assimilator Assimilator Gateway Stargate RoboticsBay TwilightCouncil Probe Pylon,51.75,124762
403,1459072,0,58019,21.7988,58019,Probe Pylon RoboticsFacility Probe Immortal Stalker Probe Probe RoboticsFacility Stalker Pylon Immortal Zealot RoboticsFacility Immortal Immortal Gateway Immortal Pylon Immortal Immortal Stalker Immortal Pylon Zealot Stalker Immortal Pylon Stalker Immortal Probe Stalker Stalker TwilightCouncil RoboticsFacility Pylon Gateway Gateway Assimilator Pylon Assimilator Pylon,51.75,125220
416,1469524,0,58859,21.9718,58859,Probe Pylon RoboticsFacility Probe Immortal Stalker Probe Probe RoboticsFacility Stalker Pylon Immortal Zealot RoboticsFacility Immortal Immortal Gateway Immortal Pylon Immortal Immortal Stalker Immortal Pylon Zealot Stalker Immortal Pylon Stalker Immortal Stalker Stalker Nexus Assimilator Probe Assimilator Stargate Stargate Gateway,51.75,125220
429,1486993,0,60314,22.149,60314,Probe Pylon RoboticsFacility Probe Immortal Stalker Probe Probe RoboticsFacility Stalker Pylon Immortal Zealot RoboticsFacility Immortal Immortal Gateway Immortal Pylon Immortal Immortal Stalker Immortal Pylon Zealot Stalker Immortal Pylon Stalker Immortal Stalker Stalker Probe RoboticsFacility Pylon RoboticsFacility Stalker Adept Probe Assimilator Assimilator Probe Gateway,51.75,125220
429,1492703,0,60847,22.2383,60847,Probe Pylon RoboticsFacility Probe Immortal Stalker Probe Probe RoboticsFacility Stalker Pylon Immortal Zealot RoboticsFacility Immortal Immortal Gateway Immortal Pylon Immortal Immortal Stalker Immortal Pylon Zealot Stalker Immortal Pylon Stalker Immortal Stalker Stalker Pylon Nexus Zealot Probe Immortal TwilightCouncil Probe,51.75,125220
429,1496001,0,61159,22.2912,61159,Probe Pylon RoboticsFacility Probe Immortal Stalker Probe Probe RoboticsFacility Stalker Pylon Immortal Zealot RoboticsFacility Immortal Immortal Gateway Immortal Pylon Immortal Immortal Stalker Immortal Pylon Zealot Stalker Immortal Pylon Stalker Immortal Stalker Pylon Stalker RoboticsFacility Probe Gateway Probe RoboticsFacility Adept Assimilator Zealot Pylon Pylon,51.75,125220
441,1507649,0,62269,22.4762,62269,Probe Pylon RoboticsFacility Probe Immortal Stalker Probe Probe RoboticsFacility Stalker Pylon Immortal Zealot RoboticsFacility Immortal Immortal Gateway Immortal Pylon Immortal Immortal Stalker Immortal Pylon Zealot Stalker Immortal Pylon Stalker Immortal Stalker Pylon Stalker Adept Stalker Nexus Probe Probe RoboticsFacility Gateway,51.75,125220
454,1529652,0,64497,22.8249,64497,Probe Pylon RoboticsFacility Probe Immortal Stalker Probe Probe RoboticsFacility Stalker Pylon Immortal Zealot RoboticsFacility Immortal Immortal Gateway Immortal Pylon Immortal Immortal Stalker Immortal Pylon Zealot Stalker Immortal Pylon Stalker Immortal Stalker Pylon Stalker TwilightCouncil Stalker Assimilator Stalker Pylon Probe Probe Probe Probe Assimilator Gateway,51.75,125220
454,1531257,0,64663,22.8507,64663,Probe Pylon RoboticsFacility Probe Immortal Stalker Probe Probe RoboticsFacility Stalker Pylon Immortal Zealot RoboticsFacility Immortal Immortal Gateway Immortal Pylon Immortal Immortal Stalker Immortal Pylon Zealot Stalker Immortal Pylon Stalker Immortal Stalker Pylon Stalker TwilightCouncil Probe Probe RoboticsFacility Assimilator Assimilator Probe Gateway Zealot Gateway Probe,51.75,125220
454,1538134,0,65390,22.9643,65390,Probe Pylon RoboticsFacility Probe Immortal Stalker Probe Probe RoboticsFacility Stalker Pylon Immortal Zealot RoboticsFacility Immortal Immortal Gateway Immortal Pylon Immortal Immortal Stalker Immortal Pylon Zealot Stalker Immortal Pylon Stalker Immortal Stalker Pylon Stalker Adept Probe Probe Probe Stalker RoboticsFacility Nexus Probe Probe,51.75,125220
454,1544284,0,66044,23.06,66044,Probe Pylon RoboticsFacility Probe Immortal Stalker Probe Probe RoboticsFacility Stalker Pylon Immortal Zealot RoboticsFacility Immortal Immortal Gateway Immortal Pylon Immortal Immortal Stalker Immortal Pylon Zealot Stalker Immortal Pylon Stalker Immortal Stalker Pylon Stalker Probe Probe Probe Pylon Zealot Assimilator Immortal RoboticsFacility Zealot Pylon,51.75,125220
467,1557827,0,67608,23.2773,67608,Probe Pylon RoboticsFacility Probe Immortal Stalker Probe Probe RoboticsFacility Stalker Pylon Immortal Zealot RoboticsFacility Immortal Immortal Gateway Immortal Pylon Immortal Immortal Stalker Immortal Pylon Zealot Stalker Immortal Pylon Stalker Immortal Stalker Pylon Stalker Gateway Probe Assimilator Assimilator Stalker Probe Probe Probe RoboticsFacility RoboticsBay Probe,51.75,125220
480,1571098,0,69270,23.4909,69270,Probe Pylon RoboticsFacility Probe Immortal Stalker Probe Probe RoboticsFacility Stalker Pylon Immortal Zealot RoboticsFacility Immortal Immortal Gateway Immortal Pylon Immortal Immortal Stalker Immortal Pylon Zealot Stalker Immortal Pylon Stalker Immortal Stalker Pylon Stalker Gateway Probe Probe Zealot Probe Pylon Probe Zealot Probe Immortal Pylon,51.75,125220
506,1594719,0,72387,23.8748,72387,Probe Pylon RoboticsFacility Probe Immortal Stalker Probe Probe RoboticsFacility Stalker Pylon Immortal Zealot RoboticsFacility Immortal Immortal Gateway Immortal Pylon Immortal Immortal Stalker Immortal Pylon Zealot Stalker Immortal Pylon Stalker Immortal Stalker Pylon Stalker Gateway Probe Probe Pylon Probe Probe Probe Probe Assimilator TwilightCouncil Immortal Probe,51.75,125220
545,1637387,0,78776,24.5757,78776,Probe Pylon RoboticsFacility Probe Immortal Stalker Probe Probe RoboticsFacility Stalker Pylon Immortal Zealot RoboticsFacility Immortal Immortal Gateway Immortal Pylon Immortal Immortal Stalker Immortal Pylon Zealot Stalker Immortal Pylon Stalker Immortal Stalker Pylon Stalker Gateway Probe Probe Pylon Probe Probe Probe Pylon RoboticsFacility Probe Immortal,51.75,125220
545,1639839,0,79179,24.6159,79179,Probe Pylon RoboticsFacility Probe Immortal Stalker Probe Probe RoboticsFacility Stalker Pylon Immortal Zealot RoboticsFacility Immortal Immortal Gateway Immortal Pylon Immortal Immortal Stalker Immortal Pylon Zealot Stalker Immortal Pylon Stalker Immortal Stalker Pylon Stalker Gateway Probe Probe Pylon Probe Probe Probe Zealot Probe Assimilator Immortal Zealot,51.75,125220
545,1644567,0,79946,24.6941,79946,Probe Pylon RoboticsFacility Probe Immortal Stalker Probe Probe RoboticsFacility Stalker Pylon Immortal Zealot RoboticsFacility Immortal Immortal Gateway Immortal Pylon Immortal Immortal Stalker Immortal Pylon Zealot Stalker Immortal Pylon Stalker Immortal Stalker Pylon Stalker Gateway Probe Probe Pylon Probe Probe Probe Probe Immortal Immortal,51.75,125220
