0,0,0,0,0,0, ,0,0
0,30,0,1,0.000265,1,Gateway Stalker Adept Nexus RoboticsFacility Nexus Stargate Gateway Stalker Immortal TwilightCouncil RoboticsBay Stargate Immortal Pylon TemplarArchive DarkShrine Assimilator VoidRay Stalker Zealot RoboticsFacility Immortal Stargate Adept Adept Pylon Colossus Zealot,24,53008.8
0,95,0,3,0.000733,3,Stalker Zealot Stargate Assimilator Adept Stalker VoidRay Stargate Zealot TwilightCouncil VoidRay Pylon Assimilator Probe Probe VoidRay Adept Gateway Pylon Zealot Gateway Stalker Stalker Adept Probe RoboticsFacility Pylon Pylon Gateway DarkShrine Stargate Pylon RoboticsFacility Pylon TemplarArchive,25.75,81400
0,505,0,16,0.00369,16,RoboticsFacility Zealot Immortal Adept Zealot Immortal Gateway Stalker Stargate Gateway Gateway Pylon Assimilator Probe Adept Zealot VoidRay Pylon FleetBeacon Zealot Probe RoboticsBay Immortal Gateway Stargate Immortal Probe Pylon Carrier Immortal Stargate Stargate,27.25,82909
2,8340,0,266,0.166792,266,Pylon RoboticsFacility Immortal Gateway Gateway Stalker Nexus Probe Immortal Stalker Adept Probe Probe Pylon Probe Zealot Stargate Assimilator Stalker Immortal VoidRay Probe RoboticsFacility Stalker RoboticsFacility RoboticsFacility Nexus Adept Immortal Adept RoboticsBay Colossus Assimilator TwilightCouncil Pylon Pylon Stalker,30.75,85918.5
11,21843,0,698,0.419879,698,Stalker RoboticsFacility Immortal Pylon TwilightCouncil Stalker Probe TemplarArchive Gateway Adept Immortal Probe Gateway Stalker Immortal RoboticsFacility Nexus Assimilator Adept Immortal Stalker Stargate Assimilator Gateway DarkShrine VoidRay Gateway Stargate RoboticsBay Gateway RoboticsFacility Zealot,28.5,88038.8
11,25895,0,830,0.507526,830,Probe RoboticsFacility Zealot RoboticsFacility Nexus Adept Nexus Stalker Immortal Immortal Immortal Adept Immortal Immortal Adept Immortal RoboticsBay Colossus Assimilator Adept Immortal Adept Immortal RoboticsFacility TwilightCouncil Pylon Stalker RoboticsFacility Probe,40.25,96445.2
35,122376,0,3821,2.56968,3821,Probe RoboticsFacility RoboticsFacility RoboticsFacility Zealot Immortal Stalker Immortal Immortal Nexus Stalker Pylon Immortal Stargate Immortal Pylon Assimilator Stalker Nexus Assimilator Zealot Gateway VoidRay VoidRay Immortal Adept Probe Probe,30,96970.8
35,123938,0,3869,2.62094,3869,Probe RoboticsFacility Stalker RoboticsFacility Immortal Stalker Immortal Immortal Zealot Nexus Zealot Pylon Zealot Stalker Immortal RoboticsBay Stalker Pylon Probe Stargate VoidRay Assimilator Immortal Probe Pylon Colossus Stalker FleetBeacon Immortal Pylon RoboticsFacility Zealot Assimilator Probe Assimilator,39.5,98655.8
35,133598,0,4174,2.83817,4174,Probe RoboticsFacility RoboticsFacility Zealot Immortal Adept Pylon Immortal Immortal RoboticsBay Immortal Colossus Adept Nexus Zealot Immortal Immortal Colossus Probe Gateway Pylon Stalker Pylon RoboticsFacility Probe Gateway Assimilator Gateway Gateway Probe RoboticsFacility TwilightCouncil Probe Stargate Assimilator,32,99898.5
53,182860,0,5744,3.79416,5744,Probe RoboticsFacility Stalker Immortal Gateway Pylon Stalker RoboticsFacility Zealot Stargate Immortal Stalker Assimilator Immortal VoidRay Nexus VoidRay Adept Pylon Assimilator Immortal FleetBeacon Nexus Probe RoboticsFacility Stargate Probe,30.5,102000
92,340926,0,11074,4.94387,11074,Probe RoboticsFacility Stalker Immortal Gateway Adept Pylon Immortal Pylon Stalker Nexus Zealot Adept Gateway RoboticsBay Stalker Zealot Immortal Probe Adept Zealot Gateway Zealot Pylon Adept Stalker RoboticsFacility Stalker Adept Immortal Pylon Stalker Zealot Nexus Stalker Adept Stalker TwilightCouncil Assimilator,36.75,103712
105,398068,0,13098,5.83498,13098,Probe RoboticsFacility Stalker Immortal Gateway Adept Pylon Nexus Stalker Zealot Immortal Zealot RoboticsFacility Adept Adept Immortal Immortal Assimilator Pylon Zealot Zealot TwilightCouncil Stalker Zealot TemplarArchive Assimilator Adept Adept Pylon Gateway Stargate Nexus Stalker,31.5,103817
118,440591,0,14627,6.48798,14627,Probe RoboticsFacility Stalker Immortal Gateway Adept Pylon Stargate Adept Stalker Immortal VoidRay Immortal Assimilator Probe FleetBeacon Gateway Immortal Pylon Pylon Carrier Adept TwilightCouncil Stalker Probe Zealot Stalker Nexus Pylon Zealot Pylon Assimilator RoboticsBay Probe Gateway,37.75,105451
118,473266,0,15829,7.1759,15829,Probe RoboticsFacility Stalker Immortal Gateway Adept Pylon Stalker Assimilator Stalker RoboticsFacility Immortal Immortal Stalker RoboticsFacility Stalker Immortal Adept RoboticsBay Pylon Immortal Zealot Assimilator Stargate Adept TwilightCouncil FleetBeacon Gateway TemplarArchive DarkShrine,32.25,106776
183,686735,0,25004,10.4662,25004,Probe RoboticsFacility Stalker Immortal Gateway Adept Pylon Stalker Assimilator Stalker RoboticsFacility Immortal RoboticsFacility Stalker Pylon Stalker Stalker Gateway Zealot Stalker Zealot Immortal Immortal Probe Pylon Stalker Adept Assimilator Adept Stalker Probe Nexus Stargate RoboticsFacility Pylon,36.5,107000
183,702984,0,25808,10.7274,25808,Probe RoboticsFacility Stalker Immortal Gateway Adept Pylon Stalker Assimilator Stalker RoboticsFacility Immortal Pylon Stalker Adept Zealot Immortal Zealot Immortal Stalker RoboticsFacility Gateway Immortal RoboticsFacility Nexus Pylon Nexus RoboticsFacility Zealot Stalker,32,107969
196,718239,0,26578,10.98,26578,Probe RoboticsFacility Stalker Immortal Gateway Adept Pylon Stalker Assimilator Stalker RoboticsFacility Immortal Pylon Adept RoboticsFacility Zealot Stalker Immortal Stalker Stalker Immortal Adept Adept Pylon Adept Stargate Probe Probe FleetBeacon VoidRay Pylon Immortal RoboticsFacility Stalker Adept,36.75,108684
209,764784,0,28970,11.6469,28970,Probe RoboticsFacility Stalker Immortal Gateway Adept Pylon Stalker Assimilator Stalker RoboticsFacility Immortal Pylon Adept Stalker Stargate Immortal Zealot Immortal Immortal VoidRay RoboticsBay Gateway Gateway RoboticsFacility Assimilator TwilightCouncil DarkShrine RoboticsFacility Stargate Pylon,33.25,108744
209,766172,0,29042,11.6569,29042,Probe RoboticsFacility Stalker Immortal Gateway Adept Pylon Stalker Assimilator Stalker RoboticsFacility Immortal Pylon Adept Immortal Immortal Adept Immortal Immortal Zealot TwilightCouncil Pylon Probe Probe Assimilator Adept Immortal TemplarArchive DarkShrine Stargate Stargate Stargate Pylon,37.5,112309
222,806621,0,31235,11.9558,31235,Probe RoboticsFacility Stalker Immortal Gateway Adept Pylon Stalker Assimilator Stalker RoboticsFacility Immortal Pylon Adept Immortal Pylon Immortal Adept Zealot Probe Immortal Stalker Adept RoboticsBay Immortal Pylon Zealot Immortal TwilightCouncil Nexus TemplarArchive Probe Assimilator,40.25,113899
235,855636,0,34073,12.3655,34073,Probe RoboticsFacility Stalker Immortal Gateway Adept Pylon Stalker Assimilator Stalker RoboticsFacility Immortal Pylon Adept Immortal Pylon Immortal Stalker Adept Immortal Immortal Adept Adept Adept RoboticsBay Probe Nexus Probe Stargate Assimilator TwilightCouncil RoboticsFacility Stargate,37,114933
261,892892,0,36457,12.7273,36457,Probe RoboticsFacility Stalker Immortal Gateway Adept Pylon Stalker Assimilator Stalker RoboticsFacility Immortal Pylon Adept Immortal Pylon Immortal Stalker Adept Immortal Adept Immortal Adept Stargate Assimilator Pylon Adept Zealot Gateway Probe Nexus Stalker,38,115438
261,894832,0,36584,12.7419,36584,Probe RoboticsFacility Stalker Immortal Gateway Adept Pylon Stalker Assimilator Stalker RoboticsFacility Immortal Pylon Adept Immortal Pylon Immortal Stalker Immortal Immortal Adept Immortal Zealot Pylon RoboticsFacility Stalker Probe RoboticsBay Assimilator Zealot RoboticsFacility Adept Zealot Pylon,40.75,116274
274,920090,0,38298,12.9313,38298,Probe RoboticsFacility Stalker Immortal Gateway Adept Pylon Stalker Assimilator Stalker RoboticsFacility Immortal Pylon Adept Immortal Pylon Immortal Stalker Immortal Adept Immortal Immortal Immortal Gateway RoboticsFacility Nexus Stargate RoboticsBay,40.75,116280
274,925713,0,38716,12.9717,38716,Probe RoboticsFacility Stalker Immortal Gateway Adept Pylon Stalker Assimilator Stalker RoboticsFacility Immortal Pylon Adept Immortal Pylon Immortal Stalker Immortal Immortal Stalker Immortal Zealot Zealot Assimilator RoboticsBay RoboticsFacility TwilightCouncil Stargate Pylon TemplarArchive,39.5,116786
274,934525,0,39371,13.0341,39371,Probe RoboticsFacility Stalker Immortal Gateway Adept Pylon Stalker Assimilator Stalker RoboticsFacility Immortal Pylon Adept Immortal Pylon Immortal Stalker Immortal Stalker Immortal Immortal Immortal Nexus Gateway RoboticsFacility Gateway RoboticsFacility,41.25,116882
274,944745,0,40134,13.1085,40134,Probe RoboticsFacility Stalker Immortal Gateway Adept Pylon Stalker Assimilator Stalker RoboticsFacility Immortal Pylon Adept Immortal Pylon Immortal Stalker Immortal Stalker Stalker Immortal Adept Stalker Probe Stargate FleetBeacon Assimilator Stargate Gateway Pylon TwilightCouncil Probe Probe,38.5,116934
287,946576,0,40276,13.1225,40276,Probe RoboticsFacility Stalker Immortal Gateway Adept Pylon Stalker Assimilator Stalker RoboticsFacility Immortal Pylon Adept Immortal Pylon Immortal Stalker Immortal Stalker Stalker Adept Immortal Immortal Nexus Gateway Assimilator RoboticsFacility TwilightCouncil Pylon,40.5,117194
287,955369,0,40963,13.1861,40963,Probe RoboticsFacility Stalker Immortal Gateway Adept Pylon Stalker Assimilator Stalker RoboticsFacility Immortal Pylon Adept Immortal Pylon Immortal Stalker Immortal Stalker Stalker Immortal Adept TwilightCouncil Adept Assimilator Stalker Stargate RoboticsBay Pylon Immortal Probe,39.75,117302
287,958201,0,41182,13.2067,41182,Probe RoboticsFacility Stalker Immortal Gateway Adept Pylon Stalker Assimilator Stalker RoboticsFacility Immortal Pylon Adept Immortal Pylon Immortal Stalker Immortal Stalker Immortal Adept Immortal Stalker Assimilator RoboticsFacility Stargate FleetBeacon RoboticsFacility Pylon,40.5,117587
287,962711,0,41534,13.2384,41534,Probe RoboticsFacility Stalker Immortal Gateway Adept Pylon Stalker Assimilator Stalker RoboticsFacility Immortal Pylon Adept Immortal Pylon Immortal Stalker Immortal Stalker Immortal Immortal Adept Adept RoboticsBay Pylon Stalker Pylon Zealot Immortal Stargate Probe,42.75,117748
300,974824,0,42553,13.3262,42553,Probe RoboticsFacility Stalker Immortal Gateway Adept Pylon Stalker Assimilator Stalker RoboticsFacility Immortal Pylon Adept Immortal Pylon Immortal Stalker Immortal Stalker Immortal Zealot Immortal Pylon Adept Probe Stalker TwilightCouncil Stalker Assimilator Stalker DarkShrine Gateway Probe,43.25,117923
300,988931,0,43811,13.4248,43811,Probe RoboticsFacility Stalker Immortal Gateway Adept Pylon Stalker Assimilator Stalker RoboticsFacility Immortal Pylon Adept Immortal Pylon Immortal Stalker Immortal Stalker Immortal Stalker Stalker Stalker Pylon Gateway Stalker RoboticsBay Stargate Probe Stargate Assimilator TwilightCouncil Probe Probe,40.75,117951
300,991411,0,44032,13.4422,44032,Probe RoboticsFacility Stalker Immortal Gateway Adept Pylon Stalker Assimilator Stalker RoboticsFacility Immortal Pylon Adept Immortal Pylon Immortal Stalker Immortal Stalker Immortal Stalker Immortal Stalker RoboticsBay Gateway TwilightCouncil Stargate DarkShrine Pylon RoboticsFacility,41,118087
300,992470,0,44134,13.4502,44134,Probe RoboticsFacility Stalker Immortal Gateway Adept Pylon Stalker Assimilator Stalker RoboticsFacility Immortal Pylon Adept Immortal Pylon Immortal Stalker Immortal Stalker Immortal Stalker Immortal Stalker Assimilator Stargate Gateway Stargate FleetBeacon,41,118087
313,993872,0,44270,13.4607,44270,Probe RoboticsFacility Stalker Immortal Gateway Adept Pylon Stalker Assimilator Stalker RoboticsFacility Immortal Pylon Adept Immortal Pylon Immortal Stalker Immortal Stalker Immortal Stalker Immortal Adept Pylon TwilightCouncil Zealot RoboticsBay Stargate DarkShrine TemplarArchive Adept,41.5,118140
313,995234,0,44397,13.4702,44397,Probe RoboticsFacility Stalker Immortal Gateway Adept Pylon Stalker Assimilator Stalker RoboticsFacility Immortal Pylon Adept Immortal Pylon Immortal Stalker Immortal Stalker Immortal Stalker Stalker Immortal Pylon Zealot Assimilator Stalker Probe Probe Stargate Zealot Gateway Pylon,43.75,119062
326,1024550,0,47306,13.6739,47306,Probe RoboticsFacility Stalker Immortal Gateway Adept Pylon Stalker Assimilator Stalker RoboticsFacility Immortal Pylon Adept Immortal Pylon Immortal Stalker Immortal Stalker Immortal Stalker Stalker Immortal Pylon Stalker Stalker Stalker Pylon RoboticsBay Adept TwilightCouncil,44.5,119368
356,1047281,0,50125,13.8667,50125,Probe RoboticsFacility Stalker Immortal Gateway Adept Pylon Stalker Assimilator Stalker RoboticsFacility Immortal Pylon Adept Immortal Pylon Immortal Stalker Immortal Stalker Immortal Stalker Stalker Immortal Pylon Stalker Stalker TwilightCouncil RoboticsFacility Immortal Pylon,44.5,119368
368,1048575,0,50294,13.8887,50294,Probe RoboticsFacility Stalker Immortal Gateway Adept Pylon Stalker Assimilator Stalker RoboticsFacility Immortal Pylon Adept Immortal Pylon Immortal Stalker Immortal Stalker Immortal Stalker Stalker Immortal Pylon Stalker Stalker Zealot Stargate Probe Gateway Stargate Probe,44.5,119368
368,1049975,0,50474,13.8982,50474,Probe RoboticsFacility Stalker Immortal Gateway Adept Pylon Stalker Assimilator Stalker RoboticsFacility Immortal Pylon Adept Immortal Pylon Immortal Stalker Immortal Stalker Immortal Stalker Stalker Immortal Pylon Stalker Stalker Probe Adept RoboticsBay Stargate Pylon Gateway,44.5,119368
368,1053744,0,50972,13.9498,50972,Probe RoboticsFacility Stalker Immortal Gateway Adept Pylon Stalker Assimilator Stalker RoboticsFacility Immortal Pylon Adept Immortal Pylon Immortal Stalker Immortal Stalker Immortal Stalker Stalker Immortal Pylon Stalker Stalker Assimilator Pylon Zealot Zealot Probe Probe Stargate,44.5,119368
381,1075853,0,54088,14.1329,54088,Probe RoboticsFacility Stalker Immortal Gateway Adept Pylon Stalker Assimilator Stalker RoboticsFacility Immortal Pylon Adept Immortal Pylon Immortal Stalker Immortal Stalker Immortal Stalker Stalker Immortal Pylon Stalker Stalker Gateway Pylon Probe Assimilator Probe Probe Adept Probe Probe,44.5,119368
381,1076213,0,54149,14.1356,54149,Probe RoboticsFacility Stalker Immortal Gateway Adept Pylon Stalker Assimilator Stalker RoboticsFacility Immortal Pylon Adept Immortal Pylon Immortal Stalker Immortal Stalker Immortal Stalker Stalker Immortal Pylon Stalker Stalker Probe Probe Probe Probe TwilightCouncil Assimilator RoboticsFacility Stargate,44.5,119368
394,1088351,0,56178,14.2975,56178,Probe RoboticsFacility Stalker Immortal Gateway Adept Pylon Stalker Assimilator Stalker RoboticsFacility Immortal Pylon Adept Immortal Pylon Immortal Stalker Immortal Stalker Immortal Stalker Stalker Immortal Pylon Stalker Stalker Probe Probe Probe Probe Pylon Assimilator Adept Adept Probe RoboticsFacility,44.5,119368
406,1089430,0,56358,14.3049,56358,Probe RoboticsFacility Stalker Immortal Gateway Adept Pylon Stalker Assimilator Stalker RoboticsFacility Immortal Pylon Adept Immortal Pylon Immortal Stalker Immortal Stalker Immortal Stalker Stalker Immortal Pylon Stalker Stalker Probe Probe Pylon Probe TwilightCouncil Probe Probe Adept Gateway,44.5,119368
431,1116846,0,61165,14.7016,61165,Probe RoboticsFacility Stalker Immortal Gateway Adept Pylon Stalker Assimilator Stalker RoboticsFacility Immortal Pylon Adept Immortal Pylon Immortal Stalker Immortal Stalker Immortal Stalker Stalker Immortal Pylon Stalker Stalker Probe Probe Pylon Probe Zealot Probe Probe Zealot Pylon Probe Probe,44.5,119368
431,1118007,0,61386,14.7094,61386,Probe RoboticsFacility Stalker Immortal Gateway Adept Pylon Stalker Assimilator Stalker RoboticsFacility Immortal Pylon Adept Immortal Pylon Immortal Stalker Immortal Stalker Immortal Stalker Stalker Immortal Pylon Stalker Stalker Probe Probe Pylon Probe RoboticsFacility Probe Probe Adept Zealot Assimilator,44.5,119368
431,1121773,0,62112,14.7896,62112,Probe RoboticsFacility Stalker Immortal Gateway Adept Pylon Stalker Assimilator Stalker RoboticsFacility Immortal Pylon Adept Immortal Pylon Immortal Stalker Immortal Stalker Immortal Stalker Stalker Immortal Pylon Stalker Stalker Probe Probe Pylon Probe Probe Assimilator Probe Adept Gateway Adept,44.5,119368
431,1121971,0,62151,14.7912,62151,Probe RoboticsFacility Stalker Immortal Gateway Adept Pylon Stalker Assimilator Stalker RoboticsFacility Immortal Pylon Adept Immortal Pylon Immortal Stalker Immortal Stalker Immortal Stalker Stalker Immortal Pylon Stalker Stalker Probe Probe Pylon Probe Probe Probe Probe Stalker Zealot Stargate,44.5,119368
444,1125062,0,62762,14.8666,62762,Probe RoboticsFacility Stalker Immortal Gateway Adept Pylon Stalker Assimilator Stalker RoboticsFacility Immortal Pylon Adept Immortal Pylon Immortal Stalker Immortal Stalker Immortal Stalker Stalker Immortal Pylon Stalker Stalker Probe Probe Pylon Probe Probe Probe Probe Assimilator Probe Stalker Stalker,44.5,119368
459,1140748,2,65946,15.1535,65946,Probe RoboticsFacility Stalker Immortal Gateway Adept Pylon Stalker Assimilator Stalker RoboticsFacility Immortal Pylon Adept Immortal Pylon Immortal Stalker Immortal Stalker Immortal Stalker Stalker Immortal Pylon Stalker Stalker Probe Probe Pylon Probe Probe Probe Probe Pylon Immortal,44.5,119368
459,1141391,2,66087,15.1683,66087,Probe RoboticsFacility Stalker Immortal Gateway Adept Pylon Stalker Assimilator Stalker RoboticsFacility Immortal Pylon Adept Immortal Pylon Immortal Stalker Immortal Stalker Immortal Stalker Stalker Immortal Pylon Stalker Stalker Probe Probe Pylon Probe Probe Probe Probe Immortal Zealot,44.5,119368
472,1144050,3,66698,15.223,66698,Probe RoboticsFacility Stalker Immortal Gateway Adept Pylon Stalker Assimilator Stalker RoboticsFacility Immortal Pylon Adept Immortal Pylon Immortal Stalker Immortal Stalker Immortal Stalker Stalker Immortal Pylon Stalker Stalker Probe Probe Pylon Probe Probe Probe Probe Immortal Adept,44.5,119368
