0,0,0,0,0,0, ,0,0
0,36,0,1,0.000311,1,Gateway Probe Stalker Gateway Stargate Stalker VoidRay Nexus Gateway VoidRay Stalker Pylon RoboticsFacility FleetBeacon Stargate Stalker Mothership Nexus Stargate Pylon Immortal Stalker Pylon Pylon Adept TwilightCouncil Probe Gateway Zealot Zealot Probe Pylon Gateway Pylon Probe,15,60488.2
0,129,0,4,0.000943,4,Pylon Assimilator Adept Probe Zealot RoboticsFacility Pylon Stargate Adept Gateway Probe Adept Immortal Probe RoboticsFacility Immortal VoidRay Assimilator VoidRay Zealot Nexus VoidRay Zealot Pylon VoidRay TwilightCouncil DarkShrine TemplarArchive RoboticsBay Adept Adept Probe Probe,26.25,75451
0,2776,0,88,0.043626,88,Nexus Stalker Stalker Gateway RoboticsFacility Adept Immortal TwilightCouncil Immortal Adept Stalker RoboticsBay Immortal Stalker Gateway Stalker RoboticsFacility DarkShrine Adept Pylon Gateway Probe Colossus Stalker Stalker Adept Probe Stargate DarkTemplar Adept Pylon Gateway Nexus Pylon,33.5,82542
0,4270,0,136,0.068267,136,Adept TwilightCouncil Probe Gateway Stargate Assimilator Stalker Probe Stalker Pylon FleetBeacon VoidRay Adept Stalker Probe VoidRay Stalker Stalker VoidRay TemplarArchive Nexus DarkShrine VoidRay Nexus Zealot Probe RoboticsFacility Assimilator RoboticsBay Stalker RoboticsFacility RoboticsFacility RoboticsFacility Probe,28.25,83674
0,6374,0,204,0.101902,204,RoboticsFacility Gateway Zealot Adept Gateway Gateway Stalker Immortal Immortal Pylon Nexus Adept Stalker Stalker Assimilator Immortal Adept Adept Pylon Assimilator Zealot RoboticsFacility Nexus Zealot Zealot Stalker Immortal Pylon Probe,27.25,87548.2
11,26858,0,870,0.412418,870,Stalker Stargate Gateway Zealot Adept Assimilator TwilightCouncil VoidRay Zealot Probe Adept Adept Probe Nexus Pylon Assimilator VoidRay Stargate Pylon VoidRay Stalker VoidRay Pylon VoidRay Stalker Adept Probe Zealot DarkShrine Nexus Probe,33.25,88196.2
11,38846,0,1256,0.596858,1256,Adept Stalker Pylon Stargate RoboticsFacility Adept Probe Probe Nexus VoidRay Stargate Gateway Adept Zealot Stalker Immortal VoidRay VoidRay Probe RoboticsFacility Immortal Immortal RoboticsBay RoboticsFacility Immortal Zealot Pylon TwilightCouncil Pylon Stalker Pylon Gateway Assimilator Probe Nexus Pylon Probe Probe,32.5,89738.5
22,93531,0,3031,1.43373,3031,Adept Stargate RoboticsFacility VoidRay Adept Zealot Pylon Assimilator Gateway VoidRay Assimilator Immortal Zealot Stalker VoidRay Pylon FleetBeacon Carrier Adept Tempest Stargate Nexus TwilightCouncil,29.25,90461.8
22,97304,0,3157,1.49367,3157,Adept Pylon Gateway Stalker TwilightCouncil Stalker Stalker Gateway Gateway Stargate Zealot DarkShrine Stalker Pylon Stalker VoidRay VoidRay DarkTemplar Adept DarkTemplar VoidRay Gateway Pylon Gateway Stargate Gateway Pylon Probe Assimilator Adept RoboticsFacility Gateway Pylon VoidRay RoboticsFacility Assimilator Zealot Pylon,30.5,90463.8
36,138597,0,4515,2.13045,4515,Adept Pylon Gateway RoboticsFacility Immortal RoboticsFacility RoboticsBay Pylon Immortal Colossus Adept Zealot Gateway Stalker Assimilator TwilightCouncil Stalker Immortal Pylon Colossus Immortal Assimilator Nexus Gateway Immortal Adept Probe,32,90783.8
49,209291,0,6881,3.22589,6881,Adept Pylon Gateway RoboticsFacility Immortal RoboticsBay Probe Adept Colossus RoboticsFacility Zealot Adept Stalker Immortal Stalker Gateway Stalker Pylon Colossus Pylon Zealot Adept Stalker Stalker Stargate Adept Stalker Nexus Gateway RoboticsFacility Assimilator Stargate Nexus Gateway,36.25,94606
52,226438,0,7463,3.48823,7463,Adept Pylon Gateway Stalker Probe Stalker Stargate Stalker Stargate Zealot Stalker Adept Adept VoidRay VoidRay Stalker Assimilator Nexus VoidRay Stalker RoboticsFacility Probe Pylon Zealot Immortal Nexus Pylon Gateway RoboticsBay Immortal Nexus,32,95126
52,229023,0,7550,3.52498,7550,Adept Pylon Gateway Stalker Stargate Adept Adept RoboticsFacility Stalker Pylon VoidRay RoboticsFacility Zealot VoidRay VoidRay Stalker Immortal Adept VoidRay RoboticsBay Gateway Stalker TwilightCouncil Pylon FleetBeacon Zealot Gateway Nexus Pylon Stalker Nexus,32.75,95402.5
68,290596,0,9672,4.47164,9672,Adept Pylon Gateway Stalker Stargate Stalker Gateway Zealot VoidRay Pylon Stalker Pylon Adept Adept Zealot Pylon VoidRay Assimilator Stalker Gateway Assimilator Stalker VoidRay Nexus TwilightCouncil Probe FleetBeacon Zealot Gateway DarkShrine Adept,27.5,97290.5
111,418613,0,14467,6.56313,14467,Adept Pylon Gateway Stalker Stargate Stalker Gateway VoidRay Stalker Stalker Assimilator Stalker Pylon Zealot Adept Pylon Adept Stargate Zealot Zealot Stargate VoidRay VoidRay Zealot VoidRay VoidRay TwilightCouncil Stalker Gateway FleetBeacon Gateway Probe,38.25,104952
111,428932,0,14871,6.7364,14871,Adept Pylon Gateway Stalker Stargate Stalker Gateway VoidRay Stalker Stalker Zealot Stalker Stalker Adept Pylon Zealot TwilightCouncil VoidRay Probe Adept FleetBeacon Adept Zealot RoboticsFacility Pylon Stalker DarkShrine Zealot Nexus Tempest Probe Pylon Probe Stargate Zealot Immortal Gateway Pylon Probe,34.5,105482
138,512177,0,18239,8.07254,18239,Adept Pylon Gateway Stalker Stargate Stalker Gateway VoidRay Stalker Stargate Probe Pylon Stalker Zealot Zealot VoidRay Adept VoidRay VoidRay Gateway Zealot Stalker Assimilator Probe Nexus Nexus Pylon Zealot Zealot Stalker Zealot Adept FleetBeacon Stargate Pylon,35,107398
177,656800,0,24313,10.4541,24313,Adept Pylon Gateway Stalker Stargate Stalker Gateway VoidRay Stalker Stargate Probe Pylon Adept Adept Zealot VoidRay Adept Stalker Stalker Adept VoidRay Stalker Stalker Gateway Assimilator Nexus RoboticsFacility Adept Nexus TwilightCouncil VoidRay Stalker RoboticsFacility Pylon,31.5,109908
191,697074,0,26018,10.9795,26018,Adept Pylon Gateway Stalker Stargate Stalker Gateway VoidRay Stalker Stargate Probe Pylon Adept Stalker Adept Adept Zealot Probe VoidRay VoidRay Stalker Zealot Probe Stalker Pylon Stalker FleetBeacon Zealot Nexus Assimilator Pylon Assimilator RoboticsFacility Zealot Stalker Carrier Stalker Probe Gateway,35,111205
235,878423,0,34161,13.1491,34161,Adept Pylon Gateway Stalker Stargate Stalker Gateway VoidRay Stalker Stargate Probe Pylon Adept Stalker Adept Adept Zealot Pylon VoidRay Zealot Zealot Adept Adept Stalker VoidRay Pylon VoidRay Pylon Probe RoboticsFacility Assimilator Gateway TwilightCouncil RoboticsFacility RoboticsFacility RoboticsFacility Pylon Assimilator Stargate TemplarArchive Zealot,35.25,113550
248,891506,0,34792,13.3668,34792,Adept Pylon Gateway Stalker Stargate Stalker Gateway VoidRay Stalker Stargate Probe Pylon Adept Stalker Adept Adept Zealot VoidRay Pylon Stalker Assimilator Pylon VoidRay VoidRay VoidRay VoidRay Assimilator Stalker Adept FleetBeacon RoboticsFacility RoboticsFacility Stalker Probe,41.75,116145
248,905082,0,35444,13.5891,35444,Adept Pylon Gateway Stalker Stargate Stalker Gateway VoidRay Stalker Stargate Probe Pylon Adept Stalker Adept Adept Zealot VoidRay Probe Pylon Stalker Zealot Stalker Pylon Stalker Stalker Adept VoidRay VoidRay Nexus TwilightCouncil Stargate Gateway VoidRay Stalker Zealot Stalker Assimilator Pylon Pylon Probe,38.25,116958
300,1054270,0,42938,16.0839,42938,Adept Pylon Gateway Stalker Stargate Stalker Gateway VoidRay Stalker Stargate Probe Pylon Adept Stalker Adept Adept Zealot VoidRay Probe Pylon Stalker Zealot VoidRay Zealot Adept Stalker VoidRay RoboticsFacility Assimilator Pylon Stargate Zealot Assimilator Stalker FleetBeacon Nexus Probe RoboticsBay Probe,38.5,117397
300,1059618,0,43220,16.1783,43220,Adept Pylon Gateway Stalker Stargate Stalker Gateway VoidRay Stalker Stargate Probe Pylon Adept Stalker Adept Adept Zealot VoidRay Probe Pylon Stalker Adept Stalker Zealot Stalker Zealot Pylon VoidRay Adept TwilightCouncil RoboticsFacility Stalker Adept Stalker Zealot Gateway Nexus TemplarArchive Assimilator Probe RoboticsBay Assimilator Pylon,40.5,118124
313,1104561,0,45623,16.9391,45623,Adept Pylon Gateway Stalker Stargate Stalker Gateway VoidRay Stalker Stargate Probe Pylon Adept Stalker Adept Adept Zealot VoidRay Probe Pylon Stalker Adept Assimilator Stalker Zealot Stalker VoidRay VoidRay Pylon VoidRay Probe VoidRay Gateway Nexus Pylon Zealot Zealot Pylon,44.5,119184
326,1127756,0,47052,17.3267,47052,Adept Pylon Gateway Stalker Stargate Stalker Gateway VoidRay Stalker Stargate Probe Pylon Adept Stalker Adept Adept Zealot VoidRay Probe Pylon Stalker Adept Assimilator Stalker VoidRay Adept Pylon Stalker VoidRay Gateway Assimilator Adept Stalker Stalker Zealot FleetBeacon Probe Gateway Pylon,42.5,119496
339,1151239,0,48588,17.7151,48588,Adept Pylon Gateway Stalker Stargate Stalker Gateway VoidRay Stalker Stargate Probe Pylon Adept Stalker Adept Adept Zealot VoidRay Probe Pylon Stalker Adept Assimilator Stalker Stalker VoidRay VoidRay Pylon Zealot Assimilator Stalker VoidRay Nexus Stargate Adept TwilightCouncil,42.25,119688
365,1205901,0,52385,18.5982,52385,Adept Pylon Gateway Stalker Stargate Stalker Gateway VoidRay Stalker Stargate Probe Pylon Adept Stalker Adept Adept Zealot VoidRay Probe Pylon Stalker Adept Assimilator Stalker Stalker VoidRay Adept VoidRay Pylon Adept VoidRay Stalker Gateway RoboticsFacility Gateway Stargate FleetBeacon Assimilator,43.75,121264
387,1270518,0,57847,19.6186,57847,Adept Pylon Gateway Stalker Stargate Stalker Gateway VoidRay Stalker Stargate Probe Pylon Adept Stalker Adept Adept Zealot VoidRay Probe Pylon Stalker Adept Assimilator Stalker Stalker VoidRay Adept VoidRay Pylon Adept Stalker Stalker Stargate Stalker Assimilator TwilightCouncil Pylon DarkShrine Probe Pylon Adept,43.25,121446
389,1272549,0,58043,19.6474,58043,Adept Pylon Gateway Stalker Stargate Stalker Gateway VoidRay Stalker Stargate Probe Pylon Adept Stalker Adept Adept Zealot VoidRay Probe Pylon Stalker Adept Assimilator Stalker Stalker VoidRay Adept VoidRay Pylon VoidRay Stalker Adept TwilightCouncil RoboticsFacility Pylon FleetBeacon Adept TemplarArchive,43.75,121564
402,1291625,0,59881,19.953,59881,Adept Pylon Gateway Stalker Stargate Stalker Gateway VoidRay Stalker Stargate Probe Pylon Adept Stalker Adept Adept Zealot VoidRay Probe Pylon Stalker Adept Assimilator Stalker Stalker VoidRay Adept VoidRay Pylon VoidRay Stalker Pylon Stalker Nexus VoidRay Gateway Probe,44.25,121617
402,1293105,0,60030,19.9736,60030,Adept Pylon Gateway Stalker Stargate Stalker Gateway VoidRay Stalker Stargate Probe Pylon Adept Stalker Adept Adept Zealot VoidRay Probe Pylon Stalker Adept Assimilator Stalker Stalker VoidRay Adept VoidRay Pylon VoidRay Zealot Pylon Stalker Adept Adept VoidRay Probe FleetBeacon Assimilator,46,121959
429,1329215,0,64222,20.5438,64222,Adept Pylon Gateway Stalker Stargate Stalker Gateway VoidRay Stalker Stargate Probe Pylon Adept Stalker Adept Adept Zealot VoidRay Probe Pylon Stalker Adept Assimilator Stalker Stalker VoidRay Adept VoidRay Pylon VoidRay Zealot Pylon Adept Stalker Stalker Nexus Stargate Pylon,46.5,121984
440,1330670,0,64409,20.5697,64409,Adept Pylon Gateway Stalker Stargate Stalker Gateway VoidRay Stalker Stargate Probe Pylon Adept Stalker Adept Adept Zealot VoidRay Probe Pylon Stalker Adept Assimilator Stalker Stalker VoidRay Adept VoidRay Pylon VoidRay Zealot Pylon Stalker Stalker Assimilator Zealot Gateway Gateway Stargate Probe,46.25,121990
440,1333107,0,64721,20.6064,64721,Adept Pylon Gateway Stalker Stargate Stalker Gateway VoidRay Stalker Stargate Probe Pylon Adept Stalker Adept Adept Zealot VoidRay Probe Pylon Stalker Adept Assimilator Stalker Stalker VoidRay Adept VoidRay Pylon VoidRay Zealot Pylon Stalker Stalker Stalker RoboticsFacility VoidRay TwilightCouncil Probe,47,122170
440,1334272,0,64874,20.624,64874,Adept Pylon Gateway Stalker Stargate Stalker Gateway VoidRay Stalker Stargate Probe Pylon Adept Stalker Adept Adept Zealot VoidRay Probe Pylon Stalker Adept Assimilator Stalker Stalker VoidRay Adept VoidRay Pylon VoidRay Zealot Pylon Stalker Stalker Stalker Stargate Zealot Adept Probe RoboticsFacility Assimilator,47,122170
440,1342982,0,65978,20.7645,65978,Adept Pylon Gateway Stalker Stargate Stalker Gateway VoidRay Stalker Stargate Probe Pylon Adept Stalker Adept Adept Zealot VoidRay Probe Pylon Stalker Adept Assimilator Stalker Stalker VoidRay Adept VoidRay Pylon VoidRay Zealot Pylon Stalker Stalker Stalker Stalker Probe Adept RoboticsFacility RoboticsFacility,47,122170
466,1359178,0,68277,21.0283,68277,Adept Pylon Gateway Stalker Stargate Stalker Gateway VoidRay Stalker Stargate Probe Pylon Adept Stalker Adept Adept Zealot VoidRay Probe Pylon Stalker Adept Assimilator Stalker Stalker VoidRay Adept VoidRay Pylon VoidRay Zealot Pylon Stalker Stalker Stalker Probe VoidRay Stargate Assimilator Pylon,47,122170
466,1360173,0,68433,21.0453,68433,Adept Pylon Gateway Stalker Stargate Stalker Gateway VoidRay Stalker Stargate Probe Pylon Adept Stalker Adept Adept Zealot VoidRay Probe Pylon Stalker Adept Assimilator Stalker Stalker VoidRay Adept VoidRay Pylon VoidRay Zealot Pylon Stalker Stalker Stalker Pylon Probe Assimilator Stalker VoidRay,47,122170
466,1364397,0,69088,21.108,69088,Adept Pylon Gateway Stalker Stargate Stalker Gateway VoidRay Stalker Stargate Probe Pylon Adept Stalker Adept Adept Zealot VoidRay Probe Pylon Stalker Adept Assimilator Stalker Stalker VoidRay Adept VoidRay Pylon VoidRay Zealot Pylon Stalker Stalker Stalker Probe Probe Adept Probe Assimilator TwilightCouncil Stargate,47,122170
466,1370710,0,70085,21.206,70085,Adept Pylon Gateway Stalker Stargate Stalker Gateway VoidRay Stalker Stargate Probe Pylon Adept Stalker Adept Adept Zealot VoidRay Probe Pylon Stalker Adept Assimilator Stalker Stalker VoidRay Adept VoidRay Pylon VoidRay Zealot Pylon Stalker Stalker Stalker Probe Probe Probe Stargate Probe Assimilator TwilightCouncil Probe,47,122170
492,1383800,0,72412,21.414,72412,Adept Pylon Gateway Stalker Stargate Stalker Gateway VoidRay Stalker Stargate Probe Pylon Adept Stalker Adept Adept Zealot VoidRay Probe Pylon Stalker Adept Assimilator Stalker Stalker VoidRay Adept VoidRay Pylon VoidRay Zealot Pylon Stalker Stalker Stalker Probe Probe Probe Probe Nexus Pylon,47,122170
492,1387161,0,73036,21.4608,73036,Adept Pylon Gateway Stalker Stargate Stalker Gateway VoidRay Stalker Stargate Probe Pylon Adept Stalker Adept Adept Zealot VoidRay Probe Pylon Stalker Adept Assimilator Stalker Stalker VoidRay Adept VoidRay Pylon VoidRay Zealot Pylon Stalker Stalker Stalker Probe Probe Probe Probe TwilightCouncil Probe Assimilator Gateway,47,122170
504,1399758,0,75417,21.6534,75417,Adept Pylon Gateway Stalker Stargate Stalker Gateway VoidRay Stalker Stargate Probe Pylon Adept Stalker Adept Adept Zealot VoidRay Probe Pylon Stalker Adept Assimilator Stalker Stalker VoidRay Adept VoidRay Pylon VoidRay Zealot Pylon Stalker Stalker Stalker Probe Probe Assimilator Probe Probe Probe FleetBeacon,47,122170
571,1424964,10,81578,22.0228,81578,Adept Pylon Gateway Stalker Stargate Stalker Gateway VoidRay Stalker Stargate Probe Pylon Adept Stalker Adept Adept Zealot VoidRay Probe Pylon Stalker Adept Assimilator Stalker Stalker VoidRay Adept VoidRay Pylon VoidRay Zealot Pylon Stalker Stalker Stalker Probe Probe Assimilator Probe Probe Probe FleetBeacon,47,122170
