0,0,0,0,0,0, ,0,0
0,30,0,1,0.000258,1,TwilightCouncil Stalker Stalker Stargate Gateway Adept Gateway RoboticsFacility Assimilator Immortal Pylon RoboticsBay Nexus Colossus VoidRay Colossus RoboticsFacility Probe RoboticsFacility VoidRay Zealot Adept Pylon Colossus Assimilator Probe DarkShrine Stargate Probe,28.75,65982
0,930,0,29,0.006516,29,Assimilator Stargate Zealot Zealot VoidRay Zealot FleetBeacon RoboticsFacility Mothership Gateway RoboticsBay Pylon Pylon VoidRay TwilightCouncil Tempest VoidRay TemplarArchive Zealot Assimilator Carrier Stargate RoboticsFacility Gateway Pylon,28.25,67636
0,964,0,30,0.006756,30,Probe RoboticsFacility RoboticsFacility Zealot Adept Pylon Assimilator Pylon Probe Zealot Pylon RoboticsBay Immortal Immortal Zealot Assimilator Immortal Probe RoboticsFacility Immortal Probe RoboticsFacility Immortal Colossus Stargate Stargate Stargate Probe Stalker TwilightCouncil Immortal TemplarArchive Adept,29.75,82491.5
0,2366,0,75,0.058742,75,Stalker Stalker Probe RoboticsFacility Gateway Zealot Zealot RoboticsFacility Nexus Immortal Pylon RoboticsFacility TwilightCouncil Adept Adept Zealot Zealot TemplarArchive Probe Immortal RoboticsBay Immortal Gateway Immortal Stalker RoboticsFacility Immortal Stalker DarkShrine Probe Adept Probe Assimilator RoboticsFacility Pylon Nexus Pylon,32.25,85635.5
0,4246,0,135,0.091125,135,Stargate Gateway Adept Adept VoidRay Adept TwilightCouncil VoidRay VoidRay Assimilator RoboticsFacility Assimilator Stalker Gateway Gateway Stalker Pylon Immortal Pylon RoboticsFacility TemplarArchive VoidRay Zealot Pylon Stargate DarkShrine Gateway Stalker Gateway Probe,28,87944.2
11,19808,0,638,0.38017,638,Assimilator Stalker RoboticsFacility Pylon Immortal Stargate Stalker Stalker VoidRay Probe Gateway VoidRay Adept Nexus Immortal Gateway Adept VoidRay Nexus Adept Nexus Immortal Stargate TwilightCouncil,28.5,89160.8
11,21647,0,705,0.428648,705,Probe RoboticsFacility Pylon Probe Stargate VoidRay Adept Pylon Immortal Zealot Stalker Immortal Assimilator Stalker Immortal Assimilator Probe TwilightCouncil VoidRay VoidRay RoboticsBay TemplarArchive Gateway Stargate Nexus Stalker RoboticsFacility Colossus Immortal Zealot Gateway,30.75,89807
13,53821,0,1748,0.885251,1748,Adept Gateway RoboticsFacility Stalker Probe Immortal Pylon Zealot Adept Immortal Probe Stalker Nexus Gateway Adept RoboticsFacility Assimilator Zealot Immortal Adept RoboticsBay Colossus TwilightCouncil Immortal Nexus Nexus Adept Assimilator Nexus,31.75,93691.2
34,107001,0,3464,1.62253,3464,Adept RoboticsFacility Zealot Immortal Stargate Gateway Stargate Assimilator Immortal Adept Pylon VoidRay Immortal Gateway Pylon Adept Adept VoidRay Stargate RoboticsFacility Adept Stalker Stalker Assimilator TwilightCouncil Zealot RoboticsBay Nexus Probe,31,96776.5
47,133603,0,4348,2.01965,4348,Adept RoboticsFacility Zealot Probe RoboticsBay Pylon Immortal Probe Zealot Immortal Probe Stalker Pylon RoboticsFacility Stalker Immortal Colossus Immortal Nexus Stargate Pylon Pylon Adept TwilightCouncil Stalker Colossus VoidRay Stargate Probe Assimilator Adept Gateway Probe Assimilator Gateway Nexus Pylon Pylon Assimilator,34.75,99425
69,222698,0,7384,3.30098,7384,Adept RoboticsFacility Zealot Zealot Immortal Nexus Adept RoboticsFacility RoboticsBay Pylon Immortal Immortal Stalker Immortal Adept Colossus Assimilator RoboticsFacility Colossus TwilightCouncil Immortal Stargate Zealot TemplarArchive Nexus RoboticsFacility,37.25,100015
151,506536,0,18358,7.40904,18358,Adept RoboticsFacility Zealot Zealot Immortal Nexus Adept RoboticsFacility RoboticsBay Immortal Probe Immortal Stalker Gateway Colossus Stalker Adept RoboticsFacility Pylon Immortal Zealot Adept Assimilator Gateway Adept Adept Nexus Assimilator Stargate Gateway Gateway Probe,34,100229
164,551762,0,20409,8.06369,20409,Adept RoboticsFacility Zealot Zealot Immortal Nexus Adept RoboticsFacility RoboticsBay Immortal Stalker Immortal Colossus Stalker TwilightCouncil Probe Pylon Immortal Probe Colossus Nexus Zealot Immortal Zealot DarkShrine Immortal Stargate Assimilator Gateway Gateway Probe,34,100269
164,552441,0,20440,8.08181,20440,Adept RoboticsFacility Zealot Zealot Immortal Nexus Adept RoboticsFacility RoboticsBay Immortal Adept Immortal Stalker Colossus Pylon Colossus TwilightCouncil Probe Stalker Immortal Stalker Pylon TemplarArchive Stargate Stalker Pylon Pylon Gateway Pylon Assimilator Pylon Pylon Assimilator Probe Pylon Pylon,36,102148
164,560931,0,20839,8.19573,20839,Adept RoboticsFacility Zealot Zealot Immortal Nexus Adept RoboticsFacility RoboticsBay Immortal Colossus Immortal Adept Adept Immortal Gateway Immortal Pylon Stalker Probe Immortal Stargate Pylon Gateway Adept Gateway Immortal Stalker Assimilator Stargate Probe Assimilator Assimilator,37.5,104556
190,661966,0,26079,9.67562,26079,Adept RoboticsFacility Zealot Zealot Immortal Nexus Adept RoboticsFacility RoboticsBay Immortal Colossus Immortal Adept Stalker Pylon Pylon Immortal Immortal Immortal Probe Assimilator Immortal Gateway Stargate RoboticsFacility Immortal TwilightCouncil Pylon Zealot,38.75,105269
216,731719,0,30126,10.6663,30126,Adept RoboticsFacility Zealot Zealot Immortal Nexus Adept RoboticsFacility RoboticsBay Immortal Colossus Immortal Adept Stalker Pylon Immortal Pylon Stalker Immortal Immortal Immortal Stalker Adept Adept Stargate RoboticsFacility RoboticsFacility Assimilator Gateway Assimilator Pylon,43.5,108360
242,789299,0,33794,11.486,33794,Adept RoboticsFacility Zealot Zealot Immortal Nexus Adept RoboticsFacility RoboticsBay Immortal Colossus Immortal Adept Stalker Pylon Immortal Immortal Stalker Immortal Pylon Immortal Immortal Stargate Gateway Probe RoboticsFacility Gateway Gateway Pylon Probe,44.25,108672
268,842612,0,37828,12.2549,37828,Adept RoboticsFacility Zealot Zealot Immortal Nexus Adept RoboticsFacility RoboticsBay Immortal Colossus Immortal Adept Stalker Pylon Immortal Immortal Stalker Immortal Zealot Pylon Immortal Stalker Gateway Pylon Stalker Stargate TwilightCouncil Assimilator Stargate Assimilator,43.25,108840
268,842622,0,37829,12.255,37829,Adept RoboticsFacility Zealot Zealot Immortal Nexus Adept RoboticsFacility RoboticsBay Immortal Colossus Immortal Adept Stalker Pylon Immortal Immortal Stalker Immortal Pylon Adept Immortal Nexus Nexus Stargate Assimilator Assimilator,41.75,109170
268,845531,0,38067,12.2888,38067,Adept RoboticsFacility Zealot Zealot Immortal Nexus Adept RoboticsFacility RoboticsBay Immortal Colossus Immortal Adept Stalker Pylon Immortal Immortal Stalker Immortal Pylon Immortal Stalker Pylon Assimilator Immortal Colossus Probe Assimilator Pylon,42.25,109430
273,846684,0,38172,12.3106,38172,Adept RoboticsFacility Zealot Zealot Immortal Nexus Adept RoboticsFacility RoboticsBay Immortal Colossus Immortal Adept Stalker Pylon Immortal Immortal Stalker Immortal Pylon Immortal Stalker Stalker Zealot TwilightCouncil Stargate RoboticsFacility Gateway Pylon Pylon,44,109612
279,868462,0,40132,12.6216,40132,Adept RoboticsFacility Zealot Zealot Immortal Nexus Adept RoboticsFacility RoboticsBay Immortal Colossus Immortal Adept Stalker Pylon Immortal Immortal Stalker Immortal Pylon Immortal Adept Immortal Assimilator Gateway Nexus Pylon,45.5,109684
292,871060,0,40374,12.654,40374,Adept RoboticsFacility Zealot Zealot Immortal Nexus Adept RoboticsFacility RoboticsBay Immortal Colossus Immortal Adept Stalker Pylon Immortal Immortal Stalker Immortal Pylon Stalker Immortal Pylon Adept Colossus Adept Stargate Pylon Gateway Assimilator,43.5,109938
292,874400,0,40687,12.704,40687,Adept RoboticsFacility Zealot Zealot Immortal Nexus Adept RoboticsFacility RoboticsBay Immortal Colossus Immortal Adept Stalker Pylon Immortal Immortal Stalker Immortal Pylon Stalker Immortal Immortal Assimilator Pylon Colossus Pylon RoboticsFacility,46,110138
305,908585,0,44009,13.2119,44009,Adept RoboticsFacility Zealot Zealot Immortal Nexus Adept RoboticsFacility RoboticsBay Immortal Colossus Immortal Adept Stalker Pylon Immortal Immortal Stalker Immortal Pylon Stalker Immortal Immortal Pylon Colossus Nexus,46,110138
305,909922,0,44165,13.222,44165,Adept RoboticsFacility Zealot Zealot Immortal Nexus Adept RoboticsFacility RoboticsBay Immortal Colossus Immortal Adept Stalker Pylon Immortal Immortal Stalker Immortal Pylon Stalker Immortal Immortal Pylon Colossus Adept Pylon TwilightCouncil,46,110138
317,910448,0,44225,13.2401,44225,Adept RoboticsFacility Zealot Zealot Immortal Nexus Adept RoboticsFacility RoboticsBay Immortal Colossus Immortal Adept Stalker Pylon Immortal Immortal Stalker Immortal Pylon Stalker Immortal Immortal Pylon Colossus Probe Assimilator TwilightCouncil Pylon,46,110138
317,916713,0,44968,13.3229,44968,Adept RoboticsFacility Zealot Zealot Immortal Nexus Adept RoboticsFacility RoboticsBay Immortal Colossus Immortal Adept Stalker Pylon Immortal Immortal Stalker Immortal Pylon Stalker Immortal Immortal Pylon Probe Stalker Pylon Probe TwilightCouncil Stargate Probe Probe,46,110138
324,926018,0,46082,13.453,46082,Adept RoboticsFacility Zealot Zealot Immortal Nexus Adept RoboticsFacility RoboticsBay Immortal Colossus Immortal Adept Stalker Pylon Immortal Immortal Stalker Immortal Pylon Stalker Immortal Immortal Pylon Colossus Probe Assimilator Probe Assimilator Pylon,46,110138
324,929304,0,46593,13.5115,46593,Adept RoboticsFacility Zealot Zealot Immortal Nexus Adept RoboticsFacility RoboticsBay Immortal Colossus Immortal Adept Stalker Pylon Immortal Immortal Stalker Immortal Pylon Stalker Immortal Immortal Pylon Immortal Stalker Probe Probe Assimilator Assimilator,46,110138
380,939922,1,48282,13.6617,48282,Adept RoboticsFacility Zealot Zealot Immortal Nexus Adept RoboticsFacility RoboticsBay Immortal Colossus Immortal Adept Stalker Pylon Immortal Immortal Stalker Immortal Pylon Stalker Immortal Immortal Pylon Probe Probe Probe Gateway Probe Adept TwilightCouncil Assimilator Probe,46,110138
380,944864,1,49101,13.7353,49101,Adept RoboticsFacility Zealot Zealot Immortal Nexus Adept RoboticsFacility RoboticsBay Immortal Colossus Immortal Adept Stalker Pylon Immortal Immortal Stalker Immortal Pylon Stalker Immortal Immortal Pylon Probe Immortal Probe Probe Probe Pylon TwilightCouncil,46,110138
393,953703,1,50570,13.8506,50570,Adept RoboticsFacility Zealot Zealot Immortal Nexus Adept RoboticsFacility RoboticsBay Immortal Colossus Immortal Adept Stalker Pylon Immortal Immortal Stalker Immortal Pylon Stalker Immortal Immortal Pylon Probe Probe Adept Probe Assimilator Probe Probe Assimilator Assimilator Gateway,46,110138
406,965686,1,52611,14.0262,52611,Adept RoboticsFacility Zealot Zealot Immortal Nexus Adept RoboticsFacility RoboticsBay Immortal Colossus Immortal Adept Stalker Pylon Immortal Immortal Stalker Immortal Pylon Stalker Immortal Immortal Pylon Probe Probe Stalker Probe Probe Probe RoboticsFacility Probe Stargate,46,110138
406,973042,1,53899,14.1334,53899,Adept RoboticsFacility Zealot Zealot Immortal Nexus Adept RoboticsFacility RoboticsBay Immortal Colossus Immortal Adept Stalker Pylon Immortal Immortal Stalker Immortal Pylon Stalker Immortal Immortal Pylon Probe Probe Zealot Probe Probe Probe Probe TwilightCouncil Gateway,46,110138
582,1014218,10,62834,14.681,62834,Adept RoboticsFacility Zealot Zealot Immortal Nexus Adept RoboticsFacility RoboticsBay Immortal Colossus Immortal Adept Stalker Pylon Immortal Immortal Stalker Immortal Pylon Stalker Immortal Immortal Pylon Probe Probe Zealot Probe Probe Probe Probe TwilightCouncil Gateway,46,110138
