0,0,0,0,0,0, ,0,0
0,32,0,1,0.00027,1,Gateway TwilightCouncil Adept Adept Stalker TemplarArchive Nexus DarkShrine Gateway Stargate DarkTemplar FleetBeacon DarkTemplar Tempest DarkTemplar Zealot Stalker VoidRay Stargate Adept Probe Stalker Nexus Nexus Pylon Nexus Probe Stalker Probe Gateway Probe,22.75,45668
0,96,0,3,0.004743,3,Nexus TwilightCouncil Probe Zealot Assimilator Gateway RoboticsFacility Adept RoboticsBay Immortal DarkShrine DarkTemplar DarkTemplar TemplarArchive Adept Immortal Stalker Stalker Gateway Nexus Pylon Adept DarkTemplar Gateway Zealot DarkTemplar Stargate Nexus Probe Stalker,21.75,46687.5
0,239,0,8,0.005794,8,Adept Stalker Pylon TwilightCouncil Stalker Nexus Pylon Assimilator RoboticsFacility RoboticsFacility Immortal DarkShrine Gateway Stalker Zealot RoboticsBay Adept Stargate Adept Nexus FleetBeacon Carrier RoboticsFacility TemplarArchive DarkTemplar Gateway Gateway,13.75,51509
0,368,0,12,0.006678,12,Adept RoboticsFacility Stargate Stargate VoidRay Probe Immortal Gateway Immortal VoidRay Zealot Assimilator TwilightCouncil Adept Gateway DarkShrine RoboticsFacility Stargate Nexus RoboticsFacility Adept Assimilator Stalker RoboticsFacility DarkTemplar VoidRay VoidRay RoboticsFacility RoboticsBay Pylon Pylon,22,67081.2
0,779,0,26,0.013538,26,RoboticsFacility Probe Pylon Adept Probe Stalker Probe Immortal RoboticsBay Gateway Gateway Pylon Pylon Gateway Probe Stalker Colossus Adept Nexus Stalker Stalker Gateway Assimilator Immortal Colossus Immortal Assimilator Immortal Nexus Zealot Probe TwilightCouncil Stalker Pylon Nexus Pylon,30.75,85585.8
0,6275,0,201,0.099246,201,Stalker Stalker RoboticsFacility Pylon RoboticsFacility Probe Immortal Immortal Probe Pylon Immortal Stalker Probe Nexus Immortal RoboticsFacility Stalker RoboticsBay Gateway Adept Stargate TwilightCouncil FleetBeacon RoboticsFacility Carrier Stalker Probe Probe Zealot Assimilator Nexus Nexus Assimilator Gateway Assimilator Probe,23.25,87657
3,9126,0,293,0.142086,293,Stalker Adept Pylon Stargate Probe Probe Gateway Probe RoboticsFacility VoidRay Adept Zealot Immortal RoboticsBay Assimilator Stalker FleetBeacon Probe Adept Immortal Pylon VoidRay Carrier Assimilator Nexus Nexus Adept TwilightCouncil Pylon Nexus Colossus Probe,29.75,88303
11,28028,0,896,0.432335,896,Stalker Stargate Pylon Probe Stalker RoboticsFacility Stargate Zealot VoidRay Adept Immortal Pylon VoidRay Assimilator Gateway Assimilator Stalker Gateway Adept Zealot Stalker Zealot RoboticsBay Probe Zealot RoboticsFacility Adept Stalker Gateway Nexus Probe Pylon Probe RoboticsFacility TwilightCouncil Probe Probe,28.25,88799.2
27,81857,0,2642,1.24526,2642,Stalker Stargate Gateway Stalker VoidRay Assimilator Gateway Pylon VoidRay Adept Gateway Stargate VoidRay Zealot Stalker VoidRay Zealot TwilightCouncil Zealot Pylon VoidRay TemplarArchive Zealot Probe Zealot Stargate Nexus Assimilator Stargate DarkShrine,31.5,97483
27,82611,0,2667,1.26063,2667,Stalker Stargate Zealot Stalker VoidRay Gateway Stalker Stalker RoboticsFacility Probe Adept Probe Pylon Probe VoidRay Assimilator Immortal VoidRay Pylon Immortal VoidRay Pylon Gateway Stalker Stargate FleetBeacon VoidRay Zealot Gateway Nexus RoboticsBay Stargate Pylon,39.5,105236
181,615289,0,22954,9.61383,22954,Stalker Stargate Zealot Stalker VoidRay Gateway Stalker Stalker RoboticsFacility Probe Adept Pylon VoidRay Stalker Probe Adept Immortal Pylon Immortal Adept Stalker Probe Pylon Stargate Immortal Zealot FleetBeacon Stargate Assimilator Assimilator Pylon RoboticsFacility Probe Adept RoboticsFacility Nexus Probe Probe Pylon Zealot Pylon,35.5,106008
211,695145,0,26363,10.8055,26363,Stalker Stargate Zealot Stalker VoidRay Gateway Stalker Stalker RoboticsFacility Probe Adept Pylon VoidRay Stalker Immortal Gateway Pylon VoidRay Assimilator Adept Pylon Adept TwilightCouncil Adept FleetBeacon Zealot Immortal Nexus Assimilator Adept Probe RoboticsFacility RoboticsFacility Probe,36.5,108195
226,738878,0,28356,11.4558,28356,Stalker Stargate Zealot Stalker VoidRay Gateway Stalker Stalker RoboticsFacility Probe Adept Pylon VoidRay Stalker Immortal Pylon VoidRay Adept Immortal Stalker FleetBeacon Gateway Assimilator Pylon Immortal Gateway Stargate Zealot Nexus RoboticsBay Adept Stargate Assimilator,38.25,110654
241,788055,0,30701,12.1932,30701,Stalker Stargate Zealot Stalker VoidRay Gateway Stalker Stalker RoboticsFacility Probe Adept Pylon VoidRay Stalker Immortal VoidRay Gateway Pylon Pylon Assimilator Immortal RoboticsFacility Stalker Probe Stalker Pylon VoidRay Assimilator Stargate Stalker Stalker Stalker Pylon Pylon TwilightCouncil Zealot,43.25,112727
270,886482,0,36103,13.6473,36103,Stalker Stargate Zealot Stalker VoidRay Gateway Stalker Stalker RoboticsFacility Probe Adept Pylon VoidRay Stalker Immortal VoidRay Gateway Pylon RoboticsFacility Adept Zealot Pylon Probe Zealot Immortal Stalker Pylon Zealot Zealot Gateway VoidRay Stalker Assimilator TwilightCouncil Nexus Assimilator Stargate Probe,43.25,114241
339,1028207,0,44784,15.3191,44784,Stalker Stargate Zealot Stalker VoidRay Gateway Stalker Stalker RoboticsFacility Probe Adept Pylon VoidRay Stalker Immortal VoidRay Gateway Pylon RoboticsFacility Adept Zealot Pylon Immortal Assimilator Stalker Stalker Pylon Stalker Adept Zealot Stalker Nexus RoboticsBay TwilightCouncil Adept Probe,42,115862
354,1062410,0,47171,15.8997,47171,Stalker Stargate Zealot Stalker VoidRay Gateway Stalker Stalker RoboticsFacility Probe Adept Pylon VoidRay Stalker Immortal VoidRay Gateway Pylon RoboticsFacility Adept Zealot Pylon Immortal Zealot Stalker Stalker Pylon Zealot Immortal Stalker RoboticsBay Stargate Adept Assimilator Assimilator Nexus,43.75,117080
397,1144105,0,53822,17.2586,53822,Stalker Stargate Zealot Stalker VoidRay Gateway Stalker Stalker RoboticsFacility Probe Adept Pylon VoidRay Stalker Immortal VoidRay Gateway Pylon RoboticsFacility Adept Zealot Pylon Immortal Zealot Stalker Stalker Pylon Zealot Immortal Adept Adept Assimilator Assimilator Gateway FleetBeacon RoboticsBay,44.5,117480
397,1145022,0,53904,17.2753,53904,Stalker Stargate Zealot Stalker VoidRay Gateway Stalker Stalker RoboticsFacility Probe Adept Pylon VoidRay Stalker Immortal VoidRay Gateway Pylon RoboticsFacility Adept Zealot Pylon Immortal Zealot Stalker Stalker Pylon Zealot Immortal Assimilator Stalker Stalker FleetBeacon Assimilator TwilightCouncil RoboticsFacility,45.5,117589
412,1154756,0,54781,17.4434,54781,Stalker Stargate Zealot Stalker VoidRay Gateway Stalker Stalker RoboticsFacility Probe Adept Pylon VoidRay Stalker Immortal VoidRay Gateway Pylon RoboticsFacility Adept Zealot Pylon Immortal Zealot Stalker Stalker Pylon Adept Immortal Adept Stalker RoboticsBay Nexus Stargate Pylon Assimilator,45.25,117844
412,1156406,0,54928,17.4752,54928,Stalker Stargate Zealot Stalker VoidRay Gateway Stalker Stalker RoboticsFacility Probe Adept Pylon VoidRay Stalker Immortal VoidRay Gateway Pylon RoboticsFacility Adept Zealot Pylon Immortal Zealot Stalker Stalker Pylon Stalker Immortal Stalker Pylon Adept RoboticsFacility Gateway Immortal Gateway Probe,45.75,117901
427,1182362,0,57355,17.9148,57355,Stalker Stargate Zealot Stalker VoidRay Gateway Stalker Stalker RoboticsFacility Probe Adept Pylon VoidRay Stalker Immortal VoidRay Gateway Pylon RoboticsFacility Adept Zealot Pylon Immortal Zealot Stalker Stalker Pylon Stalker Immortal Stalker Zealot RoboticsBay Stargate Pylon Assimilator Assimilator Pylon Gateway Pylon,45.5,118004
427,1184412,0,57549,17.9442,57549,Stalker Stargate Zealot Stalker VoidRay Gateway Stalker Stalker RoboticsFacility Probe Adept Pylon VoidRay Stalker Immortal VoidRay Gateway Pylon RoboticsFacility Adept Zealot Pylon Immortal Zealot Stalker Stalker Pylon Stalker Immortal Stalker Stalker Pylon Gateway Nexus Assimilator Adept Probe,46.25,118176
442,1205934,0,59975,18.307,59975,Stalker Stargate Zealot Stalker VoidRay Gateway Stalker Stalker RoboticsFacility Probe Adept Pylon VoidRay Stalker Immortal VoidRay Gateway Pylon RoboticsFacility Adept Zealot Pylon Immortal Zealot Stalker Stalker Pylon Stalker Immortal Stalker Stalker Pylon Stargate Probe Adept Assimilator Immortal Probe Assimilator,46.25,118176
442,1208013,0,60233,18.3428,60233,Stalker Stargate Zealot Stalker VoidRay Gateway Stalker Stalker RoboticsFacility Probe Adept Pylon VoidRay Stalker Immortal VoidRay Gateway Pylon RoboticsFacility Adept Zealot Pylon Immortal Zealot Stalker Stalker Pylon Stalker Immortal Stalker Stalker Assimilator Pylon Probe Probe Nexus Stalker,46.25,118176
455,1222073,0,62017,18.5652,62017,Stalker Stargate Zealot Stalker VoidRay Gateway Stalker Stalker RoboticsFacility Probe Adept Pylon VoidRay Stalker Immortal VoidRay Gateway Pylon RoboticsFacility Adept Zealot Pylon Immortal Zealot Stalker Stalker Pylon Stalker Immortal Stalker Stalker Pylon Zealot Probe Stargate Zealot Probe Zealot RoboticsFacility Pylon,46.25,118176
464,1223162,0,62179,18.5879,62179,Stalker Stargate Zealot Stalker VoidRay Gateway Stalker Stalker RoboticsFacility Probe Adept Pylon VoidRay Stalker Immortal VoidRay Gateway Pylon RoboticsFacility Adept Zealot Pylon Immortal Zealot Stalker Stalker Pylon Stalker Immortal Stalker Stalker Pylon VoidRay Stalker Probe Probe Gateway Assimilator Assimilator,46.25,118176
464,1223688,0,62260,18.5968,62260,Stalker Stargate Zealot Stalker VoidRay Gateway Stalker Stalker RoboticsFacility Probe Adept Pylon VoidRay Stalker Immortal VoidRay Gateway Pylon RoboticsFacility Adept Zealot Pylon Immortal Zealot Stalker Stalker Pylon Stalker Immortal Stalker Stalker Pylon Pylon Probe RoboticsBay Stalker Probe Probe Assimilator Stalker Assimilator,46.25,118176
484,1236410,0,64153,18.8001,64153,Stalker Stargate Zealot Stalker VoidRay Gateway Stalker Stalker RoboticsFacility Probe Adept Pylon VoidRay Stalker Immortal VoidRay Gateway Pylon RoboticsFacility Adept Zealot Pylon Immortal Zealot Stalker Stalker Pylon Stalker Immortal Stalker Stalker Pylon Probe VoidRay Probe Assimilator Probe TwilightCouncil Gateway,46.25,118176
499,1249280,0,66033,19.0144,66033,Stalker Stargate Zealot Stalker VoidRay Gateway Stalker Stalker RoboticsFacility Probe Adept Pylon VoidRay Stalker Immortal VoidRay Gateway Pylon RoboticsFacility Adept Zealot Pylon Immortal Zealot Stalker Stalker Pylon Stalker Immortal Stalker Stalker Pylon Probe Probe Probe Gateway Pylon Probe Immortal Assimilator,46.25,118176
499,1250072,0,66153,19.0312,66153,Stalker Stargate Zealot Stalker VoidRay Gateway Stalker Stalker RoboticsFacility Probe Adept Pylon VoidRay Stalker Immortal VoidRay Gateway Pylon RoboticsFacility Adept Zealot Pylon Immortal Zealot Stalker Stalker Pylon Stalker Immortal Stalker Stalker Pylon Probe Probe Probe VoidRay Probe RoboticsFacility Pylon Pylon,46.25,118176
529,1268654,0,69032,19.3398,69032,Stalker Stargate Zealot Stalker VoidRay Gateway Stalker Stalker RoboticsFacility Probe Adept Pylon VoidRay Stalker Immortal VoidRay Gateway Pylon RoboticsFacility Adept Zealot Pylon Immortal Zealot Stalker Stalker Pylon Stalker Immortal Stalker Stalker Pylon Probe Probe Assimilator Pylon Stalker Probe Probe Assimilator Adept Stalker,46.25,118176
575,1303394,2,76006,19.9224,76006,Stalker Stargate Zealot Stalker VoidRay Gateway Stalker Stalker RoboticsFacility Probe Adept Pylon VoidRay Stalker Immortal VoidRay Gateway Pylon RoboticsFacility Adept Zealot Pylon Immortal Zealot Stalker Stalker Pylon Stalker Immortal Stalker Stalker Pylon Probe Probe Assimilator Pylon Stalker Probe Probe VoidRay Probe,46.25,118176
607,1313037,9,78744,20.0887,78744,Stalker Stargate Zealot Stalker VoidRay Gateway Stalker Stalker RoboticsFacility Probe Adept Pylon VoidRay Stalker Immortal VoidRay Gateway Pylon RoboticsFacility Adept Zealot Pylon Immortal Zealot Stalker Stalker Pylon Stalker Immortal Stalker Stalker Pylon Probe Probe Assimilator Pylon Stalker Probe Probe VoidRay Probe,46.25,118176
