0,0,0,0,0,0, ,0,0
0,29,0,1,0.000239,1,Gateway Stargate FleetBeacon Adept Stalker TwilightCouncil VoidRay Tempest Tempest Assimilator Tempest TemplarArchive Nexus Zealot Assimilator Stalker Carrier Probe Pylon RoboticsFacility Nexus RoboticsFacility Gateway Pylon Pylon RoboticsFacility RoboticsFacility Stargate,19.75,52957.2
0,60,0,2,0.000475,2,Pylon Gateway RoboticsFacility Adept Stalker Zealot Immortal Nexus Probe Adept Immortal Assimilator TwilightCouncil Gateway Assimilator RoboticsFacility Stargate Gateway RoboticsBay Adept TemplarArchive DarkShrine Gateway VoidRay Pylon Gateway Zealot Stargate DarkTemplar Stalker,19,62060.5
0,591,0,20,0.004181,20,Assimilator RoboticsFacility Immortal Assimilator RoboticsFacility RoboticsFacility Adept Immortal RoboticsBay Probe Pylon Immortal Stargate Colossus Stargate RoboticsFacility Stalker Adept TwilightCouncil Adept Stargate VoidRay Pylon RoboticsFacility Stargate Probe,21.75,64644.5
0,786,0,26,0.00552,26,Stalker Gateway Nexus Assimilator RoboticsFacility RoboticsFacility Stalker Probe Zealot Immortal Immortal Gateway Stalker RoboticsFacility Immortal Nexus RoboticsFacility Stargate Adept Zealot RoboticsBay Pylon Probe Assimilator FleetBeacon Gateway Adept Gateway Zealot,19.75,68614
0,2180,0,72,0.028389,72,TwilightCouncil Probe DarkShrine Adept RoboticsFacility Nexus Immortal Assimilator Adept Probe Gateway Zealot Zealot DarkTemplar Immortal DarkTemplar Assimilator Stargate Assimilator RoboticsBay DarkTemplar Immortal RoboticsFacility Immortal Gateway DarkTemplar Nexus Probe Probe,29.5,69475.8
0,2663,0,88,0.031787,88,Zealot Stalker Stargate VoidRay Probe Stargate Pylon Pylon Probe Zealot Assimilator Zealot Probe VoidRay Adept VoidRay Assimilator Stalker Adept Gateway Stargate VoidRay Stargate TwilightCouncil Nexus RoboticsFacility RoboticsFacility DarkShrine Adept RoboticsBay Gateway Gateway Probe Adept Probe,26.25,83792.2
1,7358,0,241,0.103769,241,Gateway Stalker Stalker Zealot Adept RoboticsFacility Nexus Adept Zealot Pylon Immortal RoboticsFacility RoboticsFacility Pylon Gateway Immortal Immortal Pylon Immortal Gateway Gateway Immortal Stalker Stargate VoidRay Pylon Stargate RoboticsFacility Probe Stargate Gateway RoboticsFacility,28.5,83945
11,30925,0,1003,0.419331,1003,Pylon Gateway Zealot Stalker Probe RoboticsFacility Stalker RoboticsFacility RoboticsBay Immortal Probe Stalker Stalker Immortal Colossus Pylon Stargate Stalker Immortal Immortal Nexus Pylon Adept Assimilator Stalker Nexus Zealot FleetBeacon Adept Stargate Zealot Immortal Probe,35,99177.8
127,420951,0,14094,5.92489,14094,Pylon Gateway Zealot Stalker Probe RoboticsFacility Stalker RoboticsFacility Stalker RoboticsFacility Immortal Immortal Adept Pylon Adept Adept Stalker RoboticsBay Immortal Gateway Stalker TwilightCouncil Zealot Colossus DarkShrine RoboticsFacility Assimilator Pylon Adept RoboticsFacility Adept TemplarArchive Adept Probe Pylon Pylon Assimilator Nexus,32,100249
139,439377,0,14752,6.09736,14752,Pylon Gateway Zealot Stalker Probe RoboticsFacility Stalker RoboticsFacility Stalker Probe Immortal Adept RoboticsFacility Immortal Immortal Nexus Stalker Immortal Stalker Immortal Probe Stargate Immortal RoboticsBay RoboticsFacility Zealot Assimilator RoboticsFacility Zealot Pylon Colossus Gateway Stargate Assimilator Assimilator Pylon Adept,35.5,104672
159,523944,0,17834,7.25677,17834,Pylon Gateway Zealot Stalker Probe RoboticsFacility Stalker RoboticsFacility Pylon Immortal Adept Adept Stalker Stalker Immortal Stalker Assimilator Adept Immortal RoboticsFacility Immortal Pylon RoboticsBay TwilightCouncil Probe Stargate Immortal Probe DarkShrine Stargate Pylon Stargate Assimilator RoboticsFacility Pylon Zealot Adept Pylon,32.25,104865
182,578957,0,19896,8.19286,19896,Pylon Gateway Zealot Stalker Probe RoboticsFacility Stalker RoboticsFacility Pylon RoboticsFacility Stalker Pylon Stalker Zealot Stalker Gateway Adept Immortal Pylon Adept Immortal Zealot Immortal Immortal Stalker Adept TwilightCouncil Stargate Stalker Stalker Adept Probe RoboticsFacility Probe RoboticsFacility FleetBeacon Probe Assimilator Stalker Probe Probe Gateway,37,105512
271,865872,0,31456,12.1519,31456,Pylon Gateway Zealot Stalker Probe RoboticsFacility Stalker RoboticsFacility Pylon RoboticsFacility Stalker Pylon Stalker Zealot Stalker Immortal Immortal Immortal Immortal TwilightCouncil Immortal Probe Immortal Adept Zealot Adept DarkShrine Assimilator Assimilator Gateway RoboticsBay TemplarArchive RoboticsFacility Nexus Probe,36.75,110909
298,933166,0,34562,13.045,34562,Pylon Gateway Zealot Stalker Probe RoboticsFacility Stalker RoboticsFacility Pylon RoboticsFacility Stalker Pylon Stalker Zealot Stalker Immortal Immortal Immortal Zealot Immortal Immortal Probe Stalker Zealot RoboticsFacility Adept Gateway Pylon Immortal TwilightCouncil TemplarArchive Probe Nexus Zealot RoboticsFacility Probe DarkShrine Assimilator,38.25,112542
311,966481,0,36202,13.4754,36202,Pylon Gateway Zealot Stalker Probe RoboticsFacility Stalker RoboticsFacility Pylon RoboticsFacility Stalker Pylon Stalker Zealot Stalker Immortal Immortal Immortal Zealot Probe Immortal Stalker Stalker Immortal TwilightCouncil Assimilator Immortal TemplarArchive Gateway RoboticsBay Pylon Pylon Probe Immortal Gateway DarkShrine Assimilator,37.75,113508
311,1002454,0,38102,13.8996,38102,Pylon Gateway Zealot Stalker Probe RoboticsFacility Stalker RoboticsFacility Pylon RoboticsFacility Stalker Pylon Stalker Zealot Stalker Immortal Immortal Immortal Zealot Immortal RoboticsBay Stalker Immortal Adept Stalker Immortal Gateway RoboticsFacility RoboticsFacility Pylon Stalker Pylon Colossus Stalker Pylon Gateway,40.75,114370
317,1004309,0,38200,13.9142,38200,Pylon Gateway Zealot Stalker Probe RoboticsFacility Stalker RoboticsFacility Pylon RoboticsFacility Stalker Pylon Stalker Zealot Stalker Immortal Immortal Immortal Zealot Immortal Immortal Immortal Adept RoboticsFacility Zealot Stalker Assimilator Gateway RoboticsFacility Pylon Stargate Zealot Probe Assimilator Stalker FleetBeacon,39.25,115020
324,1013308,0,38691,13.9821,38691,Pylon Gateway Zealot Stalker Probe RoboticsFacility Stalker RoboticsFacility Pylon RoboticsFacility Stalker Pylon Stalker Zealot Stalker Immortal Immortal Immortal Zealot Immortal Zealot Stalker Immortal Adept Stalker TwilightCouncil Stalker Gateway Pylon Stargate VoidRay Stargate RoboticsBay Probe Probe Gateway Pylon Gateway,38,115486
324,1024423,0,39298,14.1924,39298,Pylon Gateway Zealot Stalker Probe RoboticsFacility Stalker RoboticsFacility Pylon RoboticsFacility Stalker Pylon Stalker Zealot Stalker Immortal Immortal Immortal Zealot Immortal Immortal Stalker Immortal Stalker RoboticsFacility Zealot RoboticsFacility Assimilator RoboticsFacility RoboticsFacility TwilightCouncil RoboticsBay Stargate Gateway Pylon Assimilator,38.75,116204
337,1046616,0,40555,14.3981,40555,Pylon Gateway Zealot Stalker Probe RoboticsFacility Stalker RoboticsFacility Pylon RoboticsFacility Stalker Pylon Stalker Zealot Stalker Immortal Immortal Immortal Zealot Immortal Immortal Stalker Stalker Pylon Immortal RoboticsFacility Pylon Stalker RoboticsBay RoboticsFacility Adept Zealot TwilightCouncil RoboticsFacility Adept Pylon Zealot Probe Assimilator,41.75,116734
337,1070979,0,42002,14.8678,42002,Pylon Gateway Zealot Stalker Probe RoboticsFacility Stalker RoboticsFacility Pylon RoboticsFacility Stalker Pylon Stalker Zealot Stalker Immortal Immortal Immortal Zealot Immortal Immortal Immortal Pylon Immortal Pylon Stalker Zealot Assimilator Adept Adept Zealot Assimilator RoboticsBay Stargate Pylon TwilightCouncil Pylon,43.25,117332
341,1073827,0,42190,14.914,42190,Pylon Gateway Zealot Stalker Probe RoboticsFacility Stalker RoboticsFacility Pylon RoboticsFacility Stalker Pylon Stalker Zealot Stalker Immortal Immortal Immortal Zealot Immortal Immortal Stalker Adept Zealot Pylon Immortal Immortal Nexus RoboticsBay Assimilator Zealot Stalker Gateway TwilightCouncil,43,117380
350,1092030,0,43388,15.2106,43388,Pylon Gateway Zealot Stalker Probe RoboticsFacility Stalker RoboticsFacility Pylon RoboticsFacility Stalker Pylon Stalker Zealot Stalker Immortal Immortal Immortal Zealot Immortal Immortal Stalker Immortal Zealot Stalker Gateway Pylon Stalker Immortal Zealot RoboticsBay Gateway RoboticsFacility Nexus,45.25,119090
363,1124712,0,45608,15.731,45608,Pylon Gateway Zealot Stalker Probe RoboticsFacility Stalker RoboticsFacility Pylon RoboticsFacility Stalker Pylon Stalker Zealot Stalker Immortal Immortal Immortal Zealot Immortal Immortal Stalker Immortal Pylon Immortal Immortal Immortal Stargate Stargate Gateway Nexus,47.25,119263
376,1133560,0,46242,15.8725,46242,Pylon Gateway Zealot Stalker Probe RoboticsFacility Stalker RoboticsFacility Pylon RoboticsFacility Stalker Pylon Stalker Zealot Stalker Immortal Immortal Immortal Zealot Immortal Immortal Stalker Immortal Pylon Adept Immortal Adept Immortal Pylon Gateway Pylon Probe RoboticsBay Stalker TwilightCouncil Stargate,46,119732
376,1144375,0,47083,16.0462,47083,Pylon Gateway Zealot Stalker Probe RoboticsFacility Stalker RoboticsFacility Pylon RoboticsFacility Stalker Pylon Stalker Zealot Stalker Immortal Immortal Immortal Zealot Immortal Immortal Stalker Immortal Stalker Stalker Pylon Stalker Immortal Assimilator TwilightCouncil Stalker RoboticsFacility RoboticsBay Pylon Stargate,46.75,120946
396,1189191,0,50830,16.7487,50830,Pylon Gateway Zealot Stalker Probe RoboticsFacility Stalker RoboticsFacility Pylon RoboticsFacility Stalker Pylon Stalker Zealot Stalker Immortal Immortal Immortal Zealot Immortal Immortal Stalker Immortal Stalker Stalker Pylon Zealot Immortal Stalker Stargate RoboticsFacility Stargate Nexus Pylon,46,121081
396,1195407,0,51412,16.8457,51412,Pylon Gateway Zealot Stalker Probe RoboticsFacility Stalker RoboticsFacility Pylon RoboticsFacility Stalker Pylon Stalker Zealot Stalker Immortal Immortal Immortal Zealot Immortal Immortal Stalker Immortal Stalker Stalker Pylon Stalker Immortal Adept RoboticsFacility Assimilator RoboticsBay Nexus Assimilator,46.25,121218
440,1203579,0,52167,16.9713,52167,Pylon Gateway Zealot Stalker Probe RoboticsFacility Stalker RoboticsFacility Pylon RoboticsFacility Stalker Pylon Stalker Zealot Stalker Immortal Immortal Immortal Zealot Immortal Immortal Stalker Immortal Stalker Stalker Pylon Immortal Zealot Stalker RoboticsFacility RoboticsBay TwilightCouncil Pylon Immortal Adept Probe,46,121290
440,1210561,0,52796,17.0834,52796,Pylon Gateway Zealot Stalker Probe RoboticsFacility Stalker RoboticsFacility Pylon RoboticsFacility Stalker Pylon Stalker Zealot Stalker Immortal Immortal Immortal Zealot Immortal Immortal Stalker Immortal Stalker Stalker Pylon Immortal Stalker Stalker Stargate RoboticsFacility TwilightCouncil Gateway Gateway Assimilator Assimilator,46.75,121659
440,1225791,0,54206,17.3234,54206,Pylon Gateway Zealot Stalker Probe RoboticsFacility Stalker RoboticsFacility Pylon RoboticsFacility Stalker Pylon Stalker Zealot Stalker Immortal Immortal Immortal Zealot Immortal Immortal Stalker Immortal Stalker Stalker Pylon Immortal Stalker Stalker Nexus RoboticsBay RoboticsFacility Assimilator Assimilator Pylon,46.75,121659
453,1226158,0,54245,17.3312,54245,Pylon Gateway Zealot Stalker Probe RoboticsFacility Stalker RoboticsFacility Pylon RoboticsFacility Stalker Pylon Stalker Zealot Stalker Immortal Immortal Immortal Zealot Immortal Immortal Stalker Immortal Stalker Stalker Pylon Immortal Stalker Stalker Stargate Pylon Nexus Immortal,46.75,121659
453,1227435,0,54381,17.3493,54381,Pylon Gateway Zealot Stalker Probe RoboticsFacility Stalker RoboticsFacility Pylon RoboticsFacility Stalker Pylon Stalker Zealot Stalker Immortal Immortal Immortal Zealot Immortal Immortal Stalker Immortal Stalker Stalker Pylon Immortal Stalker Stalker Assimilator Pylon Adept RoboticsFacility Immortal RoboticsBay,46.75,121659
453,1243016,0,56062,17.5881,56062,Pylon Gateway Zealot Stalker Probe RoboticsFacility Stalker RoboticsFacility Pylon RoboticsFacility Stalker Pylon Stalker Zealot Stalker Immortal Immortal Immortal Zealot Immortal Immortal Stalker Immortal Stalker Stalker Pylon Immortal Stalker Stalker Pylon TwilightCouncil Stalker RoboticsBay Adept Stalker Gateway Probe,48.5,121673
465,1245180,0,56314,17.6229,56314,Pylon Gateway Zealot Stalker Probe RoboticsFacility Stalker RoboticsFacility Pylon RoboticsFacility Stalker Pylon Stalker Zealot Stalker Immortal Immortal Immortal Zealot Immortal Immortal Stalker Immortal Stalker Stalker Pylon Immortal Stalker Stalker Pylon Probe Stargate Zealot TwilightCouncil Adept Probe Gateway Pylon,47.75,121731
473,1270826,0,59568,18.0102,59568,Pylon Gateway Zealot Stalker Probe RoboticsFacility Stalker RoboticsFacility Pylon RoboticsFacility Stalker Pylon Stalker Zealot Stalker Immortal Immortal Immortal Zealot Immortal Immortal Stalker Immortal Stalker Stalker Pylon Immortal Stalker Stalker Pylon Zealot Probe Zealot Probe Probe Nexus Pylon,47.75,121731
521,1282525,0,61169,18.1928,61169,Pylon Gateway Zealot Stalker Probe RoboticsFacility Stalker RoboticsFacility Pylon RoboticsFacility Stalker Pylon Stalker Zealot Stalker Immortal Immortal Immortal Zealot Immortal Immortal Stalker Immortal Stalker Stalker Pylon Immortal Stalker Stalker Pylon Zealot Probe Probe Pylon Probe Zealot Immortal Zealot Probe,47.75,121731
521,1286229,0,61676,18.2479,61676,Pylon Gateway Zealot Stalker Probe RoboticsFacility Stalker RoboticsFacility Pylon RoboticsFacility Stalker Pylon Stalker Zealot Stalker Immortal Immortal Immortal Zealot Immortal Immortal Stalker Immortal Stalker Stalker Pylon Immortal Stalker Stalker Pylon Zealot Probe Assimilator Probe Probe Zealot RoboticsFacility Probe RoboticsFacility Assimilator,47.75,121731
534,1292557,0,62588,18.351,62588,Pylon Gateway Zealot Stalker Probe RoboticsFacility Stalker RoboticsFacility Pylon RoboticsFacility Stalker Pylon Stalker Zealot Stalker Immortal Immortal Immortal Zealot Immortal Immortal Stalker Immortal Stalker Stalker Pylon Immortal Stalker Stalker Pylon Zealot Pylon Probe Probe Assimilator Probe Stalker Probe TwilightCouncil Adept,47.75,121731
560,1326211,0,68118,18.8727,68118,Pylon Gateway Zealot Stalker Probe RoboticsFacility Stalker RoboticsFacility Pylon RoboticsFacility Stalker Pylon Stalker Zealot Stalker Immortal Immortal Immortal Zealot Immortal Immortal Stalker Immortal Stalker Stalker Pylon Immortal Stalker Stalker Pylon Zealot Pylon Probe Probe Stalker Probe Probe Stalker Probe TwilightCouncil,47.75,121731
573,1327099,0,68279,18.89,68279,Pylon Gateway Zealot Stalker Probe RoboticsFacility Stalker RoboticsFacility Pylon RoboticsFacility Stalker Pylon Stalker Zealot Stalker Immortal Immortal Immortal Zealot Immortal Immortal Stalker Immortal Stalker Stalker Pylon Immortal Stalker Stalker Pylon Zealot Pylon Probe Probe RoboticsFacility Probe Probe Immortal Probe,47.75,121731
573,1328827,0,68594,18.9161,68594,Pylon Gateway Zealot Stalker Probe RoboticsFacility Stalker RoboticsFacility Pylon RoboticsFacility Stalker Pylon Stalker Zealot Stalker Immortal Immortal Immortal Zealot Immortal Immortal Stalker Immortal Stalker Stalker Pylon Immortal Stalker Stalker Pylon Zealot Pylon Probe Probe Probe Probe Immortal Zealot Probe Probe,47.75,121731
573,1333681,0,69490,18.9931,69490,Pylon Gateway Zealot Stalker Probe RoboticsFacility Stalker RoboticsFacility Pylon RoboticsFacility Stalker Pylon Stalker Zealot Stalker Immortal Immortal Immortal Zealot Immortal Immortal Stalker Immortal Stalker Stalker Pylon Immortal Stalker Stalker Pylon Zealot Pylon Probe Probe Adept Assimilator Probe Probe Immortal,47.75,121731
586,1337792,0,70270,19.0577,70270,Pylon Gateway Zealot Stalker Probe RoboticsFacility Stalker RoboticsFacility Pylon RoboticsFacility Stalker Pylon Stalker Zealot Stalker Immortal Immortal Immortal Zealot Immortal Immortal Stalker Immortal Stalker Stalker Pylon Immortal Stalker Stalker Pylon Zealot Pylon Probe Probe Adept Probe Probe Immortal Zealot,47.75,121731
588,1346391,2,72061,19.1894,72061,Pylon Gateway Zealot Stalker Probe RoboticsFacility Stalker RoboticsFacility Pylon RoboticsFacility Stalker Pylon Stalker Zealot Stalker Immortal Immortal Immortal Zealot Immortal Immortal Stalker Immortal Stalker Stalker Pylon Immortal Stalker Stalker Pylon Zealot Pylon Probe Probe Adept Probe Probe Adept Immortal,47.75,121731
