0,0,0,0,0,0, ,0,0
0,27,0,1,0.000212,1,TwilightCouncil RoboticsFacility Zealot Zealot TemplarArchive RoboticsBay Stalker Nexus Pylon Adept Colossus RoboticsFacility Stalker Pylon Assimilator DarkShrine Colossus Immortal Immortal Immortal Zealot Gateway Nexus Immortal Stargate Gateway,29,59581.5
0,156,0,5,0.014146,5,Gateway TwilightCouncil Zealot DarkShrine Stalker Pylon Adept Stargate Probe Pylon RoboticsFacility Adept Pylon Zealot RoboticsBay Adept Immortal Nexus Adept Immortal Adept Pylon Colossus Nexus Immortal Assimilator Pylon Immortal FleetBeacon Adept Stalker VoidRay Probe,26.25,66699.8
0,362,0,11,0.015596,11,Zealot RoboticsFacility Immortal Pylon Probe Adept RoboticsBay Immortal Stalker Pylon Stargate VoidRay TwilightCouncil Stargate Assimilator Pylon Stargate Stalker Nexus Immortal Zealot DarkShrine Zealot Nexus TemplarArchive Zealot Stalker Assimilator VoidRay Nexus,24,73711.8
0,3761,0,123,0.055566,123,Zealot RoboticsFacility Nexus Immortal Stargate Zealot Nexus VoidRay Immortal Immortal VoidRay FleetBeacon Gateway RoboticsBay Probe Pylon Stargate Carrier Nexus Assimilator Nexus VoidRay Stargate Assimilator,21.25,74316
0,4018,0,131,0.057378,131,Adept Adept RoboticsFacility Stalker Immortal Adept Adept RoboticsFacility Gateway Gateway RoboticsBay Immortal Assimilator Gateway Immortal Pylon Gateway Colossus Assimilator Gateway Zealot Gateway Nexus TwilightCouncil RoboticsFacility Probe RoboticsFacility Stargate,24,77271
0,4507,0,147,0.060703,147,Assimilator Stalker Pylon RoboticsFacility Probe Immortal RoboticsBay Assimilator Immortal Stargate Adept VoidRay Zealot TwilightCouncil Immortal Stalker VoidRay Stalker FleetBeacon Gateway DarkShrine TemplarArchive Gateway Gateway Gateway,26.75,81273.8
7,11551,0,373,0.122459,373,Pylon Assimilator Stargate Adept Stalker Stargate Stalker FleetBeacon VoidRay Mothership Tempest Stalker TwilightCouncil Carrier Pylon Pylon VoidRay Stalker Adept VoidRay TemplarArchive Assimilator VoidRay Gateway Pylon,39.75,82139
8,11722,0,378,0.123649,378,Pylon Probe Gateway Stalker RoboticsFacility Adept Adept Stalker Immortal Zealot Adept RoboticsFacility Assimilator Stalker Probe Assimilator TwilightCouncil Nexus Adept Immortal Probe Immortal Pylon Zealot DarkShrine TemplarArchive Stargate Gateway Pylon Gateway Zealot FleetBeacon Pylon Probe Probe,24.5,83701.5
11,34175,0,1102,0.390595,1102,Stargate Stalker VoidRay Pylon Stalker Pylon Probe Stalker Gateway RoboticsFacility RoboticsBay VoidRay Immortal Zealot Immortal RoboticsFacility Probe TwilightCouncil Pylon Immortal Stalker Zealot Nexus Immortal Gateway Nexus DarkShrine Probe Zealot Zealot Immortal Zealot Immortal,34,88701.2
12,43820,0,1418,0.531118,1418,Stargate RoboticsFacility VoidRay Nexus Zealot Adept Immortal VoidRay Adept Immortal Probe Stalker VoidRay Stalker Probe RoboticsFacility Immortal FleetBeacon TwilightCouncil Probe Assimilator Probe Gateway RoboticsBay TemplarArchive Pylon Adept Zealot Probe Probe Pylon Probe Gateway Pylon Gateway RoboticsFacility Gateway Assimilator,30.25,102149
83,234183,0,8112,2.87981,8112,Stargate RoboticsFacility VoidRay Nexus Adept Immortal Pylon Stalker Stalker Immortal VoidRay Immortal Stalker TwilightCouncil VoidRay Nexus Stalker TemplarArchive Adept RoboticsBay DarkShrine Adept Probe Probe Assimilator Pylon Assimilator Assimilator Gateway Gateway Pylon Gateway Probe,32.75,103794
113,301023,0,10763,3.89048,10763,Stargate RoboticsFacility VoidRay Nexus Adept Immortal Gateway Stalker VoidRay Immortal Zealot Gateway Zealot VoidRay Stalker RoboticsFacility VoidRay Stalker Probe Nexus Pylon Immortal Stalker RoboticsFacility RoboticsFacility RoboticsFacility Nexus Zealot,37.5,107086
161,443156,0,16911,6.02721,16911,Stargate RoboticsFacility VoidRay Nexus Adept Immortal Gateway Stalker Stalker VoidRay Pylon Pylon Immortal Stalker Probe Immortal Zealot Gateway VoidRay TwilightCouncil Immortal Zealot VoidRay Immortal Adept Zealot Stargate Nexus RoboticsFacility,45.5,108380
191,551654,0,22073,7.67813,22073,Stargate RoboticsFacility VoidRay Nexus Adept Immortal Gateway Stalker Stalker VoidRay Pylon Stalker Adept Zealot VoidRay Probe Adept Immortal Immortal Stalker VoidRay Nexus Nexus Stargate Pylon Pylon Nexus Probe,39,109452
221,601252,0,24589,8.45178,24589,Stargate RoboticsFacility VoidRay Nexus Adept Immortal Gateway Stalker Stalker VoidRay Pylon Stalker Zealot Immortal Stalker VoidRay Assimilator Adept Stalker Adept Stalker Nexus Stalker RoboticsFacility Pylon Zealot Zealot Nexus Probe,38.5,111579
221,611183,0,25110,8.60621,25110,Stargate RoboticsFacility VoidRay Nexus Adept Immortal Gateway Stalker Stalker VoidRay Pylon Stalker Immortal VoidRay Immortal Adept Adept Assimilator Probe Stalker VoidRay TwilightCouncil Nexus Pylon Pylon Adept DarkShrine RoboticsBay Pylon Probe,39.25,112278
236,644510,0,26932,9.1253,26932,Stargate RoboticsFacility VoidRay Nexus Adept Immortal Gateway Stalker Stalker VoidRay Pylon Stalker Immortal VoidRay Stalker Immortal Zealot Adept Probe Immortal Gateway Adept Stargate TwilightCouncil Nexus Pylon VoidRay Probe VoidRay,38.75,112928
236,649438,0,27215,9.20148,27215,Stargate RoboticsFacility VoidRay Nexus Adept Immortal Gateway Stalker Stalker VoidRay Pylon Stalker Immortal Stalker Adept Immortal VoidRay Pylon Immortal Adept VoidRay Zealot Adept Adept Nexus FleetBeacon TwilightCouncil Zealot,45.25,116142
236,664196,0,28047,9.41794,28047,Stargate RoboticsFacility VoidRay Nexus Adept Immortal Gateway Stalker Stalker VoidRay Pylon Stalker Immortal Stalker Adept VoidRay Stalker Adept Stalker Pylon Immortal RoboticsFacility Stalker Stalker Assimilator Probe Assimilator Assimilator Nexus TwilightCouncil Probe,41,116249
266,730925,0,32059,10.4443,32059,Stargate RoboticsFacility VoidRay Nexus Adept Immortal Gateway Stalker Stalker VoidRay Pylon Stalker Immortal Stalker Adept VoidRay Pylon Immortal Zealot Stalker Assimilator Adept Immortal Stalker Stargate TwilightCouncil Pylon Immortal Zealot Pylon,42.25,116963
266,732859,0,32188,10.4729,32188,Stargate RoboticsFacility VoidRay Nexus Adept Immortal Gateway Stalker Stalker VoidRay Pylon Stalker Immortal Stalker Adept VoidRay Stalker Adept Pylon Adept VoidRay Stalker Pylon Adept Immortal Adept Adept TwilightCouncil VoidRay Nexus,46.5,117739
326,825473,0,38606,11.8799,38606,Stargate RoboticsFacility VoidRay Nexus Adept Immortal Gateway Stalker Stalker VoidRay Pylon Stalker Immortal Stalker Adept VoidRay Stalker Adept Pylon Immortal Zealot Zealot Stalker Gateway Stalker VoidRay RoboticsFacility Stalker Nexus Stargate,47,117929
326,828947,0,38864,11.9322,38864,Stargate RoboticsFacility VoidRay Nexus Adept Immortal Gateway Stalker Stalker VoidRay Pylon Stalker Immortal Stalker Adept VoidRay Stalker Adept Pylon Immortal Zealot Zealot Assimilator Stalker VoidRay RoboticsBay Adept FleetBeacon Zealot Stargate,44.75,117997
326,829072,0,38873,11.9332,38873,Stargate RoboticsFacility VoidRay Nexus Adept Immortal Gateway Stalker Stalker VoidRay Pylon Stalker Immortal Stalker Adept VoidRay Stalker Adept Pylon Immortal Stalker VoidRay Pylon Zealot Zealot Nexus Stalker Stargate VoidRay Probe,43.5,118134
326,831073,0,39022,11.9615,39022,Stargate RoboticsFacility VoidRay Nexus Adept Immortal Gateway Stalker Stalker VoidRay Pylon Stalker Immortal Stalker Adept VoidRay Stalker Adept Pylon Stalker Probe Immortal Zealot Assimilator VoidRay Stalker Assimilator Zealot TwilightCouncil Probe Stargate RoboticsBay Pylon,45.25,118160
326,832904,0,39157,11.9883,39157,Stargate RoboticsFacility VoidRay Nexus Adept Immortal Gateway Stalker Stalker VoidRay Pylon Stalker Immortal Stalker Adept VoidRay Stalker Adept Pylon Adept VoidRay Adept Immortal Stalker Adept Stalker Stargate TwilightCouncil Nexus Pylon Assimilator,47,118378
341,850511,0,40476,12.2603,40476,Stargate RoboticsFacility VoidRay Nexus Adept Immortal Gateway Stalker Stalker VoidRay Pylon Stalker Immortal Stalker Adept VoidRay Stalker Adept Pylon Adept Zealot Immortal VoidRay Adept Adept Stalker FleetBeacon Pylon Assimilator RoboticsFacility Assimilator Pylon Assimilator,46.25,118463
356,880562,0,42831,12.7307,42831,Stargate RoboticsFacility VoidRay Nexus Adept Immortal Gateway Stalker Stalker VoidRay Pylon Stalker Immortal Stalker Adept VoidRay Stalker Adept Pylon Adept Zealot Immortal VoidRay Zealot Stalker Assimilator TwilightCouncil TemplarArchive Stalker Gateway Pylon Assimilator,44.75,118537
356,896401,0,44148,12.9673,44148,Stargate RoboticsFacility VoidRay Nexus Adept Immortal Gateway Stalker Stalker VoidRay Pylon Stalker Immortal Stalker Adept VoidRay Stalker Adept Pylon Adept Zealot Immortal VoidRay Stalker Immortal Stargate Gateway Pylon Zealot RoboticsFacility Zealot Assimilator,47.5,118599
371,900553,0,44538,13.0258,44538,Stargate RoboticsFacility VoidRay Nexus Adept Immortal Gateway Stalker Stalker VoidRay Pylon Stalker Immortal Stalker Adept VoidRay Stalker Adept Pylon Adept Zealot Immortal VoidRay Stalker Zealot Stargate Stalker Nexus RoboticsFacility Gateway,46.5,118650
371,910965,0,45509,13.1822,45509,Stargate RoboticsFacility VoidRay Nexus Adept Immortal Gateway Stalker Stalker VoidRay Pylon Stalker Immortal Stalker Adept VoidRay Stalker Adept Pylon Adept Zealot Immortal VoidRay Stalker Probe Probe Stalker RoboticsBay Pylon RoboticsFacility Gateway Stalker Gateway Adept Probe,45.5,118730
371,916395,0,46023,13.2702,46023,Stargate RoboticsFacility VoidRay Nexus Adept Immortal Gateway Stalker Stalker VoidRay Pylon Stalker Immortal Stalker Adept VoidRay Stalker Adept Pylon Adept Zealot Immortal VoidRay Zealot Stalker Pylon Stalker RoboticsBay Adept Gateway Gateway Stalker Probe Probe,46.5,118756
371,918544,0,46258,13.3012,46258,Stargate RoboticsFacility VoidRay Nexus Adept Immortal Gateway Stalker Stalker VoidRay Pylon Stalker Immortal Stalker Adept VoidRay Stalker Adept Pylon Adept Zealot Immortal VoidRay Stalker Stalker Probe TwilightCouncil RoboticsFacility Nexus Gateway Probe,45.5,118884
386,921130,0,46531,13.347,46531,Stargate RoboticsFacility VoidRay Nexus Adept Immortal Gateway Stalker Stalker VoidRay Pylon Stalker Immortal Stalker Adept VoidRay Stalker Adept Pylon Adept Zealot Immortal VoidRay Stalker Stalker Stalker FleetBeacon Assimilator Nexus Assimilator,47.25,118991
386,927014,0,47162,13.4295,47162,Stargate RoboticsFacility VoidRay Nexus Adept Immortal Gateway Stalker Stalker VoidRay Pylon Stalker Immortal Stalker Adept VoidRay Stalker Adept Pylon Adept Zealot Immortal VoidRay Stalker Stalker RoboticsFacility Assimilator Zealot Stargate RoboticsFacility Gateway Assimilator,46.5,119010
386,934917,0,48015,13.5527,48015,Stargate RoboticsFacility VoidRay Nexus Adept Immortal Gateway Stalker Stalker VoidRay Pylon Stalker Immortal Stalker Adept VoidRay Stalker Adept Pylon Adept Zealot Immortal VoidRay Stalker Stalker Zealot TwilightCouncil Stargate Assimilator Nexus Pylon,46.5,119010
401,939412,0,48549,13.6133,48549,Stargate RoboticsFacility VoidRay Nexus Adept Immortal Gateway Stalker Stalker VoidRay Pylon Stalker Immortal Stalker Adept VoidRay Stalker Adept Pylon Adept Zealot Immortal VoidRay Stalker Stalker Assimilator Zealot Gateway Assimilator Pylon Adept TwilightCouncil Probe,46.5,119010
401,940927,0,48725,13.6374,48725,Stargate RoboticsFacility VoidRay Nexus Adept Immortal Gateway Stalker Stalker VoidRay Pylon Stalker Immortal Stalker Adept VoidRay Stalker Adept Pylon Adept Zealot Immortal VoidRay Stalker Stalker Zealot Pylon Adept Stalker Immortal Gateway Pylon,46.5,119010
401,953779,0,50252,13.8357,50252,Stargate RoboticsFacility VoidRay Nexus Adept Immortal Gateway Stalker Stalker VoidRay Pylon Stalker Immortal Stalker Adept VoidRay Stalker Adept Pylon Adept Zealot Immortal VoidRay Stalker Stalker Zealot Pylon Zealot Immortal Probe RoboticsFacility Gateway Probe,46.5,119010
414,955862,0,50522,13.8641,50522,Stargate RoboticsFacility VoidRay Nexus Adept Immortal Gateway Stalker Stalker VoidRay Pylon Stalker Immortal Stalker Adept VoidRay Stalker Adept Pylon Adept Zealot Immortal VoidRay Stalker Stalker Pylon Probe Zealot Probe Pylon Gateway Immortal TwilightCouncil Probe,46.5,119010
414,957792,0,50772,13.8908,50772,Stargate RoboticsFacility VoidRay Nexus Adept Immortal Gateway Stalker Stalker VoidRay Pylon Stalker Immortal Stalker Adept VoidRay Stalker Adept Pylon Adept Zealot Immortal VoidRay Stalker Stalker Zealot Assimilator Pylon VoidRay Probe Probe Probe Pylon Pylon Assimilator,46.5,119010
457,999662,0,57297,14.4899,57297,Stargate RoboticsFacility VoidRay Nexus Adept Immortal Gateway Stalker Stalker VoidRay Pylon Stalker Immortal Stalker Adept VoidRay Stalker Adept Pylon Adept Zealot Immortal VoidRay Stalker Stalker Zealot Assimilator Pylon VoidRay Probe Probe Probe Pylon Stargate,46.5,119010
521,1030479,10,64847,14.9218,64847,Stargate RoboticsFacility VoidRay Nexus Adept Immortal Gateway Stalker Stalker VoidRay Pylon Stalker Immortal Stalker Adept VoidRay Stalker Adept Pylon Adept Zealot Immortal VoidRay Stalker Stalker Zealot Assimilator Pylon VoidRay Probe Probe Probe Gateway Pylon,46.5,119010
