0,0,0,0,0,0, ,0,0
0,33,0,1,0.000295,1,Pylon Stalker RoboticsFacility Zealot Adept RoboticsBay Zealot Immortal Nexus Colossus Nexus TwilightCouncil Stargate TemplarArchive RoboticsFacility RoboticsFacility RoboticsFacility Adept FleetBeacon Nexus Zealot DarkShrine Pylon Zealot Gateway Stargate Gateway Probe Gateway Probe Pylon Probe,17,56546
0,90,0,3,0.000734,3,Stargate Assimilator Probe TwilightCouncil Stargate Probe VoidRay FleetBeacon VoidRay Carrier VoidRay RoboticsFacility TemplarArchive Stargate Nexus Gateway Stargate RoboticsFacility Adept Nexus VoidRay Immortal Mothership Gateway,19.25,60380
0,507,0,16,0.003724,16,Adept Nexus Pylon Probe Adept Probe Stargate Gateway Assimilator Assimilator Pylon VoidRay FleetBeacon Zealot Probe RoboticsFacility Tempest Stalker Adept Stalker Probe Adept Pylon Zealot Nexus Stalker Tempest Probe RoboticsBay Pylon Zealot RoboticsFacility Stalker Probe Assimilator,24.75,61289.8
0,735,0,23,0.005376,23,Adept Gateway Pylon RoboticsFacility RoboticsBay RoboticsFacility Pylon Zealot Zealot RoboticsFacility Immortal Stalker Stargate VoidRay Gateway Adept Assimilator Immortal Probe Stalker Stalker Immortal Adept TwilightCouncil FleetBeacon RoboticsFacility Zealot Gateway Gateway Nexus Adept Probe Pylon,27.25,79037.2
0,1509,0,47,0.010859,47,Stalker Probe Assimilator Stargate Probe Adept Stalker Stargate FleetBeacon VoidRay Probe Zealot Tempest Zealot TwilightCouncil Pylon DarkShrine Carrier Pylon TemplarArchive Stargate Gateway DarkTemplar DarkTemplar Tempest Pylon RoboticsFacility Stargate Probe Stalker VoidRay Zealot Pylon Probe Assimilator Pylon Gateway Pylon,30.25,79634.8
0,6782,0,218,0.052229,218,Stalker Adept Stargate Probe VoidRay Probe RoboticsFacility RoboticsFacility Stalker Immortal Stalker Pylon VoidRay Assimilator Stargate Nexus Adept Stalker Immortal Probe FleetBeacon Pylon Stalker Immortal Pylon Immortal Tempest Zealot Tempest Stargate TwilightCouncil Pylon Probe Probe,39.5,91730.2
12,43302,0,1399,0.324849,1399,Stalker Stargate Adept Pylon Stargate Pylon Gateway Stalker Assimilator VoidRay Stalker VoidRay Probe TwilightCouncil Stalker Adept DarkShrine Stalker Probe RoboticsFacility VoidRay Pylon VoidRay Stalker Nexus DarkTemplar Probe DarkTemplar Gateway RoboticsFacility Gateway Adept Immortal Zealot,34,97669
22,82953,0,2686,0.909658,2686,Stalker RoboticsFacility Pylon Adept Immortal Zealot RoboticsBay Stargate Pylon Gateway Stalker Immortal VoidRay Adept VoidRay Immortal Gateway Pylon Immortal Stargate Stalker Probe Colossus Assimilator Nexus Nexus Gateway Zealot Gateway Zealot,31.75,98745.8
46,119665,0,3894,1.48197,3894,Stalker RoboticsFacility Probe Adept Pylon Stalker RoboticsFacility Immortal Pylon Zealot RoboticsFacility Pylon Immortal Stalker Assimilator Gateway Stargate Immortal VoidRay Probe Immortal RoboticsBay Stalker Adept Zealot Colossus Pylon Probe Immortal Zealot Assimilator TwilightCouncil VoidRay Gateway,40.25,102546
130,457109,0,15267,4.13972,15267,Stalker RoboticsFacility Probe Adept Pylon Stalker RoboticsFacility Immortal Immortal Pylon Adept Gateway Immortal Probe Pylon Zealot Zealot Stargate Immortal Nexus Adept Stalker FleetBeacon Immortal Adept Zealot RoboticsBay Nexus Zealot Tempest Zealot Adept Stalker Assimilator Probe Stargate,34,103750
143,492043,0,16544,4.55987,16544,Stalker RoboticsFacility Probe Adept Pylon Stalker RoboticsFacility Immortal Pylon Adept Immortal Stalker Immortal Immortal Stargate Immortal Gateway Assimilator Adept VoidRay Stalker RoboticsFacility Pylon RoboticsFacility Assimilator Zealot RoboticsFacility Zealot Pylon RoboticsFacility VoidRay Immortal,35.5,112655
216,739175,0,26260,9.33808,26260,Stalker RoboticsFacility Probe Adept Pylon Stalker RoboticsFacility Immortal Pylon Adept Immortal Stalker Immortal Gateway Stalker Immortal Stalker Immortal Pylon Immortal Stargate Zealot Adept Stargate Stargate Immortal Pylon Probe Nexus Nexus Stalker RoboticsFacility Probe,39.75,115024
216,764104,0,27375,9.80925,27375,Stalker RoboticsFacility Probe Adept Pylon Stalker RoboticsFacility Immortal Pylon Adept Immortal Stalker Immortal Immortal Pylon Assimilator Stalker Assimilator RoboticsFacility Immortal Immortal Immortal Adept TwilightCouncil DarkShrine Nexus Adept Gateway Probe,37,115408
216,772152,0,27733,9.9393,27733,Stalker RoboticsFacility Probe Adept Pylon Stalker RoboticsFacility Immortal Pylon Adept Immortal Stalker Immortal Immortal RoboticsBay Immortal Pylon Zealot Immortal Adept Colossus Adept Gateway Pylon Stalker TwilightCouncil Colossus DarkShrine Assimilator Nexus Pylon Assimilator Pylon Pylon,40.5,116249
229,803259,0,29195,10.5662,29195,Stalker RoboticsFacility Probe Adept Pylon Stalker RoboticsFacility Immortal Pylon Adept Immortal Stalker Immortal Immortal Pylon Immortal Adept Immortal Zealot Immortal Stalker Gateway Pylon Zealot Probe Gateway Stargate Assimilator TwilightCouncil Probe Gateway Adept Stargate RoboticsFacility FleetBeacon Assimilator Adept,40.25,117520
242,838598,0,30908,11.2378,30908,Stalker RoboticsFacility Probe Adept Pylon Stalker RoboticsFacility Immortal Pylon Adept Immortal Stalker Immortal Immortal Pylon Immortal Adept RoboticsFacility Immortal Immortal Immortal Pylon TwilightCouncil Assimilator Pylon Immortal Zealot Stalker Gateway DarkShrine Nexus,45.5,120127
255,872011,0,32584,11.8345,32584,Stalker RoboticsFacility Probe Adept Pylon Stalker RoboticsFacility Immortal Pylon Adept Immortal Stalker Immortal Immortal Pylon Immortal Pylon Probe Assimilator Stalker Immortal Stalker Immortal Stalker TwilightCouncil Immortal DarkShrine Stargate Pylon VoidRay Nexus Probe,43,121762
255,886298,0,33331,12.0654,33331,Stalker RoboticsFacility Probe Adept Pylon Stalker RoboticsFacility Immortal Pylon Adept Immortal Stalker Immortal Immortal Pylon Immortal Stalker Pylon Immortal Gateway RoboticsFacility Immortal Adept Stalker Immortal Gateway Probe Stalker Stalker Gateway Gateway Stargate Probe Assimilator TwilightCouncil Gateway,46,122388
268,907962,0,34476,12.4937,34476,Stalker RoboticsFacility Probe Adept Pylon Stalker RoboticsFacility Immortal Pylon Adept Immortal Stalker Immortal Immortal Pylon Immortal Stalker Pylon Probe Immortal Pylon Stalker Immortal Immortal Stalker Gateway Assimilator RoboticsFacility Stalker Gateway Zealot RoboticsFacility RoboticsBay Stargate Adept Pylon,45.75,123691
320,1062204,0,43204,14.9629,43204,Stalker RoboticsFacility Probe Adept Pylon Stalker RoboticsFacility Immortal Pylon Adept Immortal Stalker Immortal Immortal Pylon Immortal Stalker Pylon Probe Immortal Pylon Stalker Immortal Gateway Stalker Immortal Immortal Assimilator RoboticsFacility RoboticsBay Stalker Immortal TwilightCouncil Zealot,48.5,124336
328,1078954,0,44244,15.2202,44244,Stalker RoboticsFacility Probe Adept Pylon Stalker RoboticsFacility Immortal Pylon Adept Immortal Stalker Immortal Immortal Pylon Immortal Stalker Pylon Probe Immortal Pylon Stalker Immortal Zealot Immortal Immortal Stalker Gateway RoboticsBay Stargate RoboticsFacility Assimilator Stalker Nexus,47.75,124684
346,1110874,0,46324,15.7139,46324,Stalker RoboticsFacility Probe Adept Pylon Stalker RoboticsFacility Immortal Pylon Adept Immortal Stalker Immortal Immortal Pylon Immortal Stalker Pylon Probe Immortal Pylon Stalker Immortal Immortal Stalker Assimilator Immortal Gateway TwilightCouncil RoboticsFacility Stargate Immortal Assimilator Pylon,46.75,124728
346,1134486,0,48009,16.2264,48009,Stalker RoboticsFacility Probe Adept Pylon Stalker RoboticsFacility Immortal Pylon Adept Immortal Stalker Immortal Immortal Pylon Immortal Stalker Pylon Probe Immortal Pylon Stalker Immortal Immortal Stalker Immortal TwilightCouncil Probe TemplarArchive Adept Immortal Assimilator Gateway Nexus,46.75,124728
346,1134935,0,48045,16.248,48045,Stalker RoboticsFacility Probe Adept Pylon Stalker RoboticsFacility Immortal Pylon Adept Immortal Stalker Immortal Immortal Pylon Immortal Stalker Pylon Probe Immortal Pylon Stalker Immortal Immortal Assimilator Zealot Immortal Stalker Zealot Nexus Stargate Immortal,47.75,124864
346,1137089,0,48216,16.301,48216,Stalker RoboticsFacility Probe Adept Pylon Stalker RoboticsFacility Immortal Pylon Adept Immortal Stalker Immortal Immortal Pylon Immortal Stalker Pylon Probe Immortal Pylon Stalker Immortal Immortal Stalker Immortal Stalker TwilightCouncil RoboticsFacility Assimilator DarkShrine Nexus Adept Probe Probe,48.5,125540
359,1147293,0,49033,16.4972,49033,Stalker RoboticsFacility Probe Adept Pylon Stalker RoboticsFacility Immortal Pylon Adept Immortal Stalker Immortal Immortal Pylon Immortal Stalker Pylon Probe Immortal Pylon Stalker Immortal Immortal Stalker Immortal Assimilator Immortal Stalker RoboticsBay Stargate Stargate Probe Probe Assimilator,52.25,125620
359,1160794,0,50121,16.7635,50121,Stalker RoboticsFacility Probe Adept Pylon Stalker RoboticsFacility Immortal Pylon Adept Immortal Stalker Immortal Immortal Pylon Immortal Stalker Pylon Probe Immortal Pylon Stalker Immortal Immortal Stalker Probe Immortal Stalker Immortal Gateway Stalker RoboticsFacility Pylon Assimilator Pylon RoboticsBay Probe,52.25,125900
398,1210665,0,54418,17.6358,54418,Stalker RoboticsFacility Probe Adept Pylon Stalker RoboticsFacility Immortal Pylon Adept Immortal Stalker Immortal Immortal Pylon Immortal Stalker Pylon Probe Immortal Pylon Stalker Immortal Immortal Stalker Probe Immortal Stalker Immortal Stargate Pylon Stalker Nexus Pylon,52.25,125900
398,1215785,0,54916,17.7113,54916,Stalker RoboticsFacility Probe Adept Pylon Stalker RoboticsFacility Immortal Pylon Adept Immortal Stalker Immortal Immortal Pylon Immortal Stalker Pylon Probe Immortal Pylon Stalker Immortal Immortal Stalker Probe Immortal Stalker Immortal RoboticsFacility Pylon Immortal Stalker Pylon Assimilator Probe,52.25,125900
398,1219174,0,55248,17.7483,55248,Stalker RoboticsFacility Probe Adept Pylon Stalker RoboticsFacility Immortal Pylon Adept Immortal Stalker Immortal Immortal Pylon Immortal Stalker Pylon Probe Immortal Pylon Stalker Immortal Immortal Stalker Probe Immortal Stalker Immortal Probe Pylon Assimilator Gateway RoboticsBay TwilightCouncil Adept Pylon,52.25,125900
398,1226978,0,56019,17.8736,56019,Stalker RoboticsFacility Probe Adept Pylon Stalker RoboticsFacility Immortal Pylon Adept Immortal Stalker Immortal Immortal Pylon Immortal Stalker Pylon Probe Immortal Pylon Stalker Immortal Immortal Stalker Probe Immortal Stalker Immortal Probe Probe Assimilator TwilightCouncil RoboticsBay Gateway RoboticsFacility Pylon,52.25,125900
398,1227226,0,56045,17.8756,56045,Stalker RoboticsFacility Probe Adept Pylon Stalker RoboticsFacility Immortal Pylon Adept Immortal Stalker Immortal Immortal Pylon Immortal Stalker Pylon Probe Immortal Pylon Stalker Immortal Immortal Stalker Probe Immortal Stalker Immortal Probe Pylon Assimilator Immortal Probe TwilightCouncil RoboticsFacility Probe,52.25,125900
411,1242169,0,57639,18.0754,57639,Stalker RoboticsFacility Probe Adept Pylon Stalker RoboticsFacility Immortal Pylon Adept Immortal Stalker Immortal Immortal Pylon Immortal Stalker Pylon Probe Immortal Pylon Stalker Immortal Immortal Stalker Probe Immortal Stalker Immortal Probe Pylon Stalker Stargate Probe Immortal Probe Probe Assimilator,52.25,125900
423,1260829,0,60033,18.3489,60033,Stalker RoboticsFacility Probe Adept Pylon Stalker RoboticsFacility Immortal Pylon Adept Immortal Stalker Immortal Immortal Pylon Immortal Stalker Pylon Probe Immortal Pylon Stalker Immortal Immortal Stalker Probe Immortal Stalker Immortal Probe Pylon Stalker Immortal Probe Gateway Stargate Probe,52.25,125900
423,1261046,0,60060,18.3506,60060,Stalker RoboticsFacility Probe Adept Pylon Stalker RoboticsFacility Immortal Pylon Adept Immortal Stalker Immortal Immortal Pylon Immortal Stalker Pylon Probe Immortal Pylon Stalker Immortal Immortal Stalker Probe Immortal Stalker Immortal Probe Pylon Probe Probe Nexus Zealot TwilightCouncil Assimilator,52.25,125900
423,1261307,0,60096,18.3527,60096,Stalker RoboticsFacility Probe Adept Pylon Stalker RoboticsFacility Immortal Pylon Adept Immortal Stalker Immortal Immortal Pylon Immortal Stalker Pylon Probe Immortal Pylon Stalker Immortal Immortal Stalker Probe Immortal Stalker Immortal Probe Pylon Nexus Probe Probe Stalker RoboticsBay,52.25,125900
432,1261975,0,60186,18.3706,60186,Stalker RoboticsFacility Probe Adept Pylon Stalker RoboticsFacility Immortal Pylon Adept Immortal Stalker Immortal Immortal Pylon Immortal Stalker Pylon Probe Immortal Pylon Stalker Immortal Immortal Stalker Probe Immortal Stalker Immortal Probe Pylon Probe Probe Gateway Probe Stargate Adept Probe RoboticsBay Assimilator,52.25,125900
432,1262435,0,60249,18.3739,60249,Stalker RoboticsFacility Probe Adept Pylon Stalker RoboticsFacility Immortal Pylon Adept Immortal Stalker Immortal Immortal Pylon Immortal Stalker Pylon Probe Immortal Pylon Stalker Immortal Immortal Stalker Probe Immortal Stalker Immortal Probe Pylon Pylon Probe Probe Probe Gateway Immortal Probe Zealot,52.25,125900
458,1303826,0,66230,18.9746,66230,Stalker RoboticsFacility Probe Adept Pylon Stalker RoboticsFacility Immortal Pylon Adept Immortal Stalker Immortal Immortal Pylon Immortal Stalker Pylon Probe Immortal Pylon Stalker Immortal Immortal Stalker Probe Immortal Stalker Immortal Probe Pylon Pylon Probe Probe Immortal Probe Stargate Adept Probe,52.25,125900
471,1306060,0,66595,19.0041,66595,Stalker RoboticsFacility Probe Adept Pylon Stalker RoboticsFacility Immortal Pylon Adept Immortal Stalker Immortal Immortal Pylon Immortal Stalker Pylon Probe Immortal Pylon Stalker Immortal Immortal Stalker Probe Immortal Stalker Immortal Probe Pylon Pylon Probe Pylon Probe Probe Stalker Immortal Assimilator,52.25,125900
471,1306380,0,66651,19.0064,66651,Stalker RoboticsFacility Probe Adept Pylon Stalker RoboticsFacility Immortal Pylon Adept Immortal Stalker Immortal Immortal Pylon Immortal Stalker Pylon Probe Immortal Pylon Stalker Immortal Immortal Stalker Probe Immortal Stalker Immortal Probe Pylon Pylon Probe Stalker Probe RoboticsBay Probe Immortal,52.25,125900
