0,0,0,0,0,0, ,0,0
0,27,0,1,0.000228,1,TwilightCouncil Nexus Assimilator Probe Probe Stalker Adept TemplarArchive RoboticsFacility DarkShrine Immortal Assimilator Stargate VoidRay VoidRay RoboticsFacility RoboticsBay Stalker Stalker Nexus Gateway Nexus Immortal Gateway Adept Probe,18.25,45598
0,185,0,6,0.001422,6,Adept Nexus Adept Stargate Probe FleetBeacon Adept RoboticsFacility Stargate Stalker Immortal Stargate Nexus Pylon Tempest TwilightCouncil Stargate Stalker RoboticsBay Nexus TemplarArchive Zealot Immortal Nexus Nexus Assimilator Probe Probe Probe Probe Assimilator,15.25,48406.2
0,215,0,7,0.001649,7,Gateway Stalker Nexus RoboticsFacility Stalker RoboticsFacility RoboticsFacility Zealot Zealot Gateway TwilightCouncil Nexus RoboticsBay Colossus Colossus Adept Pylon Zealot Assimilator RoboticsFacility RoboticsFacility Colossus Probe Stargate TemplarArchive Colossus Probe Gateway Immortal,22.75,52973.8
0,414,0,13,0.003084,13,Adept Zealot Adept RoboticsFacility Stargate Immortal Probe TwilightCouncil Stalker Immortal Pylon Stalker RoboticsBay Adept Assimilator RoboticsFacility Stargate Nexus Colossus TemplarArchive FleetBeacon Adept Tempest Tempest Stargate Pylon Probe Probe Gateway Nexus Probe,22,62593
0,636,0,20,0.00767,20,Pylon Adept Nexus Stalker Stargate VoidRay Pylon Pylon Stalker Assimilator Adept VoidRay Assimilator VoidRay Gateway Adept TwilightCouncil Stargate FleetBeacon Zealot Nexus Mothership Adept Zealot,20.25,68809.8
0,2484,0,81,0.028596,81,Probe Stalker Pylon Assimilator Stalker Assimilator TwilightCouncil Zealot Probe RoboticsFacility Probe Stargate Stalker Adept VoidRay Adept RoboticsBay RoboticsFacility VoidRay Immortal Stalker Gateway Nexus Gateway Nexus Nexus Stalker Probe,22.25,72418.5
0,3661,0,120,0.049817,120,Zealot RoboticsFacility Adept Gateway Stalker Pylon Immortal Probe Immortal RoboticsFacility Adept Probe RoboticsBay Zealot Immortal RoboticsFacility Probe Stalker Nexus Probe TwilightCouncil Immortal DarkShrine Probe DarkTemplar RoboticsFacility Stalker Immortal Pylon RoboticsFacility RoboticsFacility Pylon Probe Nexus RoboticsFacility Assimilator Assimilator Probe Gateway Probe Pylon Assimilator Assimilator,23,79899.5
0,3922,0,128,0.051695,128,Stalker Gateway Pylon Stalker Adept Nexus RoboticsFacility Adept Probe Stalker Immortal Adept TwilightCouncil RoboticsBay Adept Stargate VoidRay Stalker Nexus Adept Probe RoboticsFacility Colossus Stalker FleetBeacon Assimilator Gateway Nexus Adept Probe DarkShrine Nexus,29,83433.8
4,10336,0,333,0.135523,333,RoboticsFacility Probe Gateway Adept Immortal RoboticsFacility Adept Stalker Immortal RoboticsFacility Probe Adept Immortal Pylon Zealot Stalker Immortal Probe Nexus RoboticsFacility Stargate Immortal Stargate Pylon Pylon RoboticsFacility Stalker Immortal Immortal Pylon Nexus Immortal Stalker Zealot Assimilator,32.5,99103
52,131962,0,4343,1.66705,4343,RoboticsFacility Probe Pylon Pylon Zealot Probe Stalker RoboticsFacility RoboticsBay Adept RoboticsFacility Immortal Immortal Gateway Immortal Immortal Zealot Gateway Stalker Pylon Stalker Gateway Stalker Adept Pylon Immortal TwilightCouncil Immortal Adept Adept Stargate Immortal Gateway Pylon Gateway Stalker Stalker Adept Adept,40.25,101531
119,376912,0,12334,4.99918,12334,RoboticsFacility Probe Pylon Pylon Zealot Probe TwilightCouncil Adept RoboticsFacility Immortal Probe Immortal Immortal Zealot Immortal Immortal Stalker Probe Nexus Probe Immortal TemplarArchive Gateway Probe Immortal Zealot RoboticsFacility Probe Probe Probe DarkShrine Nexus Zealot Nexus Assimilator Stalker RoboticsFacility Adept RoboticsBay RoboticsFacility Gateway Assimilator Assimilator,35,101750
226,752531,0,25153,11.0004,25153,RoboticsFacility Probe Pylon Pylon Zealot Probe TwilightCouncil Adept RoboticsFacility Immortal Probe Immortal Immortal Zealot Pylon Adept RoboticsFacility Stalker Immortal Probe Immortal Gateway Immortal RoboticsFacility Zealot RoboticsFacility Adept Immortal TemplarArchive Probe Stargate Nexus DarkShrine Nexus Nexus Pylon Assimilator Assimilator,34.75,104036
240,800567,0,26956,11.7673,26956,RoboticsFacility Probe Pylon Pylon Zealot Probe TwilightCouncil Adept RoboticsFacility Immortal Probe Immortal Immortal Probe Adept Pylon Immortal Zealot Immortal Zealot Gateway Zealot Immortal RoboticsBay Immortal TemplarArchive Zealot Nexus Assimilator Probe DarkShrine RoboticsFacility Stargate Nexus Stalker Stalker Pylon Assimilator RoboticsFacility Assimilator,33.75,106326
254,860478,0,29221,12.7257,29221,RoboticsFacility Probe Pylon Pylon Zealot Probe TwilightCouncil Adept RoboticsFacility Immortal Probe Immortal Immortal Probe Stalker Immortal Pylon Stalker Immortal Immortal Nexus Immortal Nexus Stalker RoboticsFacility DarkShrine Immortal TemplarArchive Adept Pylon RoboticsBay Probe Probe Assimilator Assimilator Nexus Pylon Adept,38.75,110859
282,943970,0,32403,14.0562,32403,RoboticsFacility Probe Pylon Pylon Zealot Probe TwilightCouncil Adept RoboticsFacility Immortal Probe Immortal Immortal Probe Stalker Immortal Stalker Pylon Immortal RoboticsFacility Pylon Assimilator Stalker Probe Immortal Adept Pylon Immortal Assimilator Stargate DarkShrine DarkTemplar RoboticsBay Immortal RoboticsFacility Immortal Gateway Stargate,35,110871
282,974997,0,33658,14.5474,33658,RoboticsFacility Probe Pylon Pylon Zealot Probe TwilightCouncil Adept RoboticsFacility Immortal Probe Immortal Immortal Probe Stalker Immortal Gateway Immortal Adept Immortal Adept Assimilator RoboticsFacility Assimilator Pylon Immortal Stalker Probe TemplarArchive Stalker RoboticsBay Gateway RoboticsFacility Pylon Gateway RoboticsFacility Probe Adept DarkShrine Adept Probe,36.25,111373
282,983481,0,34000,14.6801,34000,RoboticsFacility Probe Pylon Pylon Zealot Probe TwilightCouncil Adept RoboticsFacility Immortal Probe Immortal Immortal Probe Stalker Immortal RoboticsFacility Pylon Pylon Immortal Gateway Immortal Stalker Stalker Immortal Probe Nexus Stalker Assimilator Stalker Probe Stalker Gateway Immortal Zealot Zealot RoboticsBay Zealot Pylon Immortal Probe Probe,42.75,111550
339,1146385,0,41017,17.3041,41017,RoboticsFacility Probe Pylon Pylon Zealot Probe TwilightCouncil Adept RoboticsFacility Immortal Probe Immortal Immortal Probe Stalker Immortal RoboticsFacility Pylon Pylon Immortal Zealot Probe Immortal Probe Gateway Adept Immortal Pylon Assimilator Pylon Stalker Immortal Gateway Stalker Stalker TemplarArchive DarkShrine Immortal Nexus Probe RoboticsFacility,41.5,113938
339,1153793,0,41362,17.4189,41362,RoboticsFacility Probe Pylon Pylon Zealot Probe TwilightCouncil Adept RoboticsFacility Immortal Probe Immortal Immortal Probe Stalker Immortal RoboticsFacility Pylon Pylon Immortal Probe Immortal Zealot Immortal Gateway Pylon Immortal Zealot Immortal Adept RoboticsBay Colossus Immortal Pylon Nexus Nexus Assimilator,41,114668
381,1278705,0,47267,19.4429,47267,RoboticsFacility Probe Pylon Pylon Zealot Probe TwilightCouncil Adept RoboticsFacility Immortal Probe Immortal Immortal Probe Stalker Immortal RoboticsFacility Pylon Pylon Immortal Probe Immortal Zealot Immortal Zealot Immortal Immortal RoboticsBay DarkShrine Adept Assimilator RoboticsFacility Assimilator Probe Probe RoboticsFacility Nexus Gateway Gateway Pylon RoboticsFacility Pylon,41,114718
381,1284021,0,47530,19.5252,47530,RoboticsFacility Probe Pylon Pylon Zealot Probe TwilightCouncil Adept RoboticsFacility Immortal Probe Immortal Immortal Probe Stalker Immortal RoboticsFacility Pylon Pylon Immortal Probe Immortal Zealot Immortal Immortal Gateway Stalker Immortal Zealot Zealot TemplarArchive Gateway RoboticsFacility Assimilator Nexus DarkShrine Pylon Pylon RoboticsFacility Assimilator Pylon,42.5,117138
381,1284368,0,47548,19.5327,47548,RoboticsFacility Probe Pylon Pylon Zealot Probe TwilightCouncil Adept RoboticsFacility Immortal Probe Immortal Immortal Probe Stalker Immortal RoboticsFacility Pylon Pylon Immortal Probe Immortal Zealot Immortal Assimilator Immortal Immortal Assimilator Stalker Pylon DarkShrine Immortal Stalker RoboticsFacility Nexus Stargate,46,117457
395,1306360,0,48702,19.8885,48702,RoboticsFacility Probe Pylon Pylon Zealot Probe TwilightCouncil Adept RoboticsFacility Immortal Probe Immortal Immortal Probe Stalker Immortal RoboticsFacility Pylon Pylon Immortal Probe Immortal Zealot Immortal Immortal Gateway Immortal Zealot Immortal Gateway RoboticsBay Pylon Stargate Stargate Gateway Assimilator Gateway Zealot Probe Nexus,43.5,117733
395,1332269,0,50106,20.3016,50106,RoboticsFacility Probe Pylon Pylon Zealot Probe TwilightCouncil Adept RoboticsFacility Immortal Probe Immortal Immortal Probe Stalker Immortal RoboticsFacility Pylon Pylon Immortal Probe Immortal Zealot Immortal Immortal Stalker Immortal Immortal Stargate RoboticsFacility RoboticsBay Gateway Pylon Gateway Assimilator Nexus Pylon Pylon Gateway Pylon,44.25,117944
409,1338914,0,50498,20.4092,50498,RoboticsFacility Probe Pylon Pylon Zealot Probe TwilightCouncil Adept RoboticsFacility Immortal Probe Immortal Immortal Probe Stalker Immortal RoboticsFacility Pylon Pylon Immortal Probe Immortal Zealot Immortal Immortal Immortal Probe Pylon Zealot Immortal Adept Stargate VoidRay Gateway Gateway Gateway Gateway Gateway Probe Nexus,44.75,118450
409,1348668,0,51074,20.5661,51074,RoboticsFacility Probe Pylon Pylon Zealot Probe TwilightCouncil Adept RoboticsFacility Immortal Probe Immortal Immortal Probe Stalker Immortal RoboticsFacility Pylon Pylon Immortal Probe Immortal Zealot Immortal Immortal Assimilator Adept Immortal Pylon Immortal RoboticsBay Immortal Probe Gateway Pylon DarkShrine RoboticsFacility Pylon Pylon Probe Probe Assimilator,47.5,118877
423,1370627,0,52421,20.92,52421,RoboticsFacility Probe Pylon Pylon Zealot Probe TwilightCouncil Adept RoboticsFacility Immortal Probe Immortal Immortal Probe Stalker Immortal RoboticsFacility Pylon Pylon Immortal Probe Immortal Zealot Immortal Immortal Assimilator Zealot Immortal Immortal Pylon Zealot Nexus Adept Nexus Immortal Assimilator,44.5,118884
423,1396073,0,54163,21.3311,54163,RoboticsFacility Probe Pylon Pylon Zealot Probe TwilightCouncil Adept RoboticsFacility Immortal Probe Immortal Immortal Probe Stalker Immortal RoboticsFacility Pylon Pylon Immortal Probe Immortal Zealot Immortal Immortal Assimilator Zealot Immortal Probe Pylon Stalker Immortal Stalker Adept Pylon Pylon DarkShrine Nexus Gateway Pylon,47,119603
437,1417094,0,55668,21.6597,55668,RoboticsFacility Probe Pylon Pylon Zealot Probe TwilightCouncil Adept RoboticsFacility Immortal Probe Immortal Immortal Probe Stalker Immortal RoboticsFacility Pylon Pylon Immortal Probe Immortal Zealot Immortal Immortal Assimilator Zealot Immortal Immortal Assimilator Pylon Probe Immortal Adept Pylon Probe Probe Probe TemplarArchive Immortal Probe Probe,48.5,119708
437,1423493,0,56149,21.7645,56149,RoboticsFacility Probe Pylon Pylon Zealot Probe TwilightCouncil Adept RoboticsFacility Immortal Probe Immortal Immortal Probe Stalker Immortal RoboticsFacility Pylon Pylon Immortal Probe Immortal Zealot Immortal Immortal Assimilator Zealot Immortal Pylon Immortal Adept Immortal Stalker DarkShrine Assimilator RoboticsBay TemplarArchive Pylon RoboticsFacility,50.25,120361
451,1431768,0,56829,21.8961,56829,RoboticsFacility Probe Pylon Pylon Zealot Probe TwilightCouncil Adept RoboticsFacility Immortal Probe Immortal Immortal Probe Stalker Immortal RoboticsFacility Pylon Pylon Immortal Probe Immortal Zealot Immortal Immortal Assimilator Zealot Immortal Immortal Pylon Immortal Stalker Adept RoboticsFacility Assimilator Gateway Stargate RoboticsBay RoboticsFacility,49,120478
460,1458905,0,59288,22.3177,59288,RoboticsFacility Probe Pylon Pylon Zealot Probe TwilightCouncil Adept RoboticsFacility Immortal Probe Immortal Immortal Probe Stalker Immortal RoboticsFacility Pylon Pylon Immortal Probe Immortal Zealot Immortal Immortal Assimilator Zealot Immortal Immortal Pylon Immortal Stalker Pylon Nexus Zealot Assimilator Probe Pylon Probe Probe,49,120478
474,1479504,0,61321,22.6442,61321,RoboticsFacility Probe Pylon Pylon Zealot Probe TwilightCouncil Adept RoboticsFacility Immortal Probe Immortal Immortal Probe Stalker Immortal RoboticsFacility Pylon Pylon Immortal Probe Immortal Zealot Immortal Immortal Assimilator Zealot Immortal Immortal Pylon Immortal Stalker Assimilator Probe Probe DarkShrine Nexus Pylon Pylon,49,120478
474,1486785,0,62033,22.7586,62033,RoboticsFacility Probe Pylon Pylon Zealot Probe TwilightCouncil Adept RoboticsFacility Immortal Probe Immortal Immortal Probe Stalker Immortal RoboticsFacility Pylon Pylon Immortal Probe Immortal Zealot Immortal Immortal Assimilator Zealot Immortal Immortal Pylon Immortal Stalker Probe RoboticsFacility DarkShrine Pylon Probe Zealot Gateway Assimilator RoboticsFacility,49,120478
488,1493551,0,62827,22.8712,62827,RoboticsFacility Probe Pylon Pylon Zealot Probe TwilightCouncil Adept RoboticsFacility Immortal Probe Immortal Immortal Probe Stalker Immortal RoboticsFacility Pylon Pylon Immortal Probe Immortal Zealot Immortal Immortal Assimilator Zealot Immortal Immortal Pylon Immortal Stalker Probe Pylon Probe RoboticsBay Adept DarkShrine Gateway Pylon RoboticsFacility,49,120478
488,1503842,0,64031,23.0295,64031,RoboticsFacility Probe Pylon Pylon Zealot Probe TwilightCouncil Adept RoboticsFacility Immortal Probe Immortal Immortal Probe Stalker Immortal RoboticsFacility Pylon Pylon Immortal Probe Immortal Zealot Immortal Immortal Assimilator Zealot Immortal Immortal Pylon Immortal Stalker Probe Probe Pylon DarkShrine RoboticsBay Gateway Stalker Pylon TemplarArchive,49,120478
488,1505149,0,64200,23.0495,64200,RoboticsFacility Probe Pylon Pylon Zealot Probe TwilightCouncil Adept RoboticsFacility Immortal Probe Immortal Immortal Probe Stalker Immortal RoboticsFacility Pylon Pylon Immortal Probe Immortal Zealot Immortal Immortal Assimilator Zealot Immortal Immortal Pylon Immortal Stalker Probe Nexus Probe Pylon Immortal Stalker,49,120478
501,1507077,0,64448,23.0825,64448,RoboticsFacility Probe Pylon Pylon Zealot Probe TwilightCouncil Adept RoboticsFacility Immortal Probe Immortal Immortal Probe Stalker Immortal RoboticsFacility Pylon Pylon Immortal Probe Immortal Zealot Immortal Immortal Assimilator Zealot Immortal Immortal Pylon Immortal Stalker Pylon Probe Stargate Probe Assimilator Zealot Gateway Probe RoboticsBay Pylon,49,120478
501,1513469,0,65290,23.1792,65290,RoboticsFacility Probe Pylon Pylon Zealot Probe TwilightCouncil Adept RoboticsFacility Immortal Probe Immortal Immortal Probe Stalker Immortal RoboticsFacility Pylon Pylon Immortal Probe Immortal Zealot Immortal Immortal Assimilator Zealot Immortal Immortal Pylon Immortal Stalker RoboticsFacility Probe Pylon TemplarArchive Probe Stalker Probe Probe Stargate Assimilator Probe,49,120478
514,1532889,0,68076,23.4788,68076,RoboticsFacility Probe Pylon Pylon Zealot Probe TwilightCouncil Adept RoboticsFacility Immortal Probe Immortal Immortal Probe Stalker Immortal RoboticsFacility Pylon Pylon Immortal Probe Immortal Zealot Immortal Immortal Assimilator Zealot Immortal Immortal Pylon Immortal Stalker RoboticsFacility Probe Probe Pylon Probe Probe Immortal Adept RoboticsBay,49,120478
547,1569794,0,74040,23.9139,74040,RoboticsFacility Probe Pylon Pylon Zealot Probe TwilightCouncil Adept RoboticsFacility Immortal Probe Immortal Immortal Probe Stalker Immortal RoboticsFacility Pylon Pylon Immortal Probe Immortal Zealot Immortal Immortal Assimilator Zealot Immortal Immortal Pylon Immortal Stalker RoboticsFacility Probe Probe Pylon Probe Probe Stalker DarkShrine Immortal,49,120478
