0,0,0,0,0,0, ,0,0
0,25,0,1,0.000198,1,Assimilator Assimilator Adept TwilightCouncil Stalker Pylon Gateway Stargate Zealot Stalker Pylon Stargate Stalker Zealot Nexus Probe Stargate Gateway FleetBeacon Zealot Carrier Carrier Adept Zealot,9.5,39769.2
0,60,0,2,0.000439,2,Stargate TwilightCouncil RoboticsFacility Probe TemplarArchive Immortal Assimilator Probe VoidRay RoboticsFacility VoidRay Pylon Gateway Adept Stalker VoidRay DarkShrine Stalker Adept Nexus Pylon Assimilator Gateway Adept DarkTemplar Stalker Adept Probe Adept Pylon RoboticsBay Stargate Immortal Zealot,26,55079.5
0,156,0,5,0.001123,5,Zealot Nexus Stalker Gateway RoboticsFacility Immortal Stargate Nexus FleetBeacon VoidRay Carrier Stalker Pylon Carrier Immortal Pylon TwilightCouncil Adept RoboticsBay Stargate Stalker Assimilator Adept Probe Nexus Assimilator Assimilator Gateway,23.25,56165.5
0,213,0,7,0.001505,7,Stalker Gateway RoboticsFacility Probe Assimilator Immortal Gateway RoboticsFacility RoboticsBay Assimilator Colossus Colossus TwilightCouncil Stargate FleetBeacon Gateway Immortal TemplarArchive Stargate DarkShrine Stargate Stargate RoboticsFacility RoboticsFacility,19.25,62207.8
0,398,0,13,0.002817,13,Zealot RoboticsFacility Nexus Immortal Pylon Stargate RoboticsBay Stargate Adept TwilightCouncil Immortal Immortal VoidRay Stalker TemplarArchive Gateway Nexus RoboticsFacility Gateway Immortal Assimilator Stalker VoidRay Assimilator Stalker FleetBeacon Stalker Probe,24.75,63505.2
0,780,0,25,0.005478,25,Probe RoboticsFacility Immortal RoboticsBay Zealot RoboticsFacility TwilightCouncil Immortal Gateway Pylon Adept Probe Adept Assimilator Colossus Colossus Gateway Nexus Adept Immortal Immortal Pylon DarkShrine RoboticsFacility Nexus Nexus TemplarArchive Gateway Probe,29.75,78558.2
0,2303,0,73,0.029034,73,Pylon Gateway RoboticsFacility Stalker Probe Stalker Immortal Adept Pylon Nexus Probe Assimilator Zealot Immortal Adept TwilightCouncil Pylon Probe Zealot Assimilator Probe Immortal Assimilator RoboticsBay RoboticsFacility Zealot Immortal DarkShrine Pylon Colossus Nexus,24,79813.8
10,15618,0,499,0.206726,499,RoboticsFacility Probe Zealot Zealot TwilightCouncil Gateway Immortal Immortal Zealot Assimilator Assimilator RoboticsBay Stargate TemplarArchive Pylon Adept VoidRay Zealot Immortal Stalker Zealot Stargate Stargate DarkShrine RoboticsFacility Nexus Pylon Stalker Probe Zealot,23.25,80069
11,20177,0,650,0.276152,650,Probe Gateway Adept Stargate Assimilator VoidRay RoboticsFacility VoidRay Immortal Zealot Adept Immortal TwilightCouncil Pylon Zealot Probe VoidRay FleetBeacon Pylon Probe Gateway RoboticsBay Tempest Stalker Assimilator TemplarArchive RoboticsFacility Nexus Gateway Probe Pylon,30,88276
23,84523,0,2688,1.16591,2688,Probe Pylon RoboticsFacility Adept Zealot Nexus Probe Immortal Immortal Gateway Probe Stalker Stargate VoidRay Stalker Pylon Immortal Zealot VoidRay Stargate Adept Pylon VoidRay RoboticsFacility RoboticsBay RoboticsFacility Gateway Immortal Nexus Zealot Adept Immortal Pylon Assimilator Adept Pylon Assimilator Probe,32.25,90739.2
23,96860,0,3067,1.34036,3067,Probe Zealot Gateway Stargate RoboticsFacility Zealot Pylon Stalker Adept Stalker Adept Immortal Pylon VoidRay Probe Stalker RoboticsBay Assimilator TwilightCouncil VoidRay Adept TemplarArchive FleetBeacon Pylon Adept Adept Colossus RoboticsFacility DarkShrine Adept Immortal Pylon Stalker RoboticsFacility Zealot Gateway Assimilator,31.5,92797.2
37,162349,0,5108,2.36586,5108,Probe Zealot Gateway Stalker Pylon RoboticsFacility RoboticsFacility Stalker Immortal RoboticsBay Probe Adept Probe Colossus Pylon Adept Adept Immortal Assimilator Colossus Probe Nexus Nexus Stalker TwilightCouncil Pylon Zealot Stalker Gateway Stalker RoboticsFacility Gateway Zealot Nexus Adept Pylon Probe,33,93400.5
67,257793,0,8131,4.07634,8131,Probe Zealot Gateway Stalker TwilightCouncil Probe Pylon Pylon Stargate Stalker Stalker Assimilator Adept VoidRay Probe Stalker VoidRay Stalker Stalker Pylon RoboticsFacility VoidRay VoidRay Nexus RoboticsFacility Adept TemplarArchive Stargate RoboticsBay Immortal Immortal DarkShrine Zealot Gateway Stargate,33.75,97021.5
177,680179,0,22240,11.953,22240,Probe Zealot Gateway Stalker TwilightCouncil Probe Pylon Pylon Stargate Stalker Stalker VoidRay Pylon Zealot Zealot Gateway Stalker Gateway Adept Zealot VoidRay Stalker Stalker TemplarArchive Nexus Pylon VoidRay Pylon DarkShrine Adept Zealot Gateway Zealot Probe Stalker Adept DarkTemplar RoboticsFacility Adept VoidRay Adept Adept Probe Pylon Probe,34,101142
194,766907,0,25481,13.3679,25481,Probe Zealot Gateway Stalker TwilightCouncil Probe Pylon Pylon Stargate Stalker Stalker VoidRay RoboticsFacility Stalker Assimilator Zealot Zealot Probe Adept VoidRay Pylon RoboticsBay Pylon VoidRay Immortal Immortal RoboticsFacility Adept Assimilator Stalker Probe TemplarArchive Stalker Colossus DarkShrine Pylon Gateway Adept Zealot,35.5,101162
194,768423,0,25539,13.3934,25539,Probe Zealot Gateway Stalker TwilightCouncil Probe Pylon Pylon Stargate Stalker Stalker VoidRay Stalker Adept Probe Gateway Gateway Stalker Pylon Adept Adept Adept Stalker Assimilator DarkShrine Assimilator Adept VoidRay Pylon Adept VoidRay Adept Nexus VoidRay RoboticsFacility TemplarArchive RoboticsFacility Gateway,36.25,102706
208,817680,0,27453,14.2191,27453,Probe Zealot Gateway Stalker TwilightCouncil Probe Pylon Pylon Stargate Stalker Stalker VoidRay Stalker Zealot Stalker VoidRay Zealot Gateway Probe Zealot Pylon Assimilator Adept Adept Zealot DarkShrine Stalker Gateway VoidRay FleetBeacon Adept Pylon VoidRay Assimilator Tempest Pylon Probe TemplarArchive Probe Probe Stargate Stargate,35.25,104884
222,883090,0,30069,15.3373,30069,Probe Zealot Gateway Stalker TwilightCouncil Probe Pylon Pylon Stargate Stalker Stalker VoidRay Stalker Zealot Stalker DarkShrine Zealot Pylon VoidRay Zealot Nexus Adept VoidRay Probe Stalker Pylon Assimilator DarkTemplar Stalker Assimilator Probe FleetBeacon DarkTemplar Adept TemplarArchive Stargate VoidRay RoboticsFacility Zealot Adept,35.75,104892
236,927156,0,31866,16.0476,31866,Probe Zealot Gateway Stalker TwilightCouncil Probe Pylon Pylon Stargate Stalker Stalker VoidRay Stalker Zealot Stalker Stalker Adept VoidRay Assimilator Zealot Stalker Pylon Assimilator Zealot Stargate VoidRay Stargate Adept Stalker VoidRay RoboticsFacility Stargate TemplarArchive RoboticsFacility FleetBeacon RoboticsBay Pylon,36.5,108339
250,974132,0,33841,16.8038,33841,Probe Zealot Gateway Stalker TwilightCouncil Probe Pylon Pylon Stargate Stalker Stalker VoidRay Stalker Zealot Stalker Stalker VoidRay Pylon Zealot Nexus Stalker Assimilator Stalker VoidRay Stargate Stalker Stalker DarkShrine Assimilator Stalker TemplarArchive FleetBeacon Stalker Adept Carrier,37.25,110380
274,1029000,0,36255,17.6855,36255,Probe Zealot Gateway Stalker TwilightCouncil Probe Pylon Pylon Stargate Stalker Stalker VoidRay Stalker Zealot Stalker Stalker VoidRay Pylon RoboticsFacility Nexus Adept VoidRay Zealot Stalker Zealot Stalker VoidRay Zealot Zealot Gateway Stalker Assimilator Immortal Stargate DarkShrine Gateway Probe Gateway Stalker Zealot Pylon,42.75,110881
278,1045100,0,36985,17.8649,36985,Probe Zealot Gateway Stalker TwilightCouncil Probe Pylon Pylon Stargate Stalker Stalker VoidRay Stalker Zealot Stalker Stalker VoidRay Pylon Gateway RoboticsFacility Stalker Adept VoidRay Adept Immortal VoidRay Assimilator DarkShrine Gateway Stalker Pylon Adept RoboticsFacility Zealot Immortal Assimilator RoboticsFacility Probe Pylon RoboticsBay Pylon,40.5,111640
278,1054216,0,37395,17.9966,37395,Probe Zealot Gateway Stalker TwilightCouncil Probe Pylon Pylon Stargate Stalker Stalker VoidRay Stalker Zealot Stalker Stalker VoidRay Pylon Assimilator Adept Pylon VoidRay Stalker Assimilator Zealot Probe Stalker Pylon Stalker VoidRay Pylon Adept Stalker Adept Gateway VoidRay TemplarArchive Stargate Stalker Probe,40.25,112250
292,1089952,0,39206,18.4264,39206,Probe Zealot Gateway Stalker TwilightCouncil Probe Pylon Pylon Stargate Stalker Stalker VoidRay Stalker Zealot Stalker Stalker VoidRay Pylon Assimilator Stalker Stargate Stalker Stalker VoidRay Adept Pylon VoidRay VoidRay RoboticsFacility TemplarArchive FleetBeacon Nexus Gateway Assimilator Pylon Gateway,39,113749
306,1129868,0,41394,19.1051,41394,Probe Zealot Gateway Stalker TwilightCouncil Probe Pylon Pylon Stargate Stalker Stalker VoidRay Stalker Zealot Stalker Stalker VoidRay Pylon Assimilator Stalker Stalker VoidRay Stalker Zealot VoidRay Adept Stalker TemplarArchive Nexus FleetBeacon Gateway Stargate Stargate Nexus Probe,37.75,113921
306,1142834,0,42113,19.3626,42113,Probe Zealot Gateway Stalker TwilightCouncil Probe Pylon Pylon Stargate Stalker Stalker VoidRay Stalker Zealot Stalker Stalker VoidRay Pylon Assimilator Stalker Stalker VoidRay Pylon Stalker Stalker RoboticsFacility Pylon Pylon Probe VoidRay DarkShrine Stalker Pylon TemplarArchive Immortal Assimilator DarkTemplar Gateway RoboticsBay Stargate,41,113959
320,1153284,0,42711,19.5448,42711,Probe Zealot Gateway Stalker TwilightCouncil Probe Pylon Pylon Stargate Stalker Stalker VoidRay Stalker Zealot Stalker Stalker VoidRay Pylon Assimilator Stalker Stalker Zealot Probe VoidRay Probe TemplarArchive Pylon Adept Stalker Stalker Zealot VoidRay Gateway Probe Stargate Stalker Stargate Adept Gateway Assimilator Gateway Pylon Gateway Stargate,41.75,114459
320,1153424,0,42719,19.5459,42719,Probe Zealot Gateway Stalker TwilightCouncil Probe Pylon Pylon Stargate Stalker Stalker VoidRay Stalker Zealot Stalker Stalker VoidRay Pylon Assimilator Stalker Stalker Stalker VoidRay Assimilator Stalker Adept Zealot Stargate RoboticsFacility Probe VoidRay Pylon Zealot TemplarArchive Immortal Adept DarkShrine RoboticsBay,38.75,114912
320,1159529,0,43071,19.5904,43071,Probe Zealot Gateway Stalker TwilightCouncil Probe Pylon Pylon Stargate Stalker Stalker VoidRay Stalker Zealot Stalker Stalker VoidRay Pylon Assimilator Stalker Stalker Stalker Stalker Pylon VoidRay Probe Adept Adept Gateway VoidRay Gateway Assimilator Stalker Zealot Probe Zealot Pylon Adept Pylon Probe Nexus Zealot,41.75,117263
320,1163354,0,43294,19.6186,43294,Probe Zealot Gateway Stalker TwilightCouncil Probe Pylon Pylon Stargate Stalker Stalker VoidRay Stalker Zealot Stalker Stalker VoidRay Pylon Assimilator Stalker Stalker Stargate Stalker VoidRay Zealot VoidRay Adept Pylon Zealot VoidRay Gateway Stalker Assimilator Gateway FleetBeacon Stalker Gateway Probe,42.75,118484
390,1308429,0,52907,21.8847,52907,Probe Zealot Gateway Stalker TwilightCouncil Probe Pylon Pylon Stargate Stalker Stalker VoidRay Stalker Zealot Stalker Stalker VoidRay Pylon Assimilator Stalker Stalker Stargate Stalker VoidRay Zealot VoidRay Assimilator Zealot Pylon Stalker VoidRay TemplarArchive Adept Zealot Probe Nexus Stargate,43.75,118529
390,1313335,0,53303,21.9639,53303,Probe Zealot Gateway Stalker TwilightCouncil Probe Pylon Pylon Stargate Stalker Stalker VoidRay Stalker Zealot Stalker Stalker VoidRay Pylon Assimilator Stalker Stalker Stargate Stalker VoidRay Zealot VoidRay Adept Pylon Stalker Probe VoidRay Probe Assimilator Adept Probe FleetBeacon Gateway Stargate Pylon Gateway Pylon,43,118994
390,1314199,0,53371,21.9741,53371,Probe Zealot Gateway Stalker TwilightCouncil Probe Pylon Pylon Stargate Stalker Stalker VoidRay Stalker Zealot Stalker Stalker VoidRay Pylon Assimilator Stalker Stalker Stargate Stalker VoidRay Zealot VoidRay Pylon Zealot Stalker VoidRay Adept Stalker DarkShrine Assimilator Nexus Pylon Pylon Probe,44.5,120265
418,1367102,0,57830,22.8439,57830,Probe Zealot Gateway Stalker TwilightCouncil Probe Pylon Pylon Stargate Stalker Stalker VoidRay Stalker Zealot Stalker Stalker VoidRay Pylon Assimilator Stalker Stalker Stargate Stalker VoidRay Zealot VoidRay Pylon Zealot Stalker VoidRay Stalker Adept RoboticsFacility Pylon Nexus Stargate Zealot Stalker,44.5,120321
432,1373915,0,58456,22.9585,58456,Probe Zealot Gateway Stalker TwilightCouncil Probe Pylon Pylon Stargate Stalker Stalker VoidRay Stalker Zealot Stalker Stalker VoidRay Pylon Assimilator Stalker Stalker Stargate Stalker VoidRay Zealot VoidRay Pylon Zealot Stalker VoidRay Stalker Stalker Gateway Nexus Gateway RoboticsFacility DarkShrine,45,120697
432,1383023,0,59306,23.1081,59306,Probe Zealot Gateway Stalker TwilightCouncil Probe Pylon Pylon Stargate Stalker Stalker VoidRay Stalker Zealot Stalker Stalker VoidRay Pylon Assimilator Stalker Stalker Stargate Stalker VoidRay Zealot VoidRay Pylon Zealot Stalker VoidRay Stalker Stalker Probe Assimilator RoboticsFacility Nexus DarkShrine Pylon,45,120697
432,1391349,0,60097,23.242,60097,Probe Zealot Gateway Stalker TwilightCouncil Probe Pylon Pylon Stargate Stalker Stalker VoidRay Stalker Zealot Stalker Stalker VoidRay Pylon Assimilator Stalker Stalker Stargate Stalker VoidRay Zealot VoidRay Pylon Zealot Stalker VoidRay Stalker Stalker DarkShrine Stargate Pylon RoboticsFacility Adept Adept Probe Stargate Probe,45,120697
446,1399510,0,60977,23.3737,60977,Probe Zealot Gateway Stalker TwilightCouncil Probe Pylon Pylon Stargate Stalker Stalker VoidRay Stalker Zealot Stalker Stalker VoidRay Pylon Assimilator Stalker Stalker Stargate Stalker VoidRay Zealot VoidRay Pylon Zealot Stalker VoidRay Stalker Stalker Pylon DarkShrine Stalker VoidRay Stalker Assimilator Stargate,46.75,121033
459,1415608,0,62771,23.6283,62771,Probe Zealot Gateway Stalker TwilightCouncil Probe Pylon Pylon Stargate Stalker Stalker VoidRay Stalker Zealot Stalker Stalker VoidRay Pylon Assimilator Stalker Stalker Stargate Stalker VoidRay Zealot VoidRay Pylon Zealot Stalker VoidRay Stalker Stalker Pylon Adept TemplarArchive Zealot Assimilator Stalker Stargate Stalker,47.25,121082
459,1419734,0,63255,23.6902,63255,Probe Zealot Gateway Stalker TwilightCouncil Probe Pylon Pylon Stargate Stalker Stalker VoidRay Stalker Zealot Stalker Stalker VoidRay Pylon Assimilator Stalker Stalker Stargate Stalker VoidRay Zealot VoidRay Pylon Zealot Stalker VoidRay Stalker Stalker Pylon Pylon Adept Zealot Probe Nexus Zealot Probe,47.25,121082
459,1420801,0,63379,23.7076,63379,Probe Zealot Gateway Stalker TwilightCouncil Probe Pylon Pylon Stargate Stalker Stalker VoidRay Stalker Zealot Stalker Stalker VoidRay Pylon Assimilator Stalker Stalker Stargate Stalker VoidRay Zealot VoidRay Pylon Zealot Stalker VoidRay Stalker Stalker Pylon Stalker Gateway Zealot FleetBeacon Gateway Probe,47.75,121175
469,1436562,0,65402,23.867,65402,Probe Zealot Gateway Stalker TwilightCouncil Probe Pylon Pylon Stargate Stalker Stalker VoidRay Stalker Zealot Stalker Stalker VoidRay Pylon Assimilator Stalker Stalker Stargate Stalker VoidRay Zealot VoidRay Pylon Zealot Stalker VoidRay Stalker Stalker Pylon Stalker Zealot Stargate Nexus Assimilator Probe,47.75,121178
469,1441425,0,66050,23.9398,66050,Probe Zealot Gateway Stalker TwilightCouncil Probe Pylon Pylon Stargate Stalker Stalker VoidRay Stalker Zealot Stalker Stalker VoidRay Pylon Assimilator Stalker Stalker Stargate Stalker VoidRay Zealot VoidRay Pylon Zealot Stalker VoidRay Stalker Stalker Pylon Stalker Assimilator Probe Zealot TemplarArchive Gateway Zealot Zealot,47.75,121178
483,1442992,0,66261,23.9655,66261,Probe Zealot Gateway Stalker TwilightCouncil Probe Pylon Pylon Stargate Stalker Stalker VoidRay Stalker Zealot Stalker Stalker VoidRay Pylon Assimilator Stalker Stalker Stargate Stalker VoidRay Zealot VoidRay Pylon Zealot Stalker VoidRay Stalker Stalker Pylon Stalker Probe Zealot FleetBeacon Probe Gateway Stalker,47.75,121178
497,1467896,0,69862,24.4269,69862,Probe Zealot Gateway Stalker TwilightCouncil Probe Pylon Pylon Stargate Stalker Stalker VoidRay Stalker Zealot Stalker Stalker VoidRay Pylon Assimilator Stalker Stalker Stargate Stalker VoidRay Zealot VoidRay Pylon Zealot Stalker VoidRay Stalker Stalker Pylon Stalker Zealot Probe Stargate Probe Probe TemplarArchive DarkShrine Adept,47.75,121178
511,1481432,0,72146,24.5717,72146,Probe Zealot Gateway Stalker TwilightCouncil Probe Pylon Pylon Stargate Stalker Stalker VoidRay Stalker Zealot Stalker Stalker VoidRay Pylon Assimilator Stalker Stalker Stargate Stalker VoidRay Zealot VoidRay Pylon Zealot Stalker VoidRay Stalker Stalker Pylon Stalker Zealot Probe Pylon Probe Probe Zealot Adept VoidRay,47.75,121178
525,1489386,0,73573,24.6258,73573,Probe Zealot Gateway Stalker TwilightCouncil Probe Pylon Pylon Stargate Stalker Stalker VoidRay Stalker Zealot Stalker Stalker VoidRay Pylon Assimilator Stalker Stalker Stargate Stalker VoidRay Zealot VoidRay Pylon Zealot Stalker VoidRay Stalker Stalker Pylon Stalker Zealot Probe Probe Probe Probe DarkShrine TemplarArchive Pylon Pylon,47.75,121178
525,1492245,0,74088,24.6453,74088,Probe Zealot Gateway Stalker TwilightCouncil Probe Pylon Pylon Stargate Stalker Stalker VoidRay Stalker Zealot Stalker Stalker VoidRay Pylon Assimilator Stalker Stalker Stargate Stalker VoidRay Zealot VoidRay Pylon Zealot Stalker VoidRay Stalker Stalker Pylon Stalker Zealot Probe Probe Pylon Probe Probe Nexus,47.75,121178
538,1495194,0,74628,24.689,74628,Probe Zealot Gateway Stalker TwilightCouncil Probe Pylon Pylon Stargate Stalker Stalker VoidRay Stalker Zealot Stalker Stalker VoidRay Pylon Assimilator Stalker Stalker Stargate Stalker VoidRay Zealot VoidRay Pylon Zealot Stalker VoidRay Stalker Stalker Pylon Stalker Zealot Probe Probe Stargate Pylon Probe Probe DarkShrine Zealot,47.75,121178
538,1496001,0,74776,24.6994,74776,Probe Zealot Gateway Stalker TwilightCouncil Probe Pylon Pylon Stargate Stalker Stalker VoidRay Stalker Zealot Stalker Stalker VoidRay Pylon Assimilator Stalker Stalker Stargate Stalker VoidRay Zealot VoidRay Pylon Zealot Stalker VoidRay Stalker Stalker Pylon Stalker Zealot Probe Probe Probe Probe Pylon Adept RoboticsFacility Gateway,47.75,121178
538,1501660,0,75814,24.8124,75814,Probe Zealot Gateway Stalker TwilightCouncil Probe Pylon Pylon Stargate Stalker Stalker VoidRay Stalker Zealot Stalker Stalker VoidRay Pylon Assimilator Stalker Stalker Stargate Stalker VoidRay Zealot VoidRay Pylon Zealot Stalker VoidRay Stalker Stalker Pylon Stalker Zealot Probe Probe RoboticsFacility Pylon Probe Probe Assimilator Stalker Probe,47.75,121178
538,1502904,0,76051,24.8411,76051,Probe Zealot Gateway Stalker TwilightCouncil Probe Pylon Pylon Stargate Stalker Stalker VoidRay Stalker Zealot Stalker Stalker VoidRay Pylon Assimilator Stalker Stalker Stargate Stalker VoidRay Zealot VoidRay Pylon Zealot Stalker VoidRay Stalker Stalker Pylon Stalker Zealot Probe Probe RoboticsFacility Pylon Probe Probe VoidRay,47.75,121178
