0,0,0,0,0,0, ,0,0
0,27,0,1,0.00023,1,Stargate RoboticsFacility TwilightCouncil Assimilator Gateway Immortal Stalker TemplarArchive Nexus Nexus Immortal Probe Immortal Nexus Immortal DarkShrine DarkTemplar Probe Assimilator RoboticsBay Zealot Stargate FleetBeacon RoboticsFacility Probe Probe,16.75,45146.8
0,132,0,5,0.00098,5,RoboticsFacility RoboticsBay Immortal Zealot Colossus Gateway RoboticsFacility Stalker Probe Adept Colossus Gateway Stargate Stargate FleetBeacon Gateway Pylon Stalker Tempest Assimilator Probe TwilightCouncil Assimilator Nexus Nexus Nexus Nexus RoboticsFacility,19.5,64696
0,946,0,32,0.024703,32,Assimilator Zealot Stargate RoboticsFacility Stalker RoboticsBay Stalker Nexus FleetBeacon Immortal Zealot Gateway Tempest Stargate Zealot Stalker VoidRay Immortal Immortal Adept TwilightCouncil Pylon RoboticsFacility Tempest Assimilator Probe,29,65672.8
0,1248,0,42,0.026763,42,RoboticsFacility Stalker Immortal Probe Probe Zealot Assimilator Stargate Zealot Assimilator RoboticsBay VoidRay Stalker Zealot Gateway Pylon Colossus FleetBeacon Zealot Gateway TwilightCouncil Adept Gateway Gateway DarkShrine TemplarArchive Pylon VoidRay Pylon Stargate Probe,21.5,78150
0,1815,0,61,0.048761,61,Stargate Zealot TwilightCouncil Adept VoidRay Assimilator Stargate Stalker Pylon Probe Pylon Adept Adept RoboticsFacility VoidRay Immortal VoidRay Probe VoidRay Assimilator VoidRay Stalker RoboticsFacility FleetBeacon Gateway Nexus RoboticsBay Gateway Probe,32,81414
0,3919,0,131,0.081643,131,TwilightCouncil RoboticsFacility Stalker Assimilator Probe Stargate Immortal Adept Gateway Adept Pylon RoboticsFacility Stalker Immortal Adept Zealot DarkShrine Immortal VoidRay Zealot Gateway RoboticsBay RoboticsFacility Gateway Assimilator TemplarArchive Stargate Nexus RoboticsFacility,24.5,82373.5
0,7659,0,248,0.162291,248,Stargate Stalker Gateway Pylon Gateway Zealot Zealot Gateway VoidRay Adept Stalker Pylon Probe Probe VoidRay Stalker Zealot VoidRay TwilightCouncil Zealot Nexus Stargate Stalker Stalker DarkShrine RoboticsFacility TemplarArchive Probe DarkTemplar Adept Zealot Pylon Gateway RoboticsFacility RoboticsFacility Nexus Probe Pylon Pylon Gateway,28.25,93869.5
25,98385,0,3216,1.66258,3216,Stargate Stalker VoidRay Probe Pylon Probe Assimilator Stalker Probe Adept VoidRay Stargate Assimilator Stalker Stalker Gateway Nexus VoidRay Stalker Stalker Zealot VoidRay Adept TwilightCouncil DarkShrine Stalker FleetBeacon RoboticsFacility Tempest Probe TemplarArchive Probe,31.75,95632.8
49,172853,0,5793,2.80434,5793,Stargate Stalker RoboticsFacility VoidRay Gateway Immortal Adept Pylon VoidRay Adept Nexus Pylon Zealot Zealot Adept Adept Immortal Stalker Zealot Nexus Adept Stalker RoboticsFacility Immortal Assimilator Zealot Probe Pylon RoboticsBay Assimilator VoidRay RoboticsFacility Probe,34.75,102080
94,298872,0,10456,4.86799,10456,Stargate Stalker RoboticsFacility VoidRay Gateway Zealot Pylon VoidRay Zealot Immortal Immortal Stalker Assimilator VoidRay Stargate Pylon Pylon VoidRay FleetBeacon Stalker Pylon VoidRay Zealot Carrier VoidRay Stalker RoboticsBay Assimilator,35.75,103889
94,310822,0,10920,5.05084,10920,Stargate Stalker RoboticsFacility VoidRay Gateway Zealot Pylon Probe Gateway Immortal VoidRay Pylon Zealot Probe Probe Zealot Probe Zealot Stalker Assimilator Stalker RoboticsBay Stalker VoidRay Pylon Stalker Probe Probe VoidRay Assimilator Stargate Adept TwilightCouncil Gateway Gateway FleetBeacon Nexus TemplarArchive Probe Pylon,33.75,107514
171,511731,0,18831,8.34149,18831,Stargate Stalker RoboticsFacility VoidRay Gateway Zealot Pylon Probe Gateway Stalker Pylon VoidRay Immortal Stalker Immortal Adept VoidRay Gateway Adept TwilightCouncil Stalker Gateway Assimilator Adept Stargate Zealot Gateway Pylon Immortal Assimilator Immortal RoboticsBay Gateway Pylon,36,108566
234,700574,0,26797,11.5751,26797,Stargate Stalker RoboticsFacility VoidRay Gateway Zealot Pylon Probe Gateway Stalker Pylon VoidRay Immortal Nexus Immortal VoidRay Immortal Adept Stalker VoidRay Adept Stargate Zealot Pylon Assimilator Immortal RoboticsBay Adept Zealot Immortal Gateway Assimilator,43,110031
234,716718,0,27557,11.8489,27557,Stargate Stalker RoboticsFacility VoidRay Gateway Zealot Pylon Probe Gateway Stalker Pylon VoidRay Immortal Zealot Pylon Immortal VoidRay Adept Stalker Immortal Probe Nexus Zealot Immortal Immortal Gateway Zealot Nexus Gateway Gateway Assimilator Probe Stargate,37.5,111689
236,730294,0,28196,12.0853,28196,Stargate Stalker RoboticsFacility VoidRay Gateway Zealot Pylon Probe Gateway Stalker Pylon VoidRay Immortal Zealot Immortal Adept Stalker Probe Probe VoidRay Gateway Immortal Pylon Adept Pylon TwilightCouncil Adept Immortal Stalker Assimilator Adept RoboticsFacility TemplarArchive Gateway Zealot Stargate Adept Pylon Gateway Assimilator,42,116198
279,823694,0,32908,13.7526,32908,Stargate Stalker RoboticsFacility VoidRay Gateway Zealot Pylon Probe Gateway Stalker Pylon VoidRay Immortal Zealot Immortal Adept VoidRay Gateway Adept Stalker Immortal Pylon VoidRay Immortal Pylon VoidRay TwilightCouncil Assimilator RoboticsFacility Stalker Assimilator RoboticsFacility Zealot Gateway Pylon,44.75,118332
339,955801,0,40684,15.9722,40684,Stargate Stalker RoboticsFacility VoidRay Gateway Zealot Pylon Probe Gateway Stalker Pylon VoidRay Immortal Zealot Immortal Adept VoidRay Gateway Adept Stalker Stalker Stalker Pylon Assimilator VoidRay Zealot Pylon Zealot Zealot Zealot Pylon Assimilator RoboticsFacility RoboticsFacility Stalker RoboticsBay Pylon,40.75,118585
352,980075,0,42275,16.3768,42275,Stargate Stalker RoboticsFacility VoidRay Gateway Zealot Pylon Probe Gateway Stalker Pylon VoidRay Immortal Zealot Immortal Adept VoidRay Gateway Adept Stalker Stalker Pylon Stalker Immortal Adept Probe Pylon Stalker Nexus Adept TwilightCouncil DarkShrine RoboticsBay Immortal Pylon Assimilator Probe,40.75,118628
352,996945,0,43411,16.6565,43411,Stargate Stalker RoboticsFacility VoidRay Gateway Zealot Pylon Probe Gateway Stalker Pylon VoidRay Immortal Zealot Immortal Adept VoidRay Gateway Adept Stalker Stalker Pylon Stalker Zealot Stalker Pylon VoidRay Stalker RoboticsBay FleetBeacon TwilightCouncil Adept Gateway Pylon Zealot Zealot Gateway,41.25,119568
366,1009897,0,44296,16.8769,44296,Stargate Stalker RoboticsFacility VoidRay Gateway Zealot Pylon Probe Gateway Stalker Pylon VoidRay Immortal Zealot Immortal Adept VoidRay Gateway Adept Stalker Stalker Pylon Adept VoidRay Adept Pylon Stalker Immortal Stalker FleetBeacon Stargate Pylon Adept Gateway Pylon Assimilator Pylon,44.75,121749
382,1061058,0,47945,17.7548,47945,Stargate Stalker RoboticsFacility VoidRay Gateway Zealot Pylon Probe Gateway Stalker Pylon VoidRay Immortal Zealot Immortal Adept VoidRay Gateway Adept Stalker Stalker Pylon Adept VoidRay Stalker Pylon Adept Zealot Stalker Immortal Assimilator Assimilator Stargate RoboticsFacility RoboticsFacility Pylon Pylon,45.75,122092
410,1091602,0,50431,18.2654,50431,Stargate Stalker RoboticsFacility VoidRay Gateway Zealot Pylon Probe Gateway Stalker Pylon VoidRay Immortal Zealot Immortal Adept VoidRay Gateway Adept Stalker Stalker Pylon Adept VoidRay Stalker Stalker Pylon Immortal Assimilator Adept Adept Stargate RoboticsBay Stargate Pylon Pylon Assimilator,46,122259
410,1093538,0,50598,18.2999,50598,Stargate Stalker RoboticsFacility VoidRay Gateway Zealot Pylon Probe Gateway Stalker Pylon VoidRay Immortal Zealot Immortal Adept VoidRay Gateway Adept Stalker Stalker Pylon Adept VoidRay Stalker Adept Pylon Stalker Stalker Immortal Nexus RoboticsFacility Gateway Pylon TwilightCouncil,46.5,122351
410,1097566,0,50940,18.3633,50940,Stargate Stalker RoboticsFacility VoidRay Gateway Zealot Pylon Probe Gateway Stalker Pylon VoidRay Immortal Zealot Immortal Adept VoidRay Gateway Adept Stalker Stalker Pylon Adept VoidRay Stalker Stalker Pylon Immortal Stalker RoboticsFacility Adept FleetBeacon Nexus Pylon,46.5,122356
410,1100980,0,51234,18.4232,51234,Stargate Stalker RoboticsFacility VoidRay Gateway Zealot Pylon Probe Gateway Stalker Pylon VoidRay Immortal Zealot Immortal Adept VoidRay Gateway Adept Stalker Stalker Pylon Adept VoidRay Stalker Stalker Pylon Stalker Stalker Adept Nexus RoboticsFacility RoboticsFacility Pylon Stalker RoboticsFacility,44.5,122404
419,1122197,0,53197,18.7926,53197,Stargate Stalker RoboticsFacility VoidRay Gateway Zealot Pylon Probe Gateway Stalker Pylon VoidRay Immortal Zealot Immortal Adept VoidRay Gateway Adept Stalker Stalker Pylon Adept VoidRay Stalker Stalker Pylon Immortal Adept Stalker Gateway Pylon Pylon Gateway Immortal TwilightCouncil,46.5,122730
419,1123950,0,53370,18.8208,53370,Stargate Stalker RoboticsFacility VoidRay Gateway Zealot Pylon Probe Gateway Stalker Pylon VoidRay Immortal Zealot Immortal Adept VoidRay Gateway Adept Stalker Stalker Pylon Adept VoidRay Stalker Stalker Pylon Immortal Stalker Adept FleetBeacon TwilightCouncil Pylon Pylon Pylon Gateway,46.5,122755
434,1133811,0,54314,18.9878,54314,Stargate Stalker RoboticsFacility VoidRay Gateway Zealot Pylon Probe Gateway Stalker Pylon VoidRay Immortal Zealot Immortal Adept VoidRay Gateway Adept Stalker Stalker Pylon Adept VoidRay Stalker Stalker Pylon Immortal Stalker Adept RoboticsFacility RoboticsBay Pylon Nexus Gateway,46.5,122755
434,1134726,0,54401,19.0038,54401,Stargate Stalker RoboticsFacility VoidRay Gateway Zealot Pylon Probe Gateway Stalker Pylon VoidRay Immortal Zealot Immortal Adept VoidRay Gateway Adept Stalker Stalker Pylon Adept VoidRay Stalker Stalker Pylon Immortal Stalker Stalker RoboticsBay RoboticsFacility Gateway Pylon Gateway Assimilator Pylon,47,122955
434,1139675,0,54868,19.0896,54868,Stargate Stalker RoboticsFacility VoidRay Gateway Zealot Pylon Probe Gateway Stalker Pylon VoidRay Immortal Zealot Immortal Adept VoidRay Gateway Adept Stalker Stalker Pylon Adept VoidRay Stalker Stalker Pylon Adept Adept Stalker Stalker FleetBeacon RoboticsFacility Pylon Pylon Assimilator Assimilator Pylon Pylon,45.75,123034
434,1148831,0,55734,19.2417,55734,Stargate Stalker RoboticsFacility VoidRay Gateway Zealot Pylon Probe Gateway Stalker Pylon VoidRay Immortal Zealot Immortal Adept VoidRay Gateway Adept Stalker Stalker Pylon Adept VoidRay Stalker Stalker Pylon Stalker Adept Adept Stalker TwilightCouncil Pylon Adept DarkShrine Gateway Probe Probe Assimilator Adept Assimilator,45.75,123044
443,1154736,0,56311,19.3458,56311,Stargate Stalker RoboticsFacility VoidRay Gateway Zealot Pylon Probe Gateway Stalker Pylon VoidRay Immortal Zealot Immortal Adept VoidRay Gateway Adept Stalker Stalker Pylon Adept VoidRay Stalker Stalker Pylon Stalker Adept Adept Stalker Pylon RoboticsFacility Assimilator FleetBeacon Zealot Zealot Zealot,45.75,123044
449,1155023,0,56341,19.3481,56341,Stargate Stalker RoboticsFacility VoidRay Gateway Zealot Pylon Probe Gateway Stalker Pylon VoidRay Immortal Zealot Immortal Adept VoidRay Gateway Adept Stalker Stalker Pylon Adept VoidRay Stalker Stalker Pylon Stalker Stalker Assimilator Stalker Stalker FleetBeacon RoboticsFacility Pylon Gateway,46.75,123334
449,1156924,0,56533,19.3826,56533,Stargate Stalker RoboticsFacility VoidRay Gateway Zealot Pylon Probe Gateway Stalker Pylon VoidRay Immortal Zealot Immortal Adept VoidRay Gateway Adept Stalker Stalker Pylon Adept VoidRay Stalker Stalker Pylon Stalker Stalker Adept Stalker Nexus Assimilator Gateway RoboticsFacility Assimilator Pylon,46.25,123404
449,1157049,0,56546,19.3836,56546,Stargate Stalker RoboticsFacility VoidRay Gateway Zealot Pylon Probe Gateway Stalker Pylon VoidRay Immortal Zealot Immortal Adept VoidRay Gateway Adept Stalker Stalker Pylon Adept VoidRay Stalker Stalker Pylon Stalker Stalker Stalker Adept Pylon Probe Stargate VoidRay Zealot Pylon Probe Gateway,46.25,123405
449,1162944,0,57147,19.4834,57147,Stargate Stalker RoboticsFacility VoidRay Gateway Zealot Pylon Probe Gateway Stalker Pylon VoidRay Immortal Zealot Immortal Adept VoidRay Gateway Adept Stalker Stalker Pylon Adept VoidRay Stalker Stalker Pylon Stalker Stalker Stalker Stalker RoboticsFacility RoboticsFacility Gateway TwilightCouncil Pylon Gateway Assimilator,46.75,123570
449,1172226,0,58102,19.6399,58102,Stargate Stalker RoboticsFacility VoidRay Gateway Zealot Pylon Probe Gateway Stalker Pylon VoidRay Immortal Zealot Immortal Adept VoidRay Gateway Adept Stalker Stalker Pylon Adept VoidRay Stalker Stalker Pylon Stalker Stalker Stalker Stalker Stargate Assimilator Nexus Stargate Gateway,46.75,123570
464,1175886,0,58507,19.6885,58507,Stargate Stalker RoboticsFacility VoidRay Gateway Zealot Pylon Probe Gateway Stalker Pylon VoidRay Immortal Zealot Immortal Adept VoidRay Gateway Adept Stalker Stalker Pylon Adept VoidRay Stalker Stalker Pylon Stalker Stalker Stalker Stalker Gateway FleetBeacon Assimilator Nexus,46.75,123570
464,1177545,0,58691,19.7116,58691,Stargate Stalker RoboticsFacility VoidRay Gateway Zealot Pylon Probe Gateway Stalker Pylon VoidRay Immortal Zealot Immortal Adept VoidRay Gateway Adept Stalker Stalker Pylon Adept VoidRay Stalker Stalker Pylon Stalker Stalker Stalker Stalker Pylon Zealot FleetBeacon Nexus Probe,47.75,123651
464,1190003,0,60077,19.8598,60077,Stargate Stalker RoboticsFacility VoidRay Gateway Zealot Pylon Probe Gateway Stalker Pylon VoidRay Immortal Zealot Immortal Adept VoidRay Gateway Adept Stalker Stalker Pylon Adept VoidRay Stalker Stalker Pylon Stalker Stalker Stalker Pylon Stalker Stalker Adept Stargate Probe Nexus,49.75,123738
477,1194827,0,60660,19.9362,60660,Stargate Stalker RoboticsFacility VoidRay Gateway Zealot Pylon Probe Gateway Stalker Pylon VoidRay Immortal Zealot Immortal Adept VoidRay Gateway Adept Stalker Stalker Pylon Adept VoidRay Stalker Stalker Pylon Stalker Stalker Stalker Pylon Stalker Stalker Zealot TwilightCouncil VoidRay Assimilator Pylon,49.5,123775
492,1211920,0,62746,20.2238,62746,Stargate Stalker RoboticsFacility VoidRay Gateway Zealot Pylon Probe Gateway Stalker Pylon VoidRay Immortal Zealot Immortal Adept VoidRay Gateway Adept Stalker Stalker Pylon Adept VoidRay Stalker Stalker Pylon Stalker Stalker Stalker Pylon Stalker Adept Zealot Zealot FleetBeacon Gateway Probe Probe,50,123802
507,1225141,0,64452,20.4383,64452,Stargate Stalker RoboticsFacility VoidRay Gateway Zealot Pylon Probe Gateway Stalker Pylon VoidRay Immortal Zealot Immortal Adept VoidRay Gateway Adept Stalker Stalker Pylon Adept VoidRay Stalker Stalker Pylon Stalker Stalker Stalker Pylon Stalker Adept Zealot Zealot Stargate Nexus,50,123802
507,1227508,0,64784,20.4819,64784,Stargate Stalker RoboticsFacility VoidRay Gateway Zealot Pylon Probe Gateway Stalker Pylon VoidRay Immortal Zealot Immortal Adept VoidRay Gateway Adept Stalker Stalker Pylon Adept VoidRay Stalker Stalker Pylon Stalker Stalker Stalker Pylon Stalker Zealot Zealot Zealot Gateway RoboticsFacility Stargate Zealot,49.75,123840
507,1236407,0,66023,20.6005,66023,Stargate Stalker RoboticsFacility VoidRay Gateway Zealot Pylon Probe Gateway Stalker Pylon VoidRay Immortal Zealot Immortal Adept VoidRay Gateway Adept Stalker Stalker Pylon Adept VoidRay Stalker Stalker Pylon Stalker Stalker Stalker Pylon Stalker Zealot Zealot Zealot FleetBeacon Zealot RoboticsFacility,49.75,123840
507,1237195,0,66144,20.6071,66144,Stargate Stalker RoboticsFacility VoidRay Gateway Zealot Pylon Probe Gateway Stalker Pylon VoidRay Immortal Zealot Immortal Adept VoidRay Gateway Adept Stalker Stalker Pylon Adept VoidRay Stalker Stalker Pylon Stalker Stalker Stalker Pylon Stalker Zealot Stalker Zealot RoboticsBay Zealot Gateway Assimilator,50.5,123844
522,1239915,0,66563,20.6283,66563,Stargate Stalker RoboticsFacility VoidRay Gateway Zealot Pylon Probe Gateway Stalker Pylon VoidRay Immortal Zealot Immortal Adept VoidRay Gateway Adept Stalker Stalker Pylon Adept VoidRay Stalker Stalker Pylon Stalker Stalker Stalker Pylon Stalker Zealot Stalker Zealot Zealot Nexus,50.5,123844
522,1242877,0,67013,20.6496,67013,Stargate Stalker RoboticsFacility VoidRay Gateway Zealot Pylon Probe Gateway Stalker Pylon VoidRay Immortal Zealot Immortal Adept VoidRay Gateway Adept Stalker Stalker Pylon Adept VoidRay Stalker Stalker Pylon Stalker Stalker Stalker Pylon Stalker Zealot Stalker Zealot Pylon Stalker Zealot RoboticsBay Probe,50.5,123844
522,1249489,0,68024,20.7494,68024,Stargate Stalker RoboticsFacility VoidRay Gateway Zealot Pylon Probe Gateway Stalker Pylon VoidRay Immortal Zealot Immortal Adept VoidRay Gateway Adept Stalker Stalker Pylon Adept VoidRay Stalker Stalker Pylon Stalker Stalker Stalker Pylon Stalker Zealot Stalker Zealot Probe Pylon Assimilator Probe Zealot Stargate,50.5,123844
537,1253510,0,68729,20.8068,68729,Stargate Stalker RoboticsFacility VoidRay Gateway Zealot Pylon Probe Gateway Stalker Pylon VoidRay Immortal Zealot Immortal Adept VoidRay Gateway Adept Stalker Stalker Pylon Adept VoidRay Stalker Stalker Pylon Stalker Stalker Stalker Pylon Stalker Zealot Stalker Zealot Probe Pylon Probe Immortal Assimilator,50.5,123844
550,1264845,0,70813,20.9681,70813,Stargate Stalker RoboticsFacility VoidRay Gateway Zealot Pylon Probe Gateway Stalker Pylon VoidRay Immortal Zealot Immortal Adept VoidRay Gateway Adept Stalker Stalker Pylon Adept VoidRay Stalker Stalker Pylon Stalker Stalker Stalker Pylon Stalker Zealot Stalker Zealot Probe Pylon Probe VoidRay Assimilator,50.5,123844
578,1280630,3,74195,21.1988,74195,Stargate Stalker RoboticsFacility VoidRay Gateway Zealot Pylon Probe Gateway Stalker Pylon VoidRay Immortal Zealot Immortal Adept VoidRay Gateway Adept Stalker Stalker Pylon Adept VoidRay Stalker Stalker Pylon Stalker Stalker Stalker Pylon Stalker Zealot Stalker Zealot Probe Pylon Probe Adept VoidRay,50.5,123844
