0,0,0,0,0,0, ,0,0
0,38,0,1,0.004353,1,Stargate TwilightCouncil Zealot Pylon Probe RoboticsFacility Nexus Zealot Stargate Gateway DarkShrine TemplarArchive Pylon FleetBeacon Gateway DarkTemplar Carrier DarkTemplar RoboticsBay RoboticsFacility Stalker Zealot Pylon Zealot Assimilator Assimilator Assimilator Nexus Nexus Pylon Pylon Pylon Probe Pylon Pylon Gateway Probe,13,19688.5
0,72,0,2,0.004575,2,Adept Probe Assimilator Zealot Adept Assimilator Nexus Zealot Probe Probe Zealot Pylon Zealot Zealot Nexus Probe Pylon Gateway Pylon TwilightCouncil Probe Nexus Assimilator RoboticsFacility Gateway Zealot Adept Immortal Stalker Stalker Adept RoboticsBay Stargate,17,36006.2
0,104,0,3,0.004839,3,RoboticsFacility Stargate Stalker Stalker Stalker FleetBeacon RoboticsFacility RoboticsBay Pylon Carrier Stargate Nexus Probe Colossus TwilightCouncil RoboticsFacility DarkShrine Immortal Gateway Nexus Assimilator Adept Gateway Gateway Assimilator Probe Gateway Assimilator Gateway Probe Nexus,16.25,38069.5
0,172,0,5,0.005317,5,Probe Adept Adept RoboticsFacility Probe Assimilator Stalker RoboticsFacility TwilightCouncil Probe Immortal TemplarArchive DarkShrine Stalker DarkTemplar RoboticsBay DarkTemplar Probe Stalker Nexus Gateway Assimilator Pylon RoboticsFacility Pylon RoboticsFacility Immortal Gateway Colossus Stargate Nexus Zealot Immortal RoboticsFacility,16.5,53643.5
0,267,0,8,0.005976,8,Gateway Adept Adept Zealot Stalker Gateway Gateway Gateway TwilightCouncil Pylon Stargate TemplarArchive VoidRay FleetBeacon DarkShrine VoidRay Stalker Tempest Adept VoidRay Stalker Assimilator RoboticsFacility Stargate Assimilator Pylon Gateway Gateway Gateway Pylon Pylon Nexus Pylon Pylon,22.25,55852.8
0,322,0,10,0.006378,10,Pylon Nexus Assimilator Stargate TwilightCouncil RoboticsFacility RoboticsFacility Immortal Assimilator Adept Stalker Immortal Adept Stargate VoidRay Immortal Immortal RoboticsFacility Adept VoidRay VoidRay Adept,24.5,56421.2
0,837,0,26,0.014009,26,Zealot Stargate Stalker Zealot VoidRay TwilightCouncil Stalker Gateway Zealot Nexus Pylon Stargate FleetBeacon Stalker Probe Assimilator Stalker Nexus RoboticsFacility Zealot Stargate Adept Immortal Stalker TemplarArchive Probe Mothership RoboticsFacility Zealot VoidRay,21.75,68666.8
0,1747,0,55,0.02028,55,Adept TwilightCouncil RoboticsFacility Zealot Pylon DarkShrine Gateway Nexus RoboticsFacility Immortal DarkTemplar Gateway Adept RoboticsFacility Zealot Stalker Gateway Probe Immortal Zealot Stalker DarkTemplar Stalker Probe Stargate RoboticsFacility Immortal Adept Gateway RoboticsBay DarkTemplar Nexus Stalker Assimilator Gateway Probe Probe,28.25,72048.8
0,1949,0,61,0.021701,61,Stalker Pylon Stargate Probe RoboticsFacility VoidRay Immortal Nexus Immortal Gateway RoboticsFacility Assimilator Adept Immortal RoboticsBay RoboticsFacility Zealot RoboticsFacility Stalker Stargate Immortal Zealot Gateway Pylon Stalker Stalker RoboticsFacility Assimilator Stalker Adept Adept Probe Pylon,29.25,84364
11,15928,0,514,0.223784,514,Zealot Stargate Adept RoboticsFacility VoidRay Stalker Nexus Immortal Adept VoidRay Assimilator Adept FleetBeacon Gateway Carrier Immortal Carrier Nexus RoboticsFacility Pylon Immortal RoboticsBay Pylon,28,92308.5
55,206184,0,6884,2.9684,6884,Zealot Stargate Adept RoboticsFacility Zealot VoidRay Immortal VoidRay Nexus Pylon Immortal Stalker Zealot FleetBeacon Adept Stalker Nexus Immortal Mothership VoidRay Immortal Adept Gateway Nexus Probe,28.25,95235.5
55,218883,0,7337,3.15328,7337,Zealot Stargate Adept Pylon Stalker Assimilator Stargate VoidRay Gateway VoidRay VoidRay TwilightCouncil VoidRay Pylon VoidRay Zealot RoboticsFacility VoidRay Immortal Probe Nexus TemplarArchive RoboticsFacility RoboticsFacility FleetBeacon Probe RoboticsBay,32.75,98896
139,468275,0,17358,6.75087,17358,Zealot Stargate Adept Pylon Stalker Assimilator Stargate VoidRay Adept VoidRay Probe Adept VoidRay Pylon Pylon VoidRay RoboticsFacility VoidRay Pylon Pylon Probe VoidRay Assimilator VoidRay Immortal FleetBeacon Stalker TwilightCouncil RoboticsBay Adept Probe,40,106204
217,663225,0,27174,9.50801,27174,Zealot Stargate Adept Pylon Stalker Assimilator Stargate VoidRay Adept VoidRay Probe Adept VoidRay Pylon VoidRay VoidRay VoidRay Pylon Probe VoidRay FleetBeacon Adept Stargate TwilightCouncil TemplarArchive DarkShrine Stalker Pylon RoboticsFacility RoboticsFacility Assimilator Pylon Probe Probe,35.75,106258
217,663434,0,27185,9.50949,27185,Zealot Stargate Adept Pylon Stalker Assimilator Stargate VoidRay Adept VoidRay Probe Adept VoidRay Pylon VoidRay TwilightCouncil VoidRay Gateway Adept VoidRay Adept DarkShrine Pylon RoboticsFacility Adept Adept Probe FleetBeacon Probe RoboticsFacility RoboticsBay Stargate Assimilator Stalker,35.5,107055
230,686260,0,28442,9.82714,28442,Zealot Stargate Adept Pylon Stalker Assimilator Stargate VoidRay Adept VoidRay Probe Adept VoidRay Pylon Stalker VoidRay VoidRay Stalker Probe FleetBeacon Adept Pylon VoidRay Tempest TwilightCouncil Stargate Nexus TemplarArchive Pylon RoboticsFacility,39.5,109105
230,687497,0,28509,9.84883,28509,Zealot Stargate Adept Pylon Stalker Assimilator Stargate VoidRay Adept VoidRay Probe Adept VoidRay Pylon VoidRay VoidRay Stalker Pylon VoidRay Gateway RoboticsFacility Stalker Assimilator VoidRay Stargate VoidRay FleetBeacon Stargate,42,110016
230,689066,0,28598,9.87303,28598,Zealot Stargate Adept Pylon Stalker Assimilator Stargate VoidRay Adept VoidRay Probe Adept VoidRay Pylon VoidRay Stargate VoidRay Stalker VoidRay Stargate Assimilator Adept Pylon VoidRay Adept Pylon Pylon Stalker Stargate FleetBeacon,40.5,110562
230,713018,0,29950,10.2121,29950,Zealot Stargate Adept Pylon Stalker Assimilator Stargate VoidRay Adept VoidRay Probe Adept VoidRay Pylon VoidRay Stalker VoidRay Stargate Probe Pylon TwilightCouncil VoidRay VoidRay VoidRay Nexus Gateway Stargate DarkShrine Pylon Probe Gateway,40.25,110784
243,735957,0,31332,10.5474,31332,Zealot Stargate Adept Pylon Stalker Assimilator Stargate VoidRay Adept VoidRay Probe Adept VoidRay Pylon VoidRay Zealot VoidRay Stargate VoidRay Pylon VoidRay VoidRay Pylon Nexus Stargate Zealot Zealot VoidRay Assimilator Probe,40.5,111402
256,771601,0,33542,11.0465,33542,Zealot Stargate Adept Pylon Stalker Assimilator Stargate VoidRay Adept VoidRay Probe Adept VoidRay Pylon VoidRay Zealot Pylon VoidRay Adept VoidRay Assimilator VoidRay Stargate TwilightCouncil Stalker Stargate Probe Probe RoboticsFacility DarkShrine Gateway Gateway,38.5,111587
269,795910,0,35111,11.4066,35111,Zealot Stargate Adept Pylon Stalker Assimilator Stargate VoidRay Adept VoidRay Probe Adept VoidRay Pylon VoidRay Zealot Pylon Gateway VoidRay VoidRay Stalker VoidRay VoidRay Nexus Stargate FleetBeacon Pylon Assimilator Pylon,41.25,112602
295,853512,0,39086,12.2444,39086,Zealot Stargate Adept Pylon Stalker Assimilator Stargate VoidRay Adept VoidRay Probe Adept VoidRay Pylon VoidRay Zealot Pylon Gateway VoidRay Stalker Zealot VoidRay Stalker VoidRay Gateway Nexus FleetBeacon Stargate Assimilator,40,112740
308,870929,0,40421,12.5037,40421,Zealot Stargate Adept Pylon Stalker Assimilator Stargate VoidRay Adept VoidRay Probe Adept VoidRay Pylon VoidRay Zealot Pylon Gateway VoidRay Stalker VoidRay Zealot VoidRay Stalker Assimilator Pylon Adept Gateway Zealot Stalker Gateway Probe Stargate,42.25,114248
321,893542,0,42239,12.8374,42239,Zealot Stargate Adept Pylon Stalker Assimilator Stargate VoidRay Adept VoidRay Probe Adept VoidRay Pylon VoidRay Zealot Pylon Gateway VoidRay Stalker VoidRay VoidRay Stalker Stalker Pylon FleetBeacon Pylon Adept Stalker Nexus,42,114544
321,893880,0,42269,12.8398,42269,Zealot Stargate Adept Pylon Stalker Assimilator Stargate VoidRay Adept VoidRay Probe Adept VoidRay Pylon VoidRay Zealot Pylon Gateway VoidRay Stalker VoidRay Stalker Adept VoidRay Gateway Pylon Stalker Zealot RoboticsFacility RoboticsFacility Stalker Pylon Gateway,43,114615
334,917216,0,44370,13.1648,44370,Zealot Stargate Adept Pylon Stalker Assimilator Stargate VoidRay Adept VoidRay Probe Adept VoidRay Pylon VoidRay Zealot Pylon Gateway VoidRay Stalker VoidRay Stalker VoidRay Assimilator Pylon Stalker Stalker TwilightCouncil Stalker VoidRay Pylon,44.25,114966
334,917235,0,44372,13.1649,44372,Zealot Stargate Adept Pylon Stalker Assimilator Stargate VoidRay Adept VoidRay Probe Adept VoidRay Pylon VoidRay Zealot Pylon Gateway VoidRay Stalker VoidRay Stalker VoidRay Stalker Pylon VoidRay FleetBeacon Nexus Assimilator,44.75,115171
346,936572,0,46237,13.4457,46237,Zealot Stargate Adept Pylon Stalker Assimilator Stargate VoidRay Adept VoidRay Probe Adept VoidRay Pylon VoidRay Zealot Pylon Gateway VoidRay Stalker VoidRay Stalker VoidRay Stalker Pylon Adept Zealot FleetBeacon Stargate TwilightCouncil Stalker Assimilator,43,115383
346,937970,0,46396,13.4681,46396,Zealot Stargate Adept Pylon Stalker Assimilator Stargate VoidRay Adept VoidRay Probe Adept VoidRay Pylon VoidRay Zealot Pylon Gateway VoidRay Stalker VoidRay Stalker VoidRay Adept Pylon VoidRay Adept Zealot Gateway TwilightCouncil Assimilator Gateway,46.5,115676
346,945047,0,47192,13.5552,47192,Zealot Stargate Adept Pylon Stalker Assimilator Stargate VoidRay Adept VoidRay Probe Adept VoidRay Pylon VoidRay Zealot Pylon Gateway VoidRay Stalker VoidRay Stalker VoidRay Stalker Pylon Stalker Stalker Probe Stargate Probe RoboticsFacility Probe Pylon RoboticsFacility Probe Pylon,44.25,115860
396,969182,0,50189,13.89,50189,Zealot Stargate Adept Pylon Stalker Assimilator Stargate VoidRay Adept VoidRay Probe Adept VoidRay Pylon VoidRay Zealot Pylon Gateway VoidRay Stalker VoidRay Stalker VoidRay Stalker Pylon VoidRay Adept Zealot RoboticsFacility Pylon Pylon Adept Stalker,47,115920
396,972713,0,50636,13.9407,50636,Zealot Stargate Adept Pylon Stalker Assimilator Stargate VoidRay Adept VoidRay Probe Adept VoidRay Pylon VoidRay Zealot Pylon Gateway VoidRay Stalker VoidRay Stalker VoidRay Stalker Pylon VoidRay Adept Stalker Gateway Assimilator Pylon Stargate,47.75,115954
396,974012,0,50797,13.9627,50797,Zealot Stargate Adept Pylon Stalker Assimilator Stargate VoidRay Adept VoidRay Probe Adept VoidRay Pylon VoidRay Zealot Pylon Gateway VoidRay Stalker VoidRay Stalker VoidRay Stalker Pylon VoidRay Adept Stalker RoboticsFacility Nexus,47.75,115954
396,979245,0,51456,14.0385,51456,Zealot Stargate Adept Pylon Stalker Assimilator Stargate VoidRay Adept VoidRay Probe Adept VoidRay Pylon VoidRay Zealot Pylon Gateway VoidRay Stalker VoidRay Stalker VoidRay Stalker Pylon VoidRay Adept Stalker Pylon Stargate Assimilator Stalker Probe Probe,47.75,115954
396,979352,0,51469,14.0392,51469,Zealot Stargate Adept Pylon Stalker Assimilator Stargate VoidRay Adept VoidRay Probe Adept VoidRay Pylon VoidRay Zealot Pylon Gateway VoidRay Stalker VoidRay Stalker VoidRay Stalker Pylon VoidRay Stalker Zealot Gateway TwilightCouncil Stargate Pylon,47.5,116001
396,983959,0,52061,14.0976,52061,Zealot Stargate Adept Pylon Stalker Assimilator Stargate VoidRay Adept VoidRay Probe Adept VoidRay Pylon VoidRay Zealot Pylon Gateway VoidRay Stalker VoidRay Stalker VoidRay Stalker Pylon VoidRay Stalker Stalker Pylon Pylon Probe Stargate Stalker,48.25,116007
409,997172,0,54125,14.2785,54125,Zealot Stargate Adept Pylon Stalker Assimilator Stargate VoidRay Adept VoidRay Probe Adept VoidRay Pylon VoidRay Zealot Pylon Gateway VoidRay Stalker VoidRay Stalker VoidRay Stalker Pylon VoidRay Stalker Stalker TwilightCouncil Pylon VoidRay,48.25,116007
421,997915,0,54257,14.2971,54257,Zealot Stargate Adept Pylon Stalker Assimilator Stargate VoidRay Adept VoidRay Probe Adept VoidRay Pylon VoidRay Zealot Pylon Gateway VoidRay Stalker VoidRay Stalker VoidRay Stalker Pylon VoidRay Stalker Stalker Pylon Adept VoidRay Probe,48.25,116007
429,1009533,0,56403,14.4382,56403,Zealot Stargate Adept Pylon Stalker Assimilator Stargate VoidRay Adept VoidRay Probe Adept VoidRay Pylon VoidRay Zealot Pylon Gateway VoidRay Stalker VoidRay Stalker VoidRay Stalker Pylon VoidRay Stalker Stalker Pylon Probe Stalker VoidRay,48.25,116007
