0,0,0,0,0,0, ,0,0
0,33,0,1,0.000256,1,TwilightCouncil Adept Pylon DarkShrine Assimilator Pylon Stalker Pylon DarkTemplar Zealot Gateway Stargate TemplarArchive Zealot Probe Pylon FleetBeacon Mothership Probe Adept Carrier Probe RoboticsFacility RoboticsBay Nexus Stargate VoidRay Probe Gateway Assimilator Zealot Gateway,14.75,31897.5
0,57,0,2,0.000451,2,Stalker RoboticsFacility Zealot TwilightCouncil RoboticsFacility Pylon Stargate Gateway Stalker RoboticsFacility Assimilator Gateway Adept Gateway Assimilator VoidRay Immortal FleetBeacon RoboticsBay Carrier Mothership Nexus Probe,19.5,53962
0,90,0,3,0.005688,3,Stargate FleetBeacon Gateway Assimilator Adept Probe Stalker Gateway Tempest RoboticsFacility Carrier Zealot Tempest TwilightCouncil Stargate DarkShrine Gateway Stargate Pylon Stargate Zealot Immortal Assimilator Probe RoboticsBay Stargate Gateway Probe Pylon Tempest Gateway Probe,23.25,54045.5
0,119,0,4,0.005894,4,Pylon Pylon RoboticsFacility RoboticsBay Immortal Adept Immortal Colossus Probe Stalker Pylon Zealot Immortal Nexus RoboticsFacility Nexus Adept TwilightCouncil RoboticsFacility Nexus TemplarArchive Pylon Nexus Immortal Adept Immortal DarkShrine Assimilator,21.5,66632
0,720,0,23,0.015196,23,Pylon Gateway Stalker Probe Probe Nexus Zealot Zealot Stalker Stalker Stalker Stalker Zealot Zealot RoboticsFacility Adept Zealot Assimilator RoboticsBay Nexus Gateway RoboticsFacility Probe Assimilator Stargate Probe Assimilator Immortal Colossus Nexus Colossus Gateway RoboticsFacility,23.75,68715.5
0,873,0,28,0.016282,28,Stalker Zealot RoboticsFacility Stalker Probe Immortal TwilightCouncil Probe RoboticsBay TemplarArchive Pylon Nexus Immortal Assimilator Zealot Pylon Probe Gateway Stalker Probe Probe Gateway Adept DarkShrine Zealot Probe Zealot Adept Colossus Gateway Stalker Gateway Probe Colossus Assimilator Stalker Pylon RoboticsFacility Zealot Nexus Assimilator Probe,28.75,74978.5
0,2275,0,73,0.035423,73,RoboticsFacility Stalker Nexus Zealot Stargate Stalker Zealot Gateway VoidRay Adept Stargate Zealot Immortal RoboticsFacility VoidRay FleetBeacon Tempest Probe Nexus VoidRay Gateway Gateway VoidRay Assimilator Stargate Probe Adept Nexus Adept,27.75,75501.2
7,11363,0,363,0.177584,363,Zealot Nexus Pylon Gateway Adept Zealot Stalker Stargate Stalker Stargate RoboticsFacility VoidRay Gateway RoboticsFacility Adept Adept RoboticsBay Stalker Stalker Assimilator Immortal Stalker Adept Stalker Stalker VoidRay Immortal Immortal Assimilator Gateway RoboticsFacility,34.75,82339.2
11,21877,0,704,0.342209,704,Gateway Stalker Stargate Stalker VoidRay Nexus Zealot Zealot Stargate RoboticsFacility Assimilator VoidRay Zealot VoidRay Pylon Assimilator Zealot Stargate Zealot Probe Stargate Gateway VoidRay Nexus Stalker RoboticsFacility RoboticsBay Probe,26.25,82972.5
11,34714,0,1120,0.538376,1120,Zealot RoboticsFacility Nexus Stargate Zealot Stalker Immortal Stalker Probe Zealot VoidRay Zealot Probe Probe Immortal Gateway Pylon RoboticsFacility RoboticsBay Zealot VoidRay Assimilator Stalker VoidRay Gateway Adept VoidRay Assimilator Stargate Nexus RoboticsFacility Probe Stargate Pylon Pylon,31,84266
11,36431,0,1176,0.564337,1176,Probe Stalker Stargate RoboticsFacility Adept Stalker Assimilator RoboticsBay Immortal VoidRay Stalker Immortal TwilightCouncil Pylon Nexus Colossus Gateway Zealot DarkShrine RoboticsFacility Immortal Assimilator Pylon FleetBeacon Probe Gateway Zealot Adept Gateway Probe,27.75,88269
22,112698,0,3551,1.74409,3551,Probe Probe RoboticsFacility Stalker Gateway Immortal Gateway Stalker Probe Stalker Adept Zealot TwilightCouncil Immortal Stalker RoboticsBay Assimilator Stargate DarkShrine Pylon Colossus Gateway Adept Pylon Zealot Immortal DarkTemplar Assimilator Stargate Nexus FleetBeacon Pylon Pylon Stargate RoboticsFacility RoboticsFacility,30.25,93705.5
29,122773,0,3844,1.90035,3844,Probe Probe Gateway Adept Stalker RoboticsFacility RoboticsFacility Pylon Immortal Pylon Adept Adept Gateway Zealot Assimilator Immortal Immortal Nexus Assimilator Immortal Zealot Immortal Immortal Zealot Gateway Adept Stalker Immortal RoboticsBay Probe RoboticsFacility Probe,34,94191.2
34,159579,0,4933,2.4673,4933,Probe Probe Stalker Assimilator Pylon Gateway Stalker RoboticsFacility Adept Immortal Assimilator RoboticsBay Stalker Adept Adept Immortal Adept Stalker Pylon Adept Stargate Immortal Stalker Immortal Nexus Stargate Probe Pylon Immortal Stalker Probe,30,95535.8
62,237284,0,7258,3.6353,7258,Probe Probe Stalker Gateway Zealot Pylon RoboticsFacility Stalker Immortal Stalker Stalker Stargate Stalker VoidRay Stalker Immortal FleetBeacon Zealot Gateway Assimilator Probe Pylon Carrier Gateway Nexus Assimilator Gateway Stalker Carrier Stargate Nexus Stalker,31.75,97948.5
76,283452,0,8665,4.35741,8665,Probe Probe Stalker Gateway Stalker Stalker Gateway Probe Stalker Stargate Stalker Nexus Adept VoidRay Probe RoboticsFacility Stalker Immortal Stalker Stalker Nexus Assimilator Gateway Immortal RoboticsBay Adept Adept TwilightCouncil Stalker Colossus Zealot Immortal Stargate Assimilator Gateway RoboticsFacility FleetBeacon,37,98791.2
98,358692,0,10987,5.52865,10987,Probe Probe Stalker Gateway Stalker RoboticsFacility Gateway Pylon Stalker RoboticsFacility Immortal Immortal Probe Stalker Nexus Immortal Gateway Stalker Immortal Adept Gateway Immortal Zealot Zealot Assimilator Stargate VoidRay Zealot Probe Nexus Pylon Gateway Gateway RoboticsFacility Gateway Probe Zealot,35.75,103920
129,468502,0,14555,7.27672,14555,Probe Probe Stalker Gateway Stalker RoboticsFacility Gateway Stalker Immortal Stalker Probe Stargate Adept Pylon Stalker Adept Assimilator Pylon Zealot VoidRay Adept Gateway Stargate Stalker Probe VoidRay Stargate Stalker Nexus Immortal VoidRay VoidRay Zealot Adept Assimilator FleetBeacon Gateway Pylon,28.75,104534
141,508599,0,15895,7.91618,15895,Probe Probe Stalker Gateway Stalker RoboticsFacility Gateway Stalker Pylon Stargate Stalker Adept Immortal Zealot VoidRay Stalker Stalker Zealot RoboticsFacility Pylon Assimilator TwilightCouncil Stalker DarkShrine Nexus VoidRay Zealot Pylon Adept Immortal Probe TemplarArchive RoboticsFacility Stalker Nexus DarkTemplar Probe,35,106651
155,575421,0,18180,8.9863,18180,Probe Probe Stalker Gateway Stalker RoboticsFacility Gateway Stalker Pylon Probe Stalker Immortal Zealot Adept RoboticsFacility Adept Immortal Nexus Zealot Assimilator Immortal Immortal Assimilator Pylon Pylon Probe Immortal Stalker RoboticsBay Stalker Immortal Stalker Stargate Immortal Stargate Zealot,39.25,108439
173,677237,0,21659,10.6912,21659,Probe Probe Stalker Gateway Stalker RoboticsFacility Gateway Stalker Pylon Probe Stalker Pylon Adept Stalker Stalker Zealot Stalker Immortal Stalker Stalker TwilightCouncil Gateway Stalker Immortal TemplarArchive Stalker Assimilator DarkShrine RoboticsFacility Adept Pylon Pylon Gateway Nexus RoboticsBay Probe Nexus DarkTemplar Stargate Immortal,30.25,108616
183,690250,0,22098,10.9054,22098,Probe Probe Stalker Gateway Stalker RoboticsFacility Gateway Stalker Pylon Probe Stalker Stargate Adept Immortal Pylon VoidRay Gateway Stalker Immortal Zealot Pylon Stalker Zealot VoidRay Adept Gateway Adept Zealot RoboticsFacility VoidRay Nexus Probe Adept Probe RoboticsBay Stalker Adept RoboticsFacility Gateway Nexus RoboticsFacility,36.75,119633
323,1147967,0,40472,19.2878,40472,Probe Probe Stalker Gateway Stalker RoboticsFacility Gateway Stalker Pylon Probe Stalker Stargate Adept Immortal Pylon VoidRay Gateway Stalker Immortal Zealot VoidRay Stalker Adept Stalker RoboticsBay Pylon Stalker Nexus Assimilator Adept Stalker Stalker Zealot RoboticsFacility Stargate RoboticsFacility Probe FleetBeacon Probe Immortal Assimilator,37.75,120321
323,1160035,0,41067,19.5383,41067,Probe Probe Stalker Gateway Stalker RoboticsFacility Gateway Stalker Pylon Probe Stalker Stargate Adept Immortal Pylon VoidRay Gateway Stalker Immortal Zealot VoidRay Stalker Immortal Pylon VoidRay Gateway Immortal Assimilator Nexus TwilightCouncil Gateway Pylon DarkShrine Pylon RoboticsBay TemplarArchive Assimilator Zealot Probe,39.75,122052
337,1186322,0,42361,20.1364,42361,Probe Probe Stalker Gateway Stalker RoboticsFacility Gateway Stalker Pylon Probe Stalker Stargate Adept Immortal Pylon VoidRay Gateway Stalker Immortal Zealot VoidRay Immortal Adept Pylon Stalker Pylon VoidRay VoidRay Probe Stalker FleetBeacon RoboticsFacility Nexus Gateway Stalker Nexus Pylon Probe,43,122101
337,1186403,0,42365,20.137,42365,Probe Probe Stalker Gateway Stalker RoboticsFacility Gateway Stalker Pylon Probe Stalker Stargate Adept Immortal Pylon VoidRay Gateway Stalker Immortal Zealot VoidRay Probe Assimilator Zealot Pylon Immortal VoidRay Adept RoboticsFacility Pylon Immortal Immortal Pylon Immortal Stargate TwilightCouncil RoboticsBay Gateway Assimilator,44,122307
338,1197653,0,42950,20.3793,42950,Probe Probe Stalker Gateway Stalker RoboticsFacility Gateway Stalker Pylon Probe Stalker Stargate Adept Immortal Pylon VoidRay Gateway Stalker Immortal Zealot VoidRay Adept Pylon Stalker Immortal Assimilator Pylon Zealot Stargate Zealot Zealot Stargate Zealot VoidRay TwilightCouncil Stalker Stargate FleetBeacon Pylon Gateway,43,123902
353,1227602,0,44512,20.8187,44512,Probe Probe Stalker Gateway Stalker RoboticsFacility Gateway Stalker Pylon Probe Stalker Stargate Adept Immortal Pylon VoidRay Gateway Stalker Immortal Zealot VoidRay Adept Immortal Assimilator Pylon VoidRay Pylon Gateway Stalker Immortal Adept RoboticsFacility RoboticsFacility RoboticsFacility Immortal Nexus,42.25,124540
366,1286361,0,47859,21.8793,47859,Probe Probe Stalker Gateway Stalker RoboticsFacility Gateway Stalker Pylon Probe Stalker Stargate Adept Immortal Pylon VoidRay Gateway Stalker Immortal Zealot VoidRay Adept Immortal Pylon Pylon VoidRay Probe Probe Immortal Stalker Zealot Pylon TwilightCouncil Zealot Adept Assimilator Stargate Nexus VoidRay Pylon Gateway Zealot,44.25,126894
366,1287415,0,47919,21.8964,47919,Probe Probe Stalker Gateway Stalker RoboticsFacility Gateway Stalker Pylon Probe Stalker Stargate Adept Immortal Pylon VoidRay Gateway Stalker Immortal Zealot VoidRay Adept Immortal Pylon Pylon Stalker Stalker VoidRay Assimilator Pylon Adept Immortal Assimilator RoboticsFacility Stalker Zealot RoboticsBay Immortal Pylon Probe Probe,46.75,128104
397,1359142,0,52253,23.3013,52253,Probe Probe Stalker Gateway Stalker RoboticsFacility Gateway Stalker Pylon Probe Stalker Stargate Adept Immortal Pylon VoidRay Gateway Stalker Immortal Zealot VoidRay Adept Immortal Pylon Pylon Stalker Stalker Zealot Adept Stalker Adept VoidRay RoboticsFacility Stargate RoboticsFacility Assimilator Assimilator Nexus Nexus Pylon,44.25,128710
412,1361857,0,52428,23.3455,52428,Probe Probe Stalker Gateway Stalker RoboticsFacility Gateway Stalker Pylon Probe Stalker Stargate Adept Immortal Pylon VoidRay Gateway Stalker Immortal Zealot VoidRay Adept Immortal Pylon Pylon Stalker VoidRay Zealot Zealot Pylon Stalker Gateway Stalker Adept Adept Nexus Adept RoboticsFacility VoidRay Assimilator Gateway,46.5,129198
412,1371438,0,53043,23.5091,53043,Probe Probe Stalker Gateway Stalker RoboticsFacility Gateway Stalker Pylon Probe Stalker Stargate Adept Immortal Pylon VoidRay Gateway Stalker Immortal Zealot VoidRay Adept Immortal Pylon Pylon Stalker Stalker Stalker Stalker Zealot Immortal Stalker TwilightCouncil TemplarArchive Pylon Zealot Zealot RoboticsFacility Pylon Pylon Adept Zealot Pylon Gateway,45,130699
442,1421633,0,56363,24.5254,56363,Probe Probe Stalker Gateway Stalker RoboticsFacility Gateway Stalker Pylon Probe Stalker Stargate Adept Immortal Pylon VoidRay Gateway Stalker Immortal Zealot VoidRay Adept Immortal Pylon Pylon Stalker Stalker Stalker Immortal Stalker Zealot Stalker Assimilator RoboticsFacility TwilightCouncil Stargate Nexus Gateway RoboticsBay Pylon,45,130707
442,1430162,0,56961,24.6701,56961,Probe Probe Stalker Gateway Stalker RoboticsFacility Gateway Stalker Pylon Probe Stalker Stargate Adept Immortal Pylon VoidRay Gateway Stalker Immortal Zealot VoidRay Adept Immortal Pylon Pylon Stalker Stalker Stalker Immortal Pylon Zealot Stalker Assimilator Stalker RoboticsFacility Adept Immortal Gateway Nexus Probe,46.25,130887
457,1451741,0,58535,24.8993,58535,Probe Probe Stalker Gateway Stalker RoboticsFacility Gateway Stalker Pylon Probe Stalker Stargate Adept Immortal Pylon VoidRay Gateway Stalker Immortal Zealot VoidRay Adept Immortal Pylon Pylon Stalker Stalker Stalker Immortal Pylon Zealot Gateway Stalker Adept Zealot Stalker Immortal RoboticsBay Gateway TwilightCouncil Assimilator Gateway,47.25,131048
457,1454283,0,58737,24.938,58737,Probe Probe Stalker Gateway Stalker RoboticsFacility Gateway Stalker Pylon Probe Stalker Stargate Adept Immortal Pylon VoidRay Gateway Stalker Immortal Zealot VoidRay Adept Immortal Pylon Pylon Stalker Stalker Stalker Immortal Pylon Adept Adept Zealot Zealot Stargate Zealot Gateway Gateway Adept Probe RoboticsFacility Stargate Gateway Pylon Probe,47.25,131195
457,1461549,0,59316,25.0722,59316,Probe Probe Stalker Gateway Stalker RoboticsFacility Gateway Stalker Pylon Probe Stalker Stargate Adept Immortal Pylon VoidRay Gateway Stalker Immortal Zealot VoidRay Adept Immortal Pylon Pylon Stalker Stalker Stalker Immortal Adept Stalker Adept Gateway Pylon Zealot Zealot Pylon Immortal FleetBeacon Pylon Gateway Zealot,46.75,131234
457,1461748,0,59333,25.0737,59333,Probe Probe Stalker Gateway Stalker RoboticsFacility Gateway Stalker Pylon Probe Stalker Stargate Adept Immortal Pylon VoidRay Gateway Stalker Immortal Zealot VoidRay Adept Immortal Pylon Pylon Stalker Stalker Stalker Immortal Stalker Zealot Pylon Zealot Assimilator VoidRay TwilightCouncil Zealot FleetBeacon Gateway RoboticsBay Assimilator,49.25,131368
457,1469898,0,59987,25.2582,59987,Probe Probe Stalker Gateway Stalker RoboticsFacility Gateway Stalker Pylon Probe Stalker Stargate Adept Immortal Pylon VoidRay Gateway Stalker Immortal Zealot VoidRay Adept Immortal Pylon Pylon Stalker Stalker Stalker Immortal Stalker Pylon Probe Stalker Stalker Zealot Probe Stalker Gateway Nexus RoboticsBay Stalker TwilightCouncil Assimilator Assimilator,48.5,132380
472,1480462,0,60883,25.4987,60883,Probe Probe Stalker Gateway Stalker RoboticsFacility Gateway Stalker Pylon Probe Stalker Stargate Adept Immortal Pylon VoidRay Gateway Stalker Immortal Zealot VoidRay Adept Immortal Pylon Pylon Stalker Stalker Stalker Immortal Stalker Pylon Zealot Stalker Immortal Adept Adept FleetBeacon Assimilator Gateway Pylon Gateway Pylon,51.25,132404
479,1497293,0,62312,25.8118,62312,Probe Probe Stalker Gateway Stalker RoboticsFacility Gateway Stalker Pylon Probe Stalker Stargate Adept Immortal Pylon VoidRay Gateway Stalker Immortal Zealot VoidRay Adept Immortal Pylon Pylon Stalker Stalker Stalker Immortal Stalker Pylon Zealot Adept Adept Adept Stalker Stalker Nexus Stargate RoboticsFacility Pylon Pylon,50.5,132778
487,1518607,0,64164,26.1194,64164,Probe Probe Stalker Gateway Stalker RoboticsFacility Gateway Stalker Pylon Probe Stalker Stargate Adept Immortal Pylon VoidRay Gateway Stalker Immortal Zealot VoidRay Adept Immortal Pylon Pylon Stalker Stalker Stalker Immortal Stalker Pylon Zealot Stalker Stalker Immortal Adept Gateway RoboticsFacility Nexus Pylon,51.75,132933
517,1544573,0,66584,26.7173,66584,Probe Probe Stalker Gateway Stalker RoboticsFacility Gateway Stalker Pylon Probe Stalker Stargate Adept Immortal Pylon VoidRay Gateway Stalker Immortal Zealot VoidRay Adept Immortal Pylon Pylon Stalker Stalker Stalker Immortal Stalker Pylon Zealot Stalker Stalker Adept Assimilator Stalker Stalker Stargate FleetBeacon Assimilator Pylon Pylon,51.5,133478
532,1570321,0,69210,27.3007,69210,Probe Probe Stalker Gateway Stalker RoboticsFacility Gateway Stalker Pylon Probe Stalker Stargate Adept Immortal Pylon VoidRay Gateway Stalker Immortal Zealot VoidRay Adept Immortal Pylon Pylon Stalker Stalker Stalker Immortal Stalker Pylon Zealot Stalker Stalker Stalker Stalker Stalker TwilightCouncil Gateway Gateway Pylon Gateway Gateway,52,133720
532,1574013,0,69597,27.3755,69597,Probe Probe Stalker Gateway Stalker RoboticsFacility Gateway Stalker Pylon Probe Stalker Stargate Adept Immortal Pylon VoidRay Gateway Stalker Immortal Zealot VoidRay Adept Immortal Pylon Pylon Stalker Stalker Stalker Immortal Stalker Pylon Zealot Stalker Stalker Stalker Stalker Stalker Nexus Assimilator FleetBeacon Assimilator,52,133720
547,1587646,0,71141,27.6919,71141,Probe Probe Stalker Gateway Stalker RoboticsFacility Gateway Stalker Pylon Probe Stalker Stargate Adept Immortal Pylon VoidRay Gateway Stalker Immortal Zealot VoidRay Adept Immortal Pylon Pylon Stalker Stalker Stalker Immortal Stalker Pylon Zealot Stalker Stalker Stalker Stalker Assimilator Stalker RoboticsFacility Pylon Stalker Stalker Pylon Probe Probe,52,133720
547,1588866,0,71283,27.7152,71283,Probe Probe Stalker Gateway Stalker RoboticsFacility Gateway Stalker Pylon Probe Stalker Stargate Adept Immortal Pylon VoidRay Gateway Stalker Immortal Zealot VoidRay Adept Immortal Pylon Pylon Stalker Stalker Stalker Immortal Stalker Pylon Zealot Stalker Stalker Stalker Stalker Stalker TwilightCouncil Pylon Zealot Pylon Probe Stalker Stalker Assimilator,52,133720
547,1596499,0,72197,27.891,72197,Probe Probe Stalker Gateway Stalker RoboticsFacility Gateway Stalker Pylon Probe Stalker Stargate Adept Immortal Pylon VoidRay Gateway Stalker Immortal Zealot VoidRay Adept Immortal Pylon Pylon Stalker Stalker Stalker Immortal Stalker Pylon Zealot Stalker Stalker Stalker Stalker Stalker Gateway Pylon Immortal Probe Zealot Gateway,52,133720
560,1607977,0,73659,28.0869,73659,Probe Probe Stalker Gateway Stalker RoboticsFacility Gateway Stalker Pylon Probe Stalker Stargate Adept Immortal Pylon VoidRay Gateway Stalker Immortal Zealot VoidRay Adept Immortal Pylon Pylon Stalker Stalker Stalker Immortal Stalker Pylon Zealot Stalker Stalker Stalker Stalker Stalker Pylon VoidRay Assimilator Probe Adept Probe Pylon Pylon,52,133720
560,1611293,0,74102,28.1465,74102,Probe Probe Stalker Gateway Stalker RoboticsFacility Gateway Stalker Pylon Probe Stalker Stargate Adept Immortal Pylon VoidRay Gateway Stalker Immortal Zealot VoidRay Adept Immortal Pylon Pylon Stalker Stalker Stalker Immortal Stalker Pylon Zealot Stalker Stalker Stalker Stalker Stalker Assimilator Pylon VoidRay Adept Probe RoboticsFacility Assimilator,52,133720
569,1612396,0,74271,28.164,74271,Probe Probe Stalker Gateway Stalker RoboticsFacility Gateway Stalker Pylon Probe Stalker Stargate Adept Immortal Pylon VoidRay Gateway Stalker Immortal Zealot VoidRay Adept Immortal Pylon Pylon Stalker Stalker Stalker Immortal Stalker Pylon Zealot Stalker Stalker Stalker Stalker Stalker Pylon Probe TwilightCouncil Probe Zealot Stalker Assimilator Gateway Probe,52,133720
569,1613971,0,74514,28.2008,74514,Probe Probe Stalker Gateway Stalker RoboticsFacility Gateway Stalker Pylon Probe Stalker Stargate Adept Immortal Pylon VoidRay Gateway Stalker Immortal Zealot VoidRay Adept Immortal Pylon Pylon Stalker Stalker Stalker Immortal Stalker Pylon Zealot Stalker Stalker Stalker Stalker Stalker Pylon VoidRay Assimilator Assimilator Probe Probe Gateway Adept,52,133720
607,1626792,0,76443,28.472,76443,Probe Probe Stalker Gateway Stalker RoboticsFacility Gateway Stalker Pylon Probe Stalker Stargate Adept Immortal Pylon VoidRay Gateway Stalker Immortal Zealot VoidRay Adept Immortal Pylon Pylon Stalker Stalker Stalker Immortal Stalker Pylon Zealot Stalker Stalker Stalker Stalker Stalker Pylon Stalker Immortal Probe Probe Gateway Assimilator,52,133720
607,1630743,0,77020,28.5364,77020,Probe Probe Stalker Gateway Stalker RoboticsFacility Gateway Stalker Pylon Probe Stalker Stargate Adept Immortal Pylon VoidRay Gateway Stalker Immortal Zealot VoidRay Adept Immortal Pylon Pylon Stalker Stalker Stalker Immortal Stalker Pylon Zealot Stalker Stalker Stalker Stalker Stalker Pylon VoidRay Assimilator Pylon Probe Probe Stalker Pylon,52,133720
607,1633111,0,77368,28.5917,77368,Probe Probe Stalker Gateway Stalker RoboticsFacility Gateway Stalker Pylon Probe Stalker Stargate Adept Immortal Pylon VoidRay Gateway Stalker Immortal Zealot VoidRay Adept Immortal Pylon Pylon Stalker Stalker Stalker Immortal Stalker Pylon Zealot Stalker Stalker Stalker Stalker Stalker Pylon Probe Probe VoidRay Stalker Gateway Gateway,52,133720
607,1638615,0,78183,28.7054,78183,Probe Probe Stalker Gateway Stalker RoboticsFacility Gateway Stalker Pylon Probe Stalker Stargate Adept Immortal Pylon VoidRay Gateway Stalker Immortal Zealot VoidRay Adept Immortal Pylon Pylon Stalker Stalker Stalker Immortal Stalker Pylon Zealot Stalker Stalker Stalker Stalker Stalker Pylon Probe Probe Stalker Assimilator Pylon Immortal Zealot,52,133720
622,1645328,0,79193,28.8581,79193,Probe Probe Stalker Gateway Stalker RoboticsFacility Gateway Stalker Pylon Probe Stalker Stargate Adept Immortal Pylon VoidRay Gateway Stalker Immortal Zealot VoidRay Adept Immortal Pylon Pylon Stalker Stalker Stalker Immortal Stalker Pylon Zealot Stalker Stalker Stalker Stalker Stalker Pylon Probe Stalker Pylon Probe VoidRay Assimilator Adept,52,133720
636,1658510,0,81304,29.1604,81304,Probe Probe Stalker Gateway Stalker RoboticsFacility Gateway Stalker Pylon Probe Stalker Stargate Adept Immortal Pylon VoidRay Gateway Stalker Immortal Zealot VoidRay Adept Immortal Pylon Pylon Stalker Stalker Stalker Immortal Stalker Pylon Zealot Stalker Stalker Stalker Stalker Stalker Pylon Probe Stalker Probe Pylon Immortal Stalker Probe,52,133720
644,1664004,0,82245,29.2675,82245,Probe Probe Stalker Gateway Stalker RoboticsFacility Gateway Stalker Pylon Probe Stalker Stargate Adept Immortal Pylon VoidRay Gateway Stalker Immortal Zealot VoidRay Adept Immortal Pylon Pylon Stalker Stalker Stalker Immortal Stalker Pylon Zealot Stalker Stalker Stalker Stalker Stalker Pylon Probe Stalker Probe Pylon VoidRay Zealot Adept,52,133720
