0,0,0,0,0,0, ,0,0
0,32,0,1,0.000262,1,Stargate VoidRay TwilightCouncil VoidRay TemplarArchive Gateway Probe Pylon Assimilator VoidRay Nexus Pylon Adept Stargate Probe Adept Adept FleetBeacon Probe Zealot Stalker Tempest Zealot Adept Assimilator Stargate Mothership Carrier Pylon DarkShrine RoboticsFacility,25,66994
0,1320,0,43,0.028372,43,Stargate VoidRay VoidRay Adept VoidRay Nexus Stalker Zealot Pylon VoidRay Stalker Probe Nexus Pylon Gateway Nexus Zealot Stargate Stalker Probe Nexus VoidRay Gateway FleetBeacon Stargate Zealot Nexus,28.5,72571
0,1551,0,50,0.030056,50,Pylon Zealot Stargate Zealot Nexus Zealot VoidRay FleetBeacon Assimilator Probe Pylon Zealot Tempest Adept Gateway Mothership Probe Stargate Zealot Tempest Probe Pylon VoidRay VoidRay VoidRay Pylon VoidRay Stalker Probe Pylon RoboticsFacility Probe Probe,34.75,74894.2
0,3224,0,104,0.055043,104,Gateway RoboticsFacility Adept Zealot Nexus RoboticsBay Immortal Immortal Probe Zealot Adept Stalker TwilightCouncil Probe Stalker Gateway Gateway Assimilator Zealot RoboticsFacility Colossus Stargate Zealot Colossus Gateway Stargate TemplarArchive Nexus Nexus Pylon,27.5,77001.5
0,4705,0,151,0.07874,151,Zealot Stalker RoboticsFacility Nexus Pylon Zealot Immortal Pylon Stargate Stalker Zealot VoidRay RoboticsFacility RoboticsBay Pylon TwilightCouncil Immortal Probe VoidRay Nexus TemplarArchive Pylon Probe Adept Assimilator DarkShrine Adept Colossus Pylon FleetBeacon Pylon Adept Assimilator Probe,24.5,77546.2
0,4963,0,159,0.080553,159,Pylon RoboticsFacility Adept Stalker RoboticsFacility Probe Gateway Immortal Immortal Adept Probe Immortal Immortal Stalker Probe Assimilator Probe Stargate Gateway RoboticsFacility Assimilator Gateway Zealot Pylon RoboticsFacility RoboticsFacility Adept RoboticsFacility RoboticsBay FleetBeacon Stargate Probe TwilightCouncil VoidRay Stalker Gateway,23.25,89969.8
22,99825,0,3218,1.41954,3218,Pylon Adept Zealot Stargate Pylon Nexus RoboticsFacility Assimilator VoidRay Zealot Immortal VoidRay Zealot Immortal Zealot VoidRay Stalker Adept Stargate Stalker Stargate Zealot VoidRay RoboticsFacility Gateway TwilightCouncil RoboticsBay Assimilator Adept,30.5,90663.8
84,257177,0,8492,3.64796,8492,Pylon Adept Zealot Stargate Assimilator Stalker RoboticsFacility VoidRay Probe Zealot Immortal Pylon VoidRay RoboticsFacility Immortal RoboticsBay Zealot VoidRay VoidRay Zealot RoboticsFacility TwilightCouncil DarkShrine FleetBeacon Pylon Immortal VoidRay TemplarArchive Assimilator,30.5,94272
142,451756,0,16900,6.4636,16900,Pylon Adept Zealot Stargate Assimilator Stalker RoboticsFacility VoidRay Probe Pylon Stalker VoidRay Immortal Stalker VoidRay Stalker FleetBeacon Pylon Gateway Carrier Gateway RoboticsBay Immortal Colossus Assimilator Gateway TwilightCouncil Gateway Probe,34.75,95200
142,456691,0,17142,6.53849,17142,Pylon Adept Zealot Stargate Assimilator Stalker RoboticsFacility VoidRay Stalker Stalker Immortal TwilightCouncil VoidRay Pylon Probe VoidRay DarkShrine VoidRay Immortal Probe Pylon Stalker VoidRay Pylon RoboticsBay Colossus RoboticsFacility Nexus Probe,36.75,97436.2
142,457832,0,17197,6.5597,17197,Pylon Adept Zealot Stargate Assimilator Stalker RoboticsFacility VoidRay Stalker RoboticsBay Immortal VoidRay Stalker Colossus Zealot Probe TwilightCouncil RoboticsFacility Pylon Stalker Colossus FleetBeacon TemplarArchive Nexus Gateway Assimilator Stargate Stargate,32,97896.5
157,502270,0,19426,7.19499,19426,Pylon Adept Zealot Stargate Assimilator Stalker RoboticsFacility VoidRay Stalker Stargate VoidRay Immortal Stalker Pylon VoidRay RoboticsBay Zealot VoidRay Zealot Probe Gateway Adept Zealot TwilightCouncil Nexus Nexus Pylon Gateway,31.5,99899.5
187,557601,0,22355,8.00543,22355,Pylon Adept Zealot Stargate Assimilator Stalker RoboticsFacility VoidRay Stalker Stargate VoidRay Probe Immortal Pylon VoidRay Immortal Gateway TwilightCouncil VoidRay Immortal Zealot FleetBeacon RoboticsFacility RoboticsFacility Nexus Assimilator Pylon,34,100918
202,594818,0,24434,8.55391,24434,Pylon Adept Zealot Stargate Assimilator Stalker RoboticsFacility VoidRay Stalker Stargate VoidRay Probe VoidRay Probe Immortal VoidRay Gateway Pylon Immortal Stalker Zealot Nexus Pylon Immortal Zealot Stalker Nexus Adept Probe Probe,38.5,101906
202,618321,0,25710,8.89517,25710,Pylon Adept Zealot Stargate Assimilator Stalker RoboticsFacility VoidRay Stalker Stargate VoidRay Probe Immortal Stalker Pylon Pylon Zealot VoidRay RoboticsBay Immortal VoidRay Immortal Stargate VoidRay RoboticsFacility FleetBeacon Adept Gateway,39.75,101954
217,650911,0,27609,9.39021,27609,Pylon Adept Zealot Stargate Assimilator Stalker RoboticsFacility VoidRay Stalker Stargate VoidRay Probe Immortal Stalker Pylon VoidRay Gateway Stalker VoidRay Immortal Stalker Gateway FleetBeacon Assimilator RoboticsBay Stargate Gateway Pylon TwilightCouncil,34.5,104634
217,659413,0,28111,9.51776,28111,Pylon Adept Zealot Stargate Assimilator Stalker RoboticsFacility VoidRay Stalker Stargate VoidRay Probe Immortal Stalker Pylon Zealot VoidRay Immortal VoidRay Adept Pylon Assimilator RoboticsFacility Zealot Zealot Pylon RoboticsFacility Immortal Stargate Probe Pylon,35.25,105673
232,691913,0,30100,9.98658,30100,Pylon Adept Zealot Stargate Assimilator Stalker RoboticsFacility VoidRay Stalker Stargate VoidRay Probe Immortal Stalker Pylon Stalker VoidRay VoidRay Stalker VoidRay RoboticsBay Pylon Adept Zealot Nexus Probe RoboticsFacility Gateway Pylon Stargate Adept,37,108054
262,737721,0,33047,10.6625,33047,Pylon Adept Zealot Stargate Assimilator Stalker RoboticsFacility VoidRay Stalker Stargate VoidRay Probe Immortal Stalker Pylon Stalker VoidRay Immortal VoidRay Stargate Zealot Pylon Stalker Immortal Nexus Nexus Assimilator,39.25,108200
262,752266,0,34009,10.8712,34009,Pylon Adept Zealot Stargate Assimilator Stalker RoboticsFacility VoidRay Stalker Stargate VoidRay Probe Immortal Stalker Pylon Stalker VoidRay Stalker Pylon VoidRay Immortal Probe Stalker VoidRay Nexus Nexus RoboticsBay Pylon,40.25,108952
277,767517,0,35113,11.0867,35113,Pylon Adept Zealot Stargate Assimilator Stalker RoboticsFacility VoidRay Stalker Stargate VoidRay Probe Immortal Stalker Pylon Stalker VoidRay VoidRay VoidRay Pylon Immortal VoidRay Adept FleetBeacon RoboticsBay Nexus Assimilator,42,110534
292,792531,0,37022,11.4497,37022,Pylon Adept Zealot Stargate Assimilator Stalker RoboticsFacility VoidRay Stalker Stargate VoidRay Probe Immortal Stalker Pylon Stalker VoidRay VoidRay VoidRay Stalker Pylon Probe VoidRay Stalker Probe FleetBeacon Pylon Adept Assimilator Stargate TwilightCouncil RoboticsFacility Probe,40.5,110674
292,800965,0,37705,11.575,37705,Pylon Adept Zealot Stargate Assimilator Stalker RoboticsFacility VoidRay Stalker Stargate VoidRay Probe Immortal Stalker Pylon Stalker VoidRay VoidRay Zealot VoidRay Pylon VoidRay Stalker Zealot TwilightCouncil Pylon VoidRay Pylon Stargate Zealot Pylon,40.75,110800
316,834084,0,40592,12.0475,40592,Pylon Adept Zealot Stargate Assimilator Stalker RoboticsFacility VoidRay Stalker Stargate VoidRay Probe Immortal Stalker Pylon Stalker VoidRay VoidRay Zealot VoidRay Pylon VoidRay Stalker Gateway RoboticsBay Stalker TwilightCouncil Nexus Assimilator,41.5,110974
331,854219,0,42611,12.3347,42611,Pylon Adept Zealot Stargate Assimilator Stalker RoboticsFacility VoidRay Stalker Stargate VoidRay Probe Immortal Stalker Pylon Stalker VoidRay VoidRay Zealot VoidRay Pylon VoidRay Stalker Gateway Stalker Pylon RoboticsFacility Stalker Nexus,41.5,110974
331,868282,0,44004,12.5392,44004,Pylon Adept Zealot Stargate Assimilator Stalker RoboticsFacility VoidRay Stalker Stargate VoidRay Probe Immortal Stalker Pylon Stalker VoidRay VoidRay Zealot VoidRay Pylon VoidRay Stalker Assimilator Stalker Pylon RoboticsFacility Immortal Gateway Probe,41.5,110974
346,871523,0,44380,12.59,44380,Pylon Adept Zealot Stargate Assimilator Stalker RoboticsFacility VoidRay Stalker Stargate VoidRay Probe Immortal Stalker Pylon Stalker VoidRay VoidRay Zealot VoidRay Pylon VoidRay Immortal Pylon Stalker Nexus Stargate Probe Adept,43.5,111126
346,872244,0,44462,12.595,44462,Pylon Adept Zealot Stargate Assimilator Stalker RoboticsFacility VoidRay Stalker Stargate VoidRay Probe Immortal Stalker Pylon Stalker VoidRay VoidRay Zealot VoidRay Pylon VoidRay Stalker Pylon Immortal RoboticsFacility Assimilator Stargate Pylon Gateway Probe,43.5,111204
346,885560,0,46012,12.7927,46012,Pylon Adept Zealot Stargate Assimilator Stalker RoboticsFacility VoidRay Stalker Stargate VoidRay Probe Immortal Stalker Pylon Stalker VoidRay VoidRay Zealot VoidRay Pylon VoidRay Stalker Pylon VoidRay Zealot VoidRay Assimilator RoboticsFacility RoboticsFacility,44.75,111380
359,888751,0,46415,12.8296,46415,Pylon Adept Zealot Stargate Assimilator Stalker RoboticsFacility VoidRay Stalker Stargate VoidRay Probe Immortal Stalker Pylon Stalker VoidRay VoidRay Zealot VoidRay Pylon VoidRay Stalker Pylon VoidRay Stalker Assimilator VoidRay Stargate,45.5,111476
359,901654,0,48044,13.0101,48044,Pylon Adept Zealot Stargate Assimilator Stalker RoboticsFacility VoidRay Stalker Stargate VoidRay Probe Immortal Stalker Pylon Stalker VoidRay VoidRay Zealot VoidRay Pylon VoidRay Stalker Pylon Immortal Adept TwilightCouncil Assimilator Probe Adept RoboticsFacility Probe,44.75,111536
359,903106,0,48237,13.0349,48237,Pylon Adept Zealot Stargate Assimilator Stalker RoboticsFacility VoidRay Stalker Stargate VoidRay Probe Immortal Stalker Pylon Stalker VoidRay VoidRay Zealot VoidRay Pylon VoidRay Stalker Pylon Immortal Stalker Assimilator Zealot Gateway Pylon Probe Probe,45.25,111602
374,904090,0,48371,13.0427,48371,Pylon Adept Zealot Stargate Assimilator Stalker RoboticsFacility VoidRay Stalker Stargate VoidRay Probe Immortal Stalker Pylon Stalker VoidRay VoidRay Zealot VoidRay Pylon VoidRay Stalker Pylon Immortal Stalker Adept Probe FleetBeacon Assimilator Probe,45.25,111602
374,905233,0,48528,13.0641,48528,Pylon Adept Zealot Stargate Assimilator Stalker RoboticsFacility VoidRay Stalker Stargate VoidRay Probe Immortal Stalker Pylon Stalker VoidRay VoidRay Zealot VoidRay Pylon VoidRay Stalker Pylon Immortal Stalker Immortal RoboticsBay Gateway,45.25,111602
374,914838,0,49823,13.1991,49823,Pylon Adept Zealot Stargate Assimilator Stalker RoboticsFacility VoidRay Stalker Stargate VoidRay Probe Immortal Stalker Pylon Stalker VoidRay VoidRay Zealot VoidRay Pylon VoidRay Stalker Pylon Immortal Stalker Assimilator Probe Stargate RoboticsFacility Adept,45.25,111602
374,916978,0,50138,13.2283,50138,Pylon Adept Zealot Stargate Assimilator Stalker RoboticsFacility VoidRay Stalker Stargate VoidRay Probe Immortal Stalker Pylon Stalker VoidRay VoidRay Zealot VoidRay Pylon VoidRay Stalker Pylon Immortal Stalker Probe Assimilator Stalker Gateway Pylon Probe,45.25,111602
374,917250,0,50183,13.2435,50183,Pylon Adept Zealot Stargate Assimilator Stalker RoboticsFacility VoidRay Stalker Stargate VoidRay Probe Immortal Stalker Pylon Stalker VoidRay VoidRay Zealot VoidRay Pylon VoidRay Stalker Pylon Immortal Stalker Gateway Probe Pylon Probe Zealot Pylon Probe,45.25,111602
374,917332,0,50198,13.2442,50198,Pylon Adept Zealot Stargate Assimilator Stalker RoboticsFacility VoidRay Stalker Stargate VoidRay Probe Immortal Stalker Pylon Stalker VoidRay VoidRay Zealot VoidRay Pylon VoidRay Stalker Pylon Immortal Stalker Probe Probe Nexus Zealot,45.25,111602
389,920749,0,50779,13.295,50779,Pylon Adept Zealot Stargate Assimilator Stalker RoboticsFacility VoidRay Stalker Stargate VoidRay Probe Immortal Stalker Pylon Stalker VoidRay VoidRay Zealot VoidRay Pylon VoidRay Stalker Pylon Immortal Stalker Probe Gateway Probe Adept RoboticsFacility Assimilator,45.25,111602
389,922054,0,50999,13.3042,50999,Pylon Adept Zealot Stargate Assimilator Stalker RoboticsFacility VoidRay Stalker Stargate VoidRay Probe Immortal Stalker Pylon Stalker VoidRay VoidRay Zealot VoidRay Pylon VoidRay Stalker Pylon Immortal Stalker Probe RoboticsBay Gateway Probe Assimilator Stalker,45.25,111602
404,930086,0,52428,13.4267,52428,Pylon Adept Zealot Stargate Assimilator Stalker RoboticsFacility VoidRay Stalker Stargate VoidRay Probe Immortal Stalker Pylon Stalker VoidRay VoidRay Zealot VoidRay Pylon VoidRay Stalker Pylon Immortal Stalker Probe Pylon TwilightCouncil Probe VoidRay,45.25,111602
404,932687,0,52938,13.4573,52938,Pylon Adept Zealot Stargate Assimilator Stalker RoboticsFacility VoidRay Stalker Stargate VoidRay Probe Immortal Stalker Pylon Stalker VoidRay VoidRay Zealot VoidRay Pylon VoidRay Stalker Pylon Immortal Stalker Probe Pylon Probe RoboticsFacility Probe Assimilator Stalker,45.25,111602
404,933589,0,53118,13.4764,53118,Pylon Adept Zealot Stargate Assimilator Stalker RoboticsFacility VoidRay Stalker Stargate VoidRay Probe Immortal Stalker Pylon Stalker VoidRay VoidRay Zealot VoidRay Pylon VoidRay Stalker Pylon Immortal Stalker Probe Probe Probe RoboticsFacility Probe Stargate Assimilator,45.25,111602
417,940302,0,54449,13.5623,54449,Pylon Adept Zealot Stargate Assimilator Stalker RoboticsFacility VoidRay Stalker Stargate VoidRay Probe Immortal Stalker Pylon Stalker VoidRay VoidRay Zealot VoidRay Pylon VoidRay Stalker Pylon Immortal Stalker Probe Probe Probe Stargate Probe FleetBeacon,45.25,111602
417,949322,0,56219,13.6884,56219,Pylon Adept Zealot Stargate Assimilator Stalker RoboticsFacility VoidRay Stalker Stargate VoidRay Probe Immortal Stalker Pylon Stalker VoidRay VoidRay Zealot VoidRay Pylon VoidRay Stalker Pylon Immortal Stalker Probe Probe Probe Pylon Probe Zealot Assimilator Gateway,45.25,111602
430,952336,0,56844,13.7219,56844,Pylon Adept Zealot Stargate Assimilator Stalker RoboticsFacility VoidRay Stalker Stargate VoidRay Probe Immortal Stalker Pylon Stalker VoidRay VoidRay Zealot VoidRay Pylon VoidRay Stalker Pylon Immortal Stalker Probe Probe Pylon Probe Probe Assimilator Adept Gateway,45.25,111602
430,955831,0,57571,13.7713,57571,Pylon Adept Zealot Stargate Assimilator Stalker RoboticsFacility VoidRay Stalker Stargate VoidRay Probe Immortal Stalker Pylon Stalker VoidRay VoidRay Zealot VoidRay Pylon VoidRay Stalker Pylon Immortal Stalker Probe Probe Probe Pylon Assimilator Probe Pylon Stalker Probe,45.25,111602
440,958685,0,58186,13.8173,58186,Pylon Adept Zealot Stargate Assimilator Stalker RoboticsFacility VoidRay Stalker Stargate VoidRay Probe Immortal Stalker Pylon Stalker VoidRay VoidRay Zealot VoidRay Pylon VoidRay Stalker Pylon Immortal Stalker Probe Probe Probe Probe Pylon VoidRay Pylon,45.25,111602
451,968514,3,60564,13.9484,60564,Pylon Adept Zealot Stargate Assimilator Stalker RoboticsFacility VoidRay Stalker Stargate VoidRay Probe Immortal Stalker Pylon Stalker VoidRay VoidRay Zealot VoidRay Pylon VoidRay Stalker Pylon Immortal Stalker Probe Probe Probe Probe Pylon VoidRay Zealot,45.25,111602
451,968974,3,60690,13.9513,60690,Pylon Adept Zealot Stargate Assimilator Stalker RoboticsFacility VoidRay Stalker Stargate VoidRay Probe Immortal Stalker Pylon Stalker VoidRay VoidRay Zealot VoidRay Pylon VoidRay Stalker Pylon Immortal Stalker Probe Probe Probe Probe Pylon VoidRay Adept,45.25,111602
