0,0,0,0,0,0, ,0,0
0,31,0,1,0.000276,1,RoboticsFacility Pylon Stargate Immortal Probe Pylon Nexus RoboticsBay Pylon Nexus Zealot Colossus Pylon TwilightCouncil FleetBeacon Immortal Pylon Gateway Carrier TemplarArchive Nexus Gateway Pylon Assimilator RoboticsFacility Gateway Assimilator DarkShrine Stalker Zealot,19.5,47945.5
0,63,0,2,0.000523,2,Stalker Assimilator RoboticsFacility Probe Pylon Stargate Stargate Zealot Zealot Probe VoidRay Zealot Pylon RoboticsBay Nexus Nexus RoboticsFacility TwilightCouncil Colossus Gateway TemplarArchive Zealot Stargate Pylon Stargate DarkShrine Zealot Pylon Colossus Colossus Probe,15.75,50070
0,114,0,4,0.000892,4,Zealot Adept Stargate Assimilator Stargate VoidRay VoidRay Probe Pylon Pylon RoboticsFacility Nexus Assimilator VoidRay Immortal Immortal Gateway RoboticsFacility Nexus Nexus Probe RoboticsFacility RoboticsBay,21.75,72185
0,1148,0,37,0.025267,37,RoboticsFacility Nexus RoboticsBay Adept Immortal RoboticsFacility Pylon Immortal Adept RoboticsFacility Immortal Probe Gateway Pylon Colossus Nexus Adept Probe Immortal Assimilator Pylon Zealot Immortal Stalker Stargate Stargate Colossus VoidRay Stalker Probe,30.25,80385.5
0,1442,0,46,0.027367,46,RoboticsFacility Zealot Adept Immortal Nexus Immortal Probe Pylon Assimilator Probe Stalker Pylon Immortal RoboticsFacility Zealot Stalker RoboticsFacility TwilightCouncil TemplarArchive Adept Probe Immortal Adept Stalker Pylon Adept Nexus Gateway Nexus Assimilator Assimilator Pylon Gateway Probe,26,82435.8
11,14597,0,468,0.289174,468,Stalker Stalker Adept Pylon Stargate Stargate VoidRay VoidRay Stalker Assimilator Stalker VoidRay TwilightCouncil Stalker DarkShrine Nexus Zealot TemplarArchive Gateway RoboticsFacility Zealot DarkTemplar Gateway RoboticsBay Assimilator Stalker DarkTemplar RoboticsFacility Probe RoboticsFacility VoidRay,28.25,82901.2
11,18056,0,578,0.350998,578,Probe Stalker Pylon RoboticsFacility Immortal Pylon Immortal RoboticsFacility Probe Gateway Pylon Stalker Immortal Adept Zealot Probe Gateway Probe Gateway Immortal Probe RoboticsFacility Zealot Zealot Assimilator Gateway RoboticsBay Gateway Pylon Adept Probe Pylon Stalker Immortal Stargate FleetBeacon TwilightCouncil Probe Zealot Stalker Adept Stargate Adept Gateway,29.5,86256
11,18349,0,587,0.35301,587,Probe Stalker Pylon RoboticsFacility RoboticsFacility Immortal Immortal Immortal Probe Probe Pylon Zealot Immortal TwilightCouncil Zealot TemplarArchive Nexus Gateway Assimilator RoboticsBay Immortal Adept Zealot Adept Colossus Probe Pylon Nexus Probe Stargate FleetBeacon Assimilator Gateway Stalker RoboticsFacility Probe,31,94202
22,73915,0,2332,1.38926,2332,Probe Zealot RoboticsFacility Probe Gateway Pylon Probe Probe Gateway Immortal Adept Pylon Immortal Probe Zealot Probe Stargate Stalker Assimilator Zealot RoboticsBay VoidRay Stalker Stalker Gateway Stalker VoidRay Assimilator TwilightCouncil FleetBeacon Pylon Carrier Adept RoboticsFacility RoboticsFacility Gateway Nexus Gateway Pylon Stargate Probe,34,94564.8
62,239959,0,7548,3.98615,7548,Probe Zealot RoboticsFacility Probe Adept Probe Immortal Adept Pylon Immortal Zealot RoboticsFacility Pylon Gateway Stalker Immortal Pylon RoboticsBay Probe Gateway Probe Adept Adept Pylon Colossus TwilightCouncil Stalker Nexus Colossus DarkShrine Immortal RoboticsFacility Assimilator Assimilator Stalker DarkTemplar Nexus Nexus Stargate Assimilator,37.25,97154.8
62,240896,0,7576,3.99266,7576,Probe Zealot RoboticsFacility Probe RoboticsFacility Immortal Probe Nexus Zealot Immortal Assimilator Immortal Immortal Immortal Adept Zealot Immortal Stalker TwilightCouncil Probe DarkShrine Assimilator Gateway Pylon Stargate DarkTemplar Pylon VoidRay Adept TemplarArchive Pylon Nexus RoboticsFacility,28.5,99160.2
86,318989,0,10004,5.18341,10004,Probe Zealot RoboticsFacility Probe RoboticsFacility Gateway Adept Pylon Gateway Immortal Adept Immortal Immortal Immortal Immortal Probe Pylon Pylon Immortal Nexus Adept TwilightCouncil Adept Pylon RoboticsFacility Probe DarkShrine Nexus Probe Stargate Immortal DarkTemplar TemplarArchive Nexus Assimilator RoboticsFacility Assimilator,32.25,101388
126,486150,0,15440,7.88022,15440,Probe Zealot RoboticsFacility Probe RoboticsFacility Gateway Adept Stalker Pylon Stalker Probe Pylon RoboticsBay Zealot Stalker Pylon Stalker Gateway Probe Stalker Immortal Stalker Colossus Stalker Stalker Probe Immortal Nexus Pylon Stalker Adept Stalker Probe Gateway Colossus Adept RoboticsFacility Colossus Immortal Gateway Gateway Nexus,40.75,102985
130,490565,0,15587,7.93869,15587,Probe Zealot RoboticsFacility Probe RoboticsFacility Gateway Adept Stalker RoboticsBay Immortal Immortal Stalker Zealot Gateway Pylon Zealot Adept Pylon Stalker Pylon Stalker Zealot Probe Stalker Adept Adept Immortal Colossus Assimilator RoboticsFacility Nexus Probe Assimilator Pylon Zealot Nexus Adept Gateway Probe Zealot Stargate,34,106486
184,680664,0,22373,10.7367,22373,Probe Zealot RoboticsFacility Probe RoboticsFacility Gateway Adept Stalker RoboticsBay Immortal Immortal Stalker Immortal Pylon Colossus Pylon Adept Immortal Zealot Pylon Immortal Adept TwilightCouncil Assimilator Pylon RoboticsFacility Zealot Nexus Stalker RoboticsFacility Immortal Nexus DarkShrine,35.75,109206
201,756181,0,25374,11.8154,25374,Probe Zealot RoboticsFacility Probe RoboticsFacility Gateway Adept Stalker RoboticsBay Immortal Immortal Stalker Pylon Immortal Pylon Gateway Zealot Immortal Zealot Pylon Gateway Stalker Colossus Stalker Adept Immortal Probe RoboticsFacility RoboticsFacility TwilightCouncil Pylon Immortal Pylon Probe Gateway Colossus Assimilator Gateway Zealot Zealot,36.25,112190
217,808712,0,27526,12.5965,27526,Probe Zealot RoboticsFacility Probe RoboticsFacility Gateway Adept Stalker RoboticsBay Immortal Immortal Stalker Pylon Pylon Immortal Immortal Stalker Zealot Pylon Assimilator Assimilator Adept Immortal Stalker Colossus Gateway Stalker TwilightCouncil RoboticsFacility Stargate Stargate RoboticsFacility RoboticsFacility Probe,37,114112
218,811636,0,27644,12.6447,27644,Probe Zealot RoboticsFacility Probe RoboticsFacility Gateway Adept Stalker RoboticsBay Immortal Immortal Stalker Pylon Adept Adept Pylon Stalker Immortal Immortal Gateway Gateway Pylon Immortal Colossus Pylon Gateway Zealot Zealot Pylon Pylon Adept Immortal TwilightCouncil TemplarArchive Nexus Immortal,40.75,114376
232,838332,0,28764,13.0374,28764,Probe Zealot RoboticsFacility Probe RoboticsFacility Gateway Adept Stalker RoboticsBay Immortal Immortal Stalker Pylon Adept Pylon Immortal Stalker Probe Pylon Immortal Immortal Gateway Immortal Adept Stalker Immortal Pylon Immortal Assimilator Pylon Probe Gateway Colossus Zealot Probe Nexus Probe TwilightCouncil,42.75,122425
287,1045511,0,38064,16.1395,38064,Probe Zealot RoboticsFacility Probe RoboticsFacility Gateway Adept Stalker RoboticsBay Immortal Immortal Stalker Pylon Adept Pylon Immortal Stalker Probe Pylon Adept Immortal Stalker Stalker Adept Immortal Assimilator Adept Stalker Assimilator Pylon Adept Immortal Zealot Nexus Nexus Stargate,42.5,123044
313,1121953,0,41679,17.2994,41679,Probe Zealot RoboticsFacility Probe RoboticsFacility Gateway Adept Stalker RoboticsBay Immortal Immortal Stalker Pylon Adept Pylon Immortal Stalker Probe Pylon Adept Immortal Immortal Zealot Probe Immortal Pylon Adept Immortal TwilightCouncil Adept Gateway Stalker Stargate DarkShrine Nexus Pylon VoidRay Assimilator Gateway Zealot Probe,41.5,123532
326,1169698,0,44143,18.009,44143,Probe Zealot RoboticsFacility Probe RoboticsFacility Gateway Adept Stalker RoboticsBay Immortal Immortal Stalker Pylon Adept Pylon Immortal Stalker Probe Pylon Adept Immortal Immortal Stalker Immortal Pylon Adept TwilightCouncil Stalker Adept Immortal RoboticsFacility Nexus Nexus TemplarArchive Zealot Gateway Pylon,42.25,123639
334,1170490,0,44187,18.0281,44187,Probe Zealot RoboticsFacility Probe RoboticsFacility Gateway Adept Stalker RoboticsBay Immortal Immortal Stalker Pylon Adept Pylon Immortal Stalker Probe Pylon Adept Immortal Immortal Adept Stalker Immortal Stalker Assimilator Assimilator Pylon Colossus TwilightCouncil Stalker Pylon Immortal TemplarArchive Zealot Gateway,44,124645
339,1173617,0,44363,18.0644,44363,Probe Zealot RoboticsFacility Probe RoboticsFacility Gateway Adept Stalker RoboticsBay Immortal Immortal Stalker Pylon Adept Pylon Immortal Stalker Probe Pylon Adept Immortal Immortal Colossus Zealot Pylon Adept Immortal Stalker Pylon Adept Immortal Zealot Zealot Pylon Stargate TwilightCouncil RoboticsFacility Pylon Zealot Pylon Gateway Probe,48.5,125102
415,1332339,0,54475,20.4093,54475,Probe Zealot RoboticsFacility Probe RoboticsFacility Gateway Adept Stalker RoboticsBay Immortal Immortal Stalker Pylon Adept Pylon Immortal Stalker Probe Pylon Adept Immortal Immortal Colossus Zealot Pylon Adept Immortal Assimilator Stalker Stalker Pylon Stalker Immortal Adept Gateway Stargate Gateway Pylon RoboticsFacility,50,125244
438,1394756,0,59955,21.3192,59955,Probe Zealot RoboticsFacility Probe RoboticsFacility Gateway Adept Stalker RoboticsBay Immortal Immortal Stalker Pylon Adept Pylon Immortal Stalker Probe Pylon Adept Immortal Immortal Colossus Zealot Pylon Adept Immortal Assimilator Stalker Stalker Pylon Immortal Zealot Stalker Assimilator Stargate Nexus,49.75,125463
445,1398551,0,60368,21.3727,60368,Probe Zealot RoboticsFacility Probe RoboticsFacility Gateway Adept Stalker RoboticsBay Immortal Immortal Stalker Pylon Adept Pylon Immortal Stalker Probe Pylon Adept Immortal Immortal Colossus Zealot Pylon Adept Immortal Assimilator Stalker Stalker Pylon Immortal Stalker Adept Stargate Assimilator Nexus,50,125592
501,1415179,0,62185,21.6089,62185,Probe Zealot RoboticsFacility Probe RoboticsFacility Gateway Adept Stalker RoboticsBay Immortal Immortal Stalker Pylon Adept Pylon Immortal Stalker Probe Pylon Adept Immortal Immortal Colossus Zealot Pylon Adept Immortal Assimilator Stalker Stalker Pylon Immortal Stalker Stalker Nexus Pylon Assimilator Pylon,50.5,125739
501,1428783,0,63664,21.8119,63664,Probe Zealot RoboticsFacility Probe RoboticsFacility Gateway Adept Stalker RoboticsBay Immortal Immortal Stalker Pylon Adept Pylon Immortal Stalker Probe Pylon Adept Immortal Immortal Colossus Zealot Pylon Adept Immortal Assimilator Stalker Stalker Pylon Immortal Stalker Stalker Stargate Nexus Pylon,50.5,125739
513,1433634,0,64234,21.8874,64234,Probe Zealot RoboticsFacility Probe RoboticsFacility Gateway Adept Stalker RoboticsBay Immortal Immortal Stalker Pylon Adept Pylon Immortal Stalker Probe Pylon Adept Immortal Immortal Colossus Zealot Pylon Adept Immortal Assimilator Stalker Stalker Pylon Immortal Stalker Stalker Gateway Pylon Colossus Stargate,50.5,125739
513,1445963,0,65845,22.0526,65845,Probe Zealot RoboticsFacility Probe RoboticsFacility Gateway Adept Stalker RoboticsBay Immortal Immortal Stalker Pylon Adept Pylon Immortal Stalker Probe Pylon Adept Immortal Immortal Colossus Zealot Pylon Adept Immortal Assimilator Stalker Stalker Pylon Immortal Stalker Stalker Pylon TwilightCouncil Pylon Probe RoboticsFacility Stargate,50.5,125739
513,1447803,0,66097,22.0925,66097,Probe Zealot RoboticsFacility Probe RoboticsFacility Gateway Adept Stalker RoboticsBay Immortal Immortal Stalker Pylon Adept Pylon Immortal Stalker Probe Pylon Adept Immortal Immortal Colossus Zealot Pylon Adept Immortal Assimilator Stalker Stalker Pylon Immortal Stalker Stalker Pylon Zealot Probe Assimilator RoboticsFacility TwilightCouncil Zealot,50.5,125739
524,1448826,0,66251,22.1003,66251,Probe Zealot RoboticsFacility Probe RoboticsFacility Gateway Adept Stalker RoboticsBay Immortal Immortal Stalker Pylon Adept Pylon Immortal Stalker Probe Pylon Adept Immortal Immortal Colossus Zealot Pylon Adept Immortal Assimilator Stalker Stalker Pylon Immortal Stalker Stalker Pylon Immortal Probe RoboticsFacility Assimilator Probe,50.5,125739
524,1454548,0,67089,22.1796,67089,Probe Zealot RoboticsFacility Probe RoboticsFacility Gateway Adept Stalker RoboticsBay Immortal Immortal Stalker Pylon Adept Pylon Immortal Stalker Probe Pylon Adept Immortal Immortal Colossus Zealot Pylon Adept Immortal Assimilator Stalker Stalker Pylon Immortal Stalker Stalker Pylon TwilightCouncil Probe Probe Adept Immortal,50.5,125739
583,1476177,0,70787,22.4863,70787,Probe Zealot RoboticsFacility Probe RoboticsFacility Gateway Adept Stalker RoboticsBay Immortal Immortal Stalker Pylon Adept Pylon Immortal Stalker Probe Pylon Adept Immortal Immortal Colossus Zealot Pylon Adept Immortal Assimilator Stalker Stalker Pylon Immortal Stalker Stalker Pylon Probe Probe Pylon Colossus Adept,50.5,125739
596,1493240,0,73936,22.7258,73936,Probe Zealot RoboticsFacility Probe RoboticsFacility Gateway Adept Stalker RoboticsBay Immortal Immortal Stalker Pylon Adept Pylon Immortal Stalker Probe Pylon Adept Immortal Immortal Colossus Zealot Pylon Adept Immortal Assimilator Stalker Stalker Pylon Immortal Stalker Stalker Pylon Probe Pylon Probe Colossus Stalker,50.5,125739
