0,0,0,0,0,0, ,0,0
0,33,0,1,0.000282,1,TwilightCouncil Stargate Zealot Nexus Probe Adept Adept RoboticsFacility Stargate Pylon Immortal Stalker Stalker RoboticsBay DarkShrine Assimilator Colossus FleetBeacon Mothership Carrier Stalker Stargate Gateway Gateway Assimilator Gateway Pylon Gateway Probe Gateway Probe Pylon,15.75,44265
0,95,0,3,0.000745,3,Stargate VoidRay VoidRay Nexus FleetBeacon Mothership RoboticsFacility Gateway Zealot Pylon Adept Adept Stalker RoboticsFacility Immortal Probe Zealot Immortal Stalker Probe Gateway Probe Pylon Immortal Probe Stalker Pylon Probe Stargate Pylon Adept Probe Nexus Probe,27.75,51198.5
0,300,0,10,0.002205,10,Adept Gateway Gateway TwilightCouncil Stargate Zealot Probe RoboticsFacility Zealot Zealot Assimilator Assimilator RoboticsBay Adept RoboticsFacility Colossus Immortal Stargate Zealot Nexus Adept Pylon Zealot Zealot Adept Probe Nexus DarkShrine Stalker,18.5,52682.5
0,338,0,11,0.002475,11,Zealot Pylon Pylon Stalker Stalker RoboticsFacility Stalker Zealot Zealot Pylon Probe Adept Immortal Stargate Zealot Nexus Stargate Pylon TwilightCouncil RoboticsFacility Probe VoidRay Assimilator Gateway Adept Pylon Nexus RoboticsFacility Gateway Adept Immortal RoboticsBay Gateway Stalker RoboticsFacility Assimilator Probe,24.5,54872
0,368,0,12,0.002686,12,Zealot Assimilator Adept TwilightCouncil Adept Adept Gateway RoboticsFacility Stalker Stalker RoboticsFacility Gateway Stargate Stalker Zealot Pylon TemplarArchive Stalker Immortal Immortal VoidRay Pylon VoidRay Probe FleetBeacon Stalker Nexus Adept Assimilator,30,66874.5
0,703,0,23,0.005088,23,Zealot Adept Zealot Gateway Stargate Assimilator Probe Gateway RoboticsFacility Stalker Probe Immortal Pylon VoidRay VoidRay Immortal Nexus Immortal Gateway Nexus Nexus FleetBeacon TwilightCouncil RoboticsFacility RoboticsFacility RoboticsBay Probe Assimilator,24.25,77804
0,2128,0,69,0.032199,69,Probe Stalker RoboticsFacility Immortal Gateway Zealot Nexus Pylon Immortal RoboticsFacility Assimilator Immortal Gateway Immortal Zealot Stalker Immortal TwilightCouncil Immortal Nexus Immortal Immortal Adept Stargate Gateway Pylon,31.75,90100.8
11,19562,0,630,0.265756,630,Pylon Gateway RoboticsFacility Probe RoboticsFacility Adept Probe Stalker Immortal Stargate Pylon Adept Assimilator Immortal Gateway VoidRay Assimilator VoidRay Stalker Stalker Gateway Gateway Probe VoidRay RoboticsFacility Adept Immortal RoboticsFacility Pylon FleetBeacon Stargate Probe Probe,32.25,91140.2
37,150732,0,4901,2.11622,4901,Pylon Gateway RoboticsFacility Immortal RoboticsFacility Pylon Immortal Immortal Gateway Pylon RoboticsBay Adept Pylon Stalker Adept Probe Colossus Zealot Immortal Immortal Immortal Stalker Assimilator RoboticsFacility Immortal Pylon Assimilator Colossus Stargate Stalker Stalker,38.25,93360
37,152131,0,4949,2.13925,4949,Pylon Gateway RoboticsFacility Stalker Stalker Immortal Immortal Adept Adept Assimilator Immortal Pylon Adept Zealot Assimilator Stalker Probe Probe Zealot Stalker Zealot TwilightCouncil Immortal Probe DarkShrine Gateway Stargate Pylon Stalker Stargate Gateway Probe TemplarArchive Probe Gateway Pylon,30.5,94471.5
59,228516,0,7561,3.23177,7561,Pylon Gateway RoboticsFacility Adept Probe Gateway Stargate Immortal RoboticsFacility VoidRay Pylon Immortal Immortal Immortal VoidRay Immortal TwilightCouncil Immortal Nexus DarkShrine Pylon Immortal Immortal Immortal Gateway RoboticsFacility Pylon Zealot Pylon,35.5,98066.5
85,325923,0,10954,4.65393,10954,Pylon Gateway RoboticsFacility Adept Probe Immortal Adept Adept RoboticsBay Zealot Zealot Colossus RoboticsFacility Gateway Pylon Zealot Stalker Immortal Stalker Immortal Immortal Stargate FleetBeacon RoboticsFacility Assimilator Nexus Nexus RoboticsFacility Gateway Pylon TwilightCouncil Assimilator,30.25,98665.5
111,417504,0,14159,6.00586,14159,Pylon Gateway RoboticsFacility Adept Probe Immortal Adept RoboticsFacility Pylon Stalker Immortal Stargate Immortal VoidRay Assimilator Adept Pylon Immortal Assimilator Zealot Probe VoidRay Zealot Zealot TwilightCouncil Gateway Stargate Pylon RoboticsBay RoboticsFacility Nexus Adept,31.5,102067
140,527350,0,18230,7.67092,18230,Pylon Gateway RoboticsFacility Adept Probe Immortal Adept RoboticsFacility Pylon Pylon Adept Probe Zealot Stalker Immortal Immortal Assimilator Stalker Assimilator Stalker Immortal Immortal Immortal Gateway Stalker RoboticsBay Immortal TwilightCouncil TemplarArchive Gateway RoboticsFacility Probe,38,109642
178,661853,0,23453,9.69558,23453,Pylon Gateway RoboticsFacility Adept Probe Immortal Adept RoboticsFacility Pylon Pylon Adept Adept Stalker Immortal Immortal Immortal Stalker Adept Immortal Gateway RoboticsBay Stargate Adept Assimilator Colossus Probe Pylon Immortal VoidRay Gateway Pylon Nexus Assimilator,42.5,110593
203,711773,0,25436,10.4277,25436,Pylon Gateway RoboticsFacility Adept Probe Immortal Adept RoboticsFacility Pylon Pylon Adept Adept Stalker Immortal Gateway Immortal Stalker Adept Probe Assimilator Immortal Immortal Stalker Immortal Assimilator Immortal TwilightCouncil Pylon Gateway Stalker Nexus Adept,39.5,112430
222,808972,0,29552,11.8426,29552,Pylon Gateway RoboticsFacility Adept Probe Immortal Adept RoboticsFacility Pylon Pylon Adept Adept Stalker Immortal Stalker Stalker Immortal Pylon Immortal Immortal Immortal Immortal TwilightCouncil Stalker Adept Adept Gateway RoboticsFacility DarkShrine Immortal Zealot RoboticsFacility Nexus,41.75,117902
240,860020,0,31838,12.6013,31838,Pylon Gateway RoboticsFacility Adept Probe Immortal Adept RoboticsFacility Pylon Pylon Adept Adept Stalker Immortal Stalker Stalker Immortal Immortal Adept Adept Pylon Stalker RoboticsBay Immortal Zealot Immortal Immortal Stalker Stalker Assimilator Nexus Stargate Stargate Assimilator Pylon,45.25,122232
262,921202,0,34765,13.4776,34765,Pylon Gateway RoboticsFacility Adept Probe Immortal Adept RoboticsFacility Pylon Pylon Adept Adept Stalker Immortal Stalker Stalker Immortal Stalker Immortal RoboticsFacility Immortal Stalker Stalker Immortal Pylon Immortal Assimilator Stalker Zealot Zealot Gateway Assimilator RoboticsFacility RoboticsFacility Gateway,45.5,123413
340,1123216,0,46562,16.483,46562,Pylon Gateway RoboticsFacility Adept Probe Immortal Adept RoboticsFacility Pylon Pylon Adept Adept Stalker Immortal Stalker Stalker Immortal Stalker Immortal RoboticsFacility Immortal Stalker Stalker Stalker Immortal Pylon Pylon Immortal Zealot Stalker Pylon Stalker RoboticsFacility Nexus Stalker,48,123603
353,1158536,0,49151,17.0127,49151,Pylon Gateway RoboticsFacility Adept Probe Immortal Adept RoboticsFacility Pylon Pylon Adept Adept Stalker Immortal Stalker Stalker Immortal Stalker Immortal RoboticsFacility Immortal Stalker Stalker Stalker Immortal Pylon Stalker Immortal Stalker Assimilator TwilightCouncil Pylon Assimilator Zealot Gateway Gateway Probe,47,124356
404,1198422,0,52583,17.5849,52583,Pylon Gateway RoboticsFacility Adept Probe Immortal Adept RoboticsFacility Pylon Pylon Adept Adept Stalker Immortal Stalker Stalker Immortal Stalker Immortal RoboticsFacility Immortal Stalker Stalker Stalker Immortal Pylon Immortal Stalker Stalker TwilightCouncil Gateway TemplarArchive Assimilator Gateway Assimilator Pylon Pylon,47,124572
404,1216006,0,54164,17.8303,54164,Pylon Gateway RoboticsFacility Adept Probe Immortal Adept RoboticsFacility Pylon Pylon Adept Adept Stalker Immortal Stalker Stalker Immortal Stalker Immortal RoboticsFacility Immortal Stalker Stalker Stalker Immortal Pylon Immortal Stalker Stalker Nexus RoboticsBay TwilightCouncil Pylon Pylon Assimilator,47,124572
416,1216637,0,54229,17.8482,54229,Pylon Gateway RoboticsFacility Adept Probe Immortal Adept RoboticsFacility Pylon Pylon Adept Adept Stalker Immortal Stalker Stalker Immortal Stalker Immortal RoboticsFacility Immortal Stalker Stalker Stalker Immortal Pylon Immortal Stalker Stalker Assimilator Nexus Gateway RoboticsBay Assimilator,47,124572
417,1222331,0,54827,17.9277,54827,Pylon Gateway RoboticsFacility Adept Probe Immortal Adept RoboticsFacility Pylon Pylon Adept Adept Stalker Immortal Stalker Stalker Immortal Stalker Immortal RoboticsFacility Immortal Stalker Stalker Stalker Immortal Pylon Immortal Stalker Stalker Nexus RoboticsFacility Nexus,47,124572
417,1223733,0,54975,17.9507,54975,Pylon Gateway RoboticsFacility Adept Probe Immortal Adept RoboticsFacility Pylon Pylon Adept Adept Stalker Immortal Stalker Stalker Immortal Stalker Immortal RoboticsFacility Immortal Stalker Stalker Stalker Immortal Pylon Immortal Stalker Stalker Pylon Pylon Assimilator Nexus Probe TwilightCouncil Probe,47,124572
417,1234578,0,56121,18.1063,56121,Pylon Gateway RoboticsFacility Adept Probe Immortal Adept RoboticsFacility Pylon Pylon Adept Adept Stalker Immortal Stalker Stalker Immortal Stalker Immortal RoboticsFacility Immortal Stalker Stalker Stalker Immortal Pylon Immortal Stalker Stalker Assimilator Stargate Pylon Assimilator Stargate Zealot Probe Adept Probe,47,124572
417,1235095,0,56181,18.1102,56181,Pylon Gateway RoboticsFacility Adept Probe Immortal Adept RoboticsFacility Pylon Pylon Adept Adept Stalker Immortal Stalker Stalker Immortal Stalker Immortal RoboticsFacility Immortal Stalker Stalker Stalker Immortal Pylon Immortal Stalker Stalker Gateway Pylon Stalker Gateway RoboticsBay Probe Stargate Adept,47,124572
429,1236166,0,56301,18.131,56301,Pylon Gateway RoboticsFacility Adept Probe Immortal Adept RoboticsFacility Pylon Pylon Adept Adept Stalker Immortal Stalker Stalker Immortal Stalker Immortal RoboticsFacility Immortal Stalker Stalker Stalker Immortal Pylon Immortal Stalker Stalker Pylon Probe Assimilator Immortal Gateway Stalker TwilightCouncil Probe,47,124572
429,1237912,0,56501,18.1561,56501,Pylon Gateway RoboticsFacility Adept Probe Immortal Adept RoboticsFacility Pylon Pylon Adept Adept Stalker Immortal Stalker Stalker Immortal Stalker Immortal RoboticsFacility Immortal Stalker Stalker Stalker Immortal Pylon Immortal Stalker Stalker Pylon RoboticsFacility Zealot Adept Assimilator Stalker Pylon Pylon Probe Assimilator,48,124694
429,1241160,0,56874,18.1917,56874,Pylon Gateway RoboticsFacility Adept Probe Immortal Adept RoboticsFacility Pylon Pylon Adept Adept Stalker Immortal Stalker Stalker Immortal Stalker Immortal RoboticsFacility Immortal Stalker Stalker Stalker Immortal Pylon Immortal Stalker Stalker Pylon Zealot Probe Nexus Gateway Stargate Probe,48,124694
429,1251448,0,58063,18.3417,58063,Pylon Gateway RoboticsFacility Adept Probe Immortal Adept RoboticsFacility Pylon Pylon Adept Adept Stalker Immortal Stalker Stalker Immortal Stalker Immortal RoboticsFacility Immortal Stalker Stalker Stalker Immortal Pylon Immortal Stalker Stalker Pylon Stargate Probe Zealot Stargate Gateway Adept Probe Assimilator Assimilator,48,124694
437,1253182,0,58295,18.367,58295,Pylon Gateway RoboticsFacility Adept Probe Immortal Adept RoboticsFacility Pylon Pylon Adept Adept Stalker Immortal Stalker Stalker Immortal Stalker Immortal RoboticsFacility Immortal Stalker Stalker Stalker Immortal Pylon Immortal Stalker Stalker Pylon Probe Assimilator Zealot Stargate TwilightCouncil Probe Gateway Stargate,48,124694
437,1254796,0,58511,18.3912,58511,Pylon Gateway RoboticsFacility Adept Probe Immortal Adept RoboticsFacility Pylon Pylon Adept Adept Stalker Immortal Stalker Stalker Immortal Stalker Immortal RoboticsFacility Immortal Stalker Stalker Stalker Immortal Pylon Immortal Stalker Stalker Pylon Zealot Probe TwilightCouncil Probe Stargate Stalker Gateway Probe Pylon,48,124694
437,1261859,0,59448,18.479,59448,Pylon Gateway RoboticsFacility Adept Probe Immortal Adept RoboticsFacility Pylon Pylon Adept Adept Stalker Immortal Stalker Stalker Immortal Stalker Immortal RoboticsFacility Immortal Stalker Stalker Stalker Immortal Pylon Immortal Stalker Stalker Pylon Zealot Probe Adept Probe Nexus Zealot Assimilator,48,124694
492,1268368,0,60313,18.5776,60313,Pylon Gateway RoboticsFacility Adept Probe Immortal Adept RoboticsFacility Pylon Pylon Adept Adept Stalker Immortal Stalker Stalker Immortal Stalker Immortal RoboticsFacility Immortal Stalker Stalker Stalker Immortal Pylon Immortal Stalker Stalker Pylon RoboticsBay Zealot Probe Probe Assimilator Immortal Gateway,48,124694
504,1283723,0,62363,18.7923,62363,Pylon Gateway RoboticsFacility Adept Probe Immortal Adept RoboticsFacility Pylon Pylon Adept Adept Stalker Immortal Stalker Stalker Immortal Stalker Immortal RoboticsFacility Immortal Stalker Stalker Stalker Immortal Pylon Immortal Stalker Stalker Pylon RoboticsBay Probe Zealot Zealot Probe Probe Nexus,48,124694
516,1299155,0,64644,19.0207,64644,Pylon Gateway RoboticsFacility Adept Probe Immortal Adept RoboticsFacility Pylon Pylon Adept Adept Stalker Immortal Stalker Stalker Immortal Stalker Immortal RoboticsFacility Immortal Stalker Stalker Stalker Immortal Pylon Immortal Stalker Stalker Pylon RoboticsBay Probe Zealot Probe Zealot Pylon Probe Stargate Adept Assimilator,48,124694
528,1309449,0,66235,19.1731,66235,Pylon Gateway RoboticsFacility Adept Probe Immortal Adept RoboticsFacility Pylon Pylon Adept Adept Stalker Immortal Stalker Stalker Immortal Stalker Immortal RoboticsFacility Immortal Stalker Stalker Stalker Immortal Pylon Immortal Stalker Stalker Pylon RoboticsBay Probe Zealot Probe Probe Pylon Immortal Gateway,48,124694
528,1310148,0,66355,19.178,66355,Pylon Gateway RoboticsFacility Adept Probe Immortal Adept RoboticsFacility Pylon Pylon Adept Adept Stalker Immortal Stalker Stalker Immortal Stalker Immortal RoboticsFacility Immortal Stalker Stalker Stalker Immortal Pylon Immortal Stalker Stalker Pylon RoboticsBay Probe Zealot Probe Probe Adept Pylon Probe TwilightCouncil Assimilator,48,124694
528,1316401,0,67423,19.2735,67423,Pylon Gateway RoboticsFacility Adept Probe Immortal Adept RoboticsFacility Pylon Pylon Adept Adept Stalker Immortal Stalker Stalker Immortal Stalker Immortal RoboticsFacility Immortal Stalker Stalker Stalker Immortal Pylon Immortal Stalker Stalker Pylon RoboticsBay Probe Zealot Probe Stalker Assimilator Probe Probe RoboticsFacility Pylon,48,124694
528,1320729,0,68175,19.3308,68175,Pylon Gateway RoboticsFacility Adept Probe Immortal Adept RoboticsFacility Pylon Pylon Adept Adept Stalker Immortal Stalker Stalker Immortal Stalker Immortal RoboticsFacility Immortal Stalker Stalker Stalker Immortal Pylon Immortal Stalker Stalker Pylon RoboticsBay Probe Zealot Probe Probe Pylon Probe Zealot Stargate Adept,48,124694
555,1332304,0,70280,19.4902,70280,Pylon Gateway RoboticsFacility Adept Probe Immortal Adept RoboticsFacility Pylon Pylon Adept Adept Stalker Immortal Stalker Stalker Immortal Stalker Immortal RoboticsFacility Immortal Stalker Stalker Stalker Immortal Pylon Immortal Stalker Stalker Pylon RoboticsBay Probe Zealot Probe Probe Probe Pylon RoboticsFacility Stalker Adept,48,124694
555,1333147,0,70434,19.5092,70434,Pylon Gateway RoboticsFacility Adept Probe Immortal Adept RoboticsFacility Pylon Pylon Adept Adept Stalker Immortal Stalker Stalker Immortal Stalker Immortal RoboticsFacility Immortal Stalker Stalker Stalker Immortal Pylon Immortal Stalker Stalker Pylon RoboticsBay Probe Zealot Probe Probe Probe Pylon Adept Immortal,48,124694
