0,0,0,0,0,0, ,0,0
0,32,0,1,0.000258,1,Assimilator Probe Probe Gateway Assimilator RoboticsFacility Adept Pylon RoboticsFacility RoboticsBay Gateway Zealot Gateway Gateway Probe Pylon Gateway TwilightCouncil Stalker Zealot Immortal Probe Gateway TemplarArchive Stargate Stalker FleetBeacon Adept Mothership DarkShrine Carrier,11.75,30017
0,61,0,2,0.000474,2,Stalker TwilightCouncil Gateway DarkShrine Stalker Stalker Nexus Gateway Assimilator RoboticsFacility Immortal RoboticsBay Nexus Stalker Colossus RoboticsFacility Gateway Pylon Colossus RoboticsFacility Stalker Gateway Adept Zealot Assimilator TemplarArchive DarkTemplar Probe,24.75,55263
0,119,0,4,0.000885,4,RoboticsFacility Zealot RoboticsFacility Stalker Immortal Pylon Adept Nexus RoboticsBay Nexus Colossus Pylon Gateway Zealot Immortal TwilightCouncil Zealot TemplarArchive Immortal Colossus Stargate Assimilator Stargate Colossus Nexus RoboticsFacility,27.25,74700
0,5660,0,187,0.087732,187,RoboticsFacility Stalker TwilightCouncil Immortal Nexus Immortal TemplarArchive Zealot Stalker Stalker RoboticsBay Stalker RoboticsFacility Immortal Assimilator Nexus Stalker RoboticsFacility Immortal Immortal Assimilator RoboticsFacility Adept Immortal Immortal,29.75,79872
11,15832,0,515,0.240405,515,Gateway Stargate RoboticsFacility VoidRay Immortal VoidRay Stalker Probe Zealot Pylon RoboticsFacility Stalker RoboticsFacility Assimilator RoboticsFacility RoboticsBay Probe VoidRay Gateway Immortal Gateway Gateway Stargate Stalker Gateway Probe Pylon TwilightCouncil Adept Gateway Zealot Stargate Probe Pylon VoidRay Adept,28,81151
11,23610,0,762,0.361301,762,Gateway Stalker Stalker Pylon Stargate VoidRay Zealot Stargate Zealot Adept Gateway Zealot Gateway Pylon Gateway RoboticsFacility Adept Stalker VoidRay Nexus FleetBeacon VoidRay Immortal Nexus Assimilator Zealot RoboticsBay Assimilator TwilightCouncil Immortal,27.5,81877.2
11,26108,0,843,0.397673,843,RoboticsFacility Nexus Stalker Stargate Stargate Pylon Adept VoidRay Assimilator Stalker Probe VoidRay Probe Zealot TwilightCouncil Assimilator Immortal Pylon VoidRay Stalker VoidRay RoboticsBay TemplarArchive Probe VoidRay Pylon Zealot Gateway DarkShrine Gateway Probe,32.25,81921.2
11,31563,0,1020,0.48318,1020,Gateway RoboticsFacility Zealot Stalker RoboticsBay Pylon Stalker Assimilator Stalker Colossus Stalker RoboticsFacility Adept Immortal Immortal RoboticsFacility Probe Adept Assimilator Stalker Gateway Gateway Pylon Probe Pylon Colossus Stalker Colossus TwilightCouncil Probe Pylon,31.5,87016.2
11,34405,0,1111,0.521831,1111,Gateway Stargate Probe Gateway Stalker VoidRay Stalker VoidRay Stalker Adept Pylon Assimilator Stalker Adept Stargate Gateway Zealot Gateway FleetBeacon Carrier Pylon Adept Gateway RoboticsFacility TwilightCouncil Immortal Adept Zealot DarkShrine RoboticsFacility Nexus,31.75,88523.8
16,53822,0,1749,0.819954,1749,Gateway Stalker Stalker Nexus Zealot RoboticsFacility Pylon Stalker Immortal Stalker Adept Gateway Adept Immortal Pylon Zealot Stalker Gateway Zealot Stalker Adept Assimilator Gateway Nexus Immortal Pylon Assimilator Zealot RoboticsFacility Stargate Pylon Zealot Probe,29.5,92940.2
38,152487,0,5017,2.34348,5017,Gateway Stalker RoboticsFacility Gateway Stalker Probe Adept Immortal Adept Adept Pylon Pylon Assimilator Immortal Pylon Adept TwilightCouncil Stalker Stalker Zealot RoboticsBay Zealot Zealot TemplarArchive Adept Gateway Probe Nexus Probe DarkShrine Stargate FleetBeacon Stargate Stargate Probe Zealot Pylon Probe,23.75,93851.8
38,160327,0,5279,2.44859,5279,Gateway Stalker RoboticsFacility RoboticsFacility Immortal RoboticsBay Stalker Zealot Stalker Immortal Immortal Pylon Adept Pylon Immortal Colossus Immortal Adept Stargate Stargate Probe TwilightCouncil RoboticsFacility DarkShrine Nexus Assimilator Nexus Nexus,32.5,105919
191,599380,0,22625,9.63903,22625,Gateway Stalker RoboticsFacility RoboticsFacility Immortal RoboticsBay Stalker Zealot Stalker Immortal Immortal Pylon Immortal Pylon Zealot Immortal RoboticsFacility Assimilator Stalker Zealot Immortal Assimilator Pylon Adept Adept Gateway Adept Stargate Pylon Stargate Zealot Probe,36.25,109728
191,608697,0,23073,9.77,23073,Gateway Stalker RoboticsFacility RoboticsFacility Immortal RoboticsBay Stalker Zealot Stalker Immortal Immortal Pylon Stalker Stalker Pylon Pylon Colossus Stalker Adept Immortal Stalker Probe Nexus Assimilator Stalker RoboticsFacility Nexus Gateway Immortal Assimilator Probe,36.25,111103
206,635513,0,24381,10.0498,24381,Gateway Stalker RoboticsFacility RoboticsFacility Immortal RoboticsBay Stalker Zealot Stalker Immortal Immortal Pylon Zealot Probe Stalker Immortal Stalker Pylon Zealot Immortal Stalker TwilightCouncil Pylon Immortal Zealot Stargate DarkShrine RoboticsFacility Assimilator Gateway Assimilator Probe Pylon Colossus Zealot Gateway,37,115838
256,803146,0,32900,11.9035,32900,Gateway Stalker RoboticsFacility RoboticsFacility Immortal RoboticsBay Stalker Zealot Stalker Immortal Immortal Pylon Zealot Probe Stalker Immortal Pylon Colossus Stalker Zealot Pylon Pylon Immortal Immortal Assimilator Adept Nexus Assimilator Pylon Immortal Pylon Pylon,40.5,116206
256,804122,0,32953,11.9106,32953,Gateway Stalker RoboticsFacility RoboticsFacility Immortal RoboticsBay Stalker Zealot Stalker Immortal Immortal Pylon Zealot Probe Stalker Immortal Pylon Stalker Immortal Adept Pylon RoboticsFacility Adept Immortal Stalker TwilightCouncil Stalker RoboticsFacility Nexus Pylon Zealot TemplarArchive Zealot Probe Assimilator Assimilator,39.25,117666
280,861017,0,36159,12.7379,36159,Gateway Stalker RoboticsFacility RoboticsFacility Immortal RoboticsBay Stalker Zealot Stalker Immortal Immortal Pylon Zealot Probe Stalker Immortal Pylon Stalker Stalker Immortal Zealot Pylon Immortal Nexus Adept Pylon Adept Assimilator Stalker Probe Assimilator Colossus Immortal,40.25,117708
289,865480,0,36425,12.7964,36425,Gateway Stalker RoboticsFacility RoboticsFacility Immortal RoboticsBay Stalker Zealot Stalker Immortal Immortal Pylon Zealot Probe Stalker Immortal Pylon Stalker Stalker Immortal Pylon Pylon Immortal Immortal Gateway Zealot Colossus TwilightCouncil Gateway RoboticsFacility Probe DarkShrine Gateway Probe Assimilator,39.75,118126
289,884543,0,37548,13.0764,37548,Gateway Stalker RoboticsFacility RoboticsFacility Immortal RoboticsBay Stalker Zealot Stalker Immortal Immortal Pylon Zealot Probe Stalker Immortal Pylon Stalker Immortal Stalker Pylon Stalker Assimilator Colossus Pylon Stalker Immortal Adept Adept Stargate RoboticsFacility RoboticsFacility RoboticsFacility,46,120441
312,945270,0,41529,13.9295,41529,Gateway Stalker RoboticsFacility RoboticsFacility Immortal RoboticsBay Stalker Zealot Stalker Immortal Immortal Pylon Zealot Probe Stalker Immortal Pylon Stalker Immortal Stalker Pylon Immortal Adept Pylon Pylon Stalker Immortal Zealot Assimilator Probe Gateway TwilightCouncil Zealot Pylon RoboticsFacility Stalker Probe,43.75,120736
323,954796,0,42179,14.0765,42179,Gateway Stalker RoboticsFacility RoboticsFacility Immortal RoboticsBay Stalker Zealot Stalker Immortal Immortal Pylon Zealot Probe Stalker Immortal Pylon Stalker Immortal Stalker Pylon Stalker Immortal Immortal Pylon Gateway Adept Probe Nexus Adept Stalker RoboticsFacility Stargate Probe Assimilator,43,121183
326,956502,0,42296,14.1021,42296,Gateway Stalker RoboticsFacility RoboticsFacility Immortal RoboticsBay Stalker Zealot Stalker Immortal Immortal Pylon Zealot Probe Stalker Immortal Pylon Stalker Immortal Stalker Pylon Stalker Immortal Stalker Pylon Immortal Adept Gateway Gateway Zealot Gateway RoboticsFacility Adept TwilightCouncil Stargate,44.5,122690
351,1033188,0,48107,15.2193,48107,Gateway Stalker RoboticsFacility RoboticsFacility Immortal RoboticsBay Stalker Zealot Stalker Immortal Immortal Pylon Zealot Probe Stalker Immortal Pylon Stalker Immortal Stalker Pylon Stalker Immortal Stalker Zealot Pylon Assimilator Immortal Stalker Stargate RoboticsFacility Zealot Assimilator RoboticsFacility Pylon,45,122922
362,1034671,0,48239,15.2432,48239,Gateway Stalker RoboticsFacility RoboticsFacility Immortal RoboticsBay Stalker Zealot Stalker Immortal Immortal Pylon Zealot Probe Stalker Immortal Pylon Stalker Immortal Stalker Pylon Stalker Immortal Stalker Zealot Pylon Immortal Adept Probe TwilightCouncil Probe Nexus Nexus,44.5,123005
362,1040394,0,48748,15.3231,48748,Gateway Stalker RoboticsFacility RoboticsFacility Immortal RoboticsBay Stalker Zealot Stalker Immortal Immortal Pylon Zealot Probe Stalker Immortal Pylon Stalker Immortal Stalker Pylon Stalker Immortal Stalker Pylon Adept Immortal Zealot Probe Assimilator Gateway Stargate Nexus TwilightCouncil,44.5,123226
362,1040583,0,48764,15.3245,48764,Gateway Stalker RoboticsFacility RoboticsFacility Immortal RoboticsBay Stalker Zealot Stalker Immortal Immortal Pylon Zealot Probe Stalker Immortal Pylon Stalker Immortal Stalker Pylon Stalker Immortal Stalker Adept Pylon Immortal Zealot Assimilator Gateway Zealot Gateway Stargate RoboticsFacility Assimilator,45.5,123423
362,1042751,0,48957,15.366,48957,Gateway Stalker RoboticsFacility RoboticsFacility Immortal RoboticsBay Stalker Zealot Stalker Immortal Immortal Pylon Zealot Probe Stalker Immortal Pylon Stalker Immortal Stalker Pylon Stalker Immortal Stalker Adept Pylon Immortal Zealot Assimilator Assimilator Zealot Stargate Gateway TwilightCouncil Pylon,45.5,123518
362,1050820,0,49674,15.4744,49674,Gateway Stalker RoboticsFacility RoboticsFacility Immortal RoboticsBay Stalker Zealot Stalker Immortal Immortal Pylon Zealot Probe Stalker Immortal Pylon Stalker Immortal Stalker Pylon Stalker Immortal Stalker Pylon Stalker Immortal Adept Stargate RoboticsFacility RoboticsFacility Nexus Zealot,45.25,123653
375,1060283,0,50532,15.6092,50532,Gateway Stalker RoboticsFacility RoboticsFacility Immortal RoboticsBay Stalker Zealot Stalker Immortal Immortal Pylon Zealot Probe Stalker Immortal Pylon Stalker Immortal Stalker Pylon Stalker Immortal Stalker Pylon Stalker Stalker Immortal Zealot Nexus Assimilator Stargate TwilightCouncil Assimilator,46.75,123970
375,1078036,0,52184,15.8698,52184,Gateway Stalker RoboticsFacility RoboticsFacility Immortal RoboticsBay Stalker Zealot Stalker Immortal Immortal Pylon Zealot Probe Stalker Immortal Pylon Stalker Immortal Stalker Pylon Stalker Immortal Stalker Pylon Stalker Immortal Adept TwilightCouncil Stalker Pylon RoboticsFacility Nexus Probe,47,124080
375,1078134,0,52194,15.8706,52194,Gateway Stalker RoboticsFacility RoboticsFacility Immortal RoboticsBay Stalker Zealot Stalker Immortal Immortal Pylon Zealot Probe Stalker Immortal Pylon Stalker Immortal Stalker Pylon Stalker Immortal Stalker Pylon Stalker Immortal Stalker Zealot Stargate Gateway Gateway TwilightCouncil Pylon Pylon,46.75,124354
388,1078637,0,52244,15.8875,52244,Gateway Stalker RoboticsFacility RoboticsFacility Immortal RoboticsBay Stalker Zealot Stalker Immortal Immortal Pylon Zealot Probe Stalker Immortal Pylon Stalker Immortal Stalker Pylon Stalker Immortal Stalker Pylon Stalker Immortal Stalker Stalker Gateway Stargate Stargate Gateway Gateway Assimilator,47.5,124588
388,1088650,0,53234,16.0247,53234,Gateway Stalker RoboticsFacility RoboticsFacility Immortal RoboticsBay Stalker Zealot Stalker Immortal Immortal Pylon Zealot Probe Stalker Immortal Pylon Stalker Immortal Stalker Pylon Stalker Immortal Stalker Pylon Stalker Immortal Stalker Stalker Stargate Nexus TwilightCouncil Pylon,47.5,124588
400,1099165,0,54340,16.2071,54340,Gateway Stalker RoboticsFacility RoboticsFacility Immortal RoboticsBay Stalker Zealot Stalker Immortal Immortal Pylon Zealot Probe Stalker Immortal Pylon Stalker Immortal Stalker Pylon Stalker Immortal Stalker Pylon Stalker Immortal Stalker Stalker Nexus Pylon Stalker Zealot Assimilator,47.5,124588
400,1108959,0,55478,16.3401,55478,Gateway Stalker RoboticsFacility RoboticsFacility Immortal RoboticsBay Stalker Zealot Stalker Immortal Immortal Pylon Zealot Probe Stalker Immortal Pylon Stalker Immortal Stalker Pylon Stalker Immortal Stalker Pylon Stalker Immortal Stalker Stalker Gateway Pylon Adept TwilightCouncil Probe Adept Stargate Probe,47.5,124588
411,1117762,0,56558,16.4673,56558,Gateway Stalker RoboticsFacility RoboticsFacility Immortal RoboticsBay Stalker Zealot Stalker Immortal Immortal Pylon Zealot Probe Stalker Immortal Pylon Stalker Immortal Stalker Pylon Stalker Immortal Stalker Pylon Stalker Immortal Stalker Stalker Pylon Pylon Immortal Probe TwilightCouncil Adept Assimilator,47.5,124588
411,1127844,0,57857,16.6061,57857,Gateway Stalker RoboticsFacility RoboticsFacility Immortal RoboticsBay Stalker Zealot Stalker Immortal Immortal Pylon Zealot Probe Stalker Immortal Pylon Stalker Immortal Stalker Pylon Stalker Immortal Stalker Pylon Stalker Immortal Stalker Stalker Assimilator Pylon Assimilator Stalker Probe Immortal Probe,47.5,124588
418,1129670,0,58111,16.6539,58111,Gateway Stalker RoboticsFacility RoboticsFacility Immortal RoboticsBay Stalker Zealot Stalker Immortal Immortal Pylon Zealot Probe Stalker Immortal Pylon Stalker Immortal Stalker Pylon Stalker Immortal Stalker Pylon Stalker Immortal Stalker Stalker Pylon Adept Probe RoboticsFacility Zealot Probe Probe Assimilator Stargate,47.5,124588
418,1136939,0,59224,16.7873,59224,Gateway Stalker RoboticsFacility RoboticsFacility Immortal RoboticsBay Stalker Zealot Stalker Immortal Immortal Pylon Zealot Probe Stalker Immortal Pylon Stalker Immortal Stalker Pylon Stalker Immortal Stalker Pylon Stalker Immortal Stalker Stalker Pylon Probe Zealot Stalker Probe Probe Probe Pylon TwilightCouncil Assimilator,47.5,124588
474,1144870,1,60453,16.9303,60453,Gateway Stalker RoboticsFacility RoboticsFacility Immortal RoboticsBay Stalker Zealot Stalker Immortal Immortal Pylon Zealot Probe Stalker Immortal Pylon Stalker Immortal Stalker Pylon Stalker Immortal Stalker Pylon Stalker Immortal Stalker Stalker Pylon Gateway Probe Probe TwilightCouncil Probe Immortal,47.5,124588
474,1154170,1,61905,17.1084,61905,Gateway Stalker RoboticsFacility RoboticsFacility Immortal RoboticsBay Stalker Zealot Stalker Immortal Immortal Pylon Zealot Probe Stalker Immortal Pylon Stalker Immortal Stalker Pylon Stalker Immortal Stalker Pylon Stalker Immortal Stalker Stalker Pylon Probe TwilightCouncil Probe Pylon Probe Colossus Probe,47.5,124588
474,1155593,1,62128,17.1407,62128,Gateway Stalker RoboticsFacility RoboticsFacility Immortal RoboticsBay Stalker Zealot Stalker Immortal Immortal Pylon Zealot Probe Stalker Immortal Pylon Stalker Immortal Stalker Pylon Stalker Immortal Stalker Pylon Stalker Immortal Stalker Stalker Pylon Probe Probe Zealot Pylon Adept Probe Colossus,47.5,124588
487,1156346,1,62248,17.1673,62248,Gateway Stalker RoboticsFacility RoboticsFacility Immortal RoboticsBay Stalker Zealot Stalker Immortal Immortal Pylon Zealot Probe Stalker Immortal Pylon Stalker Immortal Stalker Pylon Stalker Immortal Stalker Pylon Stalker Immortal Stalker Stalker Pylon Probe Assimilator Probe Pylon Stalker Probe Probe RoboticsFacility Pylon,47.5,124588
487,1157369,1,62414,17.1881,62414,Gateway Stalker RoboticsFacility RoboticsFacility Immortal RoboticsBay Stalker Zealot Stalker Immortal Immortal Pylon Zealot Probe Stalker Immortal Pylon Stalker Immortal Stalker Pylon Stalker Immortal Stalker Pylon Stalker Immortal Stalker Stalker Pylon Probe Probe Probe Immortal Probe TwilightCouncil Assimilator,47.5,124588
500,1176906,1,65623,17.6096,65623,Gateway Stalker RoboticsFacility RoboticsFacility Immortal RoboticsBay Stalker Zealot Stalker Immortal Immortal Pylon Zealot Probe Stalker Immortal Pylon Stalker Immortal Stalker Pylon Stalker Immortal Stalker Pylon Stalker Immortal Stalker Stalker Pylon Probe Probe Assimilator Pylon Probe Probe Colossus Assimilator,47.5,124588
555,1211559,6,72976,18.1532,72976,Gateway Stalker RoboticsFacility RoboticsFacility Immortal RoboticsBay Stalker Zealot Stalker Immortal Immortal Pylon Zealot Probe Stalker Immortal Pylon Stalker Immortal Stalker Pylon Stalker Immortal Stalker Pylon Stalker Immortal Stalker Stalker Pylon Probe Probe Assimilator Pylon Probe Probe Colossus Probe,47.5,124588
