0,0,0,0,0,0, ,0,0
0,27,0,1,0.000225,1,Adept Nexus Stalker Pylon Pylon Gateway Probe RoboticsFacility Gateway Immortal Adept Gateway Gateway Stargate FleetBeacon Assimilator Immortal RoboticsBay Assimilator Assimilator Adept Carrier Nexus Tempest Zealot Pylon,19,51162
0,66,0,2,0.000536,2,RoboticsFacility RoboticsFacility Immortal Probe Nexus Immortal Adept Stalker Immortal Immortal TwilightCouncil Pylon Adept Stargate Stalker Pylon Pylon Pylon Pylon Probe TemplarArchive Probe Probe FleetBeacon Stalker Nexus DarkShrine Tempest Probe Nexus Probe Adept RoboticsFacility Assimilator Gateway Probe Pylon Probe,22.75,83385.5
9,12467,0,399,0.164695,399,Pylon Zealot Gateway Zealot Gateway RoboticsFacility Gateway Stalker Adept Adept Immortal Stalker RoboticsBay Immortal Adept Pylon Nexus RoboticsFacility Immortal Assimilator Zealot Probe Stalker Nexus Adept Assimilator Pylon Stargate VoidRay Zealot Probe Adept Probe Probe,24.5,84512.2
22,91226,0,2945,1.27353,2945,Pylon Stalker Pylon RoboticsFacility Stalker Gateway Immortal Zealot Stalker Probe Assimilator RoboticsBay Gateway Stalker Gateway TwilightCouncil Immortal Zealot Stalker Zealot Stalker Probe Zealot Stargate Adept Stargate FleetBeacon Carrier Probe DarkShrine TemplarArchive Nexus Gateway,23.25,85831.5
23,111560,0,3604,1.559,3604,Pylon Stalker Probe Gateway Probe RoboticsFacility Adept RoboticsFacility Immortal RoboticsBay RoboticsFacility Adept Assimilator Immortal Stalker Probe Stalker Immortal Immortal Nexus Colossus Pylon TwilightCouncil Pylon RoboticsFacility Immortal Gateway Stargate Gateway TemplarArchive Colossus Gateway Pylon,31.5,88220.8
30,120901,0,3910,1.69093,3910,Pylon RoboticsFacility Stalker Gateway Immortal TwilightCouncil Zealot Immortal Probe Stalker Probe Stalker Assimilator Stalker Immortal Nexus Probe Probe Pylon Gateway RoboticsFacility Zealot Adept Zealot Zealot Nexus Immortal Nexus Probe RoboticsBay Gateway Probe Nexus Probe,27.25,89537
43,169667,0,5583,2.39501,5583,Pylon RoboticsFacility Stalker Gateway Probe Pylon Immortal Stalker Zealot Assimilator Probe Immortal RoboticsBay Zealot Assimilator Stargate Gateway Immortal Zealot Stalker Stalker Colossus Stargate Immortal FleetBeacon Nexus Gateway Pylon,30,89848
43,173252,0,5711,2.44695,5711,Pylon RoboticsFacility Stalker Immortal Immortal RoboticsBay Gateway RoboticsFacility Stalker Immortal Stalker Stargate Pylon Adept RoboticsFacility Immortal Stalker Probe VoidRay Stalker Immortal Probe Stargate Stargate Gateway RoboticsFacility Assimilator Probe Nexus Pylon Gateway Assimilator Gateway Pylon Pylon,32.75,90440.5
56,199410,0,6616,2.83209,6616,Pylon RoboticsFacility Stalker Gateway Pylon Adept Immortal TwilightCouncil Stalker Pylon Gateway Gateway TemplarArchive Stalker Immortal Probe DarkShrine Adept Immortal Stalker Stalker Adept DarkTemplar Gateway Adept Immortal Adept Immortal RoboticsBay RoboticsFacility Zealot Nexus Probe Assimilator Assimilator Probe RoboticsFacility,36.25,95148
83,312134,0,10651,4.50677,10651,Pylon RoboticsFacility Stalker Gateway Pylon Stalker Immortal RoboticsFacility Immortal Stalker Stalker Assimilator Gateway RoboticsBay Pylon Zealot Immortal Assimilator Immortal Zealot Immortal Zealot Adept Stargate Zealot Gateway RoboticsFacility Gateway Probe Probe,31,96691
83,320572,0,10960,4.6347,10960,Pylon RoboticsFacility Stalker Gateway Pylon Adept Zealot Immortal Probe Adept Stalker Pylon Stalker Immortal Immortal Assimilator Stalker Probe Zealot Adept Probe Zealot Zealot Stargate FleetBeacon Assimilator Immortal Gateway VoidRay RoboticsBay Gateway Stalker Stargate TwilightCouncil Nexus,35.5,98341.8
97,364287,0,12553,5.28522,12553,Pylon RoboticsFacility Stalker Gateway Pylon Adept Stalker Zealot Immortal Immortal Pylon Gateway Adept Pylon Adept Stargate Stalker Probe Probe RoboticsFacility Immortal RoboticsFacility VoidRay Adept Assimilator Stalker Immortal Probe Immortal Nexus Immortal Immortal Adept Pylon,35.75,100602
97,373547,0,12889,5.40838,12889,Pylon RoboticsFacility Stalker Gateway Pylon Adept Immortal RoboticsBay Zealot Immortal RoboticsFacility Stalker Assimilator Zealot Immortal Colossus Stalker Stalker Pylon Stalker Nexus Pylon Assimilator Stalker Stalker TwilightCouncil Colossus DarkShrine Probe,31.75,102385
97,388126,0,13428,5.63344,13428,Pylon RoboticsFacility Stalker Gateway Pylon Adept Immortal RoboticsBay Adept Colossus RoboticsFacility Zealot Probe Immortal Adept Nexus Stalker Immortal Zealot Colossus Zealot Immortal Stalker Stalker Stalker TwilightCouncil RoboticsFacility TemplarArchive Assimilator Adept Assimilator Gateway Gateway Probe Gateway,40.5,102492
111,431101,0,15077,6.28174,15077,Pylon RoboticsFacility Stalker Gateway Pylon Adept Immortal Stalker Adept Stargate Zealot RoboticsBay VoidRay Pylon Stalker Adept Stalker Gateway Stalker VoidRay Assimilator Probe Assimilator Stalker Colossus Adept Zealot FleetBeacon Probe Zealot TwilightCouncil Probe Nexus,35.25,105496
114,455210,0,16014,6.64464,16014,Pylon RoboticsFacility Stalker Gateway Pylon Adept Immortal Stalker Probe RoboticsFacility Immortal Zealot Adept Immortal Immortal Immortal RoboticsFacility Adept Stalker Probe Assimilator Stalker RoboticsFacility Gateway Gateway Assimilator Pylon Immortal Pylon RoboticsBay Stalker Colossus TwilightCouncil Probe,36,112899
139,555137,0,19901,8.12565,19901,Pylon RoboticsFacility Stalker Gateway Pylon Adept Immortal Stalker Probe RoboticsFacility Pylon Gateway Adept Immortal Stalker Immortal Adept Adept Zealot Probe Immortal Zealot Zealot Immortal Adept Pylon Adept Gateway Immortal Stargate Probe VoidRay Assimilator RoboticsFacility Stargate RoboticsBay Pylon Gateway Gateway Probe,38.25,116179
242,848715,0,32434,12.5323,32434,Pylon RoboticsFacility Stalker Gateway Pylon Adept Immortal Stalker Probe RoboticsFacility Pylon Gateway Adept Immortal Stalker Immortal Adept Pylon Stalker Immortal Adept Stalker Immortal Stalker Stalker Zealot Pylon Gateway Pylon Nexus RoboticsFacility Zealot Stalker Assimilator Probe RoboticsBay Pylon Probe Probe,38,116731
254,884960,0,34268,13.0652,34268,Pylon RoboticsFacility Stalker Gateway Pylon Adept Immortal Stalker Probe RoboticsFacility Pylon Gateway Adept Immortal Stalker Immortal Adept Immortal Stalker Stalker Immortal Zealot Zealot Pylon Pylon Immortal Immortal Gateway Stargate RoboticsBay VoidRay Stalker FleetBeacon Zealot,40.75,119016
268,939002,0,37133,13.8763,37133,Pylon RoboticsFacility Stalker Gateway Pylon Adept Immortal Stalker Probe RoboticsFacility Pylon Gateway Adept Immortal Stalker Immortal Adept Immortal Probe Stalker Immortal Zealot Immortal Pylon Zealot Stalker Gateway Stalker Assimilator Assimilator Probe Stalker Nexus Adept Zealot RoboticsBay Pylon,40.5,119488
281,964192,0,38510,14.2603,38510,Pylon RoboticsFacility Stalker Gateway Pylon Adept Immortal Stalker Probe RoboticsFacility Pylon Gateway Adept Immortal Stalker Immortal Adept Immortal Probe Adept Immortal Immortal Stalker Immortal Pylon RoboticsBay Zealot Zealot Zealot Nexus Gateway Adept Gateway Assimilator Pylon Stargate Assimilator,42.5,119933
307,1043491,0,42947,15.44,42947,Pylon RoboticsFacility Stalker Gateway Pylon Adept Immortal Stalker Probe RoboticsFacility Pylon Gateway Adept Immortal Stalker Immortal Adept Immortal Probe Adept Immortal Immortal Immortal Stalker Pylon Stalker Zealot Gateway TwilightCouncil Stalker Nexus TemplarArchive Stargate RoboticsBay Adept Probe,42.75,119985
307,1050716,0,43381,15.5584,43381,Pylon RoboticsFacility Stalker Gateway Pylon Adept Immortal Stalker Probe RoboticsFacility Pylon Gateway Adept Immortal Stalker Immortal Adept Immortal Probe Adept Immortal Adept Immortal Adept Pylon Stalker Zealot Stalker TwilightCouncil Stalker Probe Adept RoboticsBay Gateway DarkShrine Pylon Colossus Zealot Assimilator Pylon,42.75,121517
333,1110014,0,47218,16.4234,47218,Pylon RoboticsFacility Stalker Gateway Pylon Adept Immortal Stalker Probe RoboticsFacility Pylon Gateway Adept Immortal Stalker Immortal Adept Immortal Probe Adept Immortal Adept Immortal Adept Pylon Immortal Stalker Immortal Nexus RoboticsBay Nexus Probe Assimilator Assimilator,44.5,121570
333,1113750,0,47482,16.4764,47482,Pylon RoboticsFacility Stalker Gateway Pylon Adept Immortal Stalker Probe RoboticsFacility Pylon Gateway Adept Immortal Stalker Immortal Adept Immortal Probe Adept Immortal Adept Immortal Pylon Zealot Stalker Immortal Stalker Pylon Stalker Stargate FleetBeacon Adept Stargate Nexus,44,122119
333,1120118,0,47925,16.5746,47925,Pylon RoboticsFacility Stalker Gateway Pylon Adept Immortal Stalker Probe RoboticsFacility Pylon Gateway Adept Immortal Stalker Immortal Adept Immortal Probe Adept Immortal Adept Immortal Adept Adept Pylon Immortal Stalker Stalker RoboticsBay Stargate TwilightCouncil Probe Stargate Gateway Gateway Gateway Assimilator Assimilator,43.75,122246
367,1178039,0,52290,17.4195,52290,Pylon RoboticsFacility Stalker Gateway Pylon Adept Immortal Stalker Probe RoboticsFacility Pylon Gateway Adept Immortal Stalker Immortal Adept Immortal Probe Adept Immortal Adept Immortal Adept Adept Pylon Stalker Stalker Pylon Stalker Assimilator Stargate Stalker Adept Zealot Immortal RoboticsBay Gateway,45.75,122450
380,1220404,0,55728,18.0301,55728,Pylon RoboticsFacility Stalker Gateway Pylon Adept Immortal Stalker Probe RoboticsFacility Pylon Gateway Adept Immortal Stalker Immortal Adept Immortal Probe Adept Immortal Adept Immortal Adept Adept Pylon Stalker Immortal Stalker Pylon RoboticsBay Probe Stalker Stargate Pylon Probe Stargate Stalker Assimilator Zealot Assimilator,45.5,122593
380,1225472,0,56180,18.1069,56180,Pylon RoboticsFacility Stalker Gateway Pylon Adept Immortal Stalker Probe RoboticsFacility Pylon Gateway Adept Immortal Stalker Immortal Adept Immortal Probe Adept Immortal Adept Immortal Adept Adept Pylon Stalker Immortal Adept Probe Pylon Zealot Adept Zealot Nexus Probe Probe Pylon Assimilator TwilightCouncil,46.5,122600
392,1229112,0,56534,18.1587,56534,Pylon RoboticsFacility Stalker Gateway Pylon Adept Immortal Stalker Probe RoboticsFacility Pylon Gateway Adept Immortal Stalker Immortal Adept Immortal Probe Adept Immortal Adept Immortal Adept Adept Pylon Stalker Immortal Pylon Zealot Adept Stalker Adept Stargate Pylon Stalker TwilightCouncil Stargate Assimilator Assimilator,47.25,122790
392,1232136,0,56827,18.2058,56827,Pylon RoboticsFacility Stalker Gateway Pylon Adept Immortal Stalker Probe RoboticsFacility Pylon Gateway Adept Immortal Stalker Immortal Adept Immortal Probe Adept Immortal Adept Immortal Adept Adept Pylon Stalker Immortal Pylon Stalker Zealot Stalker Adept Gateway Zealot Stargate Gateway TwilightCouncil Assimilator,47.75,123050
392,1239488,0,57542,18.3091,57542,Pylon RoboticsFacility Stalker Gateway Pylon Adept Immortal Stalker Probe RoboticsFacility Pylon Gateway Adept Immortal Stalker Immortal Adept Immortal Probe Adept Immortal Adept Immortal Adept Adept Pylon Stalker Immortal Pylon Stalker Stalker Adept Gateway RoboticsBay Probe Probe Assimilator Gateway Gateway Gateway,46.75,123108
405,1254503,0,59051,18.5226,59051,Pylon RoboticsFacility Stalker Gateway Pylon Adept Immortal Stalker Probe RoboticsFacility Pylon Gateway Adept Immortal Stalker Immortal Adept Immortal Probe Adept Immortal Adept Immortal Adept Adept Pylon Stalker Immortal Pylon Stalker Stalker Adept Adept RoboticsFacility Zealot Assimilator Assimilator Nexus,48,123132
405,1260551,0,59677,18.6052,59677,Pylon RoboticsFacility Stalker Gateway Pylon Adept Immortal Stalker Probe RoboticsFacility Pylon Gateway Adept Immortal Stalker Immortal Adept Immortal Probe Adept Immortal Adept Immortal Adept Adept Pylon Stalker Immortal Pylon Stalker Stalker Stalker Immortal Gateway TwilightCouncil Pylon Gateway Probe,47.25,123293
405,1263486,0,59975,18.6526,59975,Pylon RoboticsFacility Stalker Gateway Pylon Adept Immortal Stalker Probe RoboticsFacility Pylon Gateway Adept Immortal Stalker Immortal Adept Immortal Probe Adept Immortal Adept Immortal Adept Adept Pylon Stalker Immortal Pylon Stalker Stalker Stalker Nexus Immortal TwilightCouncil Probe,47.25,123293
405,1264776,0,60115,18.6758,60115,Pylon RoboticsFacility Stalker Gateway Pylon Adept Immortal Stalker Probe RoboticsFacility Pylon Gateway Adept Immortal Stalker Immortal Adept Immortal Probe Adept Immortal Adept Immortal Adept Adept Pylon Stalker Immortal Pylon Stalker Stalker Stalker Probe TwilightCouncil RoboticsBay Zealot Assimilator Adept RoboticsFacility Assimilator,47.25,123293
418,1266666,0,60322,18.7035,60322,Pylon RoboticsFacility Stalker Gateway Pylon Adept Immortal Stalker Probe RoboticsFacility Pylon Gateway Adept Immortal Stalker Immortal Adept Immortal Probe Adept Immortal Adept Immortal Adept Adept Pylon Stalker Immortal Pylon Stalker Stalker Stalker Stalker Stalker Nexus RoboticsFacility Probe,49,123326
418,1281900,0,62018,18.9173,62018,Pylon RoboticsFacility Stalker Gateway Pylon Adept Immortal Stalker Probe RoboticsFacility Pylon Gateway Adept Immortal Stalker Immortal Adept Immortal Probe Adept Immortal Adept Immortal Adept Adept Pylon Stalker Immortal Pylon Stalker Stalker Stalker Assimilator Zealot Stargate TwilightCouncil Zealot Stargate Assimilator,48.25,123376
431,1284667,0,62356,18.9646,62356,Pylon RoboticsFacility Stalker Gateway Pylon Adept Immortal Stalker Probe RoboticsFacility Pylon Gateway Adept Immortal Stalker Immortal Adept Immortal Probe Adept Immortal Adept Immortal Adept Adept Pylon Stalker Immortal Pylon Stalker Stalker Stalker Zealot Adept Nexus RoboticsFacility Pylon,48.25,123376
431,1285217,0,62420,18.9685,62420,Pylon RoboticsFacility Stalker Gateway Pylon Adept Immortal Stalker Probe RoboticsFacility Pylon Gateway Adept Immortal Stalker Immortal Adept Immortal Probe Adept Immortal Adept Immortal Adept Adept Pylon Stalker Immortal Pylon Stalker Stalker Stalker Zealot Stalker Nexus RoboticsBay Probe,48.25,123376
431,1286720,0,62601,18.9921,62601,Pylon RoboticsFacility Stalker Gateway Pylon Adept Immortal Stalker Probe RoboticsFacility Pylon Gateway Adept Immortal Stalker Immortal Adept Immortal Probe Adept Immortal Adept Immortal Adept Adept Pylon Stalker Immortal Pylon Stalker Stalker Stalker Zealot Probe Nexus Stargate TwilightCouncil Probe,48.25,123376
431,1289642,0,62958,19.0388,62958,Pylon RoboticsFacility Stalker Gateway Pylon Adept Immortal Stalker Probe RoboticsFacility Pylon Gateway Adept Immortal Stalker Immortal Adept Immortal Probe Adept Immortal Adept Immortal Adept Adept Pylon Stalker Immortal Pylon Stalker Stalker Stalker Pylon Zealot TwilightCouncil Probe Adept Immortal Adept,48.25,123376
431,1299144,0,64111,19.1715,64111,Pylon RoboticsFacility Stalker Gateway Pylon Adept Immortal Stalker Probe RoboticsFacility Pylon Gateway Adept Immortal Stalker Immortal Adept Immortal Probe Adept Immortal Adept Immortal Adept Adept Pylon Stalker Immortal Pylon Stalker Stalker Stalker Pylon Zealot Assimilator Probe Zealot Probe Nexus,48.25,123376
431,1299862,0,64204,19.1901,64204,Pylon RoboticsFacility Stalker Gateway Pylon Adept Immortal Stalker Probe RoboticsFacility Pylon Gateway Adept Immortal Stalker Immortal Adept Immortal Probe Adept Immortal Adept Immortal Adept Adept Pylon Stalker Immortal Pylon Stalker Stalker Stalker Gateway Probe Zealot Probe Gateway Probe Assimilator Gateway RoboticsBay,48.25,123376
470,1338937,0,70014,19.737,70014,Pylon RoboticsFacility Stalker Gateway Pylon Adept Immortal Stalker Probe RoboticsFacility Pylon Gateway Adept Immortal Stalker Immortal Adept Immortal Probe Adept Immortal Adept Immortal Adept Adept Pylon Stalker Immortal Pylon Stalker Stalker Stalker Gateway Probe Zealot Gateway Probe Probe TwilightCouncil Gateway,48.25,123376
482,1343117,0,70766,19.7925,70766,Pylon RoboticsFacility Stalker Gateway Pylon Adept Immortal Stalker Probe RoboticsFacility Pylon Gateway Adept Immortal Stalker Immortal Adept Immortal Probe Adept Immortal Adept Immortal Adept Adept Pylon Stalker Immortal Pylon Stalker Stalker Stalker Gateway Probe Zealot Probe Probe Nexus Assimilator,48.25,123376
482,1344448,0,71007,19.8145,71007,Pylon RoboticsFacility Stalker Gateway Pylon Adept Immortal Stalker Probe RoboticsFacility Pylon Gateway Adept Immortal Stalker Immortal Adept Immortal Probe Adept Immortal Adept Immortal Adept Adept Pylon Stalker Immortal Pylon Stalker Stalker Stalker Gateway Probe Zealot Pylon Probe RoboticsFacility Probe TwilightCouncil Zealot,48.25,123376
482,1346772,0,71426,19.8432,71426,Pylon RoboticsFacility Stalker Gateway Pylon Adept Immortal Stalker Probe RoboticsFacility Pylon Gateway Adept Immortal Stalker Immortal Adept Immortal Probe Adept Immortal Adept Immortal Adept Adept Pylon Stalker Immortal Pylon Stalker Stalker Stalker Gateway Probe Zealot Probe Pylon TwilightCouncil Probe Zealot Assimilator Adept,48.25,123376
482,1349640,0,71943,19.8752,71943,Pylon RoboticsFacility Stalker Gateway Pylon Adept Immortal Stalker Probe RoboticsFacility Pylon Gateway Adept Immortal Stalker Immortal Adept Immortal Probe Adept Immortal Adept Immortal Adept Adept Pylon Stalker Immortal Pylon Stalker Stalker Stalker Gateway Probe Zealot Pylon Probe Probe Adept Stalker Stalker Probe,48.25,123376
495,1351443,0,72295,19.9029,72295,Pylon RoboticsFacility Stalker Gateway Pylon Adept Immortal Stalker Probe RoboticsFacility Pylon Gateway Adept Immortal Stalker Immortal Adept Immortal Probe Adept Immortal Adept Immortal Adept Adept Pylon Stalker Immortal Pylon Stalker Stalker Stalker Gateway Probe Zealot Pylon Probe Probe Immortal Zealot Probe,48.25,123376
495,1354594,0,72919,19.9511,72919,Pylon RoboticsFacility Stalker Gateway Pylon Adept Immortal Stalker Probe RoboticsFacility Pylon Gateway Adept Immortal Stalker Immortal Adept Immortal Probe Adept Immortal Adept Immortal Adept Adept Pylon Stalker Immortal Pylon Stalker Stalker Stalker Gateway Probe Zealot Pylon Probe Probe Adept Immortal Probe,48.25,123376
508,1361561,0,74320,20.0548,74320,Pylon RoboticsFacility Stalker Gateway Pylon Adept Immortal Stalker Probe RoboticsFacility Pylon Gateway Adept Immortal Stalker Immortal Adept Immortal Probe Adept Immortal Adept Immortal Adept Adept Pylon Stalker Immortal Pylon Stalker Stalker Stalker Gateway Probe Zealot Pylon Probe Probe Stalker Immortal,48.25,123376
