0,0,0,0,0,0, ,0,0
0,35,0,1,0.0003,1,Pylon Probe Stargate Stalker Pylon Stalker Adept RoboticsFacility Zealot VoidRay Nexus Probe TwilightCouncil RoboticsBay Assimilator Zealot Adept VoidRay FleetBeacon Immortal Pylon Tempest Stalker Carrier Adept Stalker Probe RoboticsFacility Colossus RoboticsFacility Gateway DarkShrine Assimilator Probe,27,73949.8
0,1182,0,39,0.008572,39,Pylon Stargate RoboticsFacility VoidRay Stalker Immortal RoboticsBay Adept VoidRay Probe TwilightCouncil Stalker Pylon Adept Assimilator Gateway Adept Colossus Stalker Gateway TemplarArchive Stalker RoboticsFacility Stalker Probe Stargate DarkShrine Assimilator Stargate Probe Adept Nexus Gateway Pylon Gateway,29.25,77110.5
0,1241,0,41,0.009022,41,RoboticsFacility Stalker Zealot Gateway RoboticsBay Immortal Adept Nexus Immortal Stalker Immortal Stargate RoboticsFacility Adept Colossus Stalker Pylon Stargate Nexus FleetBeacon Colossus RoboticsFacility Stalker Probe Probe Adept Probe Gateway Probe Gateway Assimilator Assimilator,25,87810.8
11,16892,0,547,0.181939,547,Probe RoboticsFacility RoboticsFacility Immortal Assimilator Stalker Adept Probe Probe Immortal Probe Zealot Pylon Adept Pylon Immortal Immortal Adept Zealot Immortal RoboticsBay Adept Gateway RoboticsFacility Gateway TwilightCouncil Stargate RoboticsFacility Stargate Stargate Assimilator Stargate Stargate DarkShrine Probe TemplarArchive Pylon VoidRay,27.5,88348
11,30000,0,964,0.433257,964,Probe RoboticsFacility Immortal Pylon Pylon Stalker Immortal Stalker Pylon Stargate RoboticsFacility Gateway Gateway Stalker Probe Zealot VoidRay Zealot Adept Nexus Immortal Assimilator Nexus Immortal VoidRay TwilightCouncil FleetBeacon VoidRay Immortal Probe Probe,31.5,88901.2
18,64201,0,2053,1.15408,2053,Probe RoboticsFacility Immortal Adept RoboticsFacility Zealot RoboticsBay Nexus Immortal Immortal Immortal Gateway Zealot Assimilator Adept Gateway Zealot Immortal Assimilator Immortal Adept Probe Nexus RoboticsFacility Nexus Stargate Pylon,29.25,92449.8
40,188195,0,5951,2.96405,5951,Probe RoboticsFacility Adept Stargate Nexus Zealot Immortal Probe Probe Stalker VoidRay Adept VoidRay Immortal Zealot VoidRay Zealot Pylon Immortal Assimilator TwilightCouncil RoboticsFacility Assimilator Nexus Stargate Probe Stalker Stalker DarkShrine Pylon Nexus Probe Probe RoboticsFacility RoboticsBay,34,103392
144,449694,0,15362,7.38242,15362,Probe RoboticsFacility Adept Stargate Nexus Zealot Immortal VoidRay Immortal Assimilator Stalker VoidRay RoboticsBay Gateway Pylon Immortal VoidRay Stalker RoboticsFacility Colossus Gateway Zealot RoboticsFacility Pylon Stargate Immortal Gateway Zealot Adept,35,103745
144,454127,0,15536,7.41538,15536,Probe RoboticsFacility Adept Stargate Nexus Zealot Immortal Stargate Assimilator VoidRay VoidRay Immortal VoidRay Stalker VoidRay Immortal Stalker RoboticsFacility Assimilator Pylon Adept Stalker Gateway Stalker Pylon Stargate TwilightCouncil RoboticsFacility Probe,36,106030
234,649069,0,25315,10.4247,25315,Probe RoboticsFacility Adept Stargate Nexus Zealot Immortal Stargate Assimilator VoidRay VoidRay Immortal VoidRay VoidRay Probe Stalker Pylon Adept VoidRay Immortal TwilightCouncil FleetBeacon Zealot Adept Pylon Stargate Carrier Gateway,37.5,106882
249,679127,0,27230,10.7275,27230,Probe RoboticsFacility Adept Stargate Nexus Zealot Immortal Stargate Assimilator VoidRay VoidRay Immortal VoidRay VoidRay VoidRay Pylon Adept Adept VoidRay RoboticsFacility VoidRay RoboticsBay Assimilator Probe Nexus RoboticsFacility,40.25,107316
264,704710,0,28990,11.0806,28990,Probe RoboticsFacility Adept Stargate Nexus Zealot Immortal Stargate Assimilator VoidRay VoidRay Immortal VoidRay VoidRay Adept VoidRay Pylon Immortal Stalker Nexus Pylon Stalker Pylon Zealot Pylon TwilightCouncil Probe Stargate,38.25,108333
264,705247,0,29028,11.0895,29028,Probe RoboticsFacility Adept Stargate Nexus Zealot Immortal Stargate Assimilator VoidRay VoidRay Immortal VoidRay VoidRay VoidRay Immortal Pylon Stalker RoboticsBay VoidRay Probe Assimilator Adept Gateway FleetBeacon RoboticsFacility Pylon,40.5,108654
279,723987,0,30411,11.4189,30411,Probe RoboticsFacility Adept Stargate Nexus Zealot Immortal Stargate Assimilator VoidRay VoidRay Immortal VoidRay VoidRay VoidRay Pylon VoidRay Stalker VoidRay Adept Nexus TwilightCouncil Pylon RoboticsBay TemplarArchive Assimilator Probe,40.75,109769
279,741861,0,31821,11.6935,31821,Probe RoboticsFacility Adept Stargate Nexus Zealot Immortal Stargate Assimilator VoidRay VoidRay Immortal VoidRay VoidRay VoidRay Immortal Pylon VoidRay VoidRay RoboticsFacility RoboticsFacility Nexus RoboticsFacility Stargate,41.5,109864
290,768140,0,34201,12.158,34201,Probe RoboticsFacility Adept Stargate Nexus Zealot Immortal Stargate Assimilator VoidRay VoidRay Immortal VoidRay VoidRay VoidRay Immortal Pylon VoidRay VoidRay Nexus Pylon Gateway Adept VoidRay,41.5,109864
304,768866,0,34270,12.1765,34270,Probe RoboticsFacility Adept Stargate Nexus Zealot Immortal Stargate Assimilator VoidRay VoidRay Immortal VoidRay VoidRay VoidRay Immortal Pylon VoidRay VoidRay Stargate Assimilator Gateway Probe FleetBeacon TwilightCouncil Pylon,41.5,109864
304,775126,0,34856,12.2653,34856,Probe RoboticsFacility Adept Stargate Nexus Zealot Immortal Stargate Assimilator VoidRay VoidRay Immortal VoidRay VoidRay VoidRay Immortal Pylon VoidRay Immortal Probe Stargate Pylon Zealot Immortal Adept Gateway TwilightCouncil,42.25,109961
304,788570,0,36142,12.4791,36142,Probe RoboticsFacility Adept Stargate Nexus Zealot Immortal Stargate Assimilator VoidRay VoidRay Immortal VoidRay VoidRay VoidRay Immortal Pylon VoidRay VoidRay Pylon Adept RoboticsBay Probe Pylon Stalker Nexus Probe,42.75,110326
304,789851,0,36280,12.4979,36280,Probe RoboticsFacility Adept Stargate Nexus Zealot Immortal Stargate Assimilator VoidRay VoidRay Immortal VoidRay VoidRay VoidRay Immortal Pylon VoidRay Adept Pylon Immortal Zealot RoboticsFacility RoboticsFacility Zealot Gateway RoboticsFacility,43.5,110648
319,798174,0,37176,12.6088,37176,Probe RoboticsFacility Adept Stargate Nexus Zealot Immortal Stargate Assimilator VoidRay VoidRay Immortal VoidRay VoidRay VoidRay Immortal Pylon VoidRay VoidRay Pylon Immortal Adept Zealot Stargate FleetBeacon,46.5,110649
319,800928,0,37474,12.6507,37474,Probe RoboticsFacility Adept Stargate Nexus Zealot Immortal Stargate Assimilator VoidRay VoidRay Immortal VoidRay VoidRay VoidRay Immortal Pylon VoidRay Stalker Pylon Immortal Stalker VoidRay Assimilator Probe TwilightCouncil Pylon,44.75,111137
347,839850,0,42135,13.2638,42135,Probe RoboticsFacility Adept Stargate Nexus Zealot Immortal Stargate Assimilator VoidRay VoidRay Immortal VoidRay VoidRay VoidRay Immortal Pylon VoidRay Stalker Pylon Immortal Stalker Probe Stargate Stalker Probe Gateway Assimilator Pylon,44.75,111137
362,846637,0,43201,13.3424,43201,Probe RoboticsFacility Adept Stargate Nexus Zealot Immortal Stargate Assimilator VoidRay VoidRay Immortal VoidRay VoidRay VoidRay Immortal Pylon VoidRay Stalker Pylon Immortal Stalker Adept Stargate Probe Probe Probe RoboticsBay Assimilator,44.75,111137
362,853151,0,44251,13.3859,44251,Probe RoboticsFacility Adept Stargate Nexus Zealot Immortal Stargate Assimilator VoidRay VoidRay Immortal VoidRay VoidRay VoidRay Immortal Pylon VoidRay Stalker Pylon Immortal Stalker Stalker Probe Probe Pylon Probe Stargate RoboticsBay,44.75,111137
377,854388,0,44471,13.3944,44471,Probe RoboticsFacility Adept Stargate Nexus Zealot Immortal Stargate Assimilator VoidRay VoidRay Immortal VoidRay VoidRay VoidRay Immortal Pylon VoidRay Stalker Pylon Immortal Stalker Probe Probe Probe Nexus Stalker Assimilator,44.75,111137
377,858690,0,45236,13.4218,45236,Probe RoboticsFacility Adept Stargate Nexus Zealot Immortal Stargate Assimilator VoidRay VoidRay Immortal VoidRay VoidRay VoidRay Immortal Pylon VoidRay Stalker Pylon Immortal Stalker Probe Probe Pylon Probe Stalker VoidRay Assimilator,44.75,111137
377,863832,0,46145,13.4549,46145,Probe RoboticsFacility Adept Stargate Nexus Zealot Immortal Stargate Assimilator VoidRay VoidRay Immortal VoidRay VoidRay VoidRay Immortal Pylon VoidRay Stalker Pylon Immortal Stalker Probe Probe RoboticsBay Probe Probe Assimilator Pylon TwilightCouncil Assimilator,44.75,111137
392,865783,0,46490,13.4698,46490,Probe RoboticsFacility Adept Stargate Nexus Zealot Immortal Stargate Assimilator VoidRay VoidRay Immortal VoidRay VoidRay VoidRay Immortal Pylon VoidRay Stalker Pylon Immortal Stalker Probe Probe RoboticsBay Probe Stargate Probe Pylon Pylon,44.75,111137
392,874452,0,48033,13.5362,48033,Probe RoboticsFacility Adept Stargate Nexus Zealot Immortal Stargate Assimilator VoidRay VoidRay Immortal VoidRay VoidRay VoidRay Immortal Pylon VoidRay Stalker Pylon Immortal Stalker Probe Probe Probe Gateway Probe Probe RoboticsFacility RoboticsBay,44.75,111137
405,886271,0,50125,13.629,50125,Probe RoboticsFacility Adept Stargate Nexus Zealot Immortal Stargate Assimilator VoidRay VoidRay Immortal VoidRay VoidRay VoidRay Immortal Pylon VoidRay Stalker Pylon Immortal Stalker Probe Probe Probe RoboticsBay Probe Probe FleetBeacon,44.75,111137
418,887028,0,50272,13.6352,50272,Probe RoboticsFacility Adept Stargate Nexus Zealot Immortal Stargate Assimilator VoidRay VoidRay Immortal VoidRay VoidRay VoidRay Immortal Pylon VoidRay Stalker Pylon Immortal Stalker Probe Probe Probe Pylon RoboticsFacility Probe Probe VoidRay,44.75,111137
418,891725,0,51168,13.705,51168,Probe RoboticsFacility Adept Stargate Nexus Zealot Immortal Stargate Assimilator VoidRay VoidRay Immortal VoidRay VoidRay VoidRay Immortal Pylon VoidRay Stalker Pylon Immortal Stalker Probe Probe Probe Probe Probe Pylon Probe Immortal Zealot,44.75,111137
428,899787,0,52767,13.848,52767,Probe RoboticsFacility Adept Stargate Nexus Zealot Immortal Stargate Assimilator VoidRay VoidRay Immortal VoidRay VoidRay VoidRay Immortal Pylon VoidRay Stalker Pylon Immortal Stalker Probe Probe Probe Probe Pylon Probe Immortal Probe Adept,44.75,111137
428,904304,0,53696,13.9032,53696,Probe RoboticsFacility Adept Stargate Nexus Zealot Immortal Stargate Assimilator VoidRay VoidRay Immortal VoidRay VoidRay VoidRay Immortal Pylon VoidRay Stalker Pylon Immortal Stalker Probe Probe Probe Probe Probe Pylon VoidRay Stalker Probe,44.75,111137
487,924399,9,58559,14.1674,58559,Probe RoboticsFacility Adept Stargate Nexus Zealot Immortal Stargate Assimilator VoidRay VoidRay Immortal VoidRay VoidRay VoidRay Immortal Pylon VoidRay Stalker Pylon Immortal Stalker Probe Probe Probe Probe Probe Pylon VoidRay Stalker Probe,44.75,111137
