0,0,0,0,0,0, ,0,0
0,30,0,1,0.000257,1,Assimilator Gateway Zealot Probe RoboticsFacility Pylon TwilightCouncil Zealot Zealot Zealot Pylon Probe DarkShrine RoboticsBay Stargate Assimilator Stalker VoidRay FleetBeacon Mothership Nexus Gateway Probe Colossus Tempest DarkTemplar RoboticsFacility Probe Adept,9.75,37860.8
0,66,0,2,0.000518,2,Adept Zealot Probe Stargate Probe Stalker Zealot VoidRay RoboticsFacility RoboticsBay Pylon Nexus Assimilator Pylon Pylon Immortal Colossus FleetBeacon Probe Tempest Carrier Gateway Stalker Pylon Assimilator TwilightCouncil Stargate Zealot Mothership Pylon RoboticsFacility Gateway Probe Pylon Probe,23.75,62288
0,197,0,6,0.001463,6,Gateway Stalker Probe Stargate FleetBeacon Stalker Carrier Zealot Adept Tempest Gateway Stargate Nexus Assimilator Pylon Pylon Stalker Stargate Tempest Nexus Assimilator TwilightCouncil Probe Probe VoidRay TemplarArchive Nexus Tempest Pylon,26,65317
0,444,0,15,0.007268,15,RoboticsFacility Stargate Zealot VoidRay Assimilator Stalker VoidRay Pylon RoboticsBay VoidRay Nexus RoboticsFacility Colossus Stalker Immortal FleetBeacon Mothership Stalker Colossus RoboticsFacility Nexus Probe,27,76313.8
0,649,0,22,0.00873,22,RoboticsFacility Stalker RoboticsBay Assimilator Immortal Nexus Stalker Immortal Nexus Immortal Immortal Pylon Stalker Immortal Immortal Immortal Zealot Stargate TwilightCouncil Pylon Pylon Gateway Stargate Probe,27.75,78176.8
0,2690,0,87,0.043249,87,Stalker Stalker RoboticsFacility Probe Stargate Probe Pylon Immortal RoboticsFacility Pylon Adept Immortal Nexus Probe Immortal RoboticsBay Colossus Colossus Gateway Stargate Adept VoidRay FleetBeacon Assimilator Stalker Assimilator Zealot Gateway Probe Pylon Nexus Nexus Gateway Assimilator Probe Probe,31.25,79417.5
0,4350,0,140,0.063915,140,Gateway Probe Pylon Probe Stalker RoboticsFacility RoboticsFacility Pylon Probe Pylon Adept Zealot Zealot Gateway Stalker Gateway RoboticsFacility Immortal Pylon Gateway RoboticsFacility Zealot Stalker Stalker Immortal Adept Probe Probe Immortal Gateway Adept Assimilator Assimilator Adept Zealot Probe Adept Probe Nexus Pylon TwilightCouncil Zealot Stalker Gateway TemplarArchive Pylon Stargate,31.25,85627.8
11,25118,0,812,0.38075,812,RoboticsFacility RoboticsFacility Adept Stalker Gateway Immortal Zealot TwilightCouncil Stalker Nexus Immortal Immortal Immortal Pylon RoboticsBay Immortal Adept Immortal DarkShrine Stalker Stargate VoidRay DarkTemplar Stalker Gateway Gateway Nexus Pylon Probe,31.25,95237
24,78149,0,2550,1.20463,2550,RoboticsFacility Zealot Pylon Immortal Stalker Zealot Assimilator Stargate Immortal Nexus Immortal VoidRay Immortal Immortal VoidRay Zealot VoidRay Probe Assimilator Zealot Adept Gateway RoboticsBay Probe Nexus,36.5,95690
55,199243,0,6657,3.1246,6657,RoboticsFacility Zealot Pylon Adept RoboticsBay RoboticsFacility Pylon Stalker Immortal Immortal Stalker Immortal Colossus Stalker Immortal Immortal Assimilator Probe Stalker Assimilator Pylon Immortal Stalker Zealot Stargate Stargate Gateway Gateway RoboticsFacility Pylon Pylon,39.5,111193
219,660321,0,24871,10.4442,24871,RoboticsFacility Zealot Pylon Adept RoboticsBay RoboticsFacility Pylon Stalker Immortal Immortal Stalker Immortal Stalker Immortal Gateway Pylon Pylon Probe Zealot Colossus Adept Immortal Zealot Immortal Immortal TwilightCouncil Probe Stalker Nexus Gateway Pylon Assimilator Probe Gateway,43.75,114426
245,728721,0,28298,11.5172,28298,RoboticsFacility Zealot Pylon Adept RoboticsBay RoboticsFacility Pylon Stalker Immortal Immortal Stalker Immortal Stalker Immortal Immortal Zealot Immortal Stalker Probe Gateway Assimilator Pylon Colossus RoboticsFacility Adept Gateway Gateway Pylon Pylon Pylon Stalker Colossus,39,116120
245,736614,0,28727,11.6399,28727,RoboticsFacility Zealot Pylon Adept RoboticsBay RoboticsFacility Pylon Stalker Immortal Immortal Stalker Immortal Stalker Immortal Zealot Immortal Immortal Stalker Pylon Immortal RoboticsFacility Gateway TwilightCouncil Stalker Probe TemplarArchive DarkShrine Adept Assimilator Pylon Pylon Gateway Assimilator Pylon Gateway,38.25,117611
245,761453,0,30075,12.0261,30075,RoboticsFacility Zealot Pylon Adept RoboticsBay RoboticsFacility Pylon Stalker Immortal Immortal Stalker Immortal Stalker Immortal Zealot Immortal Probe Immortal Zealot Pylon Probe Immortal Assimilator Adept Assimilator Pylon Immortal Zealot Gateway RoboticsFacility Zealot RoboticsFacility Pylon Pylon,42.75,119286
295,865386,0,36199,13.6177,36199,RoboticsFacility Zealot Pylon Adept RoboticsBay RoboticsFacility Pylon Stalker Immortal Immortal Stalker Immortal Stalker Immortal Zealot Immortal Probe Immortal Stalker Pylon Immortal Pylon Stalker Assimilator Stalker Pylon Stalker Stalker Immortal Assimilator RoboticsFacility Pylon RoboticsFacility Pylon,41.75,119570
295,890615,0,37862,13.9983,37862,RoboticsFacility Zealot Pylon Adept RoboticsBay RoboticsFacility Pylon Stalker Immortal Immortal Stalker Immortal Stalker Immortal Zealot Immortal Probe Immortal Pylon Immortal Zealot Pylon Stalker RoboticsFacility Immortal Zealot Stalker TwilightCouncil RoboticsFacility Pylon Gateway RoboticsFacility Pylon Pylon Assimilator,42.25,119609
296,892223,0,37968,14.0245,37968,RoboticsFacility Zealot Pylon Adept RoboticsBay RoboticsFacility Pylon Stalker Immortal Immortal Stalker Immortal Stalker Immortal Zealot Immortal Probe Immortal Stalker Pylon Colossus Assimilator Pylon Stalker Immortal Gateway TwilightCouncil Stargate Assimilator DarkShrine Stalker Stargate,43.25,120024
302,898513,0,38413,14.1214,38413,RoboticsFacility Zealot Pylon Adept RoboticsBay RoboticsFacility Pylon Stalker Immortal Immortal Stalker Immortal Stalker Immortal Zealot Immortal Probe Immortal Stalker Pylon Immortal Immortal Nexus Stargate Nexus Stargate FleetBeacon Assimilator Assimilator,40.25,120167
302,900766,0,38571,14.1559,38571,RoboticsFacility Zealot Pylon Adept RoboticsBay RoboticsFacility Pylon Stalker Immortal Immortal Stalker Immortal Stalker Immortal Zealot Immortal Probe Immortal Stalker Pylon Pylon Stalker Immortal Stalker Immortal Pylon Colossus Immortal Stalker RoboticsFacility Assimilator Gateway,43.75,120331
302,905079,0,38877,14.2187,38877,RoboticsFacility Zealot Pylon Adept RoboticsBay RoboticsFacility Pylon Stalker Immortal Immortal Stalker Immortal Stalker Immortal Zealot Immortal Probe Immortal Stalker Pylon Immortal Immortal TwilightCouncil Pylon Colossus Zealot Nexus Gateway Gateway Pylon Pylon,41.25,120549
307,911950,0,39360,14.3242,39360,RoboticsFacility Zealot Pylon Adept RoboticsBay RoboticsFacility Pylon Stalker Immortal Immortal Stalker Immortal Stalker Immortal Zealot Immortal Probe Immortal Stalker Pylon Immortal Immortal Pylon Colossus Assimilator TwilightCouncil Assimilator RoboticsFacility Pylon DarkShrine Zealot RoboticsFacility,45.25,120967
349,923654,0,40192,14.5063,40192,RoboticsFacility Zealot Pylon Adept RoboticsBay RoboticsFacility Pylon Stalker Immortal Immortal Stalker Immortal Stalker Immortal Zealot Immortal Probe Immortal Stalker Pylon Immortal Pylon Adept Colossus Immortal Pylon Zealot Adept Gateway Immortal RoboticsFacility Gateway,47.5,121578
349,925225,0,40304,14.5262,40304,RoboticsFacility Zealot Pylon Adept RoboticsBay RoboticsFacility Pylon Stalker Immortal Immortal Stalker Immortal Stalker Immortal Zealot Immortal Probe Immortal Stalker Pylon Immortal Immortal Pylon Zealot Gateway Immortal Probe RoboticsFacility RoboticsFacility Probe Nexus TwilightCouncil,45,122163
349,932114,0,40791,14.6319,40791,RoboticsFacility Zealot Pylon Adept RoboticsBay RoboticsFacility Pylon Stalker Immortal Immortal Stalker Immortal Stalker Immortal Zealot Immortal Probe Immortal Stalker Pylon Immortal Immortal Pylon Immortal TwilightCouncil Stalker DarkShrine Gateway Pylon Nexus Zealot,45.75,122951
361,951657,0,42195,14.937,42195,RoboticsFacility Zealot Pylon Adept RoboticsBay RoboticsFacility Pylon Stalker Immortal Immortal Stalker Immortal Stalker Immortal Zealot Immortal Probe Immortal Stalker Pylon Immortal Pylon Stalker Immortal Immortal Nexus Stargate Nexus Probe Probe,45.75,123190
374,978625,0,44337,15.3538,44337,RoboticsFacility Zealot Pylon Adept RoboticsBay RoboticsFacility Pylon Stalker Immortal Immortal Stalker Immortal Stalker Immortal Zealot Immortal Probe Immortal Stalker Pylon Immortal Pylon Stalker Immortal Immortal Stargate Probe FleetBeacon Nexus Pylon Assimilator,45.75,123190
374,987112,0,45032,15.4863,45032,RoboticsFacility Zealot Pylon Adept RoboticsBay RoboticsFacility Pylon Stalker Immortal Immortal Stalker Immortal Stalker Immortal Zealot Immortal Probe Immortal Stalker Pylon Immortal Pylon Immortal Adept Immortal Zealot TwilightCouncil Assimilator RoboticsFacility TemplarArchive Assimilator Gateway Pylon,46.25,123318
374,988023,0,45107,15.5016,45107,RoboticsFacility Zealot Pylon Adept RoboticsBay RoboticsFacility Pylon Stalker Immortal Immortal Stalker Immortal Stalker Immortal Zealot Immortal Probe Immortal Stalker Pylon Immortal Pylon Immortal Adept Immortal Pylon Zealot Assimilator Pylon Stargate Colossus Gateway,46.25,123318
374,997803,0,45901,15.6528,45901,RoboticsFacility Zealot Pylon Adept RoboticsBay RoboticsFacility Pylon Stalker Immortal Immortal Stalker Immortal Stalker Immortal Zealot Immortal Probe Immortal Stalker Pylon Immortal Pylon Adept Immortal Immortal Adept Nexus RoboticsFacility TwilightCouncil Gateway Assimilator,46.5,123480
387,1008664,0,46828,15.8273,46828,RoboticsFacility Zealot Pylon Adept RoboticsBay RoboticsFacility Pylon Stalker Immortal Immortal Stalker Immortal Stalker Immortal Zealot Immortal Probe Immortal Stalker Pylon Immortal Pylon Adept Immortal Immortal Stalker Stargate TwilightCouncil RoboticsFacility Nexus Assimilator,47,123715
400,1025738,0,48338,16.0931,48338,RoboticsFacility Zealot Pylon Adept RoboticsBay RoboticsFacility Pylon Stalker Immortal Immortal Stalker Immortal Stalker Immortal Zealot Immortal Probe Immortal Stalker Pylon Immortal Pylon Adept Immortal Immortal Stalker Assimilator Assimilator RoboticsFacility Pylon Stargate Zealot Gateway,47,123715
400,1033979,0,49168,16.2226,49168,RoboticsFacility Zealot Pylon Adept RoboticsBay RoboticsFacility Pylon Stalker Immortal Immortal Stalker Immortal Stalker Immortal Zealot Immortal Probe Immortal Stalker Pylon Immortal Pylon Adept Immortal Immortal Stalker Pylon Gateway Adept Assimilator RoboticsFacility TwilightCouncil Pylon Pylon,47,123715
400,1036604,0,49434,16.2599,49434,RoboticsFacility Zealot Pylon Adept RoboticsBay RoboticsFacility Pylon Stalker Immortal Immortal Stalker Immortal Stalker Immortal Zealot Immortal Probe Immortal Stalker Pylon Immortal Pylon Adept Immortal Immortal Stalker Pylon Colossus RoboticsFacility Pylon Adept Assimilator Pylon,47,123715
400,1040564,0,49826,16.3216,49826,RoboticsFacility Zealot Pylon Adept RoboticsBay RoboticsFacility Pylon Stalker Immortal Immortal Stalker Immortal Stalker Immortal Zealot Immortal Probe Immortal Stalker Pylon Immortal Pylon Adept Immortal Immortal Stalker Stargate Gateway Pylon TwilightCouncil Assimilator Probe Pylon Adept Probe,47,123715
411,1045716,0,50413,16.4015,50413,RoboticsFacility Zealot Pylon Adept RoboticsBay RoboticsFacility Pylon Stalker Immortal Immortal Stalker Immortal Stalker Immortal Zealot Immortal Probe Immortal Stalker Pylon Immortal Pylon Adept Immortal Immortal Stalker Pylon Pylon Probe RoboticsFacility Colossus Stalker Pylon Probe,47,123715
411,1046796,0,50544,16.4191,50544,RoboticsFacility Zealot Pylon Adept RoboticsBay RoboticsFacility Pylon Stalker Immortal Immortal Stalker Immortal Stalker Immortal Zealot Immortal Probe Immortal Stalker Pylon Immortal Pylon Adept Immortal Immortal Stalker Stargate Pylon Pylon Zealot Assimilator Probe Probe Colossus Probe,47,123715
418,1059886,0,52111,16.6202,52111,RoboticsFacility Zealot Pylon Adept RoboticsBay RoboticsFacility Pylon Stalker Immortal Immortal Stalker Immortal Stalker Immortal Zealot Immortal Probe Immortal Stalker Pylon Immortal Pylon Adept Immortal Immortal Stalker Pylon Zealot Probe Pylon Probe Probe Pylon TwilightCouncil Pylon Assimilator Probe Probe,47,123715
418,1060043,0,52132,16.6213,52132,RoboticsFacility Zealot Pylon Adept RoboticsBay RoboticsFacility Pylon Stalker Immortal Immortal Stalker Immortal Stalker Immortal Zealot Immortal Probe Immortal Stalker Pylon Immortal Pylon Adept Immortal Immortal Stalker Pylon Probe Stargate Probe Probe Stalker Stargate Assimilator Pylon Probe Pylon,47,123715
474,1075343,0,54267,16.857,54267,RoboticsFacility Zealot Pylon Adept RoboticsBay RoboticsFacility Pylon Stalker Immortal Immortal Stalker Immortal Stalker Immortal Zealot Immortal Probe Immortal Stalker Pylon Immortal Pylon Adept Immortal Immortal Stalker Pylon Probe Assimilator Probe Gateway Probe Stalker Gateway RoboticsFacility Probe,47,123715
474,1075878,0,54345,16.8658,54345,RoboticsFacility Zealot Pylon Adept RoboticsBay RoboticsFacility Pylon Stalker Immortal Immortal Stalker Immortal Stalker Immortal Zealot Immortal Probe Immortal Stalker Pylon Immortal Pylon Adept Immortal Immortal Stalker Pylon Probe Stalker Probe Gateway TwilightCouncil Probe Probe RoboticsFacility Probe Probe,47,123715
474,1084147,0,55526,16.991,55526,RoboticsFacility Zealot Pylon Adept RoboticsBay RoboticsFacility Pylon Stalker Immortal Immortal Stalker Immortal Stalker Immortal Zealot Immortal Probe Immortal Stalker Pylon Immortal Pylon Adept Immortal Immortal Stalker Pylon Immortal Probe Probe Probe TwilightCouncil Probe RoboticsFacility Assimilator,47,123715
497,1105534,0,59271,17.3153,59271,RoboticsFacility Zealot Pylon Adept RoboticsBay RoboticsFacility Pylon Stalker Immortal Immortal Stalker Immortal Stalker Immortal Zealot Immortal Probe Immortal Stalker Pylon Immortal Pylon Adept Immortal Immortal Stalker Pylon Immortal Probe Probe Probe Probe Nexus,47,123715
508,1111086,0,60309,17.3961,60309,RoboticsFacility Zealot Pylon Adept RoboticsBay RoboticsFacility Pylon Stalker Immortal Immortal Stalker Immortal Stalker Immortal Zealot Immortal Probe Immortal Stalker Pylon Immortal Pylon Adept Immortal Immortal Stalker Pylon Immortal Probe Probe Pylon Probe Probe Immortal Probe,47,123715
508,1112527,0,60595,17.4195,60595,RoboticsFacility Zealot Pylon Adept RoboticsBay RoboticsFacility Pylon Stalker Immortal Immortal Stalker Immortal Stalker Immortal Zealot Immortal Probe Immortal Stalker Pylon Immortal Pylon Adept Immortal Immortal Stalker Pylon Immortal Probe Probe Pylon Probe Probe Colossus,47,123715
