0,0,0,0,0,0, ,0,0
0,22,0,1,0.017201,1,Gateway Gateway Assimilator Stargate Pylon VoidRay Nexus Adept FleetBeacon VoidRay Carrier Stalker TwilightCouncil Assimilator Carrier Mothership Stargate Pylon VoidRay DarkShrine Probe,23,51500.2
0,50,0,2,0.017404,2,Adept Assimilator Gateway Pylon Stalker Adept RoboticsFacility Probe Stalker Nexus Adept Stargate VoidRay TwilightCouncil VoidRay RoboticsBay Colossus Assimilator Stargate Colossus Stalker Zealot Nexus Probe Stargate Stargate VoidRay,20.25,56115.2
0,102,0,4,0.017786,4,Nexus RoboticsFacility RoboticsFacility Adept Stargate Assimilator Pylon Assimilator Immortal VoidRay RoboticsBay Adept Zealot Adept VoidRay RoboticsFacility Colossus Stalker FleetBeacon Gateway Tempest Gateway Probe,23.25,59568.2
0,358,0,13,0.019538,13,Adept Stargate Adept Gateway VoidRay Nexus Assimilator Pylon Stargate Stalker Adept Stargate VoidRay FleetBeacon Stalker Gateway Probe Assimilator Zealot Nexus Nexus Carrier Probe VoidRay,16.25,64381.2
0,489,0,17,0.020466,17,Stalker Stargate TwilightCouncil Assimilator Stalker Probe Pylon Zealot Assimilator Nexus VoidRay Adept VoidRay Stalker Pylon RoboticsFacility Adept VoidRay Gateway Immortal Stalker TemplarArchive Immortal VoidRay Pylon Probe Probe,30,77411.8
0,2001,0,66,0.044087,66,Stalker RoboticsFacility RoboticsBay Gateway Probe Pylon Immortal Nexus Pylon RoboticsFacility Immortal Immortal Immortal Stalker Immortal Assimilator Pylon Adept Gateway RoboticsFacility Stalker RoboticsFacility Probe Colossus Nexus Stalker Pylon Zealot RoboticsFacility Pylon Adept Probe,32,84069.5
11,17560,0,570,0.241007,570,Stargate Probe Adept Adept VoidRay Assimilator Stalker Adept Gateway Stalker Pylon Stargate VoidRay Probe Gateway VoidRay Assimilator TwilightCouncil VoidRay Pylon Zealot Stargate VoidRay Pylon Zealot FleetBeacon Pylon Tempest Pylon TemplarArchive DarkShrine Zealot Probe,29.25,85645.2
11,43126,0,1401,0.600035,1401,Adept Adept RoboticsFacility Immortal Pylon Stalker Stalker RoboticsBay Assimilator RoboticsFacility Immortal Pylon Stalker Gateway Immortal Immortal Assimilator Zealot Stalker RoboticsFacility Nexus Pylon Stalker Adept Gateway Adept Gateway Stalker Pylon,29.75,87359.8
23,105582,0,3435,1.47558,3435,Adept RoboticsFacility Probe Stargate Zealot Zealot Gateway Probe Immortal RoboticsBay Adept Pylon Stalker Immortal VoidRay Assimilator Assimilator VoidRay Nexus TwilightCouncil Adept Zealot Immortal Stalker Nexus Probe RoboticsFacility Zealot RoboticsFacility Gateway Stalker,30.5,88126.2
23,106973,0,3481,1.49837,3481,Adept RoboticsFacility Stalker Immortal RoboticsBay Assimilator Stalker Gateway Pylon Stalker Immortal Nexus RoboticsFacility Stalker Stalker RoboticsFacility Immortal Stalker Probe Stalker TwilightCouncil Adept Assimilator TemplarArchive Stalker Pylon Probe Stargate Immortal Adept Probe,27.75,89884.5
28,124501,0,4044,1.73828,4044,Adept RoboticsFacility Stargate Nexus Immortal VoidRay Adept Probe Immortal Stalker Immortal RoboticsBay Zealot Adept Stalker FleetBeacon TwilightCouncil Tempest Adept Probe Pylon Stalker Assimilator DarkShrine Carrier Gateway Nexus Nexus Probe Pylon Assimilator,30.75,91714.8
37,139319,0,4547,1.94832,4547,Adept RoboticsFacility RoboticsFacility Immortal Immortal Pylon Immortal Stalker Pylon Stalker Stargate Immortal Zealot Immortal Zealot FleetBeacon Nexus Carrier VoidRay Stalker RoboticsFacility Pylon Gateway Stargate Gateway Pylon Pylon Probe Assimilator Gateway Probe,31.5,98368.2
53,230955,0,7711,3.31983,7711,Adept RoboticsFacility RoboticsFacility Immortal Probe Immortal Adept Stalker Pylon Adept Immortal Pylon Immortal Pylon Gateway Immortal Stargate Nexus Probe Stalker Gateway VoidRay Adept Probe Gateway VoidRay Pylon TwilightCouncil TemplarArchive Stalker VoidRay Assimilator Pylon Nexus,35.25,101443
71,282463,0,9571,4.05791,9571,Adept RoboticsFacility RoboticsFacility Immortal Immortal Immortal RoboticsBay Immortal Pylon Gateway Colossus Immortal Adept Pylon Assimilator Stalker Immortal Stargate Pylon Nexus Zealot Zealot VoidRay FleetBeacon Adept Stalker Assimilator,37.75,104601
84,299309,0,10204,4.29849,10204,Adept RoboticsFacility RoboticsFacility Immortal Immortal Immortal Immortal Adept Zealot Gateway Probe Pylon Immortal RoboticsFacility Immortal Pylon Zealot Probe Adept TwilightCouncil Pylon RoboticsFacility Stalker Zealot Stalker Gateway Immortal RoboticsFacility TemplarArchive Assimilator Stargate DarkShrine Pylon Probe Gateway Pylon Assimilator,36.5,109648
97,362307,0,12665,5.20075,12665,Adept RoboticsFacility RoboticsFacility Immortal Immortal Immortal Adept Immortal Pylon Stalker Immortal Immortal Probe Pylon Zealot Immortal RoboticsFacility Adept Assimilator RoboticsFacility RoboticsFacility Nexus RoboticsBay Nexus Stargate Immortal Probe RoboticsFacility,32.75,115308
151,495765,0,18329,7.10512,18329,Adept RoboticsFacility RoboticsFacility Immortal Immortal Immortal Adept Immortal Pylon Pylon Pylon Immortal Stargate Immortal VoidRay Probe Adept Zealot Immortal RoboticsFacility Immortal Pylon Zealot Adept Pylon Pylon Assimilator VoidRay TwilightCouncil RoboticsBay Assimilator Probe Stalker Pylon,41,117552
151,523580,0,19584,7.50804,19584,Adept RoboticsFacility RoboticsFacility Immortal Immortal Immortal Adept Immortal Pylon Adept Immortal Pylon RoboticsFacility Pylon Stalker Immortal Immortal Stalker Probe RoboticsBay Stargate Immortal Zealot Adept Assimilator Stargate FleetBeacon Assimilator Gateway Pylon Pylon Pylon Gateway,39.5,117891
164,569798,0,21714,8.168,21714,Adept RoboticsFacility RoboticsFacility Immortal Immortal Immortal Adept Immortal Pylon Adept Immortal Pylon Immortal Probe Pylon Immortal Stargate Immortal Adept Stargate VoidRay Stargate Adept RoboticsFacility Assimilator TwilightCouncil Pylon Gateway Nexus Pylon Gateway,40.25,119680
177,585661,0,22480,8.38612,22480,Adept RoboticsFacility RoboticsFacility Immortal Immortal Immortal Adept Immortal Pylon Adept Immortal Pylon Adept Immortal RoboticsBay Immortal Assimilator Pylon Probe Immortal Stalker Nexus Pylon Pylon Zealot TwilightCouncil Stalker Colossus Assimilator Probe,37.75,119902
190,621431,0,24260,8.91391,24260,Adept RoboticsFacility RoboticsFacility Immortal Immortal Immortal Adept Immortal Pylon Adept Immortal Pylon Immortal Zealot Stargate Immortal Pylon TwilightCouncil Assimilator Immortal Immortal Probe Stalker Stargate DarkShrine Assimilator Stargate Gateway Pylon RoboticsFacility,40.25,121436
190,621761,0,24277,8.91629,24277,Adept RoboticsFacility RoboticsFacility Immortal Immortal Immortal Adept Immortal Pylon Adept Immortal Pylon Immortal Pylon Immortal RoboticsFacility Stalker Stalker Immortal Probe Immortal Assimilator Gateway TwilightCouncil DarkShrine RoboticsFacility Gateway Stargate RoboticsBay Gateway,41,123840
190,621798,0,24279,8.91657,24279,Adept RoboticsFacility RoboticsFacility Immortal Immortal Immortal Adept Immortal Pylon Adept Immortal Pylon Immortal Pylon Immortal Immortal Immortal TwilightCouncil Zealot Pylon Immortal Adept Pylon Assimilator Pylon RoboticsFacility Pylon RoboticsFacility DarkShrine Adept Probe,43.5,125460
216,720876,0,29607,10.2836,29607,Adept RoboticsFacility RoboticsFacility Immortal Immortal Immortal Adept Immortal Pylon Adept Immortal Pylon Immortal Pylon Stalker Immortal Zealot Immortal Immortal RoboticsBay TwilightCouncil Pylon Pylon Stalker DarkShrine Stalker Assimilator RoboticsFacility Nexus Assimilator,42,127618
229,756902,0,31705,10.787,31705,Adept RoboticsFacility RoboticsFacility Immortal Immortal Immortal Adept Immortal Pylon Adept Immortal Pylon Immortal Pylon Stalker Immortal Pylon Immortal Immortal Immortal RoboticsBay RoboticsFacility Zealot Probe Pylon Stalker TwilightCouncil Probe Stalker Assimilator Probe Stargate Probe Assimilator,45.75,128122
242,765323,0,32223,10.905,32223,Adept RoboticsFacility RoboticsFacility Immortal Immortal Immortal Adept Immortal Pylon Adept Immortal Pylon Immortal Pylon Stalker Immortal Immortal Zealot Probe Immortal TwilightCouncil Assimilator Pylon TemplarArchive Immortal Adept Adept Pylon Stargate Pylon RoboticsBay,45.25,128220
242,765337,0,32224,10.9051,32224,Adept RoboticsFacility RoboticsFacility Immortal Immortal Immortal Adept Immortal Pylon Adept Immortal Pylon Immortal Pylon Stalker Immortal Immortal Adept Assimilator Pylon Immortal Stalker Nexus Pylon Stalker Probe Assimilator Immortal Probe,44,128579
242,772030,0,32653,10.9974,32653,Adept RoboticsFacility RoboticsFacility Immortal Immortal Immortal Adept Immortal Pylon Adept Immortal Pylon Immortal Pylon Stalker Immortal Immortal Immortal Pylon Immortal TwilightCouncil Zealot DarkShrine Pylon Stalker Assimilator Stalker Nexus Probe,45.75,129228
242,782465,0,33327,11.1409,33327,Adept RoboticsFacility RoboticsFacility Immortal Immortal Immortal Adept Immortal Pylon Adept Immortal Pylon Immortal Pylon Stalker Immortal Pylon Stalker Immortal Immortal Adept Immortal Nexus Zealot Nexus Probe TwilightCouncil,47,131178
268,837300,0,37010,11.9031,37010,Adept RoboticsFacility RoboticsFacility Immortal Immortal Immortal Adept Immortal Pylon Adept Immortal Pylon Immortal Pylon Stalker Immortal Pylon Stalker Immortal Zealot Immortal Immortal Assimilator Stalker TwilightCouncil RoboticsBay Nexus Probe,47.5,131399
280,854542,0,38239,12.1257,38239,Adept RoboticsFacility RoboticsFacility Immortal Immortal Immortal Adept Immortal Pylon Adept Immortal Pylon Immortal Pylon Stalker Immortal Pylon Stalker Immortal Immortal Stalker Immortal Assimilator Probe Adept RoboticsBay Stargate Assimilator Stargate Stargate Pylon,47.75,132025
294,891732,0,41315,12.4547,41315,Adept RoboticsFacility RoboticsFacility Immortal Immortal Immortal Adept Immortal Pylon Adept Immortal Pylon Immortal Pylon Stalker Immortal Pylon Stalker Immortal Immortal Stalker Immortal Adept Probe Pylon Gateway RoboticsBay Assimilator Stargate Stargate Stalker Probe,47.75,132025
294,895167,0,41624,12.4792,41624,Adept RoboticsFacility RoboticsFacility Immortal Immortal Immortal Adept Immortal Pylon Adept Immortal Pylon Immortal Pylon Stalker Immortal Pylon Stalker Immortal Immortal Stalker Immortal Stalker Gateway TwilightCouncil Stargate Gateway TemplarArchive Probe Gateway,48.25,132278
294,900476,0,42107,12.517,42107,Adept RoboticsFacility RoboticsFacility Immortal Immortal Immortal Adept Immortal Pylon Adept Immortal Pylon Immortal Pylon Stalker Immortal Pylon Stalker Immortal Immortal Stalker Immortal Stalker Gateway Nexus Nexus,48.25,132278
307,902857,0,42330,12.5346,42330,Adept RoboticsFacility RoboticsFacility Immortal Immortal Immortal Adept Immortal Pylon Adept Immortal Pylon Immortal Pylon Stalker Immortal Pylon Stalker Immortal Immortal Stalker Immortal Stalker RoboticsBay Assimilator Pylon Gateway Probe Pylon Pylon Adept Probe,48.25,132278
307,903496,0,42393,12.5391,42393,Adept RoboticsFacility RoboticsFacility Immortal Immortal Immortal Adept Immortal Pylon Adept Immortal Pylon Immortal Pylon Stalker Immortal Pylon Stalker Immortal Immortal Stalker Immortal Stalker Probe Pylon Adept Pylon Immortal Pylon Assimilator Stargate Probe,48.25,132278
307,920121,0,43979,12.686,43979,Adept RoboticsFacility RoboticsFacility Immortal Immortal Immortal Adept Immortal Pylon Adept Immortal Pylon Immortal Pylon Stalker Immortal Pylon Stalker Immortal Immortal Stalker Immortal Probe Stalker Pylon RoboticsBay Immortal TwilightCouncil Probe Gateway Adept,48.25,132278
319,927334,0,44788,12.7363,44788,Adept RoboticsFacility RoboticsFacility Immortal Immortal Immortal Adept Immortal Pylon Adept Immortal Pylon Immortal Pylon Stalker Immortal Pylon Stalker Immortal Immortal Stalker Immortal Probe Stalker Stargate Gateway Pylon Probe Pylon Probe Probe Stargate Adept Probe,48.25,132278
319,929904,0,45077,12.7537,45077,Adept RoboticsFacility RoboticsFacility Immortal Immortal Immortal Adept Immortal Pylon Adept Immortal Pylon Immortal Pylon Stalker Immortal Pylon Stalker Immortal Immortal Stalker Immortal Stalker Probe Pylon Stargate RoboticsBay Gateway Adept Probe Probe Assimilator Pylon,48.25,132278
328,942774,0,46590,12.8733,46590,Adept RoboticsFacility RoboticsFacility Immortal Immortal Immortal Adept Immortal Pylon Adept Immortal Pylon Immortal Pylon Stalker Immortal Pylon Stalker Immortal Immortal Stalker Immortal Stalker Pylon Probe Stalker Probe Probe RoboticsFacility Assimilator TwilightCouncil Stargate Probe Probe,48.25,132278
328,946737,0,47096,12.8998,47096,Adept RoboticsFacility RoboticsFacility Immortal Immortal Immortal Adept Immortal Pylon Adept Immortal Pylon Immortal Pylon Stalker Immortal Pylon Stalker Immortal Immortal Stalker Immortal Stalker Assimilator Probe Pylon Probe Stalker Probe TwilightCouncil Assimilator Gateway Pylon,48.25,132278
328,947641,0,47211,12.9059,47211,Adept RoboticsFacility RoboticsFacility Immortal Immortal Immortal Adept Immortal Pylon Adept Immortal Pylon Immortal Pylon Stalker Immortal Pylon Stalker Immortal Immortal Stalker Immortal Stalker Pylon Gateway Probe Probe Assimilator Gateway Stalker Probe Probe Probe Assimilator Probe,48.25,132278
367,987207,0,52932,13.2731,52932,Adept RoboticsFacility RoboticsFacility Immortal Immortal Immortal Adept Immortal Pylon Adept Immortal Pylon Immortal Pylon Stalker Immortal Pylon Stalker Immortal Immortal Stalker Immortal Stalker Pylon Gateway Probe Probe Probe Pylon Probe Pylon Immortal Zealot,48.25,132278
380,996007,0,54348,13.3395,54348,Adept RoboticsFacility RoboticsFacility Immortal Immortal Immortal Adept Immortal Pylon Adept Immortal Pylon Immortal Pylon Stalker Immortal Pylon Stalker Immortal Immortal Stalker Immortal Stalker Pylon Gateway Probe Probe Pylon Probe RoboticsBay Probe Probe Zealot TwilightCouncil Probe,48.25,132278
380,999551,0,54932,13.4056,54932,Adept RoboticsFacility RoboticsFacility Immortal Immortal Immortal Adept Immortal Pylon Adept Immortal Pylon Immortal Pylon Stalker Immortal Pylon Stalker Immortal Immortal Stalker Immortal Stalker Pylon Gateway Probe Probe Probe Probe RoboticsFacility Adept Probe Gateway Gateway,48.25,132278
380,1006026,0,56001,13.5252,56001,Adept RoboticsFacility RoboticsFacility Immortal Immortal Immortal Adept Immortal Pylon Adept Immortal Pylon Immortal Pylon Stalker Immortal Pylon Stalker Immortal Immortal Stalker Immortal Stalker Pylon Gateway Probe Probe Probe Stalker Gateway Probe Probe RoboticsFacility Probe Assimilator,48.25,132278
393,1007993,0,56334,13.5523,56334,Adept RoboticsFacility RoboticsFacility Immortal Immortal Immortal Adept Immortal Pylon Adept Immortal Pylon Immortal Pylon Stalker Immortal Pylon Stalker Immortal Immortal Stalker Immortal Stalker Pylon Gateway Probe Probe Probe Probe Assimilator Probe Stargate Immortal,48.25,132278
406,1021212,0,58595,13.7401,58595,Adept RoboticsFacility RoboticsFacility Immortal Immortal Immortal Adept Immortal Pylon Adept Immortal Pylon Immortal Pylon Stalker Immortal Pylon Stalker Immortal Immortal Stalker Immortal Stalker Pylon Gateway Probe Probe Probe Probe Pylon Probe Probe Stalker Immortal,48.25,132278
