0,0,0,0,0,0, ,0,0
0,32,0,1,0.000269,1,Probe Gateway Nexus Stargate Gateway Nexus Pylon Adept Nexus Pylon VoidRay Adept Pylon RoboticsFacility Probe Nexus Stalker Probe Adept RoboticsBay RoboticsFacility FleetBeacon Colossus Stargate Assimilator Colossus Adept Stalker Colossus Tempest Zealot,17.5,31884
0,65,0,2,0.000515,2,Gateway Probe RoboticsFacility RoboticsFacility Probe Assimilator Gateway Probe Nexus Pylon RoboticsBay Assimilator RoboticsFacility RoboticsFacility TwilightCouncil Colossus Stalker Colossus DarkShrine Immortal Stargate DarkTemplar Adept Zealot DarkTemplar Nexus Probe Stalker Probe Stargate Adept Probe,20.25,37335.2
0,102,0,3,0.000797,3,Pylon Assimilator Zealot Pylon Stargate Stargate Probe Assimilator RoboticsFacility Adept Pylon Gateway Probe Zealot Stargate Stalker RoboticsBay RoboticsFacility Probe Adept Gateway Zealot Immortal Zealot Pylon RoboticsFacility Colossus TwilightCouncil Pylon RoboticsFacility Adept Adept DarkShrine Probe Zealot Probe,18.25,38444.8
0,160,0,5,0.001198,5,Stalker Stalker Gateway Gateway Adept Pylon Assimilator Adept TwilightCouncil Adept Assimilator TemplarArchive Pylon RoboticsFacility Zealot DarkShrine DarkTemplar Adept Nexus Probe RoboticsFacility DarkTemplar Immortal Pylon Adept Adept Immortal Gateway Zealot Pylon,20.75,56103.2
0,276,0,9,0.00197,9,Adept Pylon Gateway Adept Nexus Pylon RoboticsFacility Probe Zealot Stalker Zealot Immortal Immortal Immortal Stargate Zealot Stargate Stargate FleetBeacon Carrier Nexus Stargate Immortal Stalker Adept Pylon RoboticsFacility Zealot Nexus Gateway,21.5,64464
0,553,0,18,0.003911,18,Gateway Stargate Zealot VoidRay Pylon Gateway Stalker Nexus VoidRay FleetBeacon Tempest Adept Gateway Assimilator RoboticsFacility Immortal Pylon Mothership TwilightCouncil Immortal Pylon Pylon Assimilator Stargate VoidRay DarkShrine,23.75,69930.2
0,1290,0,42,0.013385,42,Adept RoboticsFacility Stargate Gateway Stalker Gateway Stalker RoboticsBay Probe Zealot Probe Stalker Assimilator Immortal Gateway Colossus Assimilator RoboticsFacility RoboticsFacility Pylon FleetBeacon Adept VoidRay RoboticsFacility Adept Stargate Stargate Probe Gateway Gateway Pylon Stalker RoboticsFacility Probe,22.75,73307.2
0,2068,0,67,0.033973,67,Gateway RoboticsFacility Nexus Probe Immortal RoboticsFacility Stargate Immortal VoidRay Probe RoboticsBay VoidRay Adept Nexus Probe Immortal Zealot Immortal Zealot Pylon Stargate Pylon VoidRay Probe Colossus Stargate Zealot Assimilator Nexus Pylon Stalker Probe Pylon Probe Assimilator Probe,30.25,79367.2
0,2569,0,83,0.037646,83,Stargate Zealot Adept Zealot VoidRay Stalker VoidRay Pylon Probe RoboticsFacility Immortal RoboticsBay Pylon TwilightCouncil Zealot Pylon Gateway Adept VoidRay Gateway Nexus Adept Zealot Probe Assimilator Assimilator FleetBeacon Probe TemplarArchive Pylon Adept Tempest RoboticsFacility Immortal Probe,26.5,81938
11,22517,0,729,0.438204,729,Adept Gateway Zealot RoboticsFacility Pylon TwilightCouncil Stalker RoboticsFacility Stargate Immortal Immortal Zealot TemplarArchive Immortal Assimilator Stalker Stalker Adept Zealot Pylon RoboticsFacility Assimilator DarkShrine Stargate Stalker Immortal Immortal Gateway Stargate RoboticsBay Probe,31.25,81971.5
11,27871,0,902,0.55986,902,Zealot Stalker Pylon Stargate RoboticsFacility Zealot Probe RoboticsBay VoidRay Gateway Adept Probe Stalker TwilightCouncil Immortal Adept Pylon Adept Colossus Stalker Immortal Gateway Pylon RoboticsFacility Adept FleetBeacon Zealot Assimilator Assimilator VoidRay Pylon Immortal DarkShrine RoboticsFacility Nexus,29.75,85428.2
21,66764,0,2161,1.3901,2161,Zealot Stargate Zealot VoidRay Gateway Pylon RoboticsFacility Zealot Stalker Pylon Immortal RoboticsBay VoidRay Assimilator Pylon Probe Colossus Assimilator Zealot Zealot Nexus Colossus Adept Colossus VoidRay Probe Pylon RoboticsFacility Adept,29.75,90883.8
35,130308,0,4270,2.68484,4270,Zealot Stargate Stalker VoidRay Nexus RoboticsFacility VoidRay Adept Assimilator Zealot Immortal Probe VoidRay Probe VoidRay VoidRay RoboticsBay Assimilator Adept Assimilator FleetBeacon RoboticsFacility Nexus Adept Nexus,31.25,93883.8
35,132295,0,4339,2.73272,4339,Zealot Stargate Adept RoboticsFacility VoidRay Probe Gateway Probe Pylon Immortal Adept Zealot Pylon Gateway Pylon Immortal Stalker Immortal Zealot VoidRay Gateway FleetBeacon VoidRay VoidRay Tempest Stargate Pylon Assimilator Immortal Probe Adept Assimilator Gateway Probe Nexus Pylon,34.5,103475
116,450294,0,15989,7.72171,15989,Zealot Stargate Adept RoboticsFacility VoidRay Probe Gateway Immortal VoidRay Gateway Probe Probe Immortal Nexus Pylon Gateway Probe Pylon Adept VoidRay Gateway Immortal RoboticsBay VoidRay Stalker Zealot Stalker TwilightCouncil Stalker Probe Nexus Stalker Assimilator DarkShrine Stalker Assimilator Pylon Zealot Gateway,38.75,104588
146,529512,0,19210,9.01778,19210,Zealot Stargate Adept RoboticsFacility VoidRay Probe Gateway Immortal VoidRay Gateway Stalker Pylon Probe Zealot Immortal VoidRay Nexus RoboticsFacility Pylon Adept Assimilator Assimilator VoidRay Stalker VoidRay TwilightCouncil RoboticsFacility Nexus Pylon Pylon Pylon,35.5,107490
146,536624,0,19516,9.13301,19516,Zealot Stargate Adept RoboticsFacility VoidRay Probe Gateway Immortal VoidRay Zealot Adept Pylon VoidRay Immortal Pylon Nexus Immortal Adept RoboticsFacility Zealot Immortal Nexus Adept Gateway Gateway VoidRay TwilightCouncil Gateway Stargate RoboticsBay Adept,35,108786
161,572776,0,21056,9.72072,21056,Zealot Stargate Adept RoboticsFacility VoidRay Probe Gateway Immortal VoidRay Zealot Pylon VoidRay Pylon Immortal Stalker Zealot Zealot Pylon Immortal Gateway Pylon Immortal TwilightCouncil DarkShrine Immortal Pylon Stalker RoboticsFacility FleetBeacon Assimilator Pylon Gateway Gateway Adept Assimilator,39.5,110696
176,617766,0,23010,10.5203,23010,Zealot Stargate Adept RoboticsFacility VoidRay Probe Gateway Immortal VoidRay Zealot Pylon Probe Immortal Stalker Pylon Pylon Assimilator Pylon VoidRay VoidRay Assimilator Immortal RoboticsFacility Adept VoidRay Immortal Probe Pylon FleetBeacon VoidRay Zealot Probe,41.25,113691
206,711022,0,27033,11.8858,27033,Zealot Stargate Adept RoboticsFacility VoidRay Probe Gateway Immortal VoidRay Zealot Pylon Probe Immortal Pylon Adept Immortal Adept Pylon Stalker Stalker Probe Gateway VoidRay Gateway Adept RoboticsFacility Gateway RoboticsFacility Pylon TwilightCouncil Immortal FleetBeacon Adept Immortal Zealot Pylon Gateway Assimilator,37.5,113760
206,721122,0,27483,12.0425,27483,Zealot Stargate Adept RoboticsFacility VoidRay Probe Gateway Immortal VoidRay Zealot Pylon Probe Immortal Adept Pylon VoidRay Assimilator RoboticsBay Pylon Adept Zealot VoidRay Immortal VoidRay Probe Pylon Stalker Stargate Immortal Stalker Pylon Assimilator Adept RoboticsFacility Adept TwilightCouncil,45.25,118108
236,783052,0,30312,12.9555,30312,Zealot Stargate Adept RoboticsFacility VoidRay Probe Gateway Immortal VoidRay Zealot Pylon Probe Immortal Adept Pylon Stalker Pylon VoidRay Immortal Assimilator Immortal Probe VoidRay Stalker RoboticsFacility Pylon RoboticsFacility Probe Stargate Nexus Nexus Zealot Assimilator Probe Probe,39,120217
236,818428,0,31960,13.4887,31960,Zealot Stargate Adept RoboticsFacility VoidRay Probe Gateway Immortal VoidRay Zealot Pylon Probe Immortal Adept Pylon VoidRay Immortal Stalker Zealot Pylon Probe VoidRay Immortal Pylon Gateway Assimilator Stalker Assimilator Nexus Stalker RoboticsBay Pylon RoboticsFacility Probe Immortal,41.75,123876
266,899815,0,36154,14.7028,36154,Zealot Stargate Adept RoboticsFacility VoidRay Probe Gateway Immortal VoidRay Zealot Pylon Probe Immortal Adept Pylon VoidRay Immortal Stalker Pylon Adept Pylon Pylon VoidRay Assimilator Stalker Immortal Probe Pylon Pylon Adept Pylon Pylon Nexus Probe RoboticsBay Probe Zealot Zealot Pylon,41.5,124049
279,904140,0,36390,14.7616,36390,Zealot Stargate Adept RoboticsFacility VoidRay Probe Gateway Immortal VoidRay Zealot Pylon Probe Immortal Adept Pylon VoidRay Immortal Stalker Adept Assimilator Pylon Immortal VoidRay Pylon Zealot RoboticsFacility Assimilator Zealot RoboticsFacility Stalker Probe Stargate Adept TwilightCouncil Pylon Pylon,43.5,124360
279,909497,0,36691,14.8534,36691,Zealot Stargate Adept RoboticsFacility VoidRay Probe Gateway Immortal VoidRay Zealot Pylon Probe Immortal Adept Pylon VoidRay Immortal Stalker Zealot Pylon Immortal Stalker Pylon TwilightCouncil Zealot Assimilator Immortal Stalker RoboticsFacility Stalker Probe Nexus DarkShrine Assimilator Pylon RoboticsBay,44.25,125200
304,990645,0,41359,16.361,41359,Zealot Stargate Adept RoboticsFacility VoidRay Probe Gateway Immortal VoidRay Zealot Pylon Probe Immortal Adept Pylon VoidRay Immortal Stalker Zealot Pylon VoidRay Adept Pylon Immortal Gateway Pylon Adept Pylon Stalker Immortal Adept FleetBeacon Stargate Gateway Zealot Assimilator Zealot Probe,47.5,127573
304,994490,0,41583,16.416,41583,Zealot Stargate Adept RoboticsFacility VoidRay Probe Gateway Immortal VoidRay Zealot Pylon Probe Immortal Adept Pylon VoidRay Immortal Stalker Zealot Pylon Pylon Zealot VoidRay Zealot Pylon Zealot Immortal VoidRay Stargate Zealot Adept RoboticsBay Probe TwilightCouncil Nexus Gateway Probe,47.5,127999
334,1069524,0,46216,17.7724,46216,Zealot Stargate Adept RoboticsFacility VoidRay Probe Gateway Immortal VoidRay Zealot Pylon Probe Immortal Adept Pylon VoidRay Immortal Stalker Zealot Pylon Pylon Zealot VoidRay Stalker Immortal Adept Stalker Pylon TwilightCouncil RoboticsBay DarkShrine Zealot Zealot Probe Gateway Probe Assimilator Nexus,44,128374
339,1070434,0,46276,17.7903,46276,Zealot Stargate Adept RoboticsFacility VoidRay Probe Gateway Immortal VoidRay Zealot Pylon Probe Immortal Adept Pylon VoidRay Immortal Stalker Zealot Pylon Pylon Zealot VoidRay Stalker Adept Pylon Immortal Stalker Assimilator Zealot RoboticsFacility Zealot Pylon Stargate Probe Stalker Adept TwilightCouncil Assimilator Probe Probe,46,128900
349,1071441,0,46347,17.7984,46347,Zealot Stargate Adept RoboticsFacility VoidRay Probe Gateway Immortal VoidRay Zealot Pylon Probe Immortal Adept Pylon VoidRay Immortal Stalker Zealot Pylon Pylon Zealot VoidRay Immortal Adept Stalker Adept Pylon Stalker Immortal Gateway Stalker Stargate Assimilator RoboticsFacility Assimilator Gateway Probe Pylon,50.75,128954
379,1130209,0,50676,18.8833,50676,Zealot Stargate Adept RoboticsFacility VoidRay Probe Gateway Immortal VoidRay Zealot Pylon Probe Immortal Adept Pylon VoidRay Immortal Stalker Zealot Pylon Pylon Zealot VoidRay Immortal Adept Stalker Pylon Assimilator VoidRay Immortal Nexus TwilightCouncil Stargate Probe,50,129070
379,1131889,0,50809,18.9321,50809,Zealot Stargate Adept RoboticsFacility VoidRay Probe Gateway Immortal VoidRay Zealot Pylon Probe Immortal Adept Pylon VoidRay Immortal Stalker Zealot Pylon Pylon Zealot VoidRay Immortal Adept Pylon Stalker Stalker Assimilator VoidRay Zealot Zealot RoboticsFacility FleetBeacon Assimilator TwilightCouncil Probe,50,129513
379,1138524,0,51344,19.0825,51344,Zealot Stargate Adept RoboticsFacility VoidRay Probe Gateway Immortal VoidRay Zealot Pylon Probe Immortal Adept Pylon VoidRay Immortal Stalker Zealot Pylon Pylon Zealot VoidRay Immortal Adept Pylon Probe Probe Zealot VoidRay Adept Stalker Probe RoboticsFacility Nexus RoboticsBay Nexus,48.5,129594
379,1147194,0,52040,19.2686,52040,Zealot Stargate Adept RoboticsFacility VoidRay Probe Gateway Immortal VoidRay Zealot Pylon Probe Immortal Adept Pylon VoidRay Immortal Stalker Zealot Pylon Pylon Zealot VoidRay Immortal Adept Pylon Zealot VoidRay Zealot Stalker Adept FleetBeacon Gateway RoboticsFacility Probe Assimilator Gateway Pylon,49.5,130238
409,1194264,0,56060,20.0823,56060,Zealot Stargate Adept RoboticsFacility VoidRay Probe Gateway Immortal VoidRay Zealot Pylon Probe Immortal Adept Pylon VoidRay Immortal Stalker Zealot Pylon Pylon Zealot VoidRay Immortal Adept Pylon Zealot VoidRay Zealot Stalker RoboticsBay Zealot Assimilator Stargate Gateway RoboticsFacility Pylon Gateway,49.25,130249
424,1199081,0,56539,20.1246,56539,Zealot Stargate Adept RoboticsFacility VoidRay Probe Gateway Immortal VoidRay Zealot Pylon Probe Immortal Adept Pylon VoidRay Immortal Stalker Zealot Pylon Pylon Zealot VoidRay Immortal Adept Pylon Zealot VoidRay Stalker Stalker Zealot Probe Nexus FleetBeacon Assimilator Gateway,50,130314
439,1229661,0,59694,20.3729,59694,Zealot Stargate Adept RoboticsFacility VoidRay Probe Gateway Immortal VoidRay Zealot Pylon Probe Immortal Adept Pylon VoidRay Immortal Stalker Zealot Pylon Pylon Zealot VoidRay Immortal Adept Pylon Zealot VoidRay Stalker Stalker Zealot Gateway Gateway RoboticsBay Pylon Probe Probe Stalker Probe Stalker,50,130314
439,1231382,0,59881,20.3858,59881,Zealot Stargate Adept RoboticsFacility VoidRay Probe Gateway Immortal VoidRay Zealot Pylon Probe Immortal Adept Pylon VoidRay Immortal Stalker Zealot Pylon Pylon Zealot VoidRay Immortal Adept Pylon Zealot VoidRay Stalker Stalker Zealot Stargate Probe Pylon Stalker Stalker Pylon Gateway Gateway,50,130314
452,1235163,0,60302,20.4197,60302,Zealot Stargate Adept RoboticsFacility VoidRay Probe Gateway Immortal VoidRay Zealot Pylon Probe Immortal Adept Pylon VoidRay Immortal Stalker Zealot Pylon Pylon Zealot VoidRay Immortal Adept Pylon Zealot VoidRay Stalker Stalker Probe Assimilator Pylon Zealot RoboticsFacility VoidRay Stalker Zealot Assimilator,50,130314
452,1236123,0,60411,20.4269,60411,Zealot Stargate Adept RoboticsFacility VoidRay Probe Gateway Immortal VoidRay Zealot Pylon Probe Immortal Adept Pylon VoidRay Immortal Stalker Zealot Pylon Pylon Zealot VoidRay Immortal Adept Pylon Zealot VoidRay Stalker Stalker Zealot Probe Assimilator Gateway Pylon Stalker Gateway Probe TwilightCouncil Pylon,50,130314
452,1239546,0,60801,20.4521,60801,Zealot Stargate Adept RoboticsFacility VoidRay Probe Gateway Immortal VoidRay Zealot Pylon Probe Immortal Adept Pylon VoidRay Immortal Stalker Zealot Pylon Pylon Zealot VoidRay Immortal Adept Pylon Zealot VoidRay Stalker Stalker Zealot Probe Pylon Zealot Stargate Probe Zealot Pylon RoboticsBay Gateway,50,130314
452,1240688,0,60931,20.4606,60931,Zealot Stargate Adept RoboticsFacility VoidRay Probe Gateway Immortal VoidRay Zealot Pylon Probe Immortal Adept Pylon VoidRay Immortal Stalker Zealot Pylon Pylon Zealot VoidRay Immortal Adept Pylon Zealot VoidRay Stalker Stalker Zealot Probe RoboticsFacility Pylon Pylon Probe Stalker VoidRay Zealot Probe,50,130314
462,1265715,0,64042,20.6599,64042,Zealot Stargate Adept RoboticsFacility VoidRay Probe Gateway Immortal VoidRay Zealot Pylon Probe Immortal Adept Pylon VoidRay Immortal Stalker Zealot Pylon Pylon Zealot VoidRay Immortal Adept Pylon Zealot VoidRay Stalker Stalker Zealot Probe Pylon Pylon Probe Gateway Stalker Probe FleetBeacon Probe,50,130314
462,1265851,0,64062,20.6611,64062,Zealot Stargate Adept RoboticsFacility VoidRay Probe Gateway Immortal VoidRay Zealot Pylon Probe Immortal Adept Pylon VoidRay Immortal Stalker Zealot Pylon Pylon Zealot VoidRay Immortal Adept Pylon Zealot VoidRay Stalker Stalker Zealot Probe Assimilator Gateway Pylon Adept Probe Probe VoidRay Assimilator,50,130314
493,1284553,0,66805,20.8136,66805,Zealot Stargate Adept RoboticsFacility VoidRay Probe Gateway Immortal VoidRay Zealot Pylon Probe Immortal Adept Pylon VoidRay Immortal Stalker Zealot Pylon Pylon Zealot VoidRay Immortal Adept Pylon Zealot VoidRay Stalker Stalker Zealot Probe Assimilator Pylon TwilightCouncil Probe Probe VoidRay Stalker Pylon,50,130314
580,1337258,10,76528,21.2554,76528,Zealot Stargate Adept RoboticsFacility VoidRay Probe Gateway Immortal VoidRay Zealot Pylon Probe Immortal Adept Pylon VoidRay Immortal Stalker Zealot Pylon Pylon Zealot VoidRay Immortal Adept Pylon Zealot VoidRay Stalker Stalker Zealot Probe Assimilator Pylon TwilightCouncil Probe Probe VoidRay Stalker Pylon,50,130314
