0,0,0,0,0,0, ,0,0
0,29,0,1,0.000232,1,Stalker RoboticsFacility RoboticsBay Adept Colossus Zealot Pylon RoboticsFacility Nexus Colossus Probe Adept Nexus Colossus Assimilator Probe Stargate Colossus Immortal Zealot Adept Assimilator VoidRay Gateway Colossus Stalker Immortal Probe,35.25,76894
0,5310,0,170,0.09425,170,RoboticsFacility Adept Gateway Stalker RoboticsBay Zealot Immortal Colossus Gateway Pylon Stalker Stargate Nexus Stalker Adept Zealot Adept Colossus Immortal Zealot Zealot Probe RoboticsFacility Probe Stalker Stargate RoboticsFacility Stalker RoboticsFacility Stargate Pylon Nexus Gateway Assimilator,32.25,86525
2,8441,0,271,0.129073,271,Adept RoboticsFacility RoboticsBay Immortal Immortal RoboticsFacility Assimilator Pylon Assimilator Gateway Adept Zealot Immortal Probe Immortal Colossus Pylon Colossus Immortal Gateway Nexus Nexus,32.25,89046
11,17882,0,576,0.290265,576,RoboticsFacility RoboticsFacility Immortal Pylon Zealot RoboticsBay Immortal Assimilator Pylon Immortal Stalker Stalker Assimilator Adept Stalker Colossus Immortal Colossus Probe Pylon Gateway Pylon Stalker TwilightCouncil Gateway Zealot Stargate Probe,34.25,90155.2
14,56176,0,1801,0.917403,1801,RoboticsFacility Stalker Stalker Pylon Immortal Stargate Immortal VoidRay Pylon Zealot Immortal TwilightCouncil Immortal Adept Stargate DarkShrine Stalker FleetBeacon DarkTemplar TemplarArchive Pylon Probe Gateway Pylon Nexus Probe Assimilator Assimilator Gateway Nexus Pylon Pylon,26.5,95752.8
38,126331,0,4137,1.97214,4137,RoboticsFacility Stalker Adept RoboticsFacility Assimilator Immortal Immortal Probe Pylon Gateway Immortal Adept Pylon Zealot RoboticsFacility Probe Probe Immortal Pylon Adept Stalker Immortal Adept Stalker Adept Immortal Zealot Nexus Nexus TwilightCouncil RoboticsBay,36,104017
51,172539,0,5698,2.79797,5698,RoboticsFacility Stalker Stalker Pylon Gateway Probe Immortal Stalker Gateway Gateway Stalker Adept Pylon Immortal RoboticsFacility Immortal Adept Immortal Nexus Immortal RoboticsBay Stalker Nexus Zealot Gateway Adept Stalker Colossus Colossus Assimilator Probe Adept,34,104820
79,267759,0,9009,4.60915,9009,RoboticsFacility Stalker Stalker Pylon Gateway RoboticsFacility Immortal Pylon Stalker Immortal Stalker Immortal Stalker Zealot Stalker Stargate Stalker Adept Stalker Immortal Gateway Stalker Stargate Gateway TwilightCouncil Pylon DarkShrine Assimilator RoboticsBay Adept Immortal Pylon Gateway Assimilator RoboticsFacility,33,116421
190,568425,0,20687,9.01606,20687,RoboticsFacility Stalker Stalker Pylon Gateway RoboticsFacility Immortal Pylon Stalker Immortal Stalker Immortal Stalker Stalker Immortal Zealot Immortal Nexus Adept Probe Adept Probe Probe TwilightCouncil Probe Nexus Assimilator Assimilator RoboticsBay Stargate Stalker Probe TemplarArchive Adept Zealot Probe,34.5,118947
190,579073,0,21155,9.09459,21155,RoboticsFacility Stalker Stalker Pylon Gateway RoboticsFacility Immortal Pylon Stalker Immortal Adept Probe Immortal Immortal Zealot Stalker Pylon Stargate Stalker Stalker Gateway Assimilator Immortal Stalker VoidRay FleetBeacon VoidRay TwilightCouncil Nexus Assimilator,37.25,119816
226,694276,0,26211,10.9331,26211,RoboticsFacility Stalker Stalker Pylon Gateway RoboticsFacility Immortal Pylon Stalker Immortal Adept Probe Immortal Adept Immortal Immortal Probe Assimilator Stalker Immortal Pylon Stalker Nexus Pylon Immortal Nexus Stalker TwilightCouncil RoboticsFacility RoboticsFacility,39.25,120769
230,696997,0,26334,10.9779,26334,RoboticsFacility Stalker Stalker Pylon Gateway RoboticsFacility Immortal Pylon Stalker Immortal Adept Probe Immortal Adept Immortal Pylon Immortal Zealot Adept Immortal Stalker Assimilator Gateway Immortal Stargate Nexus TwilightCouncil Zealot Stargate RoboticsFacility RoboticsFacility,39,124219
235,735693,0,28111,11.616,28111,RoboticsFacility Stalker Stalker Pylon Gateway RoboticsFacility Immortal Pylon Stalker Immortal Adept Probe Immortal Adept Immortal Adept Pylon Immortal Immortal Gateway Zealot Immortal Pylon Immortal Gateway Pylon Zealot Stargate Adept Stargate Pylon Assimilator RoboticsBay Probe Adept Adept Probe,42.25,126213
256,784339,0,30428,12.4093,30428,RoboticsFacility Stalker Stalker Pylon Gateway RoboticsFacility Immortal Pylon Stalker Immortal Adept Probe Immortal Adept Immortal Stalker Immortal Stalker Immortal Pylon Probe Stargate Probe Probe Immortal Gateway Pylon Immortal Probe Pylon RoboticsFacility VoidRay Stalker RoboticsBay Zealot Nexus,43,126512
