0,0,0,0,0,0, ,0,0
0,28,0,1,0.000211,1,TwilightCouncil Probe Stalker Nexus Assimilator TemplarArchive RoboticsFacility Stalker RoboticsBay Colossus Assimilator Stalker Gateway Probe Zealot Adept DarkShrine Colossus Probe Immortal RoboticsFacility Nexus Nexus Adept Immortal Zealot Pylon,22.5,45126.5
0,92,0,3,0.000693,3,Probe TwilightCouncil Stargate DarkShrine Stargate Assimilator Pylon Adept Stargate Adept VoidRay Zealot Nexus Probe Pylon VoidRay VoidRay Assimilator Gateway RoboticsFacility FleetBeacon Stalker TemplarArchive Mothership RoboticsBay Gateway DarkTemplar Stargate DarkTemplar,17.25,49495.8
0,174,0,6,0.001297,6,Adept TwilightCouncil RoboticsFacility Immortal TemplarArchive Stalker Stalker Nexus Immortal Assimilator Immortal Nexus Probe Gateway Zealot DarkShrine Pylon Pylon Stargate VoidRay FleetBeacon Immortal Assimilator Adept Carrier Zealot,26,66856.5
0,253,0,8,0.001847,8,Zealot Zealot Pylon Probe Gateway Pylon Zealot Adept Gateway Stargate RoboticsFacility VoidRay RoboticsFacility Adept Stalker Pylon Probe Stargate Stalker VoidRay Probe Stalker Immortal TwilightCouncil RoboticsBay RoboticsFacility Probe Adept Pylon Adept VoidRay RoboticsFacility Probe Zealot Assimilator RoboticsFacility Probe Gateway Adept Assimilator Gateway Pylon Adept Adept Gateway Probe Gateway Probe,30,75451.2
0,585,0,18,0.004199,18,RoboticsFacility TwilightCouncil Immortal Adept Immortal Nexus Probe Stalker TemplarArchive Stalker Adept Immortal RoboticsFacility Immortal Zealot Gateway Adept DarkShrine Immortal Immortal Nexus Probe DarkTemplar RoboticsBay Pylon Assimilator DarkTemplar RoboticsFacility Probe Probe Nexus Assimilator Assimilator,30.75,82460
0,2532,0,79,0.059985,79,RoboticsFacility Stalker Immortal Assimilator Stargate Pylon Zealot Stargate Immortal VoidRay Zealot Stalker RoboticsFacility Adept Gateway Assimilator Zealot Stalker FleetBeacon Stalker RoboticsFacility Gateway Stargate Stalker Nexus Pylon Pylon,24.5,83572.5
1,7802,0,248,0.146205,248,Probe RoboticsFacility Nexus Pylon Stalker Immortal Stargate Pylon VoidRay Immortal Stargate Gateway Stalker Pylon Zealot Immortal RoboticsFacility VoidRay Gateway Probe Stalker Nexus Zealot Zealot Nexus Adept Adept Nexus Pylon Immortal Assimilator Probe,30,86442.8
11,24736,0,790,0.275724,790,Adept Stalker RoboticsFacility Immortal Stalker Assimilator RoboticsFacility RoboticsFacility Gateway Pylon Immortal Stalker Immortal Gateway Immortal Pylon Zealot Zealot Zealot Immortal Assimilator TwilightCouncil Gateway RoboticsFacility Nexus Probe DarkShrine Probe Probe,28.25,92353.8
13,45454,0,1450,0.570555,1450,Gateway Stargate Zealot VoidRay Stargate Pylon Adept Stalker Pylon Probe RoboticsFacility Stalker Stalker Assimilator Adept RoboticsFacility Adept Stalker Stalker VoidRay Stargate VoidRay Immortal Adept Stalker Nexus TwilightCouncil Gateway FleetBeacon Gateway Stargate Pylon,32.25,95278
46,116175,0,3772,1.2532,3772,Gateway Stargate Stalker Zealot Stalker VoidRay Stalker Stalker Stargate Stalker VoidRay Zealot Pylon Gateway Pylon Pylon Assimilator Adept Adept Pylon Stalker Gateway Nexus VoidRay Stalker Stalker Gateway FleetBeacon Stalker Assimilator Zealot TwilightCouncil Probe,32.25,100094
48,123769,0,4031,1.39087,4031,Gateway Stargate VoidRay Stalker RoboticsFacility Pylon Stalker Stalker Zealot VoidRay Immortal Gateway VoidRay Nexus Immortal RoboticsFacility Stalker Zealot Pylon Stargate RoboticsBay Gateway Immortal Adept Nexus RoboticsFacility FleetBeacon Probe Pylon Probe,33.5,100758
116,377969,0,13464,5.10879,13464,Gateway Stargate VoidRay Stalker RoboticsFacility Pylon VoidRay Probe Immortal Stalker Nexus Stalker Probe Immortal VoidRay Immortal Assimilator Adept Immortal Pylon Nexus RoboticsFacility Stargate Probe TwilightCouncil Stargate TemplarArchive FleetBeacon Probe Zealot Pylon,33.5,101214
146,458366,0,16734,6.30777,16734,Gateway Stargate VoidRay Stalker RoboticsFacility Pylon VoidRay Probe Adept Nexus Stalker Immortal Zealot Stalker VoidRay Immortal VoidRay Gateway Immortal Gateway RoboticsBay Stargate Probe RoboticsFacility Nexus FleetBeacon Assimilator Assimilator Nexus,34.75,106804
213,645938,0,24880,9.80294,24880,Gateway Stargate VoidRay Stalker RoboticsFacility Pylon VoidRay Probe Adept Nexus Stalker Immortal Adept VoidRay Immortal VoidRay Stalker Immortal Zealot Assimilator RoboticsFacility Assimilator RoboticsBay TwilightCouncil Zealot Stargate Probe Stargate Gateway Zealot TemplarArchive,37,108245
228,696844,0,27368,10.9238,27368,Gateway Stargate VoidRay Stalker RoboticsFacility Pylon VoidRay Probe Adept Nexus Stalker Immortal Adept VoidRay Immortal Adept Immortal Zealot VoidRay Immortal TwilightCouncil Pylon Zealot Zealot Gateway Gateway Nexus DarkShrine Immortal Probe,41.25,110422
243,728878,0,29024,11.6122,29024,Gateway Stargate VoidRay Stalker RoboticsFacility Pylon VoidRay Probe Adept Nexus Stalker Immortal Adept VoidRay Stalker Immortal Stalker Gateway VoidRay Probe Immortal VoidRay FleetBeacon TwilightCouncil Nexus Nexus Assimilator Assimilator Pylon,40.75,110745
243,737399,0,29473,11.7808,29473,Gateway Stargate VoidRay Stalker RoboticsFacility Pylon VoidRay Probe Adept Nexus Stalker Immortal Adept VoidRay Adept Zealot Immortal Adept VoidRay Stalker Immortal Probe RoboticsFacility Nexus TwilightCouncil Stargate Gateway Assimilator Gateway FleetBeacon Assimilator Pylon,38.5,112850
273,803745,0,33115,12.9927,33115,Gateway Stargate VoidRay Stalker RoboticsFacility Pylon VoidRay Probe Adept Nexus Stalker Immortal Adept VoidRay Adept Zealot Zealot Pylon Pylon VoidRay Stalker Stalker Immortal Stalker Probe Probe Adept Gateway Zealot Adept Zealot Gateway Gateway Probe Zealot Gateway Assimilator Pylon Immortal,42.5,112895
303,878957,0,37526,14.5011,37526,Gateway Stargate VoidRay Stalker RoboticsFacility Pylon VoidRay Probe Adept Nexus Stalker Immortal Adept VoidRay Adept Zealot Zealot Pylon Immortal VoidRay Adept Probe Stalker Immortal Assimilator Stalker VoidRay RoboticsBay Assimilator Pylon Pylon Immortal Adept Probe,45.25,115967
318,896610,0,38650,14.8063,38650,Gateway Stargate VoidRay Stalker RoboticsFacility Pylon VoidRay Probe Adept Nexus Stalker Immortal Adept VoidRay Adept Zealot Zealot Pylon Immortal VoidRay Stalker Immortal Stalker Stalker Gateway Immortal RoboticsFacility RoboticsFacility RoboticsBay Gateway Pylon Gateway Assimilator,45.5,116477
336,948268,0,42263,15.6868,42263,Gateway Stargate VoidRay Stalker RoboticsFacility Pylon VoidRay Probe Adept Nexus Stalker Immortal Adept VoidRay Adept Zealot Zealot Pylon Immortal VoidRay Stalker Adept Immortal VoidRay Probe Adept Pylon Stalker Pylon RoboticsFacility RoboticsFacility RoboticsFacility Gateway Assimilator Zealot Probe,46.5,116538
363,977672,0,44521,16.1889,44521,Gateway Stargate VoidRay Stalker RoboticsFacility Pylon VoidRay Probe Adept Nexus Stalker Immortal Adept VoidRay Adept Zealot Zealot Pylon Immortal VoidRay Stalker Adept Immortal Stalker Adept Stargate Adept Probe Nexus RoboticsFacility Gateway Assimilator Assimilator TwilightCouncil,43.75,116829
363,985315,0,45118,16.3192,45118,Gateway Stargate VoidRay Stalker RoboticsFacility Pylon VoidRay Probe Adept Nexus Stalker Immortal Adept VoidRay Adept Zealot Zealot Pylon Immortal VoidRay Stalker Adept Immortal Zealot Stalker TwilightCouncil Assimilator Stalker Pylon VoidRay Nexus Assimilator,44,116871
363,990035,0,45493,16.3992,45493,Gateway Stargate VoidRay Stalker RoboticsFacility Pylon VoidRay Probe Adept Nexus Stalker Immortal Adept VoidRay Adept Zealot Zealot Pylon Immortal VoidRay Stalker Adept Immortal Stalker Adept Stalker Assimilator Nexus TwilightCouncil Stargate Stargate Gateway,44.25,117024
363,997441,0,46097,16.5229,46097,Gateway Stargate VoidRay Stalker RoboticsFacility Pylon VoidRay Probe Adept Nexus Stalker Immortal Adept VoidRay Adept Zealot Zealot Pylon Immortal VoidRay Stalker Adept Immortal Pylon Adept Stalker VoidRay Adept Assimilator Assimilator Nexus Pylon Probe,47.75,117328
378,1000527,0,46381,16.5766,46381,Gateway Stargate VoidRay Stalker RoboticsFacility Pylon VoidRay Probe Adept Nexus Stalker Immortal Adept VoidRay Adept Zealot Zealot Pylon Immortal VoidRay Stalker Adept Immortal Stalker Stalker RoboticsFacility Pylon Stalker TwilightCouncil RoboticsBay Gateway Assimilator Pylon Zealot Adept Probe,44.75,117492
378,1018842,0,48026,16.9376,48026,Gateway Stargate VoidRay Stalker RoboticsFacility Pylon VoidRay Probe Adept Nexus Stalker Immortal Adept VoidRay Adept Zealot Zealot Pylon Immortal VoidRay Stalker Adept Immortal Stalker Stalker Stalker Gateway TwilightCouncil Gateway Pylon DarkShrine Stalker Stalker Gateway,44.75,117492
378,1019609,0,48101,16.9538,48101,Gateway Stargate VoidRay Stalker RoboticsFacility Pylon VoidRay Probe Adept Nexus Stalker Immortal Adept VoidRay Adept Zealot Zealot Pylon Immortal VoidRay Stalker Adept Immortal Stalker Stalker Probe Stalker Gateway Nexus Assimilator Pylon Immortal Assimilator Probe,44.75,117492
393,1024222,0,48546,17.039,48546,Gateway Stargate VoidRay Stalker RoboticsFacility Pylon VoidRay Probe Adept Nexus Stalker Immortal Adept VoidRay Adept Zealot Zealot Pylon Immortal VoidRay Stalker Adept Immortal Stalker Pylon Stalker Immortal Adept FleetBeacon Stalker Gateway Gateway Probe,48,117662
393,1040084,0,50092,17.3365,50092,Gateway Stargate VoidRay Stalker RoboticsFacility Pylon VoidRay Probe Adept Nexus Stalker Immortal Adept VoidRay Adept Zealot Zealot Pylon Immortal VoidRay Stalker Adept Immortal Stalker Pylon Stalker Immortal Adept Stalker Probe RoboticsBay Nexus Assimilator,49.75,117913
408,1043596,0,50451,17.4047,50451,Gateway Stargate VoidRay Stalker RoboticsFacility Pylon VoidRay Probe Adept Nexus Stalker Immortal Adept VoidRay Adept Zealot Zealot Pylon Immortal VoidRay Stalker Adept Immortal Stalker Pylon Stalker Immortal Stalker Adept Pylon Immortal Probe TwilightCouncil Assimilator,49.75,117955
423,1065771,0,52768,17.7472,52768,Gateway Stargate VoidRay Stalker RoboticsFacility Pylon VoidRay Probe Adept Nexus Stalker Immortal Adept VoidRay Adept Zealot Zealot Pylon Immortal VoidRay Stalker Adept Immortal Stalker Pylon Stalker Immortal Stalker Zealot Assimilator Probe Nexus Probe Assimilator,49.5,117983
438,1080670,0,54497,18.0187,54497,Gateway Stargate VoidRay Stalker RoboticsFacility Pylon VoidRay Probe Adept Nexus Stalker Immortal Adept VoidRay Adept Zealot Zealot Pylon Immortal VoidRay Stalker Adept Immortal Stalker Pylon Stalker Immortal Stalker Stalker Assimilator Assimilator Nexus,50.25,118026
438,1081107,0,54554,18.0429,54554,Gateway Stargate VoidRay Stalker RoboticsFacility Pylon VoidRay Probe Adept Nexus Stalker Immortal Adept VoidRay Adept Zealot Zealot Pylon Immortal VoidRay Stalker Adept Immortal Stalker Pylon Stalker Immortal Stalker Stalker Probe Assimilator Adept Stargate Pylon Assimilator Assimilator,50.25,118026
438,1092032,0,56005,18.2688,56005,Gateway Stargate VoidRay Stalker RoboticsFacility Pylon VoidRay Probe Adept Nexus Stalker Immortal Adept VoidRay Adept Zealot Zealot Pylon Immortal VoidRay Stalker Adept Immortal Stalker Pylon Stalker Immortal Stalker Stalker Probe Stargate Stalker Assimilator Gateway Assimilator,50.25,118026
453,1094895,0,56425,18.3461,56425,Gateway Stargate VoidRay Stalker RoboticsFacility Pylon VoidRay Probe Adept Nexus Stalker Immortal Adept VoidRay Adept Zealot Zealot Pylon Immortal VoidRay Stalker Adept Immortal Stalker Pylon Stalker Immortal Stalker Stalker Pylon Probe Probe Zealot Zealot Stargate Probe Assimilator,50.25,118026
453,1106611,0,58184,18.5858,58184,Gateway Stargate VoidRay Stalker RoboticsFacility Pylon VoidRay Probe Adept Nexus Stalker Immortal Adept VoidRay Adept Zealot Zealot Pylon Immortal VoidRay Stalker Adept Immortal Stalker Pylon Stalker Immortal Stalker Stalker RoboticsBay Probe Assimilator Probe Probe Pylon Pylon Assimilator,50.25,118026
466,1107764,0,58378,18.6138,58378,Gateway Stargate VoidRay Stalker RoboticsFacility Pylon VoidRay Probe Adept Nexus Stalker Immortal Adept VoidRay Adept Zealot Zealot Pylon Immortal VoidRay Stalker Adept Immortal Stalker Pylon Stalker Immortal Stalker Stalker Stargate Probe Probe Probe Pylon Gateway Pylon,50.25,118026
466,1108179,0,58447,18.6219,58447,Gateway Stargate VoidRay Stalker RoboticsFacility Pylon VoidRay Probe Adept Nexus Stalker Immortal Adept VoidRay Adept Zealot Zealot Pylon Immortal VoidRay Stalker Adept Immortal Stalker Pylon Stalker Immortal Stalker Stalker Probe Probe Probe Nexus Stargate,50.25,118026
479,1120030,0,60428,18.8454,60428,Gateway Stargate VoidRay Stalker RoboticsFacility Pylon VoidRay Probe Adept Nexus Stalker Immortal Adept VoidRay Adept Zealot Zealot Pylon Immortal VoidRay Stalker Adept Immortal Stalker Pylon Stalker Immortal Stalker Stalker Probe Pylon RoboticsBay Probe Probe Pylon Stalker,50.25,118026
479,1122854,0,60921,18.9025,60921,Gateway Stargate VoidRay Stalker RoboticsFacility Pylon VoidRay Probe Adept Nexus Stalker Immortal Adept VoidRay Adept Zealot Zealot Pylon Immortal VoidRay Stalker Adept Immortal Stalker Pylon Stalker Immortal Stalker Stalker Probe Probe Pylon RoboticsBay Probe Zealot Probe Adept,50.25,118026
479,1126318,0,61533,18.986,61533,Gateway Stargate VoidRay Stalker RoboticsFacility Pylon VoidRay Probe Adept Nexus Stalker Immortal Adept VoidRay Adept Zealot Zealot Pylon Immortal VoidRay Stalker Adept Immortal Stalker Pylon Stalker Immortal Stalker Stalker Probe Pylon TwilightCouncil Probe Probe Stalker Stalker,50.25,118026
505,1142269,2,64726,19.3665,64726,Gateway Stargate VoidRay Stalker RoboticsFacility Pylon VoidRay Probe Adept Nexus Stalker Immortal Adept VoidRay Adept Zealot Zealot Pylon Immortal VoidRay Stalker Adept Immortal Stalker Pylon Stalker Immortal Stalker Stalker Probe Pylon TwilightCouncil Probe Probe Immortal,50.25,118026
