0,0,0,0,0,0, ,0,0
0,32,0,1,0.000255,1,Stalker Zealot Nexus Probe Pylon RoboticsFacility Nexus TwilightCouncil Immortal RoboticsFacility RoboticsBay Immortal Probe Colossus Colossus Gateway Colossus Nexus Colossus RoboticsFacility RoboticsFacility TemplarArchive Adept Pylon Assimilator Zealot Nexus Probe Probe Probe Pylon,30.25,67796.5
0,581,0,18,0.004037,18,Probe Nexus RoboticsFacility Stalker Immortal Pylon Zealot Adept Stargate Zealot Gateway VoidRay Pylon Immortal Probe Immortal RoboticsBay FleetBeacon Carrier Colossus Pylon Carrier Probe Assimilator Assimilator Assimilator Nexus Immortal Assimilator Nexus,31.25,69121
0,780,0,24,0.009443,24,Stalker Gateway Adept Nexus Stargate VoidRay Gateway VoidRay FleetBeacon Tempest Zealot Stalker Tempest Assimilator Stalker Probe Stargate Stalker Pylon Gateway Stalker Assimilator Nexus RoboticsFacility Stalker Pylon RoboticsFacility Stalker RoboticsBay Probe Probe,29.25,70578.5
0,1339,0,42,0.0133,42,Stalker Gateway RoboticsFacility Adept Adept Assimilator Nexus Immortal RoboticsFacility Adept Immortal Immortal Pylon RoboticsBay Colossus Colossus Gateway Zealot Zealot Stargate Pylon Immortal Stalker Gateway Probe TwilightCouncil Probe Pylon,34.25,84921.2
11,21527,0,690,0.272229,690,RoboticsFacility Pylon Adept Zealot Pylon RoboticsFacility Gateway Adept Immortal Zealot Nexus Immortal Immortal TwilightCouncil Zealot Adept Adept Adept Nexus RoboticsBay Immortal Immortal Immortal Stargate Nexus Stargate VoidRay Probe,31.75,85050.8
11,25114,0,804,0.323343,804,Gateway Stargate Stalker Stalker Assimilator Probe Probe Probe Probe VoidRay VoidRay Pylon Adept Stargate VoidRay Nexus VoidRay Gateway FleetBeacon Gateway Tempest Mothership Assimilator Tempest TwilightCouncil Nexus Zealot Nexus,30.25,85649
11,30677,0,982,0.371946,982,Adept TwilightCouncil Stalker Assimilator RoboticsFacility Stargate Adept Immortal Pylon VoidRay Immortal Immortal Adept RoboticsFacility VoidRay Assimilator FleetBeacon Nexus VoidRay Adept RoboticsBay Probe Probe Gateway Pylon,24.75,86432
11,35750,0,1146,0.412375,1146,Adept RoboticsFacility RoboticsFacility RoboticsFacility Adept Immortal Immortal Gateway Pylon Immortal Stargate Adept Gateway Immortal Immortal TwilightCouncil Nexus Probe RoboticsBay Stalker Immortal Zealot VoidRay Probe Gateway Colossus Assimilator DarkShrine Pylon Gateway Gateway,33,91068
22,73580,0,2359,0.756236,2359,Adept Pylon Stargate Gateway VoidRay Adept Zealot Stalker VoidRay Adept Adept Probe VoidRay Probe RoboticsFacility Stalker Zealot Assimilator Probe Stargate Gateway Pylon Pylon TwilightCouncil Probe VoidRay Probe RoboticsFacility RoboticsBay Stargate Colossus DarkShrine Gateway Zealot TemplarArchive Pylon Gateway Gateway Nexus,27.5,94181.2
22,77482,0,2489,0.78695,2489,Adept Stargate TwilightCouncil Zealot VoidRay Assimilator Gateway Stalker VoidRay Adept Stargate Adept VoidRay FleetBeacon Pylon Stargate Probe Tempest Stalker Pylon Stalker Pylon Stalker Tempest Adept Probe Adept RoboticsFacility Pylon Nexus TemplarArchive Probe,34.75,94837.8
137,480408,0,18139,5.40491,18139,Adept Stargate TwilightCouncil Zealot VoidRay Assimilator Gateway Stalker VoidRay Assimilator Adept Probe Pylon Stargate VoidRay Zealot Stalker Pylon VoidRay VoidRay Probe Stargate VoidRay FleetBeacon Probe DarkShrine Pylon Stalker Tempest,32,95346.2
151,503675,0,19328,5.7096,19328,Adept Stargate TwilightCouncil Zealot VoidRay Assimilator Gateway Stalker VoidRay Pylon Stargate Stalker Adept VoidRay DarkShrine VoidRay FleetBeacon Adept Probe Zealot Pylon VoidRay VoidRay RoboticsFacility Nexus Gateway RoboticsFacility TemplarArchive,33.25,96770
165,544535,0,21436,6.19673,21436,Adept Stargate TwilightCouncil Zealot VoidRay Assimilator Gateway Stalker VoidRay Pylon Stalker VoidRay Probe Stalker RoboticsFacility Pylon Stalker VoidRay Assimilator Stalker Probe VoidRay Zealot RoboticsFacility RoboticsFacility Stargate RoboticsBay FleetBeacon RoboticsFacility TemplarArchive Probe,32,97336
165,554436,0,21954,6.26768,21954,Adept Stargate TwilightCouncil Zealot VoidRay Assimilator Gateway Stalker VoidRay Pylon Assimilator Stalker Pylon Stalker VoidRay RoboticsFacility Adept Adept Stalker VoidRay Adept Stalker Probe Probe Gateway RoboticsBay RoboticsFacility Stargate TemplarArchive DarkShrine Probe,30.75,98834.2
191,592914,0,24276,6.6375,24276,Adept Stargate TwilightCouncil Zealot VoidRay Assimilator Gateway Stalker VoidRay Pylon Assimilator Stalker Stalker VoidRay Adept Pylon Probe Zealot Probe VoidRay TemplarArchive Stalker Adept Stalker Gateway Nexus FleetBeacon DarkShrine Pylon,30.5,99114.2
193,621884,0,26104,6.97881,26104,Adept Stargate TwilightCouncil Zealot VoidRay Assimilator Gateway Stalker VoidRay Pylon Assimilator Stalker Stalker VoidRay Pylon Stalker Probe Zealot Gateway Pylon Adept VoidRay Zealot Stalker Stalker FleetBeacon TemplarArchive Probe Stalker Stargate,32,99274.2
204,633509,0,26867,7.11851,26867,Adept Stargate TwilightCouncil Zealot VoidRay Assimilator Gateway Stalker VoidRay Pylon Assimilator Stalker Stalker Probe Probe Stalker VoidRay Probe Pylon VoidRay Stalker Stalker TemplarArchive Adept Adept RoboticsFacility Nexus Gateway RoboticsFacility DarkShrine RoboticsBay Pylon,31.25,102066
243,732762,0,33049,8.2515,33049,Adept Stargate TwilightCouncil Zealot VoidRay Assimilator Gateway Stalker VoidRay Pylon Assimilator Stalker Stalker Probe Probe Stalker VoidRay Probe Pylon Stalker Stalker VoidRay Gateway FleetBeacon VoidRay TemplarArchive Nexus RoboticsFacility Stargate,32.75,102374
243,742622,0,33670,8.32007,33670,Adept Stargate TwilightCouncil Zealot VoidRay Assimilator Gateway Stalker VoidRay Pylon Assimilator Stalker Stalker Probe Probe Stalker Stalker VoidRay Probe Stalker Pylon Stalker VoidRay Pylon Adept Zealot Pylon RoboticsFacility TemplarArchive Nexus RoboticsFacility DarkShrine Probe,32.75,106521
288,839876,0,40497,9.08918,40497,Adept Stargate TwilightCouncil Zealot VoidRay Assimilator Gateway Stalker VoidRay Pylon Assimilator Stalker Stalker Probe Probe Stalker Stalker VoidRay Probe Stalker Pylon VoidRay Zealot Stalker Pylon Stalker Gateway Stalker Stargate RoboticsFacility Gateway TemplarArchive Stalker Gateway,35,108349
339,889464,0,44456,9.50688,44456,Adept Stargate TwilightCouncil Zealot VoidRay Assimilator Gateway Stalker VoidRay Pylon Assimilator Stalker Stalker Probe Probe Stalker Stalker VoidRay Probe Stalker Pylon VoidRay Stalker Pylon Stalker Zealot Stalker Zealot Stargate RoboticsFacility FleetBeacon Adept Pylon Pylon,36,108983
