0,0,0,0,0,0, ,0,0
0,23,0,1,0.004197,1,Zealot Assimilator Zealot TwilightCouncil Gateway Assimilator Stargate Nexus Nexus Pylon TemplarArchive Zealot Stalker Stargate Zealot VoidRay Stargate Nexus Gateway Pylon DarkShrine Zealot,9.75,26606.2
0,50,0,2,0.004404,2,Nexus Zealot RoboticsFacility RoboticsBay Stalker Immortal Colossus TwilightCouncil Stalker Nexus Adept Nexus Immortal RoboticsFacility Adept Nexus TemplarArchive Zealot Adept Nexus Stargate Colossus RoboticsFacility Stalker Pylon Probe,21.75,65042
0,154,0,5,0.005198,5,RoboticsFacility Pylon Nexus Immortal Immortal Adept RoboticsBay Colossus RoboticsFacility Probe Gateway Adept Gateway Probe Probe Gateway Stargate Probe Colossus FleetBeacon Adept VoidRay Adept Immortal Tempest Pylon Zealot Probe Pylon TwilightCouncil Assimilator Probe Nexus Probe Zealot Assimilator Zealot Assimilator,30.25,67980
0,1357,0,45,0.028713,45,Stargate Pylon Zealot Probe Pylon VoidRay Probe RoboticsFacility Assimilator Stargate Stalker Immortal RoboticsBay TwilightCouncil VoidRay Probe Colossus Pylon Adept TemplarArchive Stargate Colossus Adept Colossus Assimilator Probe Zealot Nexus Nexus Pylon Gateway Gateway Probe,28,76827.2
0,1722,0,56,0.031312,56,Adept Pylon Stargate VoidRay VoidRay Gateway Stalker Pylon Stalker Stalker Stalker Adept Probe Zealot Adept Stalker Assimilator Nexus Assimilator Nexus Pylon VoidRay Adept Stargate Zealot Stargate Nexus Adept Probe Zealot Adept Stalker RoboticsFacility Probe,30,78532.8
0,2188,0,71,0.034638,71,Pylon RoboticsFacility Adept Stalker Stalker Pylon Immortal Stalker TwilightCouncil Pylon Assimilator Immortal Gateway TemplarArchive Immortal DarkShrine Nexus Zealot Immortal Gateway DarkTemplar RoboticsBay Assimilator Gateway Stargate RoboticsFacility Stalker Stargate Pylon,25,80499.2
11,19452,0,628,0.271734,628,RoboticsFacility Stalker Pylon Probe RoboticsBay Immortal Stalker Stalker Zealot Colossus Adept Nexus Stalker Pylon Probe Nexus Immortal RoboticsFacility Nexus Zealot RoboticsFacility TwilightCouncil Pylon Stalker DarkShrine Assimilator Stargate Stargate Nexus VoidRay Probe Zealot Probe,24.5,81153.5
11,24684,0,798,0.307812,798,Probe Pylon RoboticsFacility Probe Zealot TwilightCouncil Stalker Stalker Gateway Immortal Immortal DarkShrine Pylon TemplarArchive Assimilator Stalker Zealot Immortal Stalker Immortal Adept Adept RoboticsBay Adept Probe Gateway DarkTemplar RoboticsFacility Stargate Nexus Nexus Stargate Gateway Pylon Stargate,30.25,88431.2
11,28803,0,923,0.336444,923,Zealot Pylon RoboticsFacility Immortal RoboticsBay RoboticsFacility Adept Pylon Assimilator Gateway Stalker Colossus Stalker Adept Adept Probe Immortal Colossus Immortal Pylon Pylon Zealot RoboticsFacility Zealot Nexus Gateway Gateway Adept Stargate Assimilator Probe Probe,31.5,95130
37,131912,0,4265,1.60076,4265,Zealot Pylon Probe RoboticsFacility RoboticsFacility Immortal Pylon RoboticsBay Immortal Immortal Gateway Immortal Colossus Zealot Immortal Gateway Colossus Stalker RoboticsFacility Gateway Nexus Immortal Immortal TwilightCouncil Stargate Nexus Assimilator Stalker Probe,32.5,99717.5
92,343453,0,11174,4.99882,11174,Zealot Pylon Probe RoboticsFacility RoboticsFacility Immortal Adept Gateway Immortal Probe Immortal Stalker Immortal Stalker Stalker Stalker Probe RoboticsFacility TwilightCouncil TemplarArchive Pylon Zealot DarkShrine Adept Assimilator Nexus Pylon Stalker Adept DarkTemplar RoboticsFacility Adept Gateway Gateway Assimilator Immortal Probe Gateway Pylon Assimilator Probe,29.5,101920
105,383096,0,12557,5.63002,12557,Zealot Pylon Probe RoboticsFacility RoboticsFacility Immortal Immortal Gateway Stalker Zealot Probe Pylon Stalker Immortal RoboticsBay Pylon Adept Probe Adept Pylon Probe Adept Gateway Probe Colossus Probe Stalker Colossus Nexus Stalker Colossus Gateway Gateway Assimilator Colossus Gateway Nexus Stalker Zealot Probe Probe,39,104089
114,424488,0,14032,6.28836,14032,Zealot Pylon Probe RoboticsFacility RoboticsFacility Immortal Immortal Gateway Zealot Adept Gateway Immortal Adept Immortal Adept Probe Pylon Stalker Pylon Pylon Assimilator Immortal RoboticsFacility Assimilator Immortal Stalker RoboticsBay Adept Nexus Zealot Nexus Probe,34,106190
121,440167,0,14619,6.54401,14619,Zealot Pylon Probe RoboticsFacility RoboticsFacility Immortal Immortal Stalker Immortal Pylon Immortal Pylon Gateway Pylon RoboticsFacility RoboticsBay Immortal Zealot Probe Immortal Stalker Assimilator RoboticsFacility Immortal Stalker Adept Zealot Nexus Pylon Nexus Immortal,35.75,107167
126,479999,0,16106,7.19889,16106,Zealot Pylon Probe RoboticsFacility RoboticsFacility Immortal Immortal Stalker Immortal Gateway Adept Stalker Immortal Adept RoboticsFacility Pylon Immortal RoboticsBay Immortal Immortal Nexus TwilightCouncil DarkShrine Gateway Adept Probe Adept Probe Probe Gateway Zealot Probe Gateway Stargate Probe Assimilator Probe Assimilator,33.25,109136
147,539978,0,18430,8.16486,18430,Zealot Pylon Probe RoboticsFacility RoboticsFacility Immortal Immortal Stalker Immortal TwilightCouncil Immortal Immortal Stalker Pylon Immortal Assimilator Gateway Gateway RoboticsBay Stalker Stalker Stalker Zealot TemplarArchive Pylon Stargate Assimilator Gateway VoidRay Stalker DarkShrine Probe Probe,33.25,110189
158,585636,0,20282,8.97683,20282,Zealot Pylon Probe RoboticsFacility RoboticsFacility Immortal Immortal Stalker Immortal TwilightCouncil Pylon Pylon Zealot Probe Immortal Gateway Stalker Adept Immortal Probe Adept Immortal Immortal Stalker DarkShrine Pylon RoboticsBay Assimilator RoboticsFacility TemplarArchive RoboticsFacility Adept Nexus Gateway Probe Zealot Probe Assimilator Probe,36,112037
203,734679,0,26606,11.8165,26606,Zealot Pylon Probe RoboticsFacility RoboticsFacility Immortal Immortal Stalker Immortal TwilightCouncil Pylon Pylon Zealot Immortal Immortal RoboticsBay Adept Immortal Immortal Immortal Immortal Nexus Gateway Zealot Nexus Gateway DarkShrine RoboticsFacility Pylon,39.75,115094
219,810097,0,30101,13.4894,30101,Zealot Pylon Probe RoboticsFacility RoboticsFacility Immortal Immortal Stalker Immortal TwilightCouncil Pylon Pylon Zealot Immortal Immortal Stalker Stalker Immortal Immortal TemplarArchive Assimilator Immortal Zealot Adept RoboticsFacility RoboticsFacility RoboticsFacility Assimilator Stargate Stargate RoboticsBay Pylon Pylon,39.5,117996
231,824237,0,30817,13.7283,30817,Zealot Pylon Probe RoboticsFacility RoboticsFacility Immortal Immortal Stalker Immortal TwilightCouncil Pylon Pylon Zealot Immortal Immortal Immortal Immortal Adept Immortal Immortal Gateway Stalker Pylon Assimilator Assimilator Probe Probe Pylon Gateway Stalker Pylon Zealot Gateway Adept Probe Probe,43.25,119477
259,920289,0,36149,15.5162,36149,Zealot Pylon Probe RoboticsFacility RoboticsFacility Immortal Immortal Stalker Immortal TwilightCouncil Pylon Pylon Zealot Immortal Immortal Immortal Immortal Adept Probe Pylon Immortal Immortal Pylon Immortal RoboticsFacility Stalker RoboticsFacility DarkShrine RoboticsFacility Gateway Assimilator Stalker Assimilator Pylon Probe Probe,44.25,120328
301,998774,0,40964,16.778,40964,Zealot Pylon Probe RoboticsFacility RoboticsFacility Immortal Immortal Stalker Immortal TwilightCouncil Pylon Pylon Zealot Immortal Immortal Immortal Immortal Adept Probe Pylon Immortal Immortal Immortal Zealot Zealot Nexus Assimilator Nexus Assimilator TemplarArchive Pylon,44.5,120376
301,1000080,0,41045,16.8006,41045,Zealot Pylon Probe RoboticsFacility RoboticsFacility Immortal Immortal Stalker Immortal TwilightCouncil Pylon Pylon Zealot Immortal Immortal Immortal Immortal Adept Probe Pylon Immortal RoboticsBay Zealot Immortal Immortal Adept RoboticsFacility Gateway Nexus Nexus,44.75,121076
301,1017844,0,42164,17.0597,42164,Zealot Pylon Probe RoboticsFacility RoboticsFacility Immortal Immortal Stalker Immortal TwilightCouncil Pylon Pylon Zealot Immortal Immortal Immortal Immortal Adept Probe Pylon Immortal Gateway Immortal Adept Immortal Adept Assimilator RoboticsBay DarkShrine Nexus RoboticsFacility Pylon,45,121186
315,1021901,0,42442,17.116,42442,Zealot Pylon Probe RoboticsFacility RoboticsFacility Immortal Immortal Stalker Immortal TwilightCouncil Pylon Pylon Zealot Immortal Immortal Immortal Immortal Adept Probe Pylon Immortal Probe Immortal Stalker Immortal Stargate Probe RoboticsFacility Gateway Probe Gateway RoboticsBay Gateway Nexus Assimilator,44.25,121339
315,1022059,0,42454,17.1171,42454,Zealot Pylon Probe RoboticsFacility RoboticsFacility Immortal Immortal Stalker Immortal TwilightCouncil Pylon Pylon Zealot Immortal Immortal Immortal Immortal Adept Probe Pylon Immortal Stalker Immortal Pylon Assimilator Adept Immortal Stalker Gateway Gateway Immortal TemplarArchive Assimilator,47.25,122104
315,1024269,0,42607,17.1501,42607,Zealot Pylon Probe RoboticsFacility RoboticsFacility Immortal Immortal Stalker Immortal TwilightCouncil Pylon Pylon Zealot Immortal Immortal Immortal Immortal Adept Probe Pylon Immortal Stalker Immortal Immortal Assimilator DarkShrine Probe Adept Stargate Gateway Gateway RoboticsBay RoboticsFacility Gateway,45.5,122358
329,1050344,0,44423,17.5362,44423,Zealot Pylon Probe RoboticsFacility RoboticsFacility Immortal Immortal Stalker Immortal TwilightCouncil Pylon Pylon Zealot Immortal Immortal Immortal Immortal Adept Probe Pylon Immortal Stalker Immortal Immortal Zealot Assimilator TemplarArchive Gateway RoboticsBay Stargate Nexus Probe,45.25,122555
329,1069515,0,45808,17.801,45808,Zealot Pylon Probe RoboticsFacility RoboticsFacility Immortal Immortal Stalker Immortal TwilightCouncil Pylon Pylon Zealot Immortal Immortal Immortal Immortal Adept Probe Pylon Immortal Stalker Immortal Immortal Zealot Probe Gateway Gateway Gateway Assimilator RoboticsFacility DarkShrine Assimilator Gateway Pylon,45.25,122555
329,1072450,0,46018,17.8481,46018,Zealot Pylon Probe RoboticsFacility RoboticsFacility Immortal Immortal Stalker Immortal TwilightCouncil Pylon Pylon Zealot Immortal Immortal Immortal Immortal Adept Probe Pylon Immortal Stalker Immortal Probe Immortal Stalker RoboticsFacility RoboticsFacility Gateway TemplarArchive Nexus Gateway Assimilator,46,123059
329,1073066,0,46069,17.8529,46069,Zealot Pylon Probe RoboticsFacility RoboticsFacility Immortal Immortal Stalker Immortal TwilightCouncil Pylon Pylon Zealot Immortal Immortal Immortal Immortal Adept Probe Pylon Immortal Stalker Immortal Immortal Adept Pylon Immortal TemplarArchive Gateway RoboticsBay Probe Probe Assimilator Zealot Pylon,49.25,123160
343,1097355,0,48065,18.2023,48065,Zealot Pylon Probe RoboticsFacility RoboticsFacility Immortal Immortal Stalker Immortal TwilightCouncil Pylon Pylon Zealot Immortal Immortal Immortal Immortal Adept Probe Pylon Immortal Stalker Immortal Immortal Stalker Probe DarkShrine Pylon Stalker RoboticsBay Nexus Adept Probe Probe Pylon,47.75,123196
343,1098448,0,48169,18.2107,48169,Zealot Pylon Probe RoboticsFacility RoboticsFacility Immortal Immortal Stalker Immortal TwilightCouncil Pylon Pylon Zealot Immortal Immortal Immortal Immortal Adept Probe Pylon Immortal Stalker Immortal Immortal Stalker Pylon Adept RoboticsFacility Adept Probe Assimilator Immortal DarkShrine Pylon Pylon,47.25,123227
356,1099523,0,48273,18.232,48273,Zealot Pylon Probe RoboticsFacility RoboticsFacility Immortal Immortal Stalker Immortal TwilightCouncil Pylon Pylon Zealot Immortal Immortal Immortal Immortal Adept Probe Pylon Immortal Stalker Immortal Immortal Stalker Assimilator Pylon Stalker Assimilator Immortal Gateway Adept RoboticsBay,47.75,123285
356,1101327,0,48443,18.2579,48443,Zealot Pylon Probe RoboticsFacility RoboticsFacility Immortal Immortal Stalker Immortal TwilightCouncil Pylon Pylon Zealot Immortal Immortal Immortal Immortal Adept Probe Pylon Immortal Stalker Immortal Immortal Pylon Stalker Immortal Immortal DarkShrine RoboticsFacility Gateway Pylon,49.75,123550
370,1120653,0,50305,18.539,50305,Zealot Pylon Probe RoboticsFacility RoboticsFacility Immortal Immortal Stalker Immortal TwilightCouncil Pylon Pylon Zealot Immortal Immortal Immortal Immortal Adept Probe Pylon Immortal Stalker Immortal Immortal Pylon Stalker Immortal Probe Immortal Assimilator DarkShrine Pylon Assimilator Pylon,49.75,123550
370,1124106,0,50653,18.5921,50653,Zealot Pylon Probe RoboticsFacility RoboticsFacility Immortal Immortal Stalker Immortal TwilightCouncil Pylon Pylon Zealot Immortal Immortal Immortal Immortal Adept Probe Pylon Immortal Stalker Immortal Immortal Pylon Stalker Immortal Assimilator Assimilator RoboticsFacility Probe Immortal Pylon,49.75,123550
370,1126014,0,50842,18.6189,50842,Zealot Pylon Probe RoboticsFacility RoboticsFacility Immortal Immortal Stalker Immortal TwilightCouncil Pylon Pylon Zealot Immortal Immortal Immortal Immortal Adept Probe Pylon Immortal Stalker Immortal Immortal Pylon Stalker Immortal Zealot Probe RoboticsBay Assimilator Probe Assimilator TemplarArchive Probe Gateway,50.75,123646
398,1158962,0,54408,19.1289,54408,Zealot Pylon Probe RoboticsFacility RoboticsFacility Immortal Immortal Stalker Immortal TwilightCouncil Pylon Pylon Zealot Immortal Immortal Immortal Immortal Adept Probe Pylon Immortal Stalker Immortal Immortal Pylon Stalker Immortal Zealot Probe Probe Nexus Assimilator RoboticsFacility Probe,50.75,123646
411,1173344,0,56347,19.3542,56347,Zealot Pylon Probe RoboticsFacility RoboticsFacility Immortal Immortal Stalker Immortal TwilightCouncil Pylon Pylon Zealot Immortal Immortal Immortal Immortal Adept Probe Pylon Immortal Stalker Immortal Immortal Pylon Stalker Immortal Zealot Probe DarkShrine Probe Gateway Nexus,50.75,123646
411,1173601,0,56386,19.356,56386,Zealot Pylon Probe RoboticsFacility RoboticsFacility Immortal Immortal Stalker Immortal TwilightCouncil Pylon Pylon Zealot Immortal Immortal Immortal Immortal Adept Probe Pylon Immortal Stalker Immortal Immortal Pylon Stalker Immortal Zealot Probe Probe Probe DarkShrine TemplarArchive Assimilator Assimilator Gateway,50.75,123646
411,1175205,0,56620,19.3769,56620,Zealot Pylon Probe RoboticsFacility RoboticsFacility Immortal Immortal Stalker Immortal TwilightCouncil Pylon Pylon Zealot Immortal Immortal Immortal Immortal Adept Probe Pylon Immortal Stalker Immortal Immortal Pylon Stalker Immortal Zealot Probe Pylon Probe Assimilator Probe Zealot TemplarArchive DarkShrine Probe,50.75,123646
411,1177439,0,56945,19.4359,56945,Zealot Pylon Probe RoboticsFacility RoboticsFacility Immortal Immortal Stalker Immortal TwilightCouncil Pylon Pylon Zealot Immortal Immortal Immortal Immortal Adept Probe Pylon Immortal Stalker Immortal Immortal Pylon Stalker Immortal Zealot Probe Probe Probe Assimilator Pylon Probe Immortal Pylon Probe,50.75,123646
411,1184447,0,57962,19.5389,57962,Zealot Pylon Probe RoboticsFacility RoboticsFacility Immortal Immortal Stalker Immortal TwilightCouncil Pylon Pylon Zealot Immortal Immortal Immortal Immortal Adept Probe Pylon Immortal Stalker Immortal Immortal Pylon Stalker Immortal Zealot Assimilator Probe Probe Pylon Probe Probe Zealot Immortal,50.75,123646
447,1211061,0,62447,19.9582,62447,Zealot Pylon Probe RoboticsFacility RoboticsFacility Immortal Immortal Stalker Immortal TwilightCouncil Pylon Pylon Zealot Immortal Immortal Immortal Immortal Adept Probe Pylon Immortal Stalker Immortal Immortal Pylon Stalker Immortal Zealot Assimilator Probe Probe Pylon Probe Stalker Immortal Probe,50.75,123646
487,1240919,2,68498,20.4128,68498,Zealot Pylon Probe RoboticsFacility RoboticsFacility Immortal Immortal Stalker Immortal TwilightCouncil Pylon Pylon Zealot Immortal Immortal Immortal Immortal Adept Probe Pylon Immortal Stalker Immortal Immortal Pylon Stalker Immortal Zealot Assimilator Probe Probe Pylon Probe Stalker Immortal Probe,50.75,123646
