0,0,0,0,0,0, ,0,0
0,33,0,1,0.000288,1,TwilightCouncil Pylon RoboticsFacility Gateway Gateway Assimilator Zealot Gateway RoboticsFacility Gateway RoboticsFacility RoboticsFacility Pylon RoboticsFacility Stalker Stalker Pylon Stargate RoboticsFacility Pylon RoboticsFacility Stalker FleetBeacon Nexus Adept Gateway Adept DarkShrine Pylon Adept TemplarArchive Probe,8.75,21331.5
0,62,0,2,0.000507,2,RoboticsFacility Pylon Nexus Adept Adept Pylon Assimilator RoboticsBay TwilightCouncil Immortal Zealot TemplarArchive DarkShrine Nexus Immortal Stalker DarkTemplar RoboticsFacility Probe Stargate Pylon Pylon Pylon Colossus RoboticsFacility Nexus Zealot Gateway,20.25,47398.8
0,238,0,8,0.001735,8,Stargate Assimilator Zealot Gateway Nexus RoboticsFacility VoidRay VoidRay Stargate Stargate VoidRay RoboticsFacility Immortal TwilightCouncil Immortal Stargate Assimilator Zealot Gateway Adept RoboticsBay Nexus Probe Probe Probe,22.75,60349.5
0,630,0,20,0.010571,20,Gateway Stalker Probe Nexus Zealot Gateway Zealot Stalker RoboticsFacility Zealot Adept Gateway TwilightCouncil Adept RoboticsFacility Zealot RoboticsBay Zealot Gateway Immortal Adept Adept Stalker Gateway TemplarArchive Colossus Stalker Nexus Pylon RoboticsFacility Immortal Assimilator Probe Nexus Assimilator,25.75,76518.8
0,2700,0,88,0.038915,88,Pylon Stalker Pylon Pylon RoboticsFacility Adept Gateway Immortal Immortal Nexus RoboticsBay Zealot Immortal Zealot RoboticsFacility Probe Colossus Gateway Colossus RoboticsFacility Gateway Gateway Immortal TwilightCouncil Probe Assimilator Colossus Stalker Stargate Stalker Gateway Assimilator,31.75,77521.5
0,3774,0,122,0.065397,122,RoboticsFacility RoboticsBay Probe Immortal Nexus Adept Zealot RoboticsFacility Adept Colossus Probe Stargate Adept Adept Immortal Colossus Assimilator VoidRay Pylon Zealot Adept Adept Pylon Zealot Stargate Nexus Colossus TwilightCouncil FleetBeacon Immortal Assimilator,31,77672.8
2,8734,0,284,0.168656,284,Stalker Stalker Nexus Stargate Pylon Stalker VoidRay Zealot Zealot VoidRay Stargate Stalker TwilightCouncil DarkShrine Probe VoidRay Nexus Adept Adept Gateway Assimilator TemplarArchive DarkTemplar Gateway Assimilator VoidRay Zealot DarkTemplar Gateway Pylon Probe Zealot VoidRay,31,81315.5
10,15065,0,485,0.282829,485,Stalker Stargate Pylon Adept Gateway Zealot VoidRay Stalker VoidRay TwilightCouncil Adept Zealot Zealot Stargate Nexus Stargate TemplarArchive Adept VoidRay Gateway Gateway Zealot Adept Stalker Assimilator Adept Zealot FleetBeacon Carrier DarkShrine Probe Gateway Assimilator Probe,28.5,85562.5
12,63852,0,2051,1.15287,2051,Stalker Pylon RoboticsFacility Immortal RoboticsBay Adept Gateway TwilightCouncil Adept Assimilator Pylon Immortal Adept Stalker Immortal TemplarArchive Zealot DarkShrine Immortal Gateway Gateway Pylon Assimilator Zealot Nexus Probe Zealot Colossus Probe Probe,25.25,86088.2
22,69779,0,2245,1.24194,2245,Stalker Gateway RoboticsFacility Immortal Adept Adept Probe Nexus Immortal Pylon Immortal Probe Stalker RoboticsFacility Assimilator Pylon Pylon Zealot Immortal Zealot Stalker RoboticsBay Probe TwilightCouncil Pylon Probe Gateway Pylon Stalker Assimilator Gateway Assimilator TemplarArchive Nexus Zealot Probe,26.5,86218.8
22,86277,0,2788,1.49571,2788,Stalker RoboticsFacility Gateway Gateway Stalker Immortal Stargate Stalker RoboticsBay Adept Colossus RoboticsFacility Stalker Assimilator Assimilator Nexus Probe Pylon Zealot Adept Colossus Immortal VoidRay Stargate Zealot Probe VoidRay Stargate Pylon,33,86424.8
22,95863,0,3103,1.64191,3103,Stalker RoboticsFacility Zealot Assimilator Probe RoboticsFacility Immortal Gateway Immortal Immortal RoboticsFacility Adept Nexus RoboticsFacility Immortal RoboticsBay Immortal Immortal Immortal Pylon Zealot RoboticsFacility Colossus Stalker Probe Stargate Pylon,31.25,89405.8
22,96073,0,3110,1.64747,3110,Stalker RoboticsFacility Stalker Stalker RoboticsFacility RoboticsBay Assimilator Immortal Pylon Colossus Adept Zealot Stargate Stalker VoidRay Immortal Pylon FleetBeacon Colossus RoboticsFacility Probe Assimilator Probe Pylon VoidRay Pylon Immortal Zealot Probe Probe,34.75,89407.8
22,96649,0,3130,1.65658,3130,Stalker RoboticsFacility Immortal RoboticsFacility Stargate Nexus Assimilator Stalker Immortal VoidRay Stalker Pylon Probe Assimilator Stalker VoidRay Stalker RoboticsBay Stargate Immortal FleetBeacon Stalker RoboticsFacility Adept TwilightCouncil Pylon,29.75,90425.8
23,123686,0,4014,2.06213,4014,Stalker RoboticsFacility Nexus Gateway Zealot Immortal Stalker Stalker RoboticsBay Stalker Probe Adept Probe Pylon Stalker Stargate Colossus Gateway Pylon Probe Immortal Stalker Assimilator Adept Gateway Zealot Nexus Gateway Stalker VoidRay Colossus TwilightCouncil Adept Zealot Pylon Probe,33.25,90803.2
36,139922,0,4569,2.32022,4569,Stalker RoboticsFacility Pylon Adept RoboticsFacility Immortal Probe Zealot Zealot Immortal Immortal Nexus Immortal Zealot RoboticsBay Probe RoboticsFacility RoboticsFacility Immortal Gateway Colossus Immortal Adept Probe Probe Gateway Nexus TwilightCouncil TemplarArchive Pylon Assimilator Pylon Pylon DarkShrine Gateway,34.75,104801
62,250005,0,8352,4.01269,8352,Stalker RoboticsFacility Pylon Adept Probe RoboticsFacility Zealot Immortal Immortal Stalker RoboticsBay RoboticsFacility Assimilator Pylon Probe Adept Colossus Zealot Immortal Assimilator Stalker Immortal Probe Pylon Immortal Stalker Stargate Stalker Stargate Pylon Colossus TwilightCouncil Pylon,37,107760
88,333065,0,11175,5.31556,11175,Stalker RoboticsFacility Pylon Adept Probe RoboticsFacility Probe Probe Adept Immortal Assimilator Stalker Immortal Immortal Pylon Immortal Adept Gateway Immortal Immortal Gateway Adept RoboticsBay RoboticsFacility Assimilator Nexus RoboticsFacility Zealot TwilightCouncil Immortal Gateway Adept Probe,31,109702
112,435899,0,14597,7.01883,14597,Stalker RoboticsFacility Pylon Adept Probe RoboticsFacility Probe Immortal RoboticsFacility Stalker Probe Probe Immortal Immortal Stalker Immortal Pylon Pylon Probe Gateway Stalker Probe Assimilator Immortal Immortal Probe Adept Probe TwilightCouncil Pylon Stalker Stargate Stargate FleetBeacon Nexus Carrier RoboticsBay Adept Gateway Gateway Probe Assimilator RoboticsFacility,33.75,116394
122,445660,0,14925,7.23276,14925,Stalker RoboticsFacility Pylon Adept Probe RoboticsFacility Probe Immortal Immortal Stalker Adept Immortal Pylon Immortal Pylon Adept Pylon Immortal Immortal Probe Nexus Probe Immortal Adept RoboticsBay Assimilator Immortal TwilightCouncil DarkShrine Pylon Stargate Colossus Adept Immortal Assimilator Assimilator,38.5,120922
159,562510,0,19029,9.24809,19029,Stalker RoboticsFacility Pylon Adept Probe RoboticsFacility Probe Immortal Immortal Stalker Pylon Immortal Immortal Zealot Pylon Adept Probe Immortal Gateway Pylon Immortal Immortal Adept Stalker Nexus Immortal Assimilator Pylon Gateway RoboticsFacility Assimilator Adept Adept Nexus Pylon,42.5,125572
179,618756,0,21101,10.1687,21101,Stalker RoboticsFacility Pylon Adept Probe RoboticsFacility Probe Immortal Immortal Stalker Pylon Immortal Immortal Immortal Pylon Pylon Adept Immortal Adept Probe Immortal TwilightCouncil Immortal DarkShrine Stalker Immortal Stargate Stargate Gateway Adept Nexus Nexus Gateway Probe,42.75,128219
231,848409,0,30693,14.1163,30693,Stalker RoboticsFacility Pylon Adept Probe RoboticsFacility Probe Immortal Immortal Stalker Pylon Immortal Immortal Immortal Pylon Adept Immortal Adept Immortal Stalker Immortal RoboticsBay RoboticsFacility Probe Stargate RoboticsFacility Pylon VoidRay Assimilator Probe Assimilator Probe Adept Gateway Nexus Pylon Gateway,39,128246
231,876567,0,32015,14.6722,32015,Stalker RoboticsFacility Pylon Adept Probe RoboticsFacility Probe Immortal Immortal Stalker Pylon Immortal Immortal Immortal Pylon Adept Immortal Stalker Immortal TwilightCouncil Stalker Gateway Immortal DarkShrine Nexus Pylon RoboticsFacility RoboticsFacility Assimilator Adept Stalker Pylon Stalker Gateway Stargate,40.75,129006
232,878669,0,32117,14.7248,32117,Stalker RoboticsFacility Pylon Adept Probe RoboticsFacility Probe Immortal Immortal Stalker Pylon Immortal Immortal Immortal Pylon Adept Gateway Zealot Immortal Gateway Pylon Immortal Stalker Stalker Immortal Stalker TwilightCouncil RoboticsFacility Stalker RoboticsFacility Nexus Probe Adept Pylon Assimilator Stargate,44,130356
283,1005925,0,38508,17.0549,38508,Stalker RoboticsFacility Pylon Adept Probe RoboticsFacility Probe Immortal Immortal Stalker Pylon Immortal Immortal Immortal Pylon Adept Gateway Zealot Immortal Immortal Zealot Stargate Pylon Immortal Adept Adept Immortal RoboticsBay Gateway Nexus Assimilator Nexus Pylon,44.25,130970
296,1038580,0,40358,17.5696,40358,Stalker RoboticsFacility Pylon Adept Probe RoboticsFacility Probe Immortal Immortal Stalker Pylon Immortal Immortal Immortal Pylon Adept Gateway Zealot Immortal Immortal Stalker Stalker Stargate Pylon Immortal TwilightCouncil Adept Immortal RoboticsBay DarkShrine Nexus Gateway Probe Assimilator Pylon,45.5,131111
296,1040544,0,40477,17.5984,40477,Stalker RoboticsFacility Pylon Adept Probe RoboticsFacility Probe Immortal Immortal Stalker Pylon Immortal Immortal Immortal Pylon Adept Gateway Zealot Immortal Immortal Probe Pylon Immortal Immortal Stalker Pylon Immortal Probe Stalker Stargate Gateway VoidRay Nexus Stargate Probe,48,133204
314,1101968,0,44206,18.5561,44206,Stalker RoboticsFacility Pylon Adept Probe RoboticsFacility Probe Immortal Immortal Stalker Pylon Immortal Immortal Immortal Pylon Adept Gateway Zealot Immortal Immortal Probe Pylon Immortal Adept Pylon Zealot Immortal Stalker Zealot Stargate Probe Stalker Assimilator Probe Assimilator Zealot Stargate Gateway TwilightCouncil RoboticsBay,48.5,133367
322,1103046,0,44273,18.5731,44273,Stalker RoboticsFacility Pylon Adept Probe RoboticsFacility Probe Immortal Immortal Stalker Pylon Immortal Immortal Immortal Pylon Adept Gateway Zealot Immortal Immortal Probe Pylon Immortal Stalker Immortal Stalker Stargate Stalker Assimilator RoboticsFacility TwilightCouncil RoboticsFacility FleetBeacon Assimilator Pylon Gateway,46,133704
335,1151939,0,47416,19.256,47416,Stalker RoboticsFacility Pylon Adept Probe RoboticsFacility Probe Immortal Immortal Stalker Pylon Immortal Immortal Immortal Pylon Adept Gateway Zealot Immortal Immortal Probe Pylon Immortal Stalker Adept Stalker Immortal Pylon Zealot Immortal TwilightCouncil Assimilator RoboticsFacility Adept RoboticsBay Assimilator Pylon Pylon,50.25,133974
348,1167945,0,48533,19.4363,48533,Stalker RoboticsFacility Pylon Adept Probe RoboticsFacility Probe Immortal Immortal Stalker Pylon Immortal Immortal Immortal Pylon Adept Gateway Zealot Immortal Immortal Probe Pylon Immortal Stalker Adept Immortal Pylon Zealot Immortal TwilightCouncil Pylon Assimilator RoboticsBay RoboticsFacility DarkShrine Stalker Zealot Probe,48.5,134247
348,1171134,0,48762,19.4592,48762,Stalker RoboticsFacility Pylon Adept Probe RoboticsFacility Probe Immortal Immortal Stalker Pylon Immortal Immortal Immortal Pylon Adept Gateway Zealot Immortal Immortal Probe Pylon Immortal Stalker Immortal Zealot Stalker Pylon Stalker Zealot Nexus Stargate Stalker Pylon Probe Probe Stalker RoboticsBay,48,134339
348,1190677,0,50199,19.6733,50199,Stalker RoboticsFacility Pylon Adept Probe RoboticsFacility Probe Immortal Immortal Stalker Pylon Immortal Immortal Immortal Pylon Adept Gateway Zealot Immortal Immortal Probe Pylon Immortal Stalker Immortal Stalker Stalker Pylon Pylon Probe Adept TwilightCouncil Zealot Nexus RoboticsBay Stalker Adept Assimilator,48.25,134786
361,1192535,0,50349,19.6996,50349,Stalker RoboticsFacility Pylon Adept Probe RoboticsFacility Probe Immortal Immortal Stalker Pylon Immortal Immortal Immortal Pylon Adept Gateway Zealot Immortal Immortal Probe Pylon Immortal Stalker Immortal Adept Pylon Immortal Stalker Zealot Zealot Pylon Pylon Adept Nexus Gateway,50.25,134962
361,1193765,0,50450,19.7082,50450,Stalker RoboticsFacility Pylon Adept Probe RoboticsFacility Probe Immortal Immortal Stalker Pylon Immortal Immortal Immortal Pylon Adept Gateway Zealot Immortal Immortal Probe Pylon Immortal Stalker Immortal Stalker Pylon Stalker Stalker Pylon Stalker Pylon Zealot Adept Immortal Stargate RoboticsFacility Assimilator,49.5,134976
361,1214526,0,52169,19.8945,52169,Stalker RoboticsFacility Pylon Adept Probe RoboticsFacility Probe Immortal Immortal Stalker Pylon Immortal Immortal Immortal Pylon Adept Gateway Zealot Immortal Immortal Probe Pylon Immortal Stalker Immortal Stalker Adept Pylon Pylon Immortal Stalker Immortal RoboticsBay Gateway Pylon TwilightCouncil,51,135003
361,1214607,0,52176,19.8951,52176,Stalker RoboticsFacility Pylon Adept Probe RoboticsFacility Probe Immortal Immortal Stalker Pylon Immortal Immortal Immortal Pylon Adept Gateway Zealot Immortal Immortal Probe Pylon Immortal Stalker Immortal Stalker Adept Pylon Stalker Assimilator Immortal Stalker RoboticsBay TwilightCouncil RoboticsFacility Pylon Pylon,52.75,135160
373,1220423,0,52687,19.9486,52687,Stalker RoboticsFacility Pylon Adept Probe RoboticsFacility Probe Immortal Immortal Stalker Pylon Immortal Immortal Immortal Pylon Adept Gateway Zealot Immortal Immortal Probe Pylon Immortal Stalker Immortal Stalker Zealot Pylon Stalker Immortal Stalker Nexus RoboticsFacility Pylon Assimilator Assimilator,52.5,135468
373,1228462,0,53396,20.0649,53396,Stalker RoboticsFacility Pylon Adept Probe RoboticsFacility Probe Immortal Immortal Stalker Pylon Immortal Immortal Immortal Pylon Adept Gateway Zealot Immortal Immortal Probe Pylon Immortal Stalker Immortal Stalker Adept Pylon Immortal Stalker Stargate Adept TwilightCouncil Assimilator Pylon Assimilator Probe Adept Gateway,52.25,135498
373,1235725,0,54038,20.1641,54038,Stalker RoboticsFacility Pylon Adept Probe RoboticsFacility Probe Immortal Immortal Stalker Pylon Immortal Immortal Immortal Pylon Adept Gateway Zealot Immortal Immortal Probe Pylon Immortal Stalker Immortal Stalker Adept Pylon Immortal Stalker Pylon Adept Gateway RoboticsBay Pylon Immortal Assimilator,52.25,135569
381,1249083,0,55344,20.2568,55344,Stalker RoboticsFacility Pylon Adept Probe RoboticsFacility Probe Immortal Immortal Stalker Pylon Immortal Immortal Immortal Pylon Adept Gateway Zealot Immortal Immortal Probe Pylon Immortal Stalker Immortal Stalker Adept Pylon Immortal Stalker Stalker RoboticsFacility Pylon RoboticsFacility Assimilator Gateway Probe Gateway,52.75,135719
422,1258733,0,56285,20.3506,56285,Stalker RoboticsFacility Pylon Adept Probe RoboticsFacility Probe Immortal Immortal Stalker Pylon Immortal Immortal Immortal Pylon Adept Gateway Zealot Immortal Immortal Probe Pylon Immortal Stalker Immortal Stalker Adept Pylon Immortal Stalker Stalker Pylon Nexus Stalker RoboticsFacility Probe,52.75,135719
435,1285326,0,58995,20.5789,58995,Stalker RoboticsFacility Pylon Adept Probe RoboticsFacility Probe Immortal Immortal Stalker Pylon Immortal Immortal Immortal Pylon Adept Gateway Zealot Immortal Immortal Probe Pylon Immortal Stalker Immortal Stalker Adept Pylon Immortal Stalker Stalker RoboticsFacility Pylon Immortal Immortal,52.75,135719
447,1296237,0,60292,20.6561,60292,Stalker RoboticsFacility Pylon Adept Probe RoboticsFacility Probe Immortal Immortal Stalker Pylon Immortal Immortal Immortal Pylon Adept Gateway Zealot Immortal Immortal Probe Pylon Immortal Stalker Immortal Stalker Adept Pylon Immortal Stalker Stalker Pylon Probe Pylon Immortal Immortal Probe,52.75,135719
447,1298694,0,60604,20.6727,60604,Stalker RoboticsFacility Pylon Adept Probe RoboticsFacility Probe Immortal Immortal Stalker Pylon Immortal Immortal Immortal Pylon Adept Gateway Zealot Immortal Immortal Probe Pylon Immortal Stalker Immortal Stalker Adept Pylon Immortal Stalker Stalker Pylon Immortal Probe Adept Probe Gateway Pylon,52.75,135719
516,1325040,0,64326,21.0191,64326,Stalker RoboticsFacility Pylon Adept Probe RoboticsFacility Probe Immortal Immortal Stalker Pylon Immortal Immortal Immortal Pylon Adept Gateway Zealot Immortal Immortal Probe Pylon Immortal Stalker Immortal Stalker Adept Pylon Immortal Stalker Stalker Pylon Stalker Probe Probe Immortal RoboticsBay Assimilator,52.75,135719
542,1356566,0,69621,21.3526,69621,Stalker RoboticsFacility Pylon Adept Probe RoboticsFacility Probe Immortal Immortal Stalker Pylon Immortal Immortal Immortal Pylon Adept Gateway Zealot Immortal Immortal Probe Pylon Immortal Stalker Immortal Stalker Adept Pylon Immortal Stalker Stalker Pylon Stalker Probe Probe Pylon Adept Immortal Probe,52.75,135719
555,1367026,0,71583,21.4371,71583,Stalker RoboticsFacility Pylon Adept Probe RoboticsFacility Probe Immortal Immortal Stalker Pylon Immortal Immortal Immortal Pylon Adept Gateway Zealot Immortal Immortal Probe Pylon Immortal Stalker Immortal Stalker Adept Pylon Immortal Stalker Stalker Pylon Stalker Probe Probe Pylon Immortal Stalker,52.75,135719
