0,0,0,0,0,0, ,0,0
0,38,0,1,0.000347,1,RoboticsFacility Stalker Stargate Probe TwilightCouncil Probe TemplarArchive Immortal Pylon FleetBeacon Pylon Zealot Pylon Probe Mothership Carrier Carrier Zealot Pylon Pylon Gateway Gateway Immortal Pylon Assimilator Probe Pylon Pylon Assimilator Pylon Nexus Nexus Gateway Gateway Pylon Gateway Pylon,12.5,27724.2
0,68,0,2,0.000582,2,Zealot Adept Stargate TwilightCouncil DarkShrine Gateway Pylon Pylon VoidRay Assimilator TemplarArchive DarkTemplar Probe Stalker FleetBeacon Pylon Adept Mothership Assimilator RoboticsFacility Adept Immortal Adept Nexus RoboticsFacility Zealot VoidRay Stargate Probe,19,48439.5
0,131,0,4,0.001043,4,Pylon Nexus Adept RoboticsFacility TwilightCouncil Stargate Immortal Stalker Adept Stargate RoboticsFacility Immortal Adept TemplarArchive Pylon Pylon FleetBeacon Carrier Adept VoidRay Nexus Adept Probe RoboticsBay Gateway Assimilator Nexus Assimilator Gateway Assimilator,14.25,49966
0,185,0,6,0.001458,6,Assimilator RoboticsFacility Zealot RoboticsFacility RoboticsFacility TwilightCouncil Pylon RoboticsBay Pylon Colossus Probe Assimilator Colossus Colossus RoboticsFacility DarkShrine Colossus Nexus Adept Gateway DarkTemplar TemplarArchive DarkTemplar Adept Gateway,24.75,57123.2
0,492,0,16,0.003702,16,Zealot Adept RoboticsFacility Zealot Zealot RoboticsFacility RoboticsBay Nexus TwilightCouncil Nexus Colossus TemplarArchive Stalker Immortal Gateway Probe RoboticsFacility Colossus Stargate Immortal Adept DarkShrine Gateway Zealot Adept Nexus Probe Stalker Immortal Assimilator Probe Probe,25.75,57863.8
0,636,0,21,0.004706,21,RoboticsFacility Immortal Stalker Stargate VoidRay Adept Zealot FleetBeacon Tempest Immortal Pylon Stalker RoboticsFacility Pylon Nexus Immortal Mothership TwilightCouncil Zealot Immortal Assimilator Pylon Gateway Pylon Gateway Probe Nexus Probe Assimilator,25.25,76136
0,1034,0,33,0.007512,33,RoboticsFacility RoboticsFacility Probe Immortal Pylon Immortal Assimilator Adept Nexus Stalker Immortal Nexus RoboticsBay Immortal Colossus Immortal Colossus Pylon Pylon Zealot Stargate Gateway RoboticsFacility Adept Colossus,32.75,82709.5
11,26047,0,838,0.183031,838,Stalker RoboticsFacility RoboticsBay Immortal Stalker Stargate VoidRay Zealot Immortal Immortal Pylon Adept Colossus Assimilator Pylon Zealot Probe Probe VoidRay Assimilator Pylon Immortal Nexus Probe RoboticsFacility Immortal Pylon FleetBeacon Stargate Pylon,34.75,85839.2
11,48858,0,1568,0.341283,1568,Stalker Gateway Zealot Stargate Pylon Assimilator Probe VoidRay Stalker Adept Adept RoboticsFacility Adept Zealot RoboticsFacility Assimilator VoidRay Immortal Probe Pylon Stalker RoboticsBay Zealot Stargate Pylon Adept VoidRay Immortal Zealot Stalker Probe Stargate TwilightCouncil,35.5,90491.8
22,65483,0,2100,0.457045,2100,Stalker Pylon RoboticsFacility Pylon Pylon Zealot Probe Immortal Adept Pylon RoboticsFacility Zealot Pylon Immortal Probe Probe Immortal Gateway Stalker Nexus Adept RoboticsBay Zealot Assimilator Colossus Stalker Colossus Gateway Stalker Nexus Zealot Immortal Gateway Gateway RoboticsFacility,34.75,93842.8
23,93793,0,3027,0.654107,3027,Stalker RoboticsFacility Gateway Stalker Immortal Pylon Nexus Immortal Zealot Adept Stalker Immortal Probe Stargate Immortal Immortal VoidRay VoidRay FleetBeacon Stargate Pylon Gateway Stalker Pylon RoboticsBay Nexus Probe Zealot Immortal,36,96380.5
41,137869,0,4487,0.970965,4487,Stalker RoboticsFacility Gateway Immortal Stalker Stalker Immortal Nexus Pylon Probe Gateway Stalker Adept Adept Immortal Immortal Probe Zealot RoboticsFacility Adept Stalker Stargate Pylon RoboticsBay Assimilator Probe Adept TwilightCouncil Stalker Stargate DarkShrine VoidRay Stargate Nexus Probe,31.5,102256
57,208726,0,6935,1.48913,6935,Stalker RoboticsFacility Gateway Stalker Pylon Adept Probe Stalker RoboticsFacility Stalker Adept Immortal Immortal Stalker Pylon Adept Immortal Zealot Stargate Nexus VoidRay VoidRay Gateway Nexus RoboticsBay Stalker TwilightCouncil TemplarArchive DarkShrine Pylon Zealot Gateway Gateway Probe,34.5,106583
61,217312,0,7229,1.55118,7229,Stalker RoboticsFacility Gateway Stalker Adept Adept Immortal Immortal Pylon Zealot Stalker TwilightCouncil RoboticsFacility Immortal Immortal Adept Pylon Gateway Probe Adept Probe Pylon Stalker Gateway Pylon Stalker Adept Probe TemplarArchive Pylon Probe Gateway Adept Gateway Pylon Stargate Probe RoboticsFacility Zealot FleetBeacon Assimilator RoboticsFacility Assimilator,33.25,107732
71,247078,0,8275,1.77031,8275,Stalker RoboticsFacility Gateway Stalker Pylon Adept Immortal Pylon Adept RoboticsFacility Zealot Immortal Adept Pylon Immortal Stalker Immortal Zealot Nexus Adept Gateway Stalker Adept RoboticsFacility TwilightCouncil Nexus Nexus Stargate Stargate Pylon Zealot,30.25,108501
123,408255,0,14115,3.0771,14115,Stalker RoboticsFacility Gateway Stalker Pylon Adept Immortal Probe Stalker Immortal RoboticsFacility Stalker Pylon Stalker RoboticsBay Stalker Immortal Stalker Gateway Immortal Stalker Zealot Stargate Gateway Stargate Zealot FleetBeacon Stargate TwilightCouncil Pylon Gateway Gateway Gateway Assimilator Assimilator Gateway Pylon,32.25,113658
157,517834,0,18288,4.48005,18288,Stalker RoboticsFacility Gateway Stalker Pylon Adept Immortal Probe Stalker Stalker Immortal Nexus Adept Stalker Immortal Pylon Zealot Stalker Adept Immortal Gateway Nexus Probe Pylon RoboticsBay Adept Immortal Adept Pylon RoboticsFacility Adept Colossus Stalker TwilightCouncil Assimilator,37.75,113911
162,563439,0,20047,5.15812,20047,Stalker RoboticsFacility Gateway Stalker Pylon Adept Immortal Probe Stalker Stalker Immortal Pylon RoboticsFacility Stalker Adept Stalker Immortal Pylon Gateway Stalker TwilightCouncil Immortal Zealot Immortal RoboticsFacility Stargate RoboticsBay Pylon Nexus Nexus Zealot FleetBeacon Probe,34.5,117464
183,627791,0,22631,6.10705,22631,Stalker RoboticsFacility Gateway Stalker Pylon Adept Immortal Probe Stalker Stalker Immortal Stalker Stalker Pylon Stalker RoboticsBay Pylon Stalker Immortal Adept RoboticsFacility Probe Adept Probe Probe Adept Immortal Zealot Stargate FleetBeacon Gateway RoboticsFacility RoboticsFacility Pylon RoboticsFacility Pylon Adept Probe Pylon Assimilator Gateway Gateway Zealot Zealot,35,119502
196,668398,0,24343,6.74189,24343,Stalker RoboticsFacility Gateway Stalker Pylon Adept Immortal Probe Stalker Stalker Immortal Stalker Probe Adept Zealot RoboticsFacility Pylon Zealot Immortal Adept Pylon RoboticsFacility Immortal RoboticsFacility Stalker Stalker Zealot Stalker Pylon Nexus Adept RoboticsFacility Adept TwilightCouncil Pylon Immortal Stalker Stalker TemplarArchive,38.25,119748
222,762795,0,28309,8.3203,28309,Stalker RoboticsFacility Gateway Stalker Pylon Adept Immortal Probe Stalker Stalker Immortal Stalker Probe Adept Adept Pylon Immortal Stalker RoboticsBay Pylon Zealot Zealot Adept Pylon RoboticsFacility Immortal Adept Pylon Probe Probe Stargate Stalker TwilightCouncil Adept Stalker Stalker Assimilator Immortal VoidRay Assimilator Pylon Gateway Probe RoboticsFacility,40.25,121068
248,871076,0,32973,9.79709,32973,Stalker RoboticsFacility Gateway Stalker Pylon Adept Immortal Probe Stalker Stalker Immortal Stalker Probe Adept Adept Pylon Immortal Stalker Pylon Assimilator RoboticsFacility Stalker Adept Immortal Immortal Stargate Probe Probe RoboticsFacility TwilightCouncil Probe Stargate Gateway RoboticsFacility RoboticsFacility TemplarArchive Gateway DarkShrine Assimilator Pylon,36,121492
248,890195,0,33821,10.0735,33821,Stalker RoboticsFacility Gateway Stalker Pylon Adept Immortal Probe Stalker Stalker Immortal Stalker Probe Adept Adept Pylon Immortal Stalker RoboticsFacility Immortal Adept Assimilator Pylon Probe Stalker Stalker Pylon Assimilator Immortal Gateway RoboticsBay Stargate Adept Colossus Nexus,39,122354
261,914811,0,34986,10.4241,34986,Stalker RoboticsFacility Gateway Stalker Pylon Adept Immortal Probe Stalker Stalker Immortal Stalker Probe Adept Adept Pylon Immortal Stalker Pylon Zealot Probe Pylon RoboticsFacility Immortal Adept Stalker Immortal Probe Adept Stargate VoidRay RoboticsFacility Probe RoboticsFacility Nexus Stargate TwilightCouncil Assimilator Assimilator Pylon Pylon Pylon,42.25,124295
261,915673,0,35026,10.4436,35026,Stalker RoboticsFacility Gateway Stalker Pylon Adept Immortal Probe Stalker Stalker Immortal Stalker Probe Adept Adept Pylon Immortal RoboticsFacility Adept Immortal Stalker Pylon Immortal Gateway RoboticsBay Zealot Zealot Pylon Immortal Stalker Gateway Stargate Assimilator Stargate Zealot Pylon Stalker TwilightCouncil Zealot Assimilator,42.75,124552
274,949944,0,36664,10.9519,36664,Stalker RoboticsFacility Gateway Stalker Pylon Adept Immortal Probe Stalker Stalker Immortal Stalker Probe Adept Adept Pylon Immortal RoboticsFacility Pylon RoboticsFacility Adept Zealot Stalker Immortal Immortal Zealot Assimilator Pylon Adept Immortal Stalker Gateway Assimilator Stargate Stargate Nexus,43,126397
339,1164807,0,48135,14.3281,48135,Stalker RoboticsFacility Gateway Stalker Pylon Adept Immortal Probe Stalker Stalker Immortal Stalker Probe Adept Adept Pylon Immortal RoboticsFacility Pylon RoboticsFacility Adept Zealot Stalker Immortal Immortal Stalker Pylon Immortal Pylon Pylon Zealot Adept Immortal Immortal Adept Pylon TwilightCouncil Gateway Probe,46.75,127526
364,1206733,0,50892,14.9417,50892,Stalker RoboticsFacility Gateway Stalker Pylon Adept Immortal Probe Stalker Stalker Immortal Stalker Probe Adept Adept Pylon Immortal RoboticsFacility Pylon RoboticsFacility Adept Zealot Stalker Immortal Immortal Stalker Pylon Stalker Stalker Immortal RoboticsBay TwilightCouncil Pylon Assimilator Stargate Gateway RoboticsFacility Adept Pylon Assimilator,44.25,128000
373,1226479,0,52313,15.2781,52313,Stalker RoboticsFacility Gateway Stalker Pylon Adept Immortal Probe Stalker Stalker Immortal Stalker Probe Adept Adept Pylon Immortal RoboticsFacility Pylon RoboticsFacility Adept Zealot Stalker Immortal Immortal Stalker Pylon Adept Immortal Stalker Pylon Probe RoboticsFacility Probe TwilightCouncil Stargate Adept Immortal Gateway Gateway,43.75,128050
373,1233134,0,52826,15.4194,52826,Stalker RoboticsFacility Gateway Stalker Pylon Adept Immortal Probe Stalker Stalker Immortal Stalker Probe Adept Adept Pylon Immortal RoboticsFacility Pylon RoboticsFacility Adept Zealot Stalker Immortal Immortal Stalker Pylon Immortal Stalker RoboticsFacility Stalker RoboticsFacility RoboticsFacility Nexus Assimilator Assimilator RoboticsBay Pylon,44.25,128271
386,1254434,0,54463,15.8631,54463,Stalker RoboticsFacility Gateway Stalker Pylon Adept Immortal Probe Stalker Stalker Immortal Stalker Probe Adept Adept Pylon Immortal RoboticsFacility Pylon RoboticsFacility Adept Zealot Stalker Immortal Immortal Stalker Pylon Immortal Stalker Stalker RoboticsBay Probe Stargate Nexus Assimilator Stargate Gateway Assimilator,44.25,128586
386,1270660,0,55713,16.1992,55713,Stalker RoboticsFacility Gateway Stalker Pylon Adept Immortal Probe Stalker Stalker Immortal Stalker Probe Adept Adept Pylon Immortal RoboticsFacility Pylon RoboticsFacility Adept Zealot Stalker Immortal Immortal Stalker Pylon Immortal Stalker Pylon Zealot Stalker Zealot Zealot Stalker RoboticsBay Gateway RoboticsFacility TwilightCouncil Assimilator Probe,46.25,128709
386,1274785,0,56034,16.297,56034,Stalker RoboticsFacility Gateway Stalker Pylon Adept Immortal Probe Stalker Stalker Immortal Stalker Probe Adept Adept Pylon Immortal RoboticsFacility Pylon RoboticsFacility Adept Zealot Stalker Immortal Immortal Stalker Pylon Immortal Pylon Stalker Immortal Adept Stargate TwilightCouncil Zealot Assimilator Nexus,48.5,128712
386,1276767,0,56210,16.3406,56210,Stalker RoboticsFacility Gateway Stalker Pylon Adept Immortal Probe Stalker Stalker Immortal Stalker Probe Adept Adept Pylon Immortal RoboticsFacility Pylon RoboticsFacility Adept Zealot Stalker Immortal Immortal Stalker Pylon Immortal Zealot Pylon Stalker Immortal RoboticsBay Zealot Adept Stargate Nexus,49.5,128795
399,1277424,0,56270,16.3508,56270,Stalker RoboticsFacility Gateway Stalker Pylon Adept Immortal Probe Stalker Stalker Immortal Stalker Probe Adept Adept Pylon Immortal RoboticsFacility Pylon RoboticsFacility Adept Zealot Stalker Immortal Immortal Stalker Pylon Immortal Stalker Adept Pylon TwilightCouncil Stalker Stalker Immortal Probe Pylon DarkShrine Assimilator Zealot Probe,47.25,129131
399,1293703,0,57713,16.704,57713,Stalker RoboticsFacility Gateway Stalker Pylon Adept Immortal Probe Stalker Stalker Immortal Stalker Probe Adept Adept Pylon Immortal RoboticsFacility Pylon RoboticsFacility Adept Zealot Stalker Immortal Immortal Stalker Pylon Immortal Stalker Pylon Immortal Stalker Adept Gateway Stalker RoboticsBay Pylon TwilightCouncil Probe,49.25,129156
399,1295632,0,57886,16.7382,57886,Stalker RoboticsFacility Gateway Stalker Pylon Adept Immortal Probe Stalker Stalker Immortal Stalker Probe Adept Adept Pylon Immortal RoboticsFacility Pylon RoboticsFacility Adept Zealot Stalker Immortal Immortal Stalker Pylon Immortal Pylon Stalker Immortal Stalker Stalker RoboticsBay Stargate Assimilator Gateway Zealot Probe Assimilator,49.75,129222
412,1320262,0,60177,17.2779,60177,Stalker RoboticsFacility Gateway Stalker Pylon Adept Immortal Probe Stalker Stalker Immortal Stalker Probe Adept Adept Pylon Immortal RoboticsFacility Pylon RoboticsFacility Adept Zealot Stalker Immortal Immortal Stalker Pylon Immortal Pylon Stalker Immortal Stalker Stalker Nexus Adept RoboticsBay Assimilator,49.75,129222
425,1325918,0,60732,17.3859,60732,Stalker RoboticsFacility Gateway Stalker Pylon Adept Immortal Probe Stalker Stalker Immortal Stalker Probe Adept Adept Pylon Immortal RoboticsFacility Pylon RoboticsFacility Adept Zealot Stalker Immortal Immortal Stalker Pylon Immortal Pylon Stalker Stalker Immortal Zealot Stalker Gateway Pylon RoboticsBay Zealot Probe Adept,50.75,129243
425,1339436,0,62078,17.6745,62078,Stalker RoboticsFacility Gateway Stalker Pylon Adept Immortal Probe Stalker Stalker Immortal Stalker Probe Adept Adept Pylon Immortal RoboticsFacility Pylon RoboticsFacility Adept Zealot Stalker Immortal Immortal Stalker Pylon Immortal Pylon Stalker Stalker Immortal Stalker Stalker RoboticsFacility Probe Gateway RoboticsBay Assimilator Assimilator,51.5,129334
438,1357947,0,64080,17.8396,64080,Stalker RoboticsFacility Gateway Stalker Pylon Adept Immortal Probe Stalker Stalker Immortal Stalker Probe Adept Adept Pylon Immortal RoboticsFacility Pylon RoboticsFacility Adept Zealot Stalker Immortal Immortal Stalker Pylon Immortal Pylon Stalker Stalker Immortal Stalker Probe Zealot Nexus Stargate Assimilator,50.75,129356
438,1358150,0,64106,17.8413,64106,Stalker RoboticsFacility Gateway Stalker Pylon Adept Immortal Probe Stalker Stalker Immortal Stalker Probe Adept Adept Pylon Immortal RoboticsFacility Pylon RoboticsFacility Adept Zealot Stalker Immortal Immortal Stalker Pylon Immortal Pylon Stalker Stalker Immortal Stalker Zealot Probe RoboticsFacility Pylon Adept Stargate Probe Probe,50.75,129356
451,1372902,0,66045,18.0996,66045,Stalker RoboticsFacility Gateway Stalker Pylon Adept Immortal Probe Stalker Stalker Immortal Stalker Probe Adept Adept Pylon Immortal RoboticsFacility Pylon RoboticsFacility Adept Zealot Stalker Immortal Immortal Stalker Pylon Immortal Pylon Stalker Stalker Immortal Stalker Zealot Probe Pylon Immortal RoboticsBay Assimilator,50.75,129356
472,1387240,0,68140,18.2063,68140,Stalker RoboticsFacility Gateway Stalker Pylon Adept Immortal Probe Stalker Stalker Immortal Stalker Probe Adept Adept Pylon Immortal RoboticsFacility Pylon RoboticsFacility Adept Zealot Stalker Immortal Immortal Stalker Pylon Immortal Pylon Stalker Stalker Immortal Stalker Zealot Probe Pylon TwilightCouncil Immortal Adept,50.75,129356
472,1389238,0,68474,18.2198,68474,Stalker RoboticsFacility Gateway Stalker Pylon Adept Immortal Probe Stalker Stalker Immortal Stalker Probe Adept Adept Pylon Immortal RoboticsFacility Pylon RoboticsFacility Adept Zealot Stalker Immortal Immortal Stalker Pylon Immortal Pylon Stalker Stalker Immortal Stalker Zealot Pylon Probe Assimilator Stalker Immortal,50.75,129356
472,1389931,0,68591,18.2245,68591,Stalker RoboticsFacility Gateway Stalker Pylon Adept Immortal Probe Stalker Stalker Immortal Stalker Probe Adept Adept Pylon Immortal RoboticsFacility Pylon RoboticsFacility Adept Zealot Stalker Immortal Immortal Stalker Pylon Immortal Pylon Stalker Stalker Immortal Stalker Zealot Pylon Probe Probe Gateway Adept Pylon Pylon,50.75,129356
472,1392731,0,69059,18.2528,69059,Stalker RoboticsFacility Gateway Stalker Pylon Adept Immortal Probe Stalker Stalker Immortal Stalker Probe Adept Adept Pylon Immortal RoboticsFacility Pylon RoboticsFacility Adept Zealot Stalker Immortal Immortal Stalker Pylon Immortal Pylon Stalker Stalker Immortal Stalker Zealot Pylon Probe Probe Immortal Stargate Probe,50.75,129356
485,1400295,0,70351,18.403,70351,Stalker RoboticsFacility Gateway Stalker Pylon Adept Immortal Probe Stalker Stalker Immortal Stalker Probe Adept Adept Pylon Immortal RoboticsFacility Pylon RoboticsFacility Adept Zealot Stalker Immortal Immortal Stalker Pylon Immortal Pylon Stalker Stalker Immortal Stalker Zealot Pylon Probe Probe Pylon Immortal Adept,50.75,129356
485,1401200,0,70520,18.4245,70520,Stalker RoboticsFacility Gateway Stalker Pylon Adept Immortal Probe Stalker Stalker Immortal Stalker Probe Adept Adept Pylon Immortal RoboticsFacility Pylon RoboticsFacility Adept Zealot Stalker Immortal Immortal Stalker Pylon Immortal Pylon Stalker Stalker Immortal Stalker Zealot Pylon Probe Probe TwilightCouncil Probe Probe Zealot Probe Assimilator,50.75,129356
485,1405907,0,71404,18.4998,71404,Stalker RoboticsFacility Gateway Stalker Pylon Adept Immortal Probe Stalker Stalker Immortal Stalker Probe Adept Adept Pylon Immortal RoboticsFacility Pylon RoboticsFacility Adept Zealot Stalker Immortal Immortal Stalker Pylon Immortal Pylon Stalker Stalker Immortal Stalker Zealot Pylon Probe Assimilator Probe Pylon Probe Assimilator Stalker,50.75,129356
485,1409018,0,71989,18.5667,71989,Stalker RoboticsFacility Gateway Stalker Pylon Adept Immortal Probe Stalker Stalker Immortal Stalker Probe Adept Adept Pylon Immortal RoboticsFacility Pylon RoboticsFacility Adept Zealot Stalker Immortal Immortal Stalker Pylon Immortal Pylon Stalker Stalker Immortal Stalker Zealot Pylon Probe RoboticsBay Probe Probe Immortal,50.75,129356
