0,0,0,0,0,0, ,0,0
0,24,0,1,0.004217,1,TwilightCouncil Zealot TemplarArchive Nexus RoboticsFacility Assimilator Nexus Gateway Nexus Immortal Assimilator Zealot Stalker Gateway Stalker Zealot Nexus Adept Immortal DarkShrine Pylon Stalker Probe,15.25,30818.8
0,51,0,2,0.004425,2,Gateway Pylon Stargate Stargate Zealot VoidRay Pylon FleetBeacon Tempest TwilightCouncil Tempest Mothership Gateway Assimilator Assimilator Carrier Adept TemplarArchive Tempest RoboticsFacility Gateway Pylon Nexus Pylon Nexus Probe,14.75,45361.8
0,105,0,4,0.004836,4,Assimilator TwilightCouncil Probe Gateway Pylon Gateway Probe DarkShrine Stargate Nexus VoidRay FleetBeacon Adept VoidRay Zealot Zealot Assimilator Adept Pylon Adept DarkTemplar RoboticsFacility Tempest Mothership Immortal Probe RoboticsFacility Adept Pylon Probe,20.5,50524.2
0,162,0,6,0.00527,6,Adept Nexus Stargate RoboticsFacility RoboticsBay Pylon Immortal Zealot Probe VoidRay Adept FleetBeacon Colossus TwilightCouncil RoboticsFacility Mothership DarkShrine Nexus Pylon Nexus Stalker Assimilator Assimilator Pylon Nexus Probe Nexus,16.25,56030
0,629,0,21,0.014563,21,TwilightCouncil Stargate Stalker Nexus Assimilator Stalker VoidRay Pylon Assimilator Stalker Gateway Pylon DarkShrine Stalker Adept VoidRay Stalker DarkTemplar Pylon Pylon Gateway FleetBeacon Gateway Stargate Pylon Pylon Probe,20.5,67456.2
0,660,0,22,0.014795,22,TwilightCouncil Adept RoboticsFacility RoboticsFacility Zealot Assimilator Adept Assimilator DarkShrine Zealot Probe Immortal Pylon RoboticsBay Adept Immortal Stalker Pylon Adept Immortal Immortal Probe Zealot Pylon TemplarArchive Immortal RoboticsFacility Zealot Gateway Probe,24.75,71546.5
0,3264,0,110,0.052384,110,Stargate Assimilator VoidRay Adept Zealot Nexus VoidRay RoboticsFacility Stargate Stalker Immortal TwilightCouncil Stalker VoidRay DarkShrine Stalker Zealot Adept Nexus Probe DarkTemplar Nexus Immortal Stargate,25.5,80221.8
0,7136,0,234,0.114417,234,Adept Gateway Stalker Stalker Stalker Stargate Adept VoidRay TwilightCouncil Nexus Stalker Pylon Stargate Stalker VoidRay Assimilator TemplarArchive VoidRay Zealot RoboticsFacility Probe Stalker Adept VoidRay DarkShrine VoidRay Adept Nexus FleetBeacon,32.5,90294.5
11,32704,0,1056,0.508869,1056,Pylon Gateway Probe RoboticsFacility Probe Zealot Zealot Probe Stargate Zealot Stalker Assimilator Stalker Pylon Probe VoidRay Stalker Immortal FleetBeacon Probe Tempest Stargate Immortal Assimilator Tempest TwilightCouncil RoboticsBay Pylon Stalker Probe RoboticsFacility DarkShrine Immortal Gateway TemplarArchive Stargate Nexus,33.75,90585
13,52007,0,1678,0.806493,1678,Probe RoboticsFacility Pylon TwilightCouncil Probe Probe RoboticsFacility Immortal Assimilator Stalker RoboticsBay Immortal Immortal TemplarArchive Stalker Probe Pylon Immortal Immortal Gateway Immortal Stalker Probe Immortal DarkShrine Assimilator Nexus Gateway Stargate RoboticsFacility RoboticsFacility FleetBeacon Gateway,31.5,96612
69,247120,0,7889,3.90726,7889,Probe RoboticsFacility Pylon Stalker Stalker Pylon Immortal Immortal Stargate VoidRay Pylon Immortal TwilightCouncil Zealot DarkShrine Immortal Zealot VoidRay Immortal RoboticsFacility Pylon Pylon Stargate Adept FleetBeacon Pylon Assimilator Assimilator Stalker Pylon Gateway Pylon Probe Nexus Probe Pylon,33.5,97934.5
82,265121,0,8489,4.19868,8489,Probe RoboticsFacility Pylon Stalker Immortal RoboticsFacility Stalker Immortal Zealot Stalker Gateway Immortal Stalker Pylon Gateway Immortal Adept Zealot Probe RoboticsFacility Stalker Stargate Probe RoboticsBay TwilightCouncil Assimilator Gateway Adept Stargate Probe Assimilator Nexus RoboticsFacility DarkShrine Stargate Gateway RoboticsFacility Pylon,28.25,99407.2
82,289299,0,9293,4.59757,9293,Probe RoboticsFacility Pylon Stalker Gateway Stargate Probe Immortal Adept Pylon Stalker Probe Adept Probe Stalker Immortal Gateway Assimilator Immortal Zealot Stalker Stalker Adept RoboticsBay Zealot RoboticsFacility Stalker Gateway RoboticsFacility TwilightCouncil FleetBeacon Assimilator Stargate TemplarArchive Nexus Pylon Pylon Stalker Zealot Probe Probe,27.5,100269
112,398590,0,13059,6.42849,13059,Probe RoboticsFacility Pylon Stalker Gateway Stargate Immortal Immortal Stalker VoidRay Adept Gateway Zealot RoboticsFacility Pylon Adept Immortal Stalker Stalker Immortal Adept Probe Assimilator Stargate FleetBeacon Probe Stargate Assimilator TwilightCouncil RoboticsBay RoboticsFacility Stargate Pylon Pylon Stargate Gateway,30.75,107250
126,416996,0,13728,6.73816,13728,Probe RoboticsFacility Pylon Stalker Gateway Stargate Immortal VoidRay Immortal Nexus Zealot Adept Immortal Stalker VoidRay Immortal VoidRay Zealot Nexus Gateway RoboticsBay RoboticsFacility Assimilator FleetBeacon Mothership Pylon Zealot Assimilator Probe,33.75,110397
145,473485,0,15876,7.67829,15876,Probe RoboticsFacility Pylon Stalker Gateway Stargate Immortal VoidRay Pylon Immortal Zealot Adept Stalker Gateway VoidRay Pylon Adept Immortal Gateway VoidRay RoboticsBay TwilightCouncil Adept Assimilator VoidRay Immortal Zealot FleetBeacon Nexus TemplarArchive Pylon,40.25,112488
151,507380,0,17207,8.26561,17207,Probe RoboticsFacility Pylon Stalker Gateway Stargate Immortal VoidRay Probe Pylon Probe Zealot Immortal Stalker Pylon Adept Assimilator Probe VoidRay Probe Stalker Immortal Probe Stalker TwilightCouncil Stalker VoidRay TemplarArchive Stalker Pylon Assimilator Stalker DarkShrine Adept Adept Probe Pylon Immortal Adept RoboticsBay Pylon Gateway Gateway Probe,40.25,120796
356,1070253,0,41163,17.3823,41163,Probe RoboticsFacility Pylon Stalker Gateway Stargate Immortal VoidRay Probe Pylon Probe Zealot Immortal Stalker Pylon Adept Assimilator Probe VoidRay Probe Adept Stalker Immortal VoidRay Pylon Adept Immortal Stargate Stalker Adept Pylon FleetBeacon Gateway Stalker TwilightCouncil Nexus Immortal Assimilator,41.75,124868
386,1162723,0,46081,18.9139,46081,Probe RoboticsFacility Pylon Stalker Gateway Stargate Immortal VoidRay Probe Pylon Probe Zealot Immortal Stalker Pylon Adept Assimilator Probe VoidRay Probe Adept Stalker Immortal Zealot Stalker Zealot Pylon Immortal VoidRay Stalker Zealot RoboticsFacility RoboticsFacility Assimilator RoboticsFacility TwilightCouncil Gateway RoboticsBay TemplarArchive Pylon RoboticsFacility,42.25,125714
416,1202749,0,48461,19.7983,48461,Probe RoboticsFacility Pylon Stalker Gateway Stargate Immortal VoidRay Probe Pylon Probe Zealot Immortal Stalker Pylon Adept Assimilator Probe VoidRay Probe Adept Stalker Immortal Zealot VoidRay Stalker Pylon Immortal TwilightCouncil VoidRay Zealot RoboticsFacility Gateway Gateway Pylon Adept FleetBeacon Pylon Pylon Stargate,43.5,126425
431,1245571,0,51203,20.5325,51203,Probe RoboticsFacility Pylon Stalker Gateway Stargate Immortal VoidRay Probe Pylon Probe Zealot Immortal Stalker Pylon Adept Assimilator Probe VoidRay Probe Adept Stalker Immortal Zealot VoidRay Zealot Pylon Immortal Stalker Assimilator VoidRay Gateway RoboticsBay Nexus Pylon Colossus Pylon,43.5,126500
431,1249094,0,51439,20.584,51439,Probe RoboticsFacility Pylon Stalker Gateway Stargate Immortal VoidRay Probe Pylon Probe Zealot Immortal Stalker Pylon Adept Assimilator Probe VoidRay Probe Adept Stalker Immortal Zealot VoidRay Stalker Stalker Stargate Pylon VoidRay Immortal Pylon Pylon RoboticsFacility Pylon Adept Assimilator VoidRay VoidRay Probe Probe,45.5,127054
431,1258245,0,52050,20.7487,52050,Probe RoboticsFacility Pylon Stalker Gateway Stargate Immortal VoidRay Probe Pylon Probe Zealot Immortal Stalker Pylon Adept Assimilator Probe VoidRay Probe Adept Stalker Immortal Zealot VoidRay Stalker Pylon Stalker Immortal Stalker RoboticsFacility TwilightCouncil Zealot Assimilator FleetBeacon Gateway DarkShrine Stargate RoboticsFacility Pylon,43,128036
459,1292121,0,54439,21.2462,54439,Probe RoboticsFacility Pylon Stalker Gateway Stargate Immortal VoidRay Probe Pylon Probe Zealot Immortal Stalker Pylon Adept Assimilator Probe VoidRay Probe Adept Stalker Immortal Zealot VoidRay Stalker Pylon Immortal Stalker VoidRay Stargate TwilightCouncil Pylon RoboticsFacility Probe Zealot Stargate TemplarArchive Immortal Gateway Probe,45.25,128253
459,1298792,0,54920,21.3345,54920,Probe RoboticsFacility Pylon Stalker Gateway Stargate Immortal VoidRay Probe Pylon Probe Zealot Immortal Stalker Pylon Adept Assimilator Probe VoidRay Probe Adept Stalker Immortal Zealot VoidRay Stalker Pylon Immortal Adept Stalker Pylon Adept Stargate Adept Immortal RoboticsBay FleetBeacon Zealot TwilightCouncil RoboticsFacility,47.75,128747
459,1314522,0,56079,21.568,56079,Probe RoboticsFacility Pylon Stalker Gateway Stargate Immortal VoidRay Probe Pylon Probe Zealot Immortal Stalker Pylon Adept Assimilator Probe VoidRay Probe Adept Stalker Immortal Zealot VoidRay Stalker Pylon Immortal VoidRay Pylon Immortal Stalker Adept RoboticsBay RoboticsFacility RoboticsFacility Probe Assimilator Probe RoboticsFacility Pylon Pylon,49.25,129046
474,1322323,0,56723,21.6785,56723,Probe RoboticsFacility Pylon Stalker Gateway Stargate Immortal VoidRay Probe Pylon Probe Zealot Immortal Stalker Pylon Adept Assimilator Probe VoidRay Probe Adept Stalker Immortal Zealot VoidRay Stalker Pylon Immortal Stalker VoidRay Pylon Immortal Assimilator Probe Pylon Zealot RoboticsFacility Stalker Stalker RoboticsFacility RoboticsBay,49,129657
474,1331544,0,57470,21.8243,57470,Probe RoboticsFacility Pylon Stalker Gateway Stargate Immortal VoidRay Probe Pylon Probe Zealot Immortal Stalker Pylon Adept Assimilator Probe VoidRay Probe Adept Stalker Immortal Zealot VoidRay Stalker Pylon Immortal Stalker VoidRay Pylon Stalker Immortal Stalker Nexus FleetBeacon Pylon,51.5,130640
513,1386077,0,62653,22.6109,62653,Probe RoboticsFacility Pylon Stalker Gateway Stargate Immortal VoidRay Probe Pylon Probe Zealot Immortal Stalker Pylon Adept Assimilator Probe VoidRay Probe Adept Stalker Immortal Zealot VoidRay Stalker Pylon Immortal Stalker VoidRay Pylon Immortal Adept Stalker Pylon RoboticsBay Stargate Immortal Zealot Probe,51,130644
513,1390283,0,63087,22.6806,63087,Probe RoboticsFacility Pylon Stalker Gateway Stargate Immortal VoidRay Probe Pylon Probe Zealot Immortal Stalker Pylon Adept Assimilator Probe VoidRay Probe Adept Stalker Immortal Zealot VoidRay Stalker Pylon Immortal Stalker VoidRay Pylon Immortal Stalker Stalker Gateway Nexus Stargate Assimilator,51.5,130800
528,1404598,0,64694,22.8376,64694,Probe RoboticsFacility Pylon Stalker Gateway Stargate Immortal VoidRay Probe Pylon Probe Zealot Immortal Stalker Pylon Adept Assimilator Probe VoidRay Probe Adept Stalker Immortal Zealot VoidRay Stalker Pylon Immortal Stalker VoidRay Pylon Immortal Stalker Stalker Pylon Zealot Pylon FleetBeacon Adept Assimilator Probe,51.5,130800
528,1415183,0,66025,22.9511,66025,Probe RoboticsFacility Pylon Stalker Gateway Stargate Immortal VoidRay Probe Pylon Probe Zealot Immortal Stalker Pylon Adept Assimilator Probe VoidRay Probe Adept Stalker Immortal Zealot VoidRay Stalker Pylon Immortal Stalker VoidRay Pylon Immortal Stalker Stalker Assimilator Pylon Immortal Pylon TwilightCouncil Probe,51.5,130800
528,1415558,0,66077,22.9541,66077,Probe RoboticsFacility Pylon Stalker Gateway Stargate Immortal VoidRay Probe Pylon Probe Zealot Immortal Stalker Pylon Adept Assimilator Probe VoidRay Probe Adept Stalker Immortal Zealot VoidRay Stalker Pylon Immortal Stalker VoidRay Pylon Immortal Stalker Stalker Pylon Gateway VoidRay Adept RoboticsFacility Assimilator,51.5,130800
528,1415654,0,66090,22.9549,66090,Probe RoboticsFacility Pylon Stalker Gateway Stargate Immortal VoidRay Probe Pylon Probe Zealot Immortal Stalker Pylon Adept Assimilator Probe VoidRay Probe Adept Stalker Immortal Zealot VoidRay Stalker Pylon Immortal Stalker VoidRay Pylon Immortal Stalker Stalker Assimilator Pylon Stalker TwilightCouncil Probe RoboticsBay Stalker,51.5,130800
541,1423689,0,67194,23.0775,67194,Probe RoboticsFacility Pylon Stalker Gateway Stargate Immortal VoidRay Probe Pylon Probe Zealot Immortal Stalker Pylon Adept Assimilator Probe VoidRay Probe Adept Stalker Immortal Zealot VoidRay Stalker Pylon Immortal Stalker VoidRay Pylon Immortal Stalker Stalker Pylon Adept RoboticsFacility Assimilator Probe Probe RoboticsBay Stargate,51.5,130800
550,1430815,0,68209,23.1414,68209,Probe RoboticsFacility Pylon Stalker Gateway Stargate Immortal VoidRay Probe Pylon Probe Zealot Immortal Stalker Pylon Adept Assimilator Probe VoidRay Probe Adept Stalker Immortal Zealot VoidRay Stalker Pylon Immortal Stalker VoidRay Pylon Immortal Stalker Stalker Assimilator Pylon Probe Stalker Probe Pylon TwilightCouncil Zealot,51.5,130800
550,1435513,0,68972,23.1738,68972,Probe RoboticsFacility Pylon Stalker Gateway Stargate Immortal VoidRay Probe Pylon Probe Zealot Immortal Stalker Pylon Adept Assimilator Probe VoidRay Probe Adept Stalker Immortal Zealot VoidRay Stalker Pylon Immortal Stalker VoidRay Pylon Immortal Stalker Stalker Pylon Assimilator Probe Immortal Probe Stalker Pylon,51.5,130800
565,1452594,0,71778,23.4017,71778,Probe RoboticsFacility Pylon Stalker Gateway Stargate Immortal VoidRay Probe Pylon Probe Zealot Immortal Stalker Pylon Adept Assimilator Probe VoidRay Probe Adept Stalker Immortal Zealot VoidRay Stalker Pylon Immortal Stalker VoidRay Pylon Immortal Stalker Stalker Pylon Stalker VoidRay Probe Probe Assimilator TwilightCouncil,51.5,130800
635,1480615,12,78438,23.791,78438,Probe RoboticsFacility Pylon Stalker Gateway Stargate Immortal VoidRay Probe Pylon Probe Zealot Immortal Stalker Pylon Adept Assimilator Probe VoidRay Probe Adept Stalker Immortal Zealot VoidRay Stalker Pylon Immortal Stalker VoidRay Pylon Immortal Stalker Stalker Pylon Stalker VoidRay Probe Probe Gateway Pylon,51.5,130800
