0,0,0,0,0,0, ,0,0
0,31,0,1,0.000254,1,Stargate FleetBeacon Carrier Tempest Gateway Adept VoidRay VoidRay TwilightCouncil Adept DarkShrine Assimilator Stargate Assimilator RoboticsFacility Nexus Gateway TemplarArchive Pylon Probe Nexus Gateway Stalker Pylon Zealot Pylon Probe Nexus Pylon Pylon,20.75,40658.5
0,57,0,2,0.000459,2,Adept Stargate Gateway Nexus Pylon RoboticsFacility Adept FleetBeacon Mothership Assimilator Probe Carrier Assimilator Immortal Pylon RoboticsFacility RoboticsBay Immortal Zealot VoidRay Stalker Zealot Immortal Colossus Probe,31.75,51351
0,85,0,3,0.000691,3,RoboticsFacility Stalker TwilightCouncil Nexus Assimilator Zealot Gateway Immortal Stargate Adept Nexus Adept Adept Adept Stargate RoboticsFacility Adept Stargate VoidRay RoboticsBay Colossus Gateway Nexus Pylon Pylon Adept Probe,16.75,54703
0,114,0,4,0.000905,4,Assimilator Stargate Assimilator Zealot VoidRay Probe Gateway Stargate VoidRay FleetBeacon Probe VoidRay Pylon VoidRay Probe Adept Pylon Gateway Stalker Pylon Gateway Zealot VoidRay TwilightCouncil Carrier Probe RoboticsFacility Pylon,25,68277.5
0,674,0,23,0.004816,23,Assimilator Zealot Stalker Gateway Zealot Stalker Stalker Gateway Stargate Stalker Pylon Stargate VoidRay Stalker Nexus Adept Adept TwilightCouncil Stargate Adept VoidRay Pylon Nexus FleetBeacon Pylon Assimilator DarkShrine Adept Probe,22.5,72758.2
0,3640,0,118,0.051866,118,Stalker Stargate RoboticsFacility Nexus Gateway Stalker VoidRay Nexus RoboticsFacility Adept VoidRay VoidRay Gateway Adept Stalker Zealot Stargate Stalker Nexus Adept FleetBeacon Stalker Carrier Gateway Zealot VoidRay Adept Probe Probe,26.5,75940.5
0,4234,0,137,0.056079,137,Stalker Nexus TwilightCouncil Stalker Zealot DarkShrine Probe Stalker RoboticsFacility RoboticsFacility Pylon RoboticsBay Immortal Immortal Stalker Immortal Immortal Stalker Nexus Immortal Stalker Immortal Probe Stalker Probe Probe Adept Pylon Assimilator Colossus Pylon RoboticsFacility Gateway Pylon,35.75,83661.2
1,6730,0,219,0.086719,219,Adept Adept Probe Gateway RoboticsFacility Zealot Nexus Immortal Adept Immortal Pylon Zealot Immortal Gateway Stalker Gateway RoboticsBay Zealot Probe Stalker Stalker Adept Colossus TwilightCouncil Adept Nexus Nexus Stalker Gateway Zealot Assimilator Assimilator Pylon Zealot Stalker Probe Probe,33.5,88138
27,120442,0,3897,2.24045,3897,Adept Probe Stargate Gateway Zealot VoidRay Pylon Adept Assimilator Zealot Probe Adept Adept Stalker VoidRay VoidRay Adept TwilightCouncil Pylon Gateway Probe DarkShrine VoidRay Nexus TemplarArchive Adept Stargate Stalker DarkTemplar VoidRay Pylon Stargate Stargate Adept Stargate VoidRay,29,91319.2
57,211067,0,6776,3.57652,6776,Adept Probe Stargate RoboticsFacility Adept Adept Gateway VoidRay Zealot VoidRay Pylon Zealot Immortal VoidRay Immortal TwilightCouncil Pylon Immortal TemplarArchive RoboticsFacility FleetBeacon Zealot Gateway DarkShrine Probe Gateway Probe Nexus Pylon Probe Probe RoboticsFacility Nexus Gateway,30,98818
80,286506,0,9324,4.77027,9324,Adept Probe Stargate RoboticsFacility VoidRay Assimilator Pylon Immortal VoidRay Immortal RoboticsBay VoidRay Immortal VoidRay Nexus Pylon Colossus VoidRay Stargate Immortal Stargate TwilightCouncil FleetBeacon Adept Probe,41.25,102449
80,288899,0,9406,4.81457,9406,Adept Probe Stargate RoboticsFacility VoidRay Immortal Pylon Nexus VoidRay Immortal Zealot Stalker VoidRay Immortal Zealot Assimilator VoidRay Adept Pylon Zealot Immortal Pylon RoboticsBay RoboticsFacility Immortal Nexus Gateway Gateway Probe,38.25,112696
210,617385,0,22575,9.82571,22575,Adept Probe Stargate RoboticsFacility VoidRay Immortal Pylon Nexus VoidRay Immortal Zealot VoidRay Stalker Immortal VoidRay Assimilator Immortal Stalker Assimilator Stargate Pylon Immortal Nexus Adept FleetBeacon Probe Probe,41.75,114406
240,705563,0,26938,11.3197,26938,Adept Probe Stargate RoboticsFacility VoidRay Immortal Pylon Nexus VoidRay Immortal Zealot VoidRay Stalker Immortal Gateway VoidRay Zealot Immortal Zealot Pylon Probe Pylon VoidRay Assimilator Assimilator RoboticsBay Nexus Zealot Immortal Probe,42,116294
270,789106,0,31588,12.7276,31588,Adept Probe Stargate RoboticsFacility VoidRay Immortal Pylon Nexus VoidRay Immortal Zealot VoidRay Stalker Immortal Gateway Adept Pylon VoidRay Immortal Gateway VoidRay Immortal Zealot Probe Probe Pylon Immortal Zealot Assimilator Probe FleetBeacon Adept Assimilator,45,116469
285,827594,0,33889,13.3781,33889,Adept Probe Stargate RoboticsFacility VoidRay Immortal Pylon Nexus VoidRay Immortal Zealot VoidRay Stalker Immortal Gateway Adept VoidRay Zealot Immortal Pylon Stalker Adept Stalker Stargate Stalker Stalker TwilightCouncil Gateway Assimilator Probe Gateway RoboticsFacility Gateway Assimilator Assimilator,43.75,118606
328,896851,0,38563,14.536,38563,Adept Probe Stargate RoboticsFacility VoidRay Immortal Pylon Nexus VoidRay Immortal Zealot VoidRay Stalker Immortal Gateway Adept VoidRay Zealot Immortal Pylon Gateway Stalker Adept Pylon Immortal Adept FleetBeacon Probe Adept Nexus Assimilator,45.25,119054
328,911800,0,39690,14.7767,39690,Adept Probe Stargate RoboticsFacility VoidRay Immortal Pylon Nexus VoidRay Immortal Zealot VoidRay Stalker Immortal Gateway Adept VoidRay Zealot Immortal Gateway Pylon Stalker Stalker Stalker Adept Stalker RoboticsFacility Assimilator Nexus Gateway Stargate,45.5,119366
328,914858,0,39923,14.8282,39923,Adept Probe Stargate RoboticsFacility VoidRay Immortal Pylon Nexus VoidRay Immortal Zealot VoidRay Stalker Immortal Gateway Adept VoidRay Zealot Immortal Stalker Pylon Zealot Gateway VoidRay Adept Gateway Stargate Assimilator Pylon Probe VoidRay Adept Assimilator Assimilator,45.25,119548
338,918764,0,40238,14.8914,40238,Adept Probe Stargate RoboticsFacility VoidRay Immortal Pylon Nexus VoidRay Immortal Zealot VoidRay Stalker Immortal Gateway Adept VoidRay Zealot Immortal Stalker Pylon Gateway Adept Stalker Immortal TwilightCouncil Stargate Probe RoboticsFacility Assimilator Assimilator Pylon Pylon Gateway,45.75,119586
338,941196,0,42079,15.2668,42079,Adept Probe Stargate RoboticsFacility VoidRay Immortal Pylon Nexus VoidRay Immortal Zealot VoidRay Stalker Immortal Gateway Adept VoidRay Zealot Immortal Stalker Pylon VoidRay Zealot Stalker RoboticsFacility RoboticsFacility Probe Gateway Assimilator TwilightCouncil Gateway Assimilator Gateway Assimilator,45.75,119606
338,941254,0,42084,15.2673,42084,Adept Probe Stargate RoboticsFacility VoidRay Immortal Pylon Nexus VoidRay Immortal Zealot VoidRay Stalker Immortal Gateway Adept VoidRay Zealot Immortal Stalker Pylon Pylon Stalker Immortal Zealot FleetBeacon VoidRay Assimilator Pylon Adept Assimilator Assimilator Probe,45.5,119718
344,942934,0,42225,15.2952,42225,Adept Probe Stargate RoboticsFacility VoidRay Immortal Pylon Nexus VoidRay Immortal Zealot VoidRay Stalker Immortal Gateway Adept VoidRay Zealot Immortal Stalker Pylon Stalker Immortal Zealot Pylon FleetBeacon RoboticsFacility Assimilator Probe Zealot Probe Pylon Adept Assimilator Probe,45.5,119718
353,945356,0,42427,15.3381,42427,Adept Probe Stargate RoboticsFacility VoidRay Immortal Pylon Nexus VoidRay Immortal Zealot VoidRay Stalker Immortal Gateway Adept VoidRay Zealot Immortal Stalker Pylon Gateway Zealot VoidRay Stalker Pylon Stargate Probe VoidRay Assimilator Nexus,45.75,119761
353,956100,0,43327,15.5216,43327,Adept Probe Stargate RoboticsFacility VoidRay Immortal Pylon Nexus VoidRay Immortal Zealot VoidRay Stalker Immortal Gateway Adept VoidRay Zealot Immortal Stalker Pylon Stalker Immortal Adept Gateway Gateway RoboticsFacility TwilightCouncil Stargate Nexus,45.75,119814
353,965931,0,44162,15.6889,44162,Adept Probe Stargate RoboticsFacility VoidRay Immortal Pylon Nexus VoidRay Immortal Zealot VoidRay Stalker Immortal Gateway Adept VoidRay Zealot Immortal Stalker Pylon Stalker Immortal Adept Probe RoboticsFacility Gateway Assimilator Stargate Gateway Stargate Assimilator Pylon Assimilator,45.75,119814
353,967207,0,44274,15.7092,44274,Adept Probe Stargate RoboticsFacility VoidRay Immortal Pylon Nexus VoidRay Immortal Zealot VoidRay Stalker Immortal Gateway Adept VoidRay Zealot Immortal Stalker Pylon Stalker Adept Probe Immortal Stargate Pylon FleetBeacon Gateway Zealot Zealot Pylon Gateway,45.75,119842
353,967469,0,44297,15.7164,44297,Adept Probe Stargate RoboticsFacility VoidRay Immortal Pylon Nexus VoidRay Immortal Zealot VoidRay Stalker Immortal Gateway Adept VoidRay Zealot Immortal Stalker Pylon Stalker Zealot Pylon Immortal Stalker RoboticsBay Nexus Pylon TwilightCouncil Probe Assimilator,47.25,120202
368,975150,0,44976,15.8417,44976,Adept Probe Stargate RoboticsFacility VoidRay Immortal Pylon Nexus VoidRay Immortal Zealot VoidRay Stalker Immortal Gateway Adept VoidRay Zealot Immortal Stalker Pylon Stalker Stalker Immortal Pylon Stalker Pylon Adept TwilightCouncil Stalker Pylon Probe Immortal,48,120344
368,982719,0,45651,15.9711,45651,Adept Probe Stargate RoboticsFacility VoidRay Immortal Pylon Nexus VoidRay Immortal Zealot VoidRay Stalker Immortal Gateway Adept VoidRay Zealot Immortal Stalker Pylon Stalker Pylon Assimilator Immortal Stalker Stalker Pylon Stargate TwilightCouncil RoboticsBay Probe Assimilator,48,120431
398,1022429,0,49594,16.6537,49594,Adept Probe Stargate RoboticsFacility VoidRay Immortal Pylon Nexus VoidRay Immortal Zealot VoidRay Stalker Immortal Gateway Adept VoidRay Zealot Immortal Stalker Pylon Stalker Pylon Assimilator Immortal Stalker Stalker VoidRay RoboticsFacility Gateway Zealot,48,120431
398,1026571,0,50075,16.7238,50075,Adept Probe Stargate RoboticsFacility VoidRay Immortal Pylon Nexus VoidRay Immortal Zealot VoidRay Stalker Immortal Gateway Adept VoidRay Zealot Immortal Stalker Pylon Stalker Pylon Assimilator Immortal Stalker Stalker Stalker Gateway Immortal Probe Assimilator,48,120431
398,1027563,0,50210,16.7421,50210,Adept Probe Stargate RoboticsFacility VoidRay Immortal Pylon Nexus VoidRay Immortal Zealot VoidRay Stalker Immortal Gateway Adept VoidRay Zealot Immortal Stalker Pylon Stalker Pylon Assimilator Immortal Stalker Stalker Adept Probe RoboticsFacility TwilightCouncil Probe Probe Pylon Probe,48,120431
413,1028972,0,50401,16.7677,50401,Adept Probe Stargate RoboticsFacility VoidRay Immortal Pylon Nexus VoidRay Immortal Zealot VoidRay Stalker Immortal Gateway Adept VoidRay Zealot Immortal Stalker Pylon Stalker Pylon Assimilator Immortal Stalker Stalker FleetBeacon Probe Probe VoidRay Probe,48,120431
428,1055465,0,54246,17.2065,54246,Adept Probe Stargate RoboticsFacility VoidRay Immortal Pylon Nexus VoidRay Immortal Zealot VoidRay Stalker Immortal Gateway Adept VoidRay Zealot Immortal Stalker Pylon Stalker Pylon Assimilator Immortal Stalker Stalker Immortal Probe Pylon Probe Zealot Probe Probe,48,120431
443,1056082,0,54348,17.2217,54348,Adept Probe Stargate RoboticsFacility VoidRay Immortal Pylon Nexus VoidRay Immortal Zealot VoidRay Stalker Immortal Gateway Adept VoidRay Zealot Immortal Stalker Pylon Stalker Pylon Assimilator Immortal Stalker Stalker RoboticsBay Probe Stargate Probe Probe Zealot Assimilator Assimilator,48,120431
443,1056633,0,54443,17.2307,54443,Adept Probe Stargate RoboticsFacility VoidRay Immortal Pylon Nexus VoidRay Immortal Zealot VoidRay Stalker Immortal Gateway Adept VoidRay Zealot Immortal Stalker Pylon Stalker Pylon Assimilator Immortal Stalker Stalker Probe Probe Immortal Probe FleetBeacon,48,120431
443,1066299,0,56112,17.3819,56112,Adept Probe Stargate RoboticsFacility VoidRay Immortal Pylon Nexus VoidRay Immortal Zealot VoidRay Stalker Immortal Gateway Adept VoidRay Zealot Immortal Stalker Pylon Stalker Pylon Assimilator Immortal Stalker Stalker Probe VoidRay Probe Probe RoboticsFacility Stargate,48,120431
443,1066491,0,56146,17.3886,56146,Adept Probe Stargate RoboticsFacility VoidRay Immortal Pylon Nexus VoidRay Immortal Zealot VoidRay Stalker Immortal Gateway Adept VoidRay Zealot Immortal Stalker Pylon Stalker Pylon Assimilator Immortal Stalker Stalker Probe Pylon Assimilator Probe Probe VoidRay Adept,48,120431
458,1068260,0,56460,17.4169,56460,Adept Probe Stargate RoboticsFacility VoidRay Immortal Pylon Nexus VoidRay Immortal Zealot VoidRay Stalker Immortal Gateway Adept VoidRay Zealot Immortal Stalker Pylon Stalker Pylon Assimilator Immortal Stalker Stalker Probe Probe Gateway Probe RoboticsBay Probe Pylon Gateway,48,120431
458,1070158,0,56790,17.4455,56790,Adept Probe Stargate RoboticsFacility VoidRay Immortal Pylon Nexus VoidRay Immortal Zealot VoidRay Stalker Immortal Gateway Adept VoidRay Zealot Immortal Stalker Pylon Stalker Pylon Assimilator Immortal Stalker Stalker Probe Probe Probe Pylon Probe Stargate Immortal Probe,48,120431
458,1077507,0,58085,17.5655,58085,Adept Probe Stargate RoboticsFacility VoidRay Immortal Pylon Nexus VoidRay Immortal Zealot VoidRay Stalker Immortal Gateway Adept VoidRay Zealot Immortal Stalker Pylon Stalker Pylon Assimilator Immortal Stalker Stalker Probe Probe Probe Probe Pylon VoidRay Stalker Adept,48,120431
473,1081986,0,58880,17.6372,58880,Adept Probe Stargate RoboticsFacility VoidRay Immortal Pylon Nexus VoidRay Immortal Zealot VoidRay Stalker Immortal Gateway Adept VoidRay Zealot Immortal Stalker Pylon Stalker Pylon Assimilator Immortal Stalker Stalker Probe Probe Probe Zealot Stargate Probe Probe TwilightCouncil Assimilator,48,120431
473,1083995,0,59240,17.6715,59240,Adept Probe Stargate RoboticsFacility VoidRay Immortal Pylon Nexus VoidRay Immortal Zealot VoidRay Stalker Immortal Gateway Adept VoidRay Zealot Immortal Stalker Pylon Stalker Pylon Assimilator Immortal Stalker Stalker Probe Probe Probe Probe Probe Stalker Nexus,48,120431
473,1088554,0,60050,17.7421,60050,Adept Probe Stargate RoboticsFacility VoidRay Immortal Pylon Nexus VoidRay Immortal Zealot VoidRay Stalker Immortal Gateway Adept VoidRay Zealot Immortal Stalker Pylon Stalker Pylon Assimilator Immortal Stalker Stalker Probe Probe Probe RoboticsBay Probe Probe Probe Probe TwilightCouncil Pylon,48,120431
488,1096783,0,61603,17.8741,61603,Adept Probe Stargate RoboticsFacility VoidRay Immortal Pylon Nexus VoidRay Immortal Zealot VoidRay Stalker Immortal Gateway Adept VoidRay Zealot Immortal Stalker Pylon Stalker Pylon Assimilator Immortal Stalker Stalker Probe Probe Probe Assimilator Probe Probe Probe Probe RoboticsFacility Assimilator Pylon,48,120431
506,1108668,0,64114,18.0606,64114,Adept Probe Stargate RoboticsFacility VoidRay Immortal Pylon Nexus VoidRay Immortal Zealot VoidRay Stalker Immortal Gateway Adept VoidRay Zealot Immortal Stalker Pylon Stalker Pylon Assimilator Immortal Stalker Stalker Probe Probe Probe Assimilator Probe Probe Probe Probe RoboticsBay Stargate,48,120431
521,1115735,2,65622,18.1731,65622,Adept Probe Stargate RoboticsFacility VoidRay Immortal Pylon Nexus VoidRay Immortal Zealot VoidRay Stalker Immortal Gateway Adept VoidRay Zealot Immortal Stalker Pylon Stalker Pylon Assimilator Immortal Stalker Stalker Probe Probe Probe Assimilator Probe Probe Probe Probe FleetBeacon,48,120431
521,1116572,2,65804,18.1839,65804,Adept Probe Stargate RoboticsFacility VoidRay Immortal Pylon Nexus VoidRay Immortal Zealot VoidRay Stalker Immortal Gateway Adept VoidRay Zealot Immortal Stalker Pylon Stalker Pylon Assimilator Immortal Stalker Stalker Probe Probe Probe Assimilator Probe Probe Pylon Probe Probe Pylon Adept,48,120431
548,1127491,4,68468,18.3605,68468,Adept Probe Stargate RoboticsFacility VoidRay Immortal Pylon Nexus VoidRay Immortal Zealot VoidRay Stalker Immortal Gateway Adept VoidRay Zealot Immortal Stalker Pylon Stalker Pylon Assimilator Immortal Stalker Stalker Probe Probe Probe Assimilator Probe Probe Pylon Probe Probe Pylon Stalker,48,120431
548,1128146,4,68650,18.3752,68650,Adept Probe Stargate RoboticsFacility VoidRay Immortal Pylon Nexus VoidRay Immortal Zealot VoidRay Stalker Immortal Gateway Adept VoidRay Zealot Immortal Stalker Pylon Stalker Pylon Assimilator Immortal Stalker Stalker Probe Probe Probe Assimilator Probe Probe Pylon Probe Probe Adept Stalker,48,120431
