0,0,0,0,0,0, ,0,0
0,39,0,1,0.000332,1,TwilightCouncil Nexus Probe TemplarArchive Pylon Pylon Probe Adept Stargate Gateway FleetBeacon Mothership Gateway Stargate Pylon Stargate Pylon RoboticsFacility Stalker Assimilator Stalker RoboticsFacility Probe VoidRay Nexus Assimilator Immortal Stalker Pylon Gateway RoboticsFacility Probe Probe Pylon Zealot Probe Adept Pylon,12.75,14066.5
0,68,0,2,0.000556,2,Nexus Assimilator RoboticsFacility Pylon Gateway Zealot Nexus Stalker Adept Assimilator Gateway Gateway RoboticsBay Probe Zealot TwilightCouncil Zealot Immortal Stalker Probe Gateway Stargate Gateway Probe Pylon Adept Adept Nexus,12.75,30990.5
0,100,0,3,0.000767,3,Stalker Assimilator Assimilator Adept Adept Stalker Gateway Stalker Pylon Gateway Stalker Gateway Pylon Stalker Nexus TwilightCouncil Probe Probe Pylon RoboticsFacility Gateway TemplarArchive RoboticsBay Probe Pylon Probe Stalker DarkShrine Zealot RoboticsFacility Gateway,13,46483.5
0,124,0,4,0.000936,4,Zealot Nexus Zealot Assimilator Pylon Stalker RoboticsFacility RoboticsFacility RoboticsFacility Adept RoboticsBay Immortal Immortal Colossus Assimilator Colossus RoboticsFacility Immortal Colossus Zealot Immortal Gateway Probe,32.25,71093.2
0,280,0,9,0.002039,9,Probe Assimilator Zealot Gateway Stargate Stargate RoboticsFacility Zealot RoboticsFacility Adept Immortal VoidRay Assimilator Pylon Stalker Immortal Zealot RoboticsFacility TwilightCouncil VoidRay Stalker TemplarArchive Probe Gateway Gateway Probe Nexus DarkShrine Pylon,23.25,73541.8
0,522,0,17,0.003803,17,RoboticsFacility Zealot Stargate TwilightCouncil VoidRay Zealot Immortal Zealot Nexus Adept Immortal Stargate Assimilator RoboticsFacility Zealot Stargate VoidRay FleetBeacon Adept VoidRay Probe DarkShrine Immortal Assimilator RoboticsBay Gateway Pylon Adept Pylon,29.75,80982.5
0,7328,0,233,0.077491,233,Zealot Stalker Probe RoboticsFacility Nexus Adept Probe Immortal Gateway Stalker Probe RoboticsBay TwilightCouncil Zealot Colossus Assimilator TemplarArchive Stalker Gateway Stalker Probe Pylon Stalker Zealot Colossus Adept DarkShrine Stalker Immortal Assimilator Pylon Probe Stalker Assimilator Immortal Nexus Probe,35.25,88667
11,21657,0,697,0.296347,697,RoboticsFacility Adept Gateway TwilightCouncil Stalker Stalker Immortal Stalker Pylon Immortal Gateway Gateway Probe Gateway Zealot Assimilator Zealot Pylon Immortal TemplarArchive Probe Immortal Immortal RoboticsBay Zealot Gateway DarkShrine Stalker Nexus Nexus Probe,30,91472.8
11,51285,0,1643,0.743785,1643,RoboticsFacility Probe Stalker Adept Probe RoboticsBay Immortal Colossus Adept Zealot Probe Pylon TwilightCouncil Pylon RoboticsFacility Assimilator Nexus Immortal Assimilator Probe Adept Zealot RoboticsFacility Immortal Colossus Zealot Colossus Stalker Nexus Gateway Immortal Pylon,36.5,91964.5
21,66118,0,2124,0.97251,2124,RoboticsFacility Stalker Adept Stargate Immortal Stargate Pylon Adept VoidRay Assimilator Immortal VoidRay Pylon FleetBeacon Zealot Immortal Nexus Carrier Immortal RoboticsBay Stalker Stargate Mothership Assimilator,36,92360.2
26,78138,0,2529,1.15951,2529,RoboticsFacility Adept Gateway Immortal Stargate Zealot VoidRay Probe Nexus Pylon VoidRay Adept Stalker Immortal Immortal VoidRay Adept Zealot Gateway Stalker Zealot Adept Assimilator FleetBeacon RoboticsFacility Adept Pylon Immortal Nexus Probe Pylon Probe,39.75,102784
100,338217,0,11751,4.99962,11751,RoboticsFacility Adept Gateway Immortal Stargate Zealot VoidRay Immortal Pylon Immortal VoidRay Pylon Pylon Immortal VoidRay Gateway Nexus Stalker Stargate Stalker RoboticsFacility Assimilator Stargate RoboticsFacility Stalker Zealot Pylon Adept Probe FleetBeacon,35.5,103187
130,411270,0,14659,5.97142,14659,RoboticsFacility Adept Gateway Immortal Stargate Zealot VoidRay Stalker Stalker Immortal Adept Probe Pylon Adept Immortal Adept TwilightCouncil Pylon Gateway Immortal Probe Gateway Zealot Nexus Stargate RoboticsBay Adept Nexus Gateway Pylon VoidRay RoboticsFacility Stalker Pylon,29.5,103954
159,499510,0,18381,6.91036,18381,RoboticsFacility Adept Gateway Immortal Stargate Zealot VoidRay Stalker Stalker Adept Adept Pylon Immortal VoidRay Pylon Stalker Assimilator Probe Immortal Stargate Adept Zealot Assimilator TwilightCouncil RoboticsFacility RoboticsBay Stargate Pylon Pylon Stargate Pylon DarkShrine RoboticsFacility Probe,31.5,105750
160,534560,0,19907,7.46749,19907,RoboticsFacility Adept Gateway Immortal Stargate Zealot VoidRay Stalker Stalker Stalker Pylon Probe VoidRay Zealot Probe Immortal Pylon Pylon Zealot Nexus Immortal Stargate RoboticsFacility Immortal Probe Assimilator VoidRay Adept RoboticsBay Zealot Assimilator TwilightCouncil Stargate Pylon Gateway Zealot,38.75,106236
175,545550,0,20401,7.64435,20401,RoboticsFacility Adept Gateway Immortal Stargate Zealot VoidRay Stalker Stalker Stalker Pylon Pylon Immortal Stalker VoidRay Probe Nexus RoboticsFacility Immortal Adept Assimilator Assimilator Stalker TwilightCouncil Stalker Zealot TemplarArchive Nexus Stargate Probe Probe,34.25,107818
190,594273,0,22599,8.42731,22599,RoboticsFacility Adept Gateway Immortal Stargate Zealot VoidRay Stalker Stalker Stalker Pylon Probe Zealot VoidRay Immortal Pylon Zealot Zealot Gateway Stalker RoboticsFacility Immortal FleetBeacon Gateway Pylon TwilightCouncil Immortal Stalker Gateway Adept DarkShrine Gateway Nexus,38.25,109050
205,652457,0,25221,9.37953,25221,RoboticsFacility Adept Gateway Immortal Stargate Zealot VoidRay Stalker Stalker Stalker Pylon Probe Immortal Immortal Adept Pylon Zealot Pylon Stargate Zealot Assimilator Zealot VoidRay Stalker Pylon Stalker Stargate Immortal Adept Assimilator Adept VoidRay FleetBeacon,40.75,110060
205,652739,0,25235,9.38662,25235,RoboticsFacility Adept Gateway Immortal Stargate Zealot VoidRay Stalker Stalker Stalker Pylon Probe Immortal VoidRay Pylon Zealot Zealot Stalker Zealot Assimilator VoidRay Pylon Zealot FleetBeacon Adept Probe Stalker Nexus Stargate Nexus RoboticsBay Stargate Probe,35.75,112663
235,723873,0,28637,10.5475,28637,RoboticsFacility Adept Gateway Immortal Stargate Zealot VoidRay Stalker Stalker Stalker Pylon Probe Immortal VoidRay Pylon Immortal Pylon VoidRay Gateway Gateway Pylon Probe Adept Adept Stalker Stalker Immortal Nexus RoboticsBay Stalker Assimilator Stalker Stalker RoboticsFacility TwilightCouncil,42.25,114696
235,750596,0,30001,10.9705,30001,RoboticsFacility Adept Gateway Immortal Stargate Zealot VoidRay Stalker Stalker Stalker Pylon Probe Immortal VoidRay Pylon Assimilator Zealot Immortal Adept VoidRay Pylon Assimilator Adept TwilightCouncil Immortal Nexus TemplarArchive Pylon Stargate Probe,38,114964
242,755140,0,30238,11.05,30238,RoboticsFacility Adept Gateway Immortal Stargate Zealot VoidRay Stalker Stalker Stalker Pylon Probe Immortal VoidRay Pylon Pylon Stalker Immortal VoidRay Adept Assimilator Stalker Pylon TwilightCouncil DarkShrine Stalker Assimilator Probe Nexus Gateway VoidRay Pylon Zealot,37.25,115132
250,757829,0,30380,11.0944,30380,RoboticsFacility Adept Gateway Immortal Stargate Zealot VoidRay Stalker Stalker Stalker Pylon Probe Immortal VoidRay Pylon Assimilator Stalker Probe Stalker Immortal Pylon Stargate Stalker Immortal Assimilator Immortal Stargate Pylon Adept Gateway Probe Stargate RoboticsBay Probe Probe,40.75,115680
250,767605,0,30889,11.2239,30889,RoboticsFacility Adept Gateway Immortal Stargate Zealot VoidRay Stalker Stalker Stalker Pylon Probe Immortal VoidRay Pylon Adept Immortal VoidRay Adept Pylon Immortal Stargate RoboticsFacility Stalker Pylon RoboticsFacility Stargate Nexus Assimilator Zealot Gateway Adept Assimilator Probe Pylon Probe,38.75,116075
250,771947,0,31111,11.2692,31111,RoboticsFacility Adept Gateway Immortal Stargate Zealot VoidRay Stalker Stalker Stalker Pylon Probe Immortal VoidRay Pylon Stalker Stalker Immortal Adept Pylon VoidRay Zealot Nexus RoboticsBay VoidRay RoboticsFacility Stalker Zealot Assimilator Immortal Probe Pylon Probe Gateway Assimilator Probe,40.5,117690
250,791146,0,32110,11.6266,32110,RoboticsFacility Adept Gateway Immortal Stargate Zealot VoidRay Stalker Stalker Stalker Pylon Probe Immortal VoidRay Pylon Stalker Pylon Stalker Immortal VoidRay Immortal Gateway Immortal Assimilator TwilightCouncil Gateway TemplarArchive RoboticsBay Assimilator Pylon RoboticsFacility Gateway Pylon Pylon,41.75,118115
265,801811,0,32684,11.7659,32684,RoboticsFacility Adept Gateway Immortal Stargate Zealot VoidRay Stalker Stalker Stalker Pylon Probe Immortal VoidRay Pylon Stalker Pylon Immortal Zealot Stalker Adept VoidRay Zealot RoboticsFacility Assimilator Stargate Gateway Adept Assimilator RoboticsFacility RoboticsBay FleetBeacon Gateway Pylon,38.75,118999
265,824087,0,33887,12.157,33887,RoboticsFacility Adept Gateway Immortal Stargate Zealot VoidRay Stalker Stalker Stalker Pylon Probe Immortal VoidRay Pylon Stalker Pylon Pylon Immortal Pylon Adept VoidRay Gateway Immortal VoidRay RoboticsFacility Stalker Probe Zealot FleetBeacon Stalker Nexus Pylon,44.25,119067
280,840872,0,34818,12.3208,34818,RoboticsFacility Adept Gateway Immortal Stargate Zealot VoidRay Stalker Stalker Stalker Pylon Probe Immortal VoidRay Pylon Stalker Pylon Stalker Immortal Assimilator Stalker VoidRay Adept FleetBeacon VoidRay Pylon VoidRay Adept Assimilator RoboticsFacility Zealot RoboticsFacility,41.25,119451
280,847477,0,35181,12.3686,35181,RoboticsFacility Adept Gateway Immortal Stargate Zealot VoidRay Stalker Stalker Stalker Pylon Probe Immortal VoidRay Pylon Stalker Pylon Stalker Immortal Zealot Pylon Stalker RoboticsBay Stalker Adept Adept Gateway Stalker Immortal FleetBeacon Nexus Stargate Assimilator Gateway,42.75,120030
295,871545,0,36525,12.7018,36525,RoboticsFacility Adept Gateway Immortal Stargate Zealot VoidRay Stalker Stalker Stalker Pylon Probe Immortal VoidRay Pylon Stalker Pylon Stalker Pylon Adept VoidRay Immortal Pylon Stalker Stalker Gateway Zealot Zealot TwilightCouncil Immortal Zealot Nexus Probe Stargate DarkShrine,45.75,121275
295,895392,0,37889,13.0498,37889,RoboticsFacility Adept Gateway Immortal Stargate Zealot VoidRay Stalker Stalker Stalker Pylon Probe Immortal VoidRay Pylon Stalker Pylon Stalker Immortal Adept VoidRay Immortal Pylon Stalker Gateway Stargate Zealot Stargate Stargate Nexus Adept Zealot Zealot Gateway,42,121591
310,906368,0,38569,13.2245,38569,RoboticsFacility Adept Gateway Immortal Stargate Zealot VoidRay Stalker Stalker Stalker Pylon Probe Immortal VoidRay Pylon Stalker Pylon Stalker Immortal Adept Stalker Assimilator VoidRay Zealot Pylon Immortal Probe Pylon Stalker Pylon VoidRay Stargate Pylon Stalker Gateway,43.75,123371
325,939758,0,40682,13.7206,40682,RoboticsFacility Adept Gateway Immortal Stargate Zealot VoidRay Stalker Stalker Stalker Pylon Probe Immortal VoidRay Pylon Stalker Pylon Stalker Immortal Adept VoidRay Pylon Immortal Stalker Zealot Stalker RoboticsBay Adept TwilightCouncil Probe Probe Pylon VoidRay Nexus Assimilator Probe,45,123494
340,967342,0,42526,14.1445,42526,RoboticsFacility Adept Gateway Immortal Stargate Zealot VoidRay Stalker Stalker Stalker Pylon Probe Immortal VoidRay Pylon Stalker Pylon Stalker Immortal Adept VoidRay Gateway Immortal Pylon Stalker Stalker Stalker Stargate VoidRay Pylon Pylon Nexus Gateway,44.5,123705
355,998791,0,44803,14.5974,44803,RoboticsFacility Adept Gateway Immortal Stargate Zealot VoidRay Stalker Stalker Stalker Pylon Probe Immortal VoidRay Pylon Stalker Pylon Stalker Immortal Adept VoidRay Gateway Pylon Stalker Immortal Adept Zealot RoboticsFacility Adept Pylon RoboticsFacility Stargate Assimilator Gateway Probe Probe Gateway Adept,44.5,123787
355,1014975,0,46029,14.8467,46029,RoboticsFacility Adept Gateway Immortal Stargate Zealot VoidRay Stalker Stalker Stalker Pylon Probe Immortal VoidRay Pylon Stalker Pylon Stalker Immortal Adept VoidRay Gateway Pylon Stalker Probe Stalker Immortal Zealot Zealot TwilightCouncil RoboticsBay Nexus DarkShrine Pylon Probe Pylon,44.75,123983
370,1042284,0,48155,15.2651,48155,RoboticsFacility Adept Gateway Immortal Stargate Zealot VoidRay Stalker Stalker Stalker Pylon Probe Immortal VoidRay Pylon Stalker Pylon Stalker Immortal Adept VoidRay Gateway Pylon Stalker Immortal Stalker Probe Adept Gateway Zealot Probe RoboticsFacility FleetBeacon Nexus Pylon,45,124131
385,1046852,0,48529,15.3403,48529,RoboticsFacility Adept Gateway Immortal Stargate Zealot VoidRay Stalker Stalker Stalker Pylon Probe Immortal VoidRay Pylon Stalker Pylon Stalker Immortal Adept VoidRay Gateway Pylon Stalker Adept Immortal Adept Zealot Adept Stargate Pylon Stargate Nexus Gateway Probe,45.75,124775
385,1053371,0,49064,15.429,49064,RoboticsFacility Adept Gateway Immortal Stargate Zealot VoidRay Stalker Stalker Stalker Pylon Probe Immortal VoidRay Pylon Stalker Pylon Stalker Immortal Adept VoidRay Gateway Pylon Stalker Adept Immortal Adept Stalker Stalker TwilightCouncil FleetBeacon Pylon Pylon Assimilator Pylon Pylon,47,125457
415,1092976,0,52519,16.0446,52519,RoboticsFacility Adept Gateway Immortal Stargate Zealot VoidRay Stalker Stalker Stalker Pylon Probe Immortal VoidRay Pylon Stalker Pylon Stalker Immortal Adept VoidRay Gateway Pylon Stalker Adept Immortal Stalker Stalker Adept Pylon TwilightCouncil TemplarArchive Adept Zealot Pylon Gateway Zealot,47,125544
415,1102964,0,53532,16.1853,53532,RoboticsFacility Adept Gateway Immortal Stargate Zealot VoidRay Stalker Stalker Stalker Pylon Probe Immortal VoidRay Pylon Stalker Pylon Stalker Immortal Adept VoidRay Gateway Pylon Stalker Adept Immortal Stalker Stalker Stalker Stargate Nexus RoboticsBay Gateway Assimilator,47.5,125689
415,1107804,0,54024,16.2602,54024,RoboticsFacility Adept Gateway Immortal Stargate Zealot VoidRay Stalker Stalker Stalker Pylon Probe Immortal VoidRay Pylon Stalker Pylon Stalker Immortal Adept VoidRay Gateway Pylon Stalker Adept Immortal Stalker Stalker Stalker Nexus Nexus RoboticsFacility,47.5,125689
415,1108476,0,54099,16.2656,54099,RoboticsFacility Adept Gateway Immortal Stargate Zealot VoidRay Stalker Stalker Stalker Pylon Probe Immortal VoidRay Pylon Stalker Pylon Stalker Immortal Adept VoidRay Gateway Pylon Stalker Adept Immortal Stalker Stalker Stalker Pylon Stalker RoboticsFacility Zealot Gateway Immortal,50.25,125754
430,1113772,0,54687,16.3447,54687,RoboticsFacility Adept Gateway Immortal Stargate Zealot VoidRay Stalker Stalker Stalker Pylon Probe Immortal VoidRay Pylon Stalker Pylon Stalker Immortal Adept VoidRay Gateway Pylon Stalker Adept Immortal Stalker Stalker Stalker Pylon Stalker Zealot Assimilator Probe TwilightCouncil Stargate Adept Probe,50.25,125822
452,1144496,0,58322,16.8083,58322,RoboticsFacility Adept Gateway Immortal Stargate Zealot VoidRay Stalker Stalker Stalker Pylon Probe Immortal VoidRay Pylon Stalker Pylon Stalker Immortal Adept VoidRay Gateway Pylon Stalker Adept Immortal Stalker Stalker Stalker Pylon Pylon Zealot Zealot TwilightCouncil Zealot Immortal,49.5,125863
457,1154697,0,59746,16.9451,59746,RoboticsFacility Adept Gateway Immortal Stargate Zealot VoidRay Stalker Stalker Stalker Pylon Probe Immortal VoidRay Pylon Stalker Pylon Stalker Immortal Adept VoidRay Gateway Pylon Stalker Adept Immortal Stalker Stalker Stalker Pylon Zealot Probe Zealot Nexus RoboticsBay Assimilator,49.5,125863
477,1159845,0,60457,17.0206,60457,RoboticsFacility Adept Gateway Immortal Stargate Zealot VoidRay Stalker Stalker Stalker Pylon Probe Immortal VoidRay Pylon Stalker Pylon Stalker Immortal Adept VoidRay Gateway Pylon Stalker Adept Immortal Stalker Stalker Stalker Pylon Probe Zealot Zealot Nexus Pylon Zealot,49.5,125863
477,1159918,0,60466,17.0212,60466,RoboticsFacility Adept Gateway Immortal Stargate Zealot VoidRay Stalker Stalker Stalker Pylon Probe Immortal VoidRay Pylon Stalker Pylon Stalker Immortal Adept VoidRay Gateway Pylon Stalker Adept Immortal Stalker Stalker Stalker Pylon Probe Zealot Zealot Adept RoboticsFacility Pylon Assimilator Probe Stargate,49.5,125863
477,1159934,0,60468,17.0213,60468,RoboticsFacility Adept Gateway Immortal Stargate Zealot VoidRay Stalker Stalker Stalker Pylon Probe Immortal VoidRay Pylon Stalker Pylon Stalker Immortal Adept VoidRay Gateway Pylon Stalker Adept Immortal Stalker Stalker Stalker Pylon Zealot Zealot Assimilator Pylon Zealot Probe Immortal,49.5,125863
477,1172019,0,62140,17.2003,62140,RoboticsFacility Adept Gateway Immortal Stargate Zealot VoidRay Stalker Stalker Stalker Pylon Probe Immortal VoidRay Pylon Stalker Pylon Stalker Immortal Adept VoidRay Gateway Pylon Stalker Adept Immortal Stalker Stalker Stalker Pylon Zealot Zealot Assimilator Stalker Probe Probe Pylon RoboticsFacility Assimilator,49.5,125863
477,1172413,0,62200,17.2035,62200,RoboticsFacility Adept Gateway Immortal Stargate Zealot VoidRay Stalker Stalker Stalker Pylon Probe Immortal VoidRay Pylon Stalker Pylon Stalker Immortal Adept VoidRay Gateway Pylon Stalker Adept Immortal Stalker Stalker Stalker Pylon Zealot Zealot Probe TwilightCouncil Probe Assimilator Probe Probe Assimilator RoboticsBay,49.5,125863
492,1184473,0,64043,17.3824,64043,RoboticsFacility Adept Gateway Immortal Stargate Zealot VoidRay Stalker Stalker Stalker Pylon Probe Immortal VoidRay Pylon Stalker Pylon Stalker Immortal Adept VoidRay Gateway Pylon Stalker Adept Immortal Stalker Stalker Stalker Pylon Zealot Zealot Assimilator Probe Probe Probe Stargate RoboticsFacility Gateway,49.5,125863
522,1198509,0,66535,17.5895,66535,RoboticsFacility Adept Gateway Immortal Stargate Zealot VoidRay Stalker Stalker Stalker Pylon Probe Immortal VoidRay Pylon Stalker Pylon Stalker Immortal Adept VoidRay Gateway Pylon Stalker Adept Immortal Stalker Stalker Stalker Pylon Zealot Zealot Assimilator Probe Probe Probe Nexus Probe,49.5,125863
522,1200441,0,66925,17.6161,66925,RoboticsFacility Adept Gateway Immortal Stargate Zealot VoidRay Stalker Stalker Stalker Pylon Probe Immortal VoidRay Pylon Stalker Pylon Stalker Immortal Adept VoidRay Gateway Pylon Stalker Adept Immortal Stalker Stalker Stalker Pylon Zealot Zealot Assimilator Probe Probe RoboticsFacility Probe Probe TwilightCouncil Pylon,49.5,125863
535,1216069,0,70011,17.845,70011,RoboticsFacility Adept Gateway Immortal Stargate Zealot VoidRay Stalker Stalker Stalker Pylon Probe Immortal VoidRay Pylon Stalker Pylon Stalker Immortal Adept VoidRay Gateway Pylon Stalker Adept Immortal Stalker Stalker Stalker Pylon Zealot Zealot Assimilator Probe Probe Probe Probe Nexus,49.5,125863
558,1227599,0,72447,18.0011,72447,RoboticsFacility Adept Gateway Immortal Stargate Zealot VoidRay Stalker Stalker Stalker Pylon Probe Immortal VoidRay Pylon Stalker Pylon Stalker Immortal Adept VoidRay Gateway Pylon Stalker Adept Immortal Stalker Stalker Stalker Pylon Zealot Zealot Assimilator Probe Probe Probe Pylon Probe Stalker Stalker Probe,49.5,125863
559,1228204,1,72587,18.0183,72587,RoboticsFacility Adept Gateway Immortal Stargate Zealot VoidRay Stalker Stalker Stalker Pylon Probe Immortal VoidRay Pylon Stalker Pylon Stalker Immortal Adept VoidRay Gateway Pylon Stalker Adept Immortal Stalker Stalker Stalker Pylon Zealot Zealot Assimilator Probe Probe Probe Pylon Probe VoidRay Probe,49.5,125863
597,1244599,7,76740,18.254,76740,RoboticsFacility Adept Gateway Immortal Stargate Zealot VoidRay Stalker Stalker Stalker Pylon Probe Immortal VoidRay Pylon Stalker Pylon Stalker Immortal Adept VoidRay Gateway Pylon Stalker Adept Immortal Stalker Stalker Stalker Pylon Zealot Zealot Assimilator Probe Probe Probe Pylon Probe VoidRay Probe,49.5,125863
