0,0,0,0,0,0, ,0,0
0,30,0,1,0.000264,1,Assimilator RoboticsFacility Stargate VoidRay Gateway Immortal Zealot RoboticsFacility Gateway Gateway TwilightCouncil Immortal Stargate Probe Gateway Nexus Zealot Adept RoboticsBay Stargate Zealot TemplarArchive RoboticsFacility RoboticsFacility RoboticsFacility FleetBeacon Assimilator Stargate Probe,15.75,55263.5
0,130,0,4,0.00102,4,Adept RoboticsFacility TwilightCouncil RoboticsBay Pylon Gateway Assimilator Gateway DarkShrine Zealot Gateway Probe Stalker Stalker TemplarArchive Adept Colossus DarkTemplar DarkTemplar DarkTemplar Zealot Gateway Gateway Zealot Pylon Gateway Pylon Pylon Immortal Adept Stalker Colossus Stargate Zealot Pylon,28.25,68700.5
0,1400,0,46,0.022906,46,Zealot Gateway Gateway Adept Adept Zealot Gateway Zealot Zealot Stalker RoboticsFacility Immortal Gateway Adept Gateway RoboticsFacility Gateway Adept Pylon Adept Stalker Assimilator Immortal Gateway Probe TwilightCouncil Nexus Adept Zealot RoboticsBay Assimilator Nexus Immortal,21.25,74516.5
0,1602,0,53,0.024318,53,Assimilator Adept Probe Adept Gateway Pylon RoboticsFacility Zealot Immortal Zealot RoboticsFacility Immortal Gateway Stalker Immortal RoboticsFacility Nexus Immortal Nexus Stalker Adept TwilightCouncil Assimilator Probe TemplarArchive DarkShrine Stargate Stargate Probe Probe,24.25,77562
0,2270,0,75,0.028915,75,Stargate Pylon RoboticsFacility VoidRay Immortal VoidRay Immortal RoboticsFacility VoidRay Nexus Gateway Adept Stalker RoboticsFacility Zealot RoboticsFacility Stargate RoboticsFacility RoboticsFacility Stalker Stargate Probe Adept Assimilator Zealot Pylon Probe Assimilator Nexus Pylon Probe Pylon Pylon Probe Pylon,25.25,82731.5
0,5972,0,195,0.080245,195,RoboticsFacility Immortal Zealot RoboticsFacility Probe Pylon Stalker Stalker Immortal Stargate Adept Immortal Nexus TwilightCouncil Probe Stalker Pylon VoidRay Immortal VoidRay Probe Probe TemplarArchive Probe Adept Zealot Adept FleetBeacon Nexus RoboticsFacility Gateway Gateway Assimilator Probe Probe Nexus,32.75,89905.2
11,20181,0,659,0.268343,659,Stalker RoboticsFacility Gateway RoboticsFacility Immortal Immortal Zealot Pylon RoboticsFacility Probe Probe Zealot Zealot Pylon Stalker TwilightCouncil RoboticsBay Stalker Immortal Pylon Stalker Gateway RoboticsFacility Colossus Pylon Stalker Immortal Probe Adept RoboticsFacility Nexus DarkShrine Pylon Adept Adept Zealot Nexus,33,94514.8
23,72694,0,2345,0.991437,2345,Stalker Zealot RoboticsFacility Stargate Nexus RoboticsFacility Immortal Probe Immortal Stalker Pylon Immortal Adept Immortal Adept VoidRay RoboticsFacility RoboticsBay Adept VoidRay Colossus Zealot TwilightCouncil Stargate Pylon Nexus Pylon Nexus Gateway,32.25,96149
72,257222,0,8593,3.58818,8593,Stalker Zealot RoboticsFacility Stargate Pylon Gateway VoidRay RoboticsFacility Immortal Pylon Assimilator VoidRay Stalker Immortal RoboticsBay Stalker Adept Stalker Immortal Zealot Stalker Nexus Nexus Gateway Pylon Stalker Stalker Probe,31.25,99603
75,283590,0,9547,3.9795,9547,Stalker Zealot RoboticsFacility Stargate Gateway Stalker VoidRay Stalker Zealot Immortal Immortal RoboticsBay Pylon Assimilator Adept Immortal Adept Pylon Stargate Gateway Adept Adept Probe Stalker Stalker RoboticsFacility Assimilator Nexus Pylon Adept Stalker Stalker Probe Probe,31,101610
105,363066,0,12551,5.17163,12551,Stalker Zealot RoboticsFacility Stargate Gateway Stalker VoidRay Zealot Probe Gateway Pylon Pylon VoidRay Adept Adept Stalker Stalker Immortal Pylon VoidRay RoboticsBay Zealot VoidRay Probe TwilightCouncil Assimilator Colossus Gateway Assimilator Gateway Nexus RoboticsFacility Gateway TemplarArchive Probe,32.25,102801
105,369844,0,12811,5.31463,12811,Stalker Zealot RoboticsFacility Stargate Gateway Stalker VoidRay Zealot Adept Pylon Pylon Immortal Adept Stalker Pylon Adept VoidRay Adept Immortal Gateway VoidRay Stargate VoidRay Gateway Nexus RoboticsBay Stargate Stargate Gateway Adept Pylon Assimilator Assimilator Gateway,35.75,113328
215,649693,0,24568,9.44949,24568,Stalker Zealot RoboticsFacility Stargate Gateway Stalker VoidRay Zealot Adept Pylon Pylon Immortal Adept Immortal VoidRay Adept Immortal Stalker TwilightCouncil Pylon Stalker RoboticsFacility Immortal TemplarArchive DarkShrine Stalker Stalker Nexus Nexus Assimilator Assimilator Probe,35.75,114812
215,673921,0,25706,9.81371,25706,Stalker Zealot RoboticsFacility Stargate Gateway Stalker VoidRay Zealot Adept Pylon Pylon Immortal Immortal VoidRay Pylon Stalker Zealot Stalker Pylon Immortal Stalker Adept Zealot TwilightCouncil VoidRay RoboticsFacility Zealot TemplarArchive VoidRay Adept Probe Nexus Assimilator Pylon,39.5,119107
260,791753,0,31887,11.561,31887,Stalker Zealot RoboticsFacility Stargate Gateway Stalker VoidRay Zealot Adept Pylon Pylon Immortal Immortal VoidRay Pylon Immortal VoidRay Stalker Stalker Immortal Probe Stalker Pylon Stalker Pylon Stargate Assimilator Zealot Adept Zealot Stargate RoboticsFacility Zealot RoboticsBay Probe Pylon Probe,44,120552
290,849351,0,35419,12.4214,35419,Stalker Zealot RoboticsFacility Stargate Gateway Stalker VoidRay Zealot Adept Pylon Pylon Immortal Immortal VoidRay Pylon Immortal VoidRay Stalker Pylon Zealot Immortal Stalker VoidRay Stalker Adept Adept Probe Gateway Gateway FleetBeacon Pylon TwilightCouncil Pylon Assimilator,46.5,121170
320,903758,0,39075,13.2507,39075,Stalker Zealot RoboticsFacility Stargate Gateway Stalker VoidRay Zealot Adept Pylon Pylon Immortal Immortal VoidRay Pylon Immortal VoidRay Stalker Pylon Stalker Stalker Assimilator Immortal Adept Stalker Stalker Stalker Stalker FleetBeacon RoboticsBay Probe Gateway,45.5,121180
333,921512,0,40325,13.5217,40325,Stalker Zealot RoboticsFacility Stargate Gateway Stalker VoidRay Zealot Adept Pylon Pylon Immortal Immortal VoidRay Pylon Immortal VoidRay Stalker Pylon Stalker Immortal Zealot Zealot VoidRay Stalker Pylon Stargate RoboticsBay Stalker Pylon Pylon Assimilator Assimilator Gateway Stalker,45,121562
335,930216,0,40963,13.6529,40963,Stalker Zealot RoboticsFacility Stargate Gateway Stalker VoidRay Zealot Adept Pylon Pylon Immortal Immortal VoidRay Pylon Immortal VoidRay Stalker Pylon Stalker Stalker Stalker Immortal Gateway VoidRay Zealot Stalker TwilightCouncil RoboticsBay Probe Pylon Assimilator Gateway Pylon Assimilator,47.5,121822
335,930272,0,40967,13.6533,40967,Stalker Zealot RoboticsFacility Stargate Gateway Stalker VoidRay Zealot Adept Pylon Pylon Immortal Immortal VoidRay Pylon Immortal VoidRay Stalker Pylon Stalker Stalker Zealot Immortal Zealot VoidRay Adept TwilightCouncil DarkShrine Probe Gateway Assimilator RoboticsFacility Assimilator Pylon Gateway,46.25,121948
350,961169,0,43281,14.1359,43281,Stalker Zealot RoboticsFacility Stargate Gateway Stalker VoidRay Zealot Adept Pylon Pylon Immortal Immortal VoidRay Pylon Immortal VoidRay Stalker Pylon Stalker Stalker Zealot Immortal VoidRay Zealot Zealot Gateway Gateway RoboticsFacility Probe Assimilator RoboticsFacility Pylon RoboticsFacility Assimilator,46,122024
365,979613,0,44724,14.4052,44724,Stalker Zealot RoboticsFacility Stargate Gateway Stalker VoidRay Zealot Adept Pylon Pylon Immortal Immortal VoidRay Pylon Immortal VoidRay Stalker Pylon Stalker Stalker Zealot VoidRay Immortal Zealot Stalker RoboticsFacility Assimilator RoboticsBay Pylon Immortal Probe Probe Zealot,46.75,122249
365,995471,0,45998,14.6338,45998,Stalker Zealot RoboticsFacility Stargate Gateway Stalker VoidRay Zealot Adept Pylon Pylon Immortal Immortal VoidRay Pylon Immortal VoidRay Stalker Pylon Stalker Stalker Zealot Immortal VoidRay Adept Stalker Pylon Probe Immortal Adept Gateway Gateway RoboticsFacility Assimilator,48.25,122405
380,1001377,0,46538,14.7318,46538,Stalker Zealot RoboticsFacility Stargate Gateway Stalker VoidRay Zealot Adept Pylon Pylon Immortal Immortal VoidRay Pylon Immortal VoidRay Stalker Pylon Stalker Stalker Zealot Immortal VoidRay Stalker Assimilator Stalker Stargate RoboticsFacility TwilightCouncil Pylon Assimilator Gateway,47.5,122449
380,1005909,0,46956,14.7914,46956,Stalker Zealot RoboticsFacility Stargate Gateway Stalker VoidRay Zealot Adept Pylon Pylon Immortal Immortal VoidRay Pylon Immortal VoidRay Stalker Pylon Stalker Stalker Zealot Immortal VoidRay Zealot Stalker Assimilator Probe FleetBeacon Nexus Pylon,46.75,122459
380,1017866,0,48057,14.9714,48057,Stalker Zealot RoboticsFacility Stargate Gateway Stalker VoidRay Zealot Adept Pylon Pylon Immortal Immortal VoidRay Pylon Immortal VoidRay Stalker Pylon Stalker Stalker Zealot Immortal VoidRay Zealot Adept Pylon Adept Zealot RoboticsFacility TwilightCouncil Stargate Probe Pylon Assimilator Assimilator,48.5,122493
395,1024519,0,48759,15.0738,48759,Stalker Zealot RoboticsFacility Stargate Gateway Stalker VoidRay Zealot Adept Pylon Pylon Immortal Immortal VoidRay Pylon Immortal VoidRay Stalker Pylon Stalker Stalker Zealot Immortal VoidRay Assimilator Adept Stalker Pylon Stalker FleetBeacon RoboticsFacility Stalker,48.75,122507
423,1057973,0,52792,15.5675,52792,Stalker Zealot RoboticsFacility Stargate Gateway Stalker VoidRay Zealot Adept Pylon Pylon Immortal Immortal VoidRay Pylon Immortal VoidRay Stalker Pylon Stalker Stalker Zealot Immortal VoidRay Assimilator Adept Stalker Pylon Assimilator Zealot RoboticsFacility Pylon TwilightCouncil Probe,48,122516
423,1058818,0,52904,15.5735,52904,Stalker Zealot RoboticsFacility Stargate Gateway Stalker VoidRay Zealot Adept Pylon Pylon Immortal Immortal VoidRay Pylon Immortal VoidRay Stalker Pylon Stalker Stalker Zealot Immortal VoidRay Assimilator Adept Stalker Pylon Pylon Zealot Zealot Probe TwilightCouncil Pylon Probe Assimilator,48,122516
423,1066964,0,54002,15.6956,54002,Stalker Zealot RoboticsFacility Stargate Gateway Stalker VoidRay Zealot Adept Pylon Pylon Immortal Immortal VoidRay Pylon Immortal VoidRay Stalker Pylon Stalker Stalker Zealot Immortal VoidRay Assimilator Adept Stalker Pylon Zealot Stalker Probe Probe TwilightCouncil Gateway Probe Probe,48,122516
448,1083908,0,56716,15.9346,56716,Stalker Zealot RoboticsFacility Stargate Gateway Stalker VoidRay Zealot Adept Pylon Pylon Immortal Immortal VoidRay Pylon Immortal VoidRay Stalker Pylon Stalker Stalker Zealot Immortal VoidRay Assimilator Adept Stalker Pylon Probe Zealot Pylon TwilightCouncil Probe Probe Stargate Zealot,48,122516
448,1084272,0,56776,15.9373,56776,Stalker Zealot RoboticsFacility Stargate Gateway Stalker VoidRay Zealot Adept Pylon Pylon Immortal Immortal VoidRay Pylon Immortal VoidRay Stalker Pylon Stalker Stalker Zealot Immortal VoidRay Assimilator Adept Stalker Pylon Probe Probe Probe Zealot Assimilator VoidRay Pylon,48,122516
448,1092458,0,58173,16.0631,58173,Stalker Zealot RoboticsFacility Stargate Gateway Stalker VoidRay Zealot Adept Pylon Pylon Immortal Immortal VoidRay Pylon Immortal VoidRay Stalker Pylon Stalker Stalker Zealot Immortal VoidRay Assimilator Adept Stalker Pylon Probe Zealot Probe Probe Adept Probe RoboticsFacility Stargate Probe,48,122516
463,1101166,0,59685,16.1919,59685,Stalker Zealot RoboticsFacility Stargate Gateway Stalker VoidRay Zealot Adept Pylon Pylon Immortal Immortal VoidRay Pylon Immortal VoidRay Stalker Pylon Stalker Stalker Zealot Immortal VoidRay Assimilator Adept Stalker Pylon Probe Probe Zealot RoboticsFacility Stalker Probe Probe Probe Pylon,48,122516
493,1116852,0,62494,16.4235,62494,Stalker Zealot RoboticsFacility Stargate Gateway Stalker VoidRay Zealot Adept Pylon Pylon Immortal Immortal VoidRay Pylon Immortal VoidRay Stalker Pylon Stalker Stalker Zealot Immortal VoidRay Assimilator Adept Stalker Pylon Probe Probe Zealot Stalker RoboticsFacility Probe Probe Stargate,48,122516
493,1117213,0,62564,16.426,62564,Stalker Zealot RoboticsFacility Stargate Gateway Stalker VoidRay Zealot Adept Pylon Pylon Immortal Immortal VoidRay Pylon Immortal VoidRay Stalker Pylon Stalker Stalker Zealot Immortal VoidRay Assimilator Adept Stalker Pylon Probe Probe Zealot Probe Probe Zealot Probe FleetBeacon,48,122516
493,1125056,0,64129,16.5326,64129,Stalker Zealot RoboticsFacility Stargate Gateway Stalker VoidRay Zealot Adept Pylon Pylon Immortal Immortal VoidRay Pylon Immortal VoidRay Stalker Pylon Stalker Stalker Zealot Immortal VoidRay Assimilator Adept Stalker Pylon Probe Probe Zealot Probe Adept Assimilator Probe Probe RoboticsFacility Pylon,48,122516
508,1127965,0,64735,16.5802,64735,Stalker Zealot RoboticsFacility Stargate Gateway Stalker VoidRay Zealot Adept Pylon Pylon Immortal Immortal VoidRay Pylon Immortal VoidRay Stalker Pylon Stalker Stalker Zealot Immortal VoidRay Assimilator Adept Stalker Pylon Probe Probe Zealot Probe Stalker Probe Probe RoboticsFacility Stargate,48,122516
508,1129900,0,65135,16.6065,65135,Stalker Zealot RoboticsFacility Stargate Gateway Stalker VoidRay Zealot Adept Pylon Pylon Immortal Immortal VoidRay Pylon Immortal VoidRay Stalker Pylon Stalker Stalker Zealot Immortal VoidRay Assimilator Adept Stalker Pylon Probe Probe Zealot Probe Probe Pylon Probe VoidRay Probe Probe,48,122516
521,1137947,0,66827,16.7152,66827,Stalker Zealot RoboticsFacility Stargate Gateway Stalker VoidRay Zealot Adept Pylon Pylon Immortal Immortal VoidRay Pylon Immortal VoidRay Stalker Pylon Stalker Stalker Zealot Immortal VoidRay Assimilator Adept Stalker Pylon Probe Probe Zealot Probe Probe Pylon Probe VoidRay Assimilator,48,122516
523,1140201,2,67307,16.7566,67307,Stalker Zealot RoboticsFacility Stargate Gateway Stalker VoidRay Zealot Adept Pylon Pylon Immortal Immortal VoidRay Pylon Immortal VoidRay Stalker Pylon Stalker Stalker Zealot Immortal VoidRay Assimilator Adept Stalker Pylon Probe Probe Zealot Probe Probe Probe Pylon Adept VoidRay,48,122516
