0,0,0,0,0,0, ,0,0
0,26,0,1,0.000232,1,Adept Stargate Adept Gateway FleetBeacon Tempest TwilightCouncil Adept VoidRay Mothership Pylon Nexus Stargate VoidRay Tempest Nexus Stalker Pylon VoidRay Nexus Probe Zealot Gateway Nexus Gateway,24,47591.5
0,120,0,4,0.000931,4,RoboticsFacility Probe RoboticsFacility Immortal RoboticsFacility TwilightCouncil Stalker TemplarArchive Gateway Pylon Zealot Assimilator Probe Zealot RoboticsFacility DarkShrine Adept Immortal Pylon Gateway Stargate Assimilator VoidRay Stalker Stargate Zealot Pylon Stalker Zealot Adept Stargate DarkTemplar DarkTemplar Pylon FleetBeacon Probe,25.75,57454
0,149,0,5,0.00116,5,Stalker Assimilator RoboticsFacility Stargate Nexus TwilightCouncil VoidRay Probe VoidRay Gateway Probe Adept Nexus Assimilator Stalker Stalker Immortal Adept Pylon Nexus Probe Stalker DarkShrine RoboticsFacility Adept Probe Immortal Probe,21.25,62433.5
0,218,0,7,0.001676,7,Pylon Probe RoboticsFacility Stalker Assimilator Stargate Zealot FleetBeacon RoboticsBay Gateway Carrier Probe Colossus Tempest Immortal Gateway Adept Assimilator Nexus Gateway Immortal Gateway Adept Zealot Adept Stargate Stargate Zealot,26.5,62912.8
0,582,0,19,0.010832,19,Stargate Pylon Pylon Probe Pylon Pylon Zealot Gateway Pylon Zealot VoidRay Probe RoboticsFacility VoidRay VoidRay Nexus Zealot RoboticsFacility Assimilator Stalker Immortal Immortal RoboticsFacility RoboticsBay TwilightCouncil Zealot Colossus Assimilator Colossus VoidRay FleetBeacon Probe,30.25,74633.8
0,1339,0,44,0.016221,44,Zealot RoboticsFacility Pylon Adept Gateway Immortal Zealot Stargate Immortal Immortal Assimilator Adept Stalker Immortal VoidRay RoboticsFacility FleetBeacon Stargate Gateway Nexus RoboticsBay Stalker Immortal Zealot Stargate Gateway Pylon Assimilator,25.25,87260
11,60648,0,1950,0.841098,1950,Stargate Pylon Stalker Assimilator Probe Stargate Adept Pylon Adept VoidRay VoidRay Gateway VoidRay TwilightCouncil VoidRay Stargate Stargate VoidRay Nexus Stargate Zealot Gateway Assimilator Pylon Adept Stalker FleetBeacon RoboticsFacility Pylon,28.25,89136.8
19,69461,0,2251,0.970085,2251,Stargate Stalker Probe VoidRay Adept Assimilator Pylon Assimilator Adept RoboticsFacility VoidRay RoboticsFacility Immortal Stalker Adept VoidRay Nexus Stargate Immortal Adept RoboticsBay Nexus TwilightCouncil Pylon Probe,28,89871.2
38,138483,0,4605,2.41895,4605,Stargate Stalker RoboticsFacility VoidRay Zealot VoidRay Assimilator Adept Immortal Nexus Gateway Gateway Stalker Stalker RoboticsBay FleetBeacon Stalker VoidRay VoidRay Assimilator Adept Stalker Stalker Gateway Nexus,33.75,90485.2
38,152789,0,5103,2.68163,5103,Stargate Stalker Gateway VoidRay Stalker Stalker Pylon VoidRay Stargate VoidRay Stalker RoboticsFacility VoidRay Pylon Assimilator Zealot VoidRay VoidRay Nexus Gateway FleetBeacon RoboticsBay Stalker Stargate Gateway Immortal Probe Stalker Probe,33.75,95501.5
51,221459,0,7513,3.82211,7513,Stargate Stalker Gateway Pylon Pylon VoidRay Zealot RoboticsFacility Stalker VoidRay Zealot Probe Stargate Assimilator Pylon Immortal Stalker Stalker RoboticsBay Immortal Zealot Assimilator RoboticsFacility TwilightCouncil Stalker Pylon RoboticsFacility Nexus DarkShrine Probe Probe Probe Pylon Probe,27.25,95513
65,250838,0,8569,4.31611,8569,Stargate Stalker Gateway Pylon RoboticsFacility Probe VoidRay Pylon Immortal Gateway Probe VoidRay VoidRay Nexus Adept Adept Zealot Assimilator Pylon Immortal Zealot Probe Immortal Stalker Pylon RoboticsFacility FleetBeacon Mothership Assimilator Immortal Immortal Probe,31.25,96544
65,263266,0,9013,4.53288,9013,Stargate Stalker Gateway Pylon RoboticsFacility Probe Probe Stalker Immortal Stalker VoidRay Immortal TwilightCouncil Assimilator Stalker Adept Immortal Stalker RoboticsBay Probe Pylon Zealot Assimilator DarkShrine Nexus Pylon VoidRay Stalker FleetBeacon Stalker Colossus Zealot Probe Probe,33.75,99553.2
99,390688,0,13681,7.29342,13681,Stargate Stalker Gateway Pylon RoboticsFacility Probe VoidRay Probe Assimilator Zealot Immortal RoboticsFacility Zealot Immortal Stalker Pylon Stalker Immortal Stalker TwilightCouncil Immortal Adept RoboticsFacility RoboticsFacility Pylon Stargate Assimilator Stalker Gateway DarkShrine TemplarArchive Probe Pylon Immortal,31,101582
112,411227,0,14441,7.74623,14441,Stargate Stalker Gateway Pylon RoboticsFacility Probe VoidRay Stalker Zealot Stalker Immortal RoboticsFacility Pylon Assimilator Pylon Adept Pylon Pylon VoidRay Probe Immortal VoidRay Probe Probe Immortal Nexus Adept Stalker Adept Gateway Probe RoboticsFacility Assimilator Nexus Pylon Adept,35,101649
112,423301,0,14896,8.01312,14896,Stargate Stalker Gateway Pylon RoboticsFacility Probe VoidRay Immortal Pylon Stalker Zealot Probe Zealot Adept Gateway RoboticsFacility RoboticsFacility Probe Zealot Stalker Pylon Stalker Probe VoidRay Zealot Pylon Zealot Immortal Pylon TwilightCouncil Immortal Pylon Immortal RoboticsFacility Gateway FleetBeacon Nexus DarkShrine Assimilator Assimilator Pylon,36.25,103236
127,466425,0,16537,9.0488,16537,Stargate Stalker Gateway Pylon RoboticsFacility Probe VoidRay Immortal Pylon Adept VoidRay Zealot Immortal Stalker Probe Zealot FleetBeacon Immortal Stalker VoidRay Pylon Stalker Carrier Probe Pylon Adept Stalker Immortal Gateway Assimilator Nexus Assimilator Gateway Pylon Gateway,33.5,105994
127,488194,0,17395,9.54141,17395,Stargate Stalker Gateway Pylon RoboticsFacility Probe VoidRay Immortal VoidRay Zealot Immortal Pylon Zealot VoidRay Stalker Immortal RoboticsBay Probe Gateway Probe VoidRay RoboticsFacility Stargate Gateway Assimilator Assimilator RoboticsFacility Gateway Gateway Gateway Nexus TwilightCouncil Stargate Gateway,32.75,106352
157,573484,0,20946,10.9456,20946,Stargate Stalker Gateway Pylon RoboticsFacility Probe VoidRay Immortal VoidRay Zealot Pylon Immortal Zealot Stalker Assimilator RoboticsBay VoidRay Adept Adept VoidRay FleetBeacon Adept Pylon Gateway VoidRay Assimilator Zealot Zealot Gateway RoboticsFacility Pylon Zealot Pylon,38.75,107047
157,574173,0,20975,10.9609,20975,Stargate Stalker Gateway Pylon RoboticsFacility Probe VoidRay Immortal VoidRay Zealot Immortal Stalker Stalker Assimilator RoboticsFacility Zealot Gateway Immortal Pylon Gateway Zealot Adept VoidRay Assimilator TwilightCouncil DarkShrine RoboticsFacility Stargate Stargate RoboticsFacility Pylon Stargate,32.75,107268
172,611206,0,22590,11.7547,22590,Stargate Stalker Gateway Pylon RoboticsFacility Probe VoidRay Immortal VoidRay Zealot Immortal VoidRay Adept Pylon Zealot RoboticsFacility Immortal Stalker Immortal FleetBeacon Nexus RoboticsFacility RoboticsBay TwilightCouncil Pylon Pylon Nexus Assimilator Pylon Assimilator Pylon Pylon,33.75,107562
172,623511,0,23150,11.9679,23150,Stargate Stalker Gateway Pylon RoboticsFacility Probe VoidRay Immortal VoidRay Zealot Immortal Immortal Pylon Pylon VoidRay Zealot TwilightCouncil Adept Probe Immortal Gateway Immortal Zealot TemplarArchive Stalker RoboticsFacility Nexus RoboticsBay Probe Gateway Nexus Pylon Pylon,38.5,108278
172,625061,0,23220,11.9934,23220,Stargate Stalker Gateway Pylon RoboticsFacility Probe VoidRay Immortal VoidRay Zealot Immortal Zealot Pylon Adept Stalker Gateway Zealot VoidRay Zealot Immortal RoboticsBay Pylon Stargate Assimilator Pylon Stargate Pylon Probe VoidRay Assimilator Colossus Stargate Pylon Zealot Adept Pylon,36,109382
172,639805,0,23882,12.2374,23882,Stargate Stalker Gateway Pylon RoboticsFacility Probe VoidRay Immortal VoidRay Zealot Immortal Gateway Pylon Zealot Zealot Stalker Immortal VoidRay Probe Adept Pylon FleetBeacon Probe Stalker TwilightCouncil TemplarArchive Pylon Nexus Tempest Gateway Gateway Probe Zealot Probe Zealot Assimilator Stalker Gateway,32.75,109592
181,649149,0,24316,12.3971,24316,Stargate Stalker Gateway Pylon RoboticsFacility Probe VoidRay Immortal VoidRay Zealot Immortal Gateway Zealot Immortal Probe Zealot Pylon VoidRay Assimilator Stalker Adept RoboticsBay Pylon Stalker Adept Stalker Pylon Assimilator Immortal Nexus VoidRay TwilightCouncil Probe,39.5,113192
187,668735,0,25237,12.722,25237,Stargate Stalker Gateway Pylon RoboticsFacility Probe VoidRay Immortal VoidRay Zealot Immortal Gateway Probe Immortal Pylon Stalker VoidRay Zealot Zealot Probe Zealot Pylon Stalker RoboticsFacility Pylon Immortal Zealot Pylon Zealot Immortal Zealot Assimilator Adept Stalker FleetBeacon Nexus Probe,46,115329
262,887556,0,36057,17.1399,36057,Stargate Stalker Gateway Pylon RoboticsFacility Probe VoidRay Immortal VoidRay Zealot Immortal Gateway Probe Immortal Pylon Stalker VoidRay Zealot Zealot RoboticsFacility Adept Pylon Stalker Pylon Adept Immortal Immortal Zealot Pylon Nexus Stalker Immortal Stalker Gateway Adept,44.25,115810
290,946933,0,39463,18.4353,39463,Stargate Stalker Gateway Pylon RoboticsFacility Probe VoidRay Immortal VoidRay Zealot Immortal Gateway Probe Immortal Pylon Stalker VoidRay Zealot Zealot Pylon Immortal Zealot Stalker Pylon Probe Gateway Adept Adept Zealot Stalker Zealot FleetBeacon Nexus Assimilator Pylon Probe Stalker Zealot Stalker,42.5,116389
320,1002828,0,42898,19.6616,42898,Stargate Stalker Gateway Pylon RoboticsFacility Probe VoidRay Immortal VoidRay Zealot Immortal Gateway Probe Immortal Pylon Stalker VoidRay Zealot Zealot Pylon Immortal Stalker Stalker Stalker Gateway Pylon TwilightCouncil Immortal FleetBeacon Stargate Probe Gateway Pylon Gateway Zealot Zealot Pylon,42.5,116815
320,1022730,0,44220,20.1081,44220,Stargate Stalker Gateway Pylon RoboticsFacility Probe VoidRay Immortal VoidRay Zealot Immortal Gateway Probe Immortal Pylon Stalker VoidRay Zealot Zealot Pylon Immortal Stalker Stalker Pylon Pylon Adept Immortal VoidRay VoidRay TwilightCouncil Nexus Gateway RoboticsFacility Probe,46,117760
335,1028965,0,44660,20.2514,44660,Stargate Stalker Gateway Pylon RoboticsFacility Probe VoidRay Immortal VoidRay Zealot Immortal Gateway Probe Immortal Pylon Stalker VoidRay Zealot Zealot Pylon Immortal Stalker Adept Pylon Adept RoboticsFacility Stalker Immortal Adept Stargate Stargate Gateway Nexus Pylon Gateway Probe,44.5,117999
335,1041551,0,45538,20.5143,45538,Stargate Stalker Gateway Pylon RoboticsFacility Probe VoidRay Immortal VoidRay Zealot Immortal Gateway Probe Immortal Pylon Stalker VoidRay Zealot Zealot Pylon Immortal Stalker Stalker Probe Zealot Pylon Stalker VoidRay Adept Assimilator RoboticsFacility RoboticsFacility Pylon VoidRay RoboticsFacility Adept Stalker Pylon,45,119264
335,1046901,0,45912,20.64,45912,Stargate Stalker Gateway Pylon RoboticsFacility Probe VoidRay Immortal VoidRay Zealot Immortal Gateway Probe Immortal Pylon Stalker VoidRay Zealot Zealot Pylon Immortal Stalker Pylon Stalker Adept VoidRay Pylon Probe Zealot Gateway Adept Zealot VoidRay Stalker FleetBeacon Gateway Pylon Assimilator,47.25,119340
350,1068772,0,47480,21.1309,47480,Stargate Stalker Gateway Pylon RoboticsFacility Probe VoidRay Immortal VoidRay Zealot Immortal Gateway Probe Immortal Pylon Stalker VoidRay Zealot Zealot Pylon Immortal Stalker Pylon Stalker Stalker Pylon VoidRay Stalker Immortal Zealot Pylon RoboticsFacility Gateway Nexus Stalker,49.25,119907
350,1076353,0,48022,21.2999,48022,Stargate Stalker Gateway Pylon RoboticsFacility Probe VoidRay Immortal VoidRay Zealot Immortal Gateway Probe Immortal Pylon Stalker VoidRay Zealot Zealot Pylon Immortal Stalker Pylon Stalker Stalker Stalker Assimilator Stalker Immortal RoboticsFacility RoboticsBay Nexus TwilightCouncil RoboticsFacility,46,120078
365,1098945,0,49746,21.8253,49746,Stargate Stalker Gateway Pylon RoboticsFacility Probe VoidRay Immortal VoidRay Zealot Immortal Gateway Probe Immortal Pylon Stalker VoidRay Zealot Zealot Pylon Immortal Stalker Pylon Stalker Zealot VoidRay Stalker Stalker Assimilator Stargate Probe Assimilator Stargate FleetBeacon Pylon Gateway,45.5,120102
380,1111765,0,50754,22.1217,50754,Stargate Stalker Gateway Pylon RoboticsFacility Probe VoidRay Immortal VoidRay Zealot Immortal Gateway Probe Immortal Pylon Stalker VoidRay Zealot Zealot Pylon Immortal Stalker Pylon Stalker Zealot VoidRay Stalker Pylon Pylon Probe Stalker Stalker RoboticsBay Assimilator Stalker VoidRay Pylon Probe Gateway,47.25,120547
395,1133186,0,52509,22.5833,52509,Stargate Stalker Gateway Pylon RoboticsFacility Probe VoidRay Immortal VoidRay Zealot Immortal Gateway Probe Immortal Pylon Stalker VoidRay Zealot Zealot Pylon Immortal Stalker Pylon Stalker Zealot VoidRay Zealot Adept Pylon Immortal Pylon Stalker Pylon Adept Probe Probe Gateway Stalker Zealot Probe Probe,49.75,120574
395,1137317,0,52874,22.659,52874,Stargate Stalker Gateway Pylon RoboticsFacility Probe VoidRay Immortal VoidRay Zealot Immortal Gateway Probe Immortal Pylon Stalker VoidRay Zealot Zealot Pylon Immortal Stalker Pylon Stalker Zealot VoidRay Stalker Stalker Probe Pylon Pylon Adept Stalker Immortal RoboticsBay Gateway Gateway Probe Adept,48.5,121007
408,1153919,0,54371,23.0319,54371,Stargate Stalker Gateway Pylon RoboticsFacility Probe VoidRay Immortal VoidRay Zealot Immortal Gateway Probe Immortal Pylon Stalker VoidRay Zealot Zealot Pylon Immortal Stalker Pylon Stalker Zealot VoidRay Stalker Pylon Zealot Stalker Probe Stalker TwilightCouncil VoidRay Pylon Assimilator Pylon Assimilator Gateway,48.25,121030
408,1170198,0,55909,23.3931,55909,Stargate Stalker Gateway Pylon RoboticsFacility Probe VoidRay Immortal VoidRay Zealot Immortal Gateway Probe Immortal Pylon Stalker VoidRay Zealot Zealot Pylon Immortal Stalker Pylon Stalker Zealot VoidRay Stalker Pylon Zealot Immortal Adept Assimilator Adept RoboticsBay RoboticsFacility Gateway Probe Assimilator,51,121207
408,1173915,0,56274,23.4912,56274,Stargate Stalker Gateway Pylon RoboticsFacility Probe VoidRay Immortal VoidRay Zealot Immortal Gateway Probe Immortal Pylon Stalker VoidRay Zealot Zealot Pylon Immortal Stalker Pylon Stalker Zealot VoidRay Stalker Pylon Stalker Zealot Stalker Stalker Pylon Nexus VoidRay Zealot,50,121362
423,1178485,0,56728,23.5869,56728,Stargate Stalker Gateway Pylon RoboticsFacility Probe VoidRay Immortal VoidRay Zealot Immortal Gateway Probe Immortal Pylon Stalker VoidRay Zealot Zealot Pylon Immortal Stalker Pylon Stalker Zealot VoidRay Stalker Pylon Stalker Adept Immortal Adept Stargate Pylon Pylon Assimilator Assimilator Gateway Probe,51.75,121403
423,1189254,0,57790,23.8289,57790,Stargate Stalker Gateway Pylon RoboticsFacility Probe VoidRay Immortal VoidRay Zealot Immortal Gateway Probe Immortal Pylon Stalker VoidRay Zealot Zealot Pylon Immortal Stalker Pylon Stalker Zealot VoidRay Stalker Pylon Stalker Immortal Zealot Adept Probe TwilightCouncil Assimilator Pylon Immortal Probe,51.5,121480
423,1191147,0,57977,23.8799,57977,Stargate Stalker Gateway Pylon RoboticsFacility Probe VoidRay Immortal VoidRay Zealot Immortal Gateway Probe Immortal Pylon Stalker VoidRay Zealot Zealot Pylon Immortal Stalker Pylon Stalker Zealot VoidRay Stalker Pylon Stalker Immortal Zealot Stalker Assimilator Nexus RoboticsFacility,52,121528
423,1191671,0,58029,23.8972,58029,Stargate Stalker Gateway Pylon RoboticsFacility Probe VoidRay Immortal VoidRay Zealot Immortal Gateway Probe Immortal Pylon Stalker VoidRay Zealot Zealot Pylon Immortal Stalker Pylon Stalker Zealot VoidRay Stalker Pylon Stalker Stalker Stalker Stalker Pylon Zealot Nexus Pylon Assimilator Probe,50.75,121690
438,1202772,0,59206,24.1514,59206,Stargate Stalker Gateway Pylon RoboticsFacility Probe VoidRay Immortal VoidRay Zealot Immortal Gateway Probe Immortal Pylon Stalker VoidRay Zealot Zealot Pylon Immortal Stalker Pylon Stalker Zealot VoidRay Stalker Pylon Stalker Probe Stalker Stalker Stalker Stargate Stalker Gateway Assimilator Gateway Assimilator Pylon,50.75,121690
453,1228907,0,62003,24.741,62003,Stargate Stalker Gateway Pylon RoboticsFacility Probe VoidRay Immortal VoidRay Zealot Immortal Gateway Probe Immortal Pylon Stalker VoidRay Zealot Zealot Pylon Immortal Stalker Pylon Stalker Zealot VoidRay Stalker Pylon Stalker Probe Stalker Stalker Stalker Probe Stargate Probe Gateway Nexus,50.75,121690
483,1254779,0,65135,25.2053,65135,Stargate Stalker Gateway Pylon RoboticsFacility Probe VoidRay Immortal VoidRay Zealot Immortal Gateway Probe Immortal Pylon Stalker VoidRay Zealot Zealot Pylon Immortal Stalker Pylon Stalker Zealot VoidRay Stalker Pylon Stalker Probe Stalker Stalker Stalker Pylon Assimilator Probe Probe Adept RoboticsFacility Immortal,50.75,121690
496,1263509,0,66305,25.3513,66305,Stargate Stalker Gateway Pylon RoboticsFacility Probe VoidRay Immortal VoidRay Zealot Immortal Gateway Probe Immortal Pylon Stalker VoidRay Zealot Zealot Pylon Immortal Stalker Pylon Stalker Zealot VoidRay Stalker Pylon Stalker Probe Stalker Stalker Stalker Probe Probe Gateway Pylon Stalker VoidRay Probe Probe,50.75,121690
496,1266868,0,66799,25.4093,66799,Stargate Stalker Gateway Pylon RoboticsFacility Probe VoidRay Immortal VoidRay Zealot Immortal Gateway Probe Immortal Pylon Stalker VoidRay Zealot Zealot Pylon Immortal Stalker Pylon Stalker Zealot VoidRay Stalker Pylon Stalker Probe Stalker Stalker Stalker Probe Probe Pylon Stalker Probe TwilightCouncil Assimilator Gateway Zealot,50.75,121690
496,1274150,0,67852,25.5264,67852,Stargate Stalker Gateway Pylon RoboticsFacility Probe VoidRay Immortal VoidRay Zealot Immortal Gateway Probe Immortal Pylon Stalker VoidRay Zealot Zealot Pylon Immortal Stalker Pylon Stalker Zealot VoidRay Stalker Pylon Stalker Probe Stalker Stalker Stalker Probe Pylon Probe Stargate Probe Probe Assimilator Pylon Adept Assimilator Probe,50.75,121690
542,1291457,0,70477,25.8184,70477,Stargate Stalker Gateway Pylon RoboticsFacility Probe VoidRay Immortal VoidRay Zealot Immortal Gateway Probe Immortal Pylon Stalker VoidRay Zealot Zealot Pylon Immortal Stalker Pylon Stalker Zealot VoidRay Stalker Pylon Stalker Probe Stalker Stalker Stalker Probe Pylon Probe Stargate Probe Probe Adept Gateway Adept Probe,50.75,121690
542,1295787,0,71167,25.8903,71167,Stargate Stalker Gateway Pylon RoboticsFacility Probe VoidRay Immortal VoidRay Zealot Immortal Gateway Probe Immortal Pylon Stalker VoidRay Zealot Zealot Pylon Immortal Stalker Pylon Stalker Zealot VoidRay Stalker Pylon Stalker Probe Stalker Stalker Stalker Probe Pylon Probe Probe RoboticsFacility Stalker Probe Zealot Zealot Assimilator,50.75,121690
542,1301420,0,72065,25.9867,72065,Stargate Stalker Gateway Pylon RoboticsFacility Probe VoidRay Immortal VoidRay Zealot Immortal Gateway Probe Immortal Pylon Stalker VoidRay Zealot Zealot Pylon Immortal Stalker Pylon Stalker Zealot VoidRay Stalker Pylon Stalker Probe Stalker Stalker Stalker Probe Pylon Probe Probe VoidRay Probe Pylon Zealot Pylon,50.75,121690
557,1305671,0,72753,26.0646,72753,Stargate Stalker Gateway Pylon RoboticsFacility Probe VoidRay Immortal VoidRay Zealot Immortal Gateway Probe Immortal Pylon Stalker VoidRay Zealot Zealot Pylon Immortal Stalker Pylon Stalker Zealot VoidRay Stalker Pylon Stalker Probe Stalker Stalker Stalker Probe Pylon Probe Immortal Probe Probe Gateway Adept,50.75,121690
557,1305888,0,72788,26.0662,72788,Stargate Stalker Gateway Pylon RoboticsFacility Probe VoidRay Immortal VoidRay Zealot Immortal Gateway Probe Immortal Pylon Stalker VoidRay Zealot Zealot Pylon Immortal Stalker Pylon Stalker Zealot VoidRay Stalker Pylon Stalker Probe Stalker Stalker Stalker Probe Pylon Probe Assimilator Probe Probe VoidRay Stalker Assimilator,50.75,121690
557,1309785,0,73415,26.134,73415,Stargate Stalker Gateway Pylon RoboticsFacility Probe VoidRay Immortal VoidRay Zealot Immortal Gateway Probe Immortal Pylon Stalker VoidRay Zealot Zealot Pylon Immortal Stalker Pylon Stalker Zealot VoidRay Stalker Pylon Stalker Probe Stalker Stalker Stalker Probe Pylon Probe Probe VoidRay Probe Gateway Stalker,50.75,121690
628,1336568,3,78608,26.5597,78608,Stargate Stalker Gateway Pylon RoboticsFacility Probe VoidRay Immortal VoidRay Zealot Immortal Gateway Probe Immortal Pylon Stalker VoidRay Zealot Zealot Pylon Immortal Stalker Pylon Stalker Zealot VoidRay Stalker Pylon Stalker Probe Stalker Stalker Stalker Probe Pylon Probe Probe VoidRay Probe Stalker Gateway,50.75,121690
