0,0,0,0,0,0, ,0,0
0,25,0,1,0.004217,1,Stargate Gateway Zealot Stalker Nexus Assimilator Nexus Adept Zealot Stalker Assimilator Probe Nexus Nexus VoidRay RoboticsFacility Gateway Immortal Stargate Immortal Zealot Pylon Probe Probe,14.5,38243.2
0,49,0,2,0.004409,2,Nexus Pylon Pylon Stalker Stargate Assimilator Adept Stargate FleetBeacon TwilightCouncil RoboticsFacility Carrier RoboticsFacility Immortal Pylon Tempest Nexus VoidRay Carrier VoidRay Stargate Pylon Pylon,21,48217.2
0,134,0,5,0.005022,5,Zealot TwilightCouncil Stalker Gateway Zealot Assimilator Pylon Stalker TemplarArchive DarkShrine RoboticsFacility Assimilator Gateway DarkTemplar Stalker Immortal Gateway RoboticsFacility Stargate Zealot Stalker VoidRay VoidRay Stargate DarkTemplar RoboticsBay RoboticsFacility Pylon,26.75,58943
0,230,0,8,0.00574,8,Pylon Probe Assimilator Stargate Adept Probe Probe Gateway Gateway FleetBeacon Zealot Mothership Probe Probe Nexus Tempest Pylon RoboticsFacility Tempest Zealot Stargate Pylon RoboticsFacility Zealot Adept Zealot VoidRay Adept Carrier Adept Probe VoidRay Assimilator RoboticsBay Pylon Nexus,29.5,60563.5
0,580,0,19,0.01219,19,Stargate Assimilator Adept Zealot Nexus VoidRay Pylon Probe VoidRay Adept Stalker Gateway Stalker Adept Probe Zealot Assimilator Gateway Zealot FleetBeacon VoidRay Stalker Pylon RoboticsFacility Immortal Mothership TwilightCouncil Adept Probe,24,72050.8
0,3183,0,104,0.049581,104,Stalker Stargate Probe VoidRay Zealot Adept TwilightCouncil Pylon RoboticsFacility Zealot Adept Immortal Nexus DarkShrine VoidRay Gateway Probe Nexus Zealot Zealot Immortal Probe Nexus Pylon VoidRay Assimilator VoidRay Probe Gateway TemplarArchive Nexus Stargate,27.75,77375
11,14141,0,456,0.217495,456,Adept Probe Probe RoboticsFacility Gateway Adept Probe Gateway Assimilator Immortal Stalker Stalker Zealot Stargate Pylon VoidRay RoboticsFacility Zealot Zealot Stalker RoboticsFacility Assimilator RoboticsBay FleetBeacon Zealot Probe Stargate RoboticsFacility Probe Nexus Stargate Stargate TwilightCouncil Gateway Stargate Pylon Gateway,19.5,78836
11,16090,0,518,0.249553,518,Gateway RoboticsFacility Stalker Stalker RoboticsFacility Probe Stalker Immortal Assimilator Zealot Stargate Immortal RoboticsBay VoidRay Zealot Pylon TwilightCouncil Pylon Stargate FleetBeacon Adept Tempest Colossus Pylon VoidRay Colossus Pylon Colossus Assimilator,33.25,88165.5
12,44785,0,1434,0.686501,1434,Stargate Zealot Stalker Gateway RoboticsFacility Zealot VoidRay Nexus Immortal Probe Zealot VoidRay VoidRay Stalker VoidRay Pylon Stalker Probe Adept RoboticsBay VoidRay Immortal Assimilator Adept Gateway Assimilator Assimilator TwilightCouncil Pylon Gateway DarkShrine Immortal Probe,38.25,97035.8
104,353154,0,12373,5.68624,12373,Stargate Zealot Stalker Gateway RoboticsFacility Zealot Pylon VoidRay Immortal VoidRay TwilightCouncil Pylon VoidRay Stalker Immortal VoidRay Probe Gateway Probe RoboticsBay RoboticsFacility Nexus Assimilator Stalker VoidRay Zealot Zealot Assimilator Zealot Pylon Stargate TemplarArchive Gateway Assimilator Probe,30.75,97504.2
111,370587,0,13041,5.97779,13041,Stargate Zealot Stalker Gateway RoboticsFacility Zealot Pylon RoboticsFacility Immortal Stalker Adept Adept Immortal Immortal RoboticsBay Immortal RoboticsFacility Zealot Assimilator Pylon Immortal Probe VoidRay FleetBeacon Stargate TwilightCouncil Nexus Stargate Pylon Gateway,31.75,100086
126,428953,0,15308,6.96529,15308,Stargate Zealot Stalker Gateway RoboticsFacility Zealot Pylon Immortal VoidRay Stalker Stalker Immortal Nexus VoidRay Immortal FleetBeacon RoboticsBay VoidRay Stargate Tempest Stalker Nexus Assimilator Pylon Zealot Assimilator Assimilator Gateway Gateway,30.5,100263
128,444982,0,15941,7.25583,15941,Stargate Zealot Stalker Gateway RoboticsFacility Zealot Pylon Immortal Pylon VoidRay Immortal Adept VoidRay Stalker Stalker Zealot Assimilator Immortal Adept Assimilator RoboticsBay Nexus Pylon Colossus Nexus TwilightCouncil Probe,35,105387
171,548486,0,20282,9.24458,20282,Stargate Zealot Stalker Gateway RoboticsFacility Zealot Pylon Immortal Pylon VoidRay Zealot Adept Probe Immortal VoidRay Stalker Probe Immortal Assimilator VoidRay Pylon Stargate TwilightCouncil VoidRay Nexus Pylon Stalker RoboticsFacility Pylon FleetBeacon Stargate TemplarArchive,36.75,112870
202,638489,0,24371,10.4168,24371,Stargate Zealot Stalker Gateway RoboticsFacility Zealot Pylon Immortal Pylon VoidRay Zealot Adept VoidRay Immortal VoidRay Adept Stalker Immortal Probe Pylon Zealot RoboticsFacility Adept RoboticsBay Nexus Immortal Assimilator Stargate Pylon Assimilator Probe RoboticsFacility Gateway Adept Probe,38.25,114050
202,648375,0,24834,10.4925,24834,Stargate Zealot Stalker Gateway RoboticsFacility Zealot Pylon Immortal Pylon VoidRay Zealot Adept Stalker RoboticsFacility VoidRay Pylon Adept Immortal Immortal Adept Stalker Gateway VoidRay Immortal Stargate Stargate Probe Pylon Zealot RoboticsBay Adept Adept Pylon Gateway Assimilator Gateway,39,115438
217,693974,0,27004,10.8453,27004,Stargate Zealot Stalker Gateway RoboticsFacility Zealot Pylon Immortal Pylon VoidRay Zealot Adept Stalker VoidRay Zealot Immortal Assimilator Zealot Pylon Zealot Adept Probe Stalker Immortal Zealot Pylon Stalker Assimilator Stalker Nexus Probe Immortal Stargate,37.5,116242
232,741597,0,29379,11.2084,29379,Stargate Zealot Stalker Gateway RoboticsFacility Zealot Pylon Immortal Pylon VoidRay Zealot Adept Stalker VoidRay Immortal Stalker Stalker VoidRay Pylon Gateway Zealot Stalker Gateway Immortal Pylon Assimilator VoidRay Immortal RoboticsBay Zealot Stargate Probe TwilightCouncil,45,121184
262,811943,0,33250,11.7493,33250,Stargate Zealot Stalker Gateway RoboticsFacility Zealot Pylon Immortal Pylon VoidRay Zealot Adept Stalker VoidRay Immortal Stalker Adept Adept VoidRay Pylon Stalker Adept Immortal TwilightCouncil FleetBeacon Gateway TemplarArchive RoboticsFacility Pylon Assimilator Pylon Assimilator Gateway Pylon Probe Gateway,38.25,121604
262,823684,0,33915,11.8394,33915,Stargate Zealot Stalker Gateway RoboticsFacility Zealot Pylon Immortal Pylon VoidRay Zealot Adept Stalker VoidRay Immortal Stalker Stalker VoidRay Pylon Immortal Stalker Gateway Assimilator Zealot RoboticsFacility Zealot Nexus Assimilator FleetBeacon Gateway Probe,38.25,121688
262,824613,0,33968,11.8465,33968,Stargate Zealot Stalker Gateway RoboticsFacility Zealot Pylon Immortal Pylon VoidRay Zealot Adept Stalker VoidRay Immortal Stalker Immortal VoidRay Pylon Adept Pylon Adept Probe VoidRay Stalker Adept FleetBeacon TwilightCouncil Pylon Stalker Assimilator Pylon Probe Probe Immortal Gateway,42.25,122931
287,865125,0,36533,12.1535,36533,Stargate Zealot Stalker Gateway RoboticsFacility Zealot Pylon Immortal Pylon VoidRay Zealot Adept Stalker VoidRay Immortal Stalker Immortal VoidRay Probe Pylon Zealot Zealot Pylon Immortal Pylon VoidRay Stalker VoidRay Stalker Gateway Adept Probe FleetBeacon Pylon Assimilator,44.25,123418
311,919691,0,40293,12.5664,40293,Stargate Zealot Stalker Gateway RoboticsFacility Zealot Pylon Immortal Pylon VoidRay Zealot Adept Stalker VoidRay Immortal Stalker Immortal VoidRay Probe Pylon Pylon Adept VoidRay Stalker Probe Immortal Stalker RoboticsFacility Pylon VoidRay Gateway Stalker Probe Stalker Pylon Pylon Assimilator,45.25,123684
311,929701,0,40977,12.644,40977,Stargate Zealot Stalker Gateway RoboticsFacility Zealot Pylon Immortal Pylon VoidRay Zealot Adept Stalker VoidRay Immortal Stalker Immortal VoidRay Probe Pylon Stalker Adept Immortal Gateway Pylon Adept Adept Stalker Adept RoboticsBay Stargate Stargate Pylon Assimilator Gateway Gateway Assimilator,45,123697
326,962066,0,43252,12.8916,43252,Stargate Zealot Stalker Gateway RoboticsFacility Zealot Pylon Immortal Pylon VoidRay Zealot Adept Stalker VoidRay Immortal Stalker Immortal VoidRay Probe Pylon Stalker Adept Pylon Immortal Stalker Gateway Probe VoidRay Gateway Nexus RoboticsBay Assimilator RoboticsFacility Assimilator Probe,45.25,124105
326,965191,0,43482,12.9152,43482,Stargate Zealot Stalker Gateway RoboticsFacility Zealot Pylon Immortal Pylon VoidRay Zealot Adept Stalker VoidRay Immortal Stalker Immortal VoidRay Probe Pylon Stalker Pylon Adept Immortal VoidRay Stalker Gateway Stalker RoboticsBay Gateway Pylon Probe Stargate Gateway Probe Zealot,47,125909
356,1027783,0,48245,13.4159,48245,Stargate Zealot Stalker Gateway RoboticsFacility Zealot Pylon Immortal Pylon VoidRay Zealot Adept Stalker VoidRay Immortal Stalker Immortal VoidRay Probe Pylon Stalker Pylon Adept Immortal VoidRay Stalker Stalker FleetBeacon Assimilator TwilightCouncil Gateway Assimilator Pylon Gateway,47,126040
371,1047308,0,49979,13.5678,49979,Stargate Zealot Stalker Gateway RoboticsFacility Zealot Pylon Immortal Pylon VoidRay Zealot Adept Stalker VoidRay Immortal Stalker Immortal VoidRay Probe Pylon Stalker Pylon Adept Immortal Stalker VoidRay Zealot Pylon Pylon Zealot Stalker Gateway RoboticsFacility Adept Adept Gateway,49,126047
371,1049546,0,50190,13.586,50190,Stargate Zealot Stalker Gateway RoboticsFacility Zealot Pylon Immortal Pylon VoidRay Zealot Adept Stalker VoidRay Immortal Stalker Immortal VoidRay Probe Pylon Stalker Pylon Adept Immortal Stalker Stalker Pylon Immortal Adept Stalker FleetBeacon Gateway Stalker Pylon Probe,49.75,126446
416,1091661,0,54390,13.9139,54390,Stargate Zealot Stalker Gateway RoboticsFacility Zealot Pylon Immortal Pylon VoidRay Zealot Adept Stalker VoidRay Immortal Stalker Immortal VoidRay Probe Pylon Stalker Pylon Adept Immortal Stalker Stalker Pylon VoidRay Adept Adept Adept Assimilator RoboticsFacility Probe Stargate Gateway Probe,49.5,126612
416,1092966,0,54531,13.9245,54531,Stargate Zealot Stalker Gateway RoboticsFacility Zealot Pylon Immortal Pylon VoidRay Zealot Adept Stalker VoidRay Immortal Stalker Immortal VoidRay Probe Pylon Stalker Pylon Adept Immortal Stalker Stalker Pylon VoidRay Stalker Probe Zealot Adept Gateway TwilightCouncil RoboticsFacility Assimilator Pylon,49.75,126685
416,1093091,0,54545,13.9255,54545,Stargate Zealot Stalker Gateway RoboticsFacility Zealot Pylon Immortal Pylon VoidRay Zealot Adept Stalker VoidRay Immortal Stalker Immortal VoidRay Probe Pylon Stalker Pylon Adept Immortal Stalker Stalker Pylon VoidRay Stalker Zealot FleetBeacon Stalker Zealot Assimilator Pylon,49.75,126748
416,1097052,0,54970,13.9566,54970,Stargate Zealot Stalker Gateway RoboticsFacility Zealot Pylon Immortal Pylon VoidRay Zealot Adept Stalker VoidRay Immortal Stalker Immortal VoidRay Probe Pylon Stalker Pylon Adept Immortal Stalker Stalker Pylon VoidRay Stalker Zealot VoidRay Pylon RoboticsFacility Pylon Assimilator Assimilator,49.75,126748
416,1108076,0,56167,14.0459,56167,Stargate Zealot Stalker Gateway RoboticsFacility Zealot Pylon Immortal Pylon VoidRay Zealot Adept Stalker VoidRay Immortal Stalker Immortal VoidRay Probe Pylon Stalker Pylon Adept Immortal Stalker Stalker Pylon VoidRay Stalker Zealot Pylon Stalker Immortal Zealot RoboticsFacility,49.75,126748
416,1108798,0,56257,14.0519,56257,Stargate Zealot Stalker Gateway RoboticsFacility Zealot Pylon Immortal Pylon VoidRay Zealot Adept Stalker VoidRay Immortal Stalker Immortal VoidRay Probe Pylon Stalker Pylon Adept Immortal Stalker Stalker Pylon VoidRay Stalker Stalker FleetBeacon Probe Pylon Pylon Assimilator Assimilator,50.5,126779
431,1110211,0,56431,14.0634,56431,Stargate Zealot Stalker Gateway RoboticsFacility Zealot Pylon Immortal Pylon VoidRay Zealot Adept Stalker VoidRay Immortal Stalker Immortal VoidRay Probe Pylon Stalker Pylon Adept Immortal Stalker Stalker Pylon VoidRay Stalker Stalker Stargate Assimilator Gateway Assimilator Adept Adept,50.5,126779
431,1118143,0,57419,14.1246,57419,Stargate Zealot Stalker Gateway RoboticsFacility Zealot Pylon Immortal Pylon VoidRay Zealot Adept Stalker VoidRay Immortal Stalker Immortal VoidRay Probe Pylon Stalker Pylon Adept Immortal Stalker Stalker Pylon VoidRay Stalker Stalker Immortal Gateway Pylon Pylon Pylon,50.5,126779
431,1121647,0,57848,14.1523,57848,Stargate Zealot Stalker Gateway RoboticsFacility Zealot Pylon Immortal Pylon VoidRay Zealot Adept Stalker VoidRay Immortal Stalker Immortal VoidRay Probe Pylon Stalker Pylon Adept Immortal Stalker Stalker Pylon VoidRay Stalker Stalker VoidRay Gateway Assimilator Pylon Assimilator,50.5,126779
431,1122927,0,58005,14.1623,58005,Stargate Zealot Stalker Gateway RoboticsFacility Zealot Pylon Immortal Pylon VoidRay Zealot Adept Stalker VoidRay Immortal Stalker Immortal VoidRay Probe Pylon Stalker Pylon Adept Immortal Stalker Stalker Pylon VoidRay Stalker Stalker RoboticsFacility Stalker Assimilator Probe Assimilator Gateway Pylon,50.5,126779
431,1124235,0,58185,14.1734,58185,Stargate Zealot Stalker Gateway RoboticsFacility Zealot Pylon Immortal Pylon VoidRay Zealot Adept Stalker VoidRay Immortal Stalker Immortal VoidRay Probe Pylon Stalker Pylon Adept Immortal Stalker Stalker Pylon VoidRay Stalker Stalker Gateway Probe Stalker TwilightCouncil Probe Assimilator Pylon,50.5,126779
446,1133522,0,59460,14.2469,59460,Stargate Zealot Stalker Gateway RoboticsFacility Zealot Pylon Immortal Pylon VoidRay Zealot Adept Stalker VoidRay Immortal Stalker Immortal VoidRay Probe Pylon Stalker Pylon Adept Immortal Stalker Stalker Pylon VoidRay Stalker Stalker Pylon RoboticsFacility Stalker Probe Probe Gateway Zealot,50.5,126779
446,1136995,0,59931,14.2736,59931,Stargate Zealot Stalker Gateway RoboticsFacility Zealot Pylon Immortal Pylon VoidRay Zealot Adept Stalker VoidRay Immortal Stalker Immortal VoidRay Probe Pylon Stalker Pylon Adept Immortal Stalker Stalker Pylon VoidRay Stalker Stalker Assimilator Probe Probe Gateway Probe RoboticsFacility Probe Gateway,50.5,126779
446,1138700,0,60188,14.2878,60188,Stargate Zealot Stalker Gateway RoboticsFacility Zealot Pylon Immortal Pylon VoidRay Zealot Adept Stalker VoidRay Immortal Stalker Immortal VoidRay Probe Pylon Stalker Pylon Adept Immortal Stalker Stalker Pylon VoidRay Stalker Stalker Probe Probe Gateway Probe Pylon Stalker VoidRay,50.5,126779
461,1144661,0,61118,14.3336,61118,Stargate Zealot Stalker Gateway RoboticsFacility Zealot Pylon Immortal Pylon VoidRay Zealot Adept Stalker VoidRay Immortal Stalker Immortal VoidRay Probe Pylon Stalker Pylon Adept Immortal Stalker Stalker Pylon VoidRay Stalker Stalker Probe Probe Probe RoboticsFacility Probe Nexus,50.5,126779
474,1160865,0,63632,14.4576,63632,Stargate Zealot Stalker Gateway RoboticsFacility Zealot Pylon Immortal Pylon VoidRay Zealot Adept Stalker VoidRay Immortal Stalker Immortal VoidRay Probe Pylon Stalker Pylon Adept Immortal Stalker Stalker Pylon VoidRay Stalker Stalker Probe Probe Probe Pylon Gateway Probe Assimilator Zealot Stargate,50.5,126779
487,1165445,0,64363,14.4937,64363,Stargate Zealot Stalker Gateway RoboticsFacility Zealot Pylon Immortal Pylon VoidRay Zealot Adept Stalker VoidRay Immortal Stalker Immortal VoidRay Probe Pylon Stalker Pylon Adept Immortal Stalker Stalker Pylon VoidRay Stalker Stalker Probe Probe Pylon Assimilator Adept Assimilator Probe Probe Stargate Probe,50.5,126779
487,1166304,0,64505,14.5002,64505,Stargate Zealot Stalker Gateway RoboticsFacility Zealot Pylon Immortal Pylon VoidRay Zealot Adept Stalker VoidRay Immortal Stalker Immortal VoidRay Probe Pylon Stalker Pylon Adept Immortal Stalker Stalker Pylon VoidRay Stalker Stalker Probe Probe Probe RoboticsFacility Pylon Probe Stalker Probe Zealot Probe,50.5,126779
487,1169574,0,65051,14.5248,65051,Stargate Zealot Stalker Gateway RoboticsFacility Zealot Pylon Immortal Pylon VoidRay Zealot Adept Stalker VoidRay Immortal Stalker Immortal VoidRay Probe Pylon Stalker Pylon Adept Immortal Stalker Stalker Pylon VoidRay Stalker Stalker Probe Probe Probe Pylon Pylon Probe Stalker TwilightCouncil Stalker,50.5,126779
487,1170459,0,65195,14.5313,65195,Stargate Zealot Stalker Gateway RoboticsFacility Zealot Pylon Immortal Pylon VoidRay Zealot Adept Stalker VoidRay Immortal Stalker Immortal VoidRay Probe Pylon Stalker Pylon Adept Immortal Stalker Stalker Pylon VoidRay Stalker Stalker Probe Probe Pylon VoidRay Probe Probe Probe Pylon Assimilator,50.5,126779
487,1173054,0,65624,14.5504,65624,Stargate Zealot Stalker Gateway RoboticsFacility Zealot Pylon Immortal Pylon VoidRay Zealot Adept Stalker VoidRay Immortal Stalker Immortal VoidRay Probe Pylon Stalker Pylon Adept Immortal Stalker Stalker Pylon VoidRay Stalker Stalker Probe Probe Pylon Probe VoidRay Probe Assimilator Gateway,50.5,126779
502,1177286,0,66347,14.5864,66347,Stargate Zealot Stalker Gateway RoboticsFacility Zealot Pylon Immortal Pylon VoidRay Zealot Adept Stalker VoidRay Immortal Stalker Immortal VoidRay Probe Pylon Stalker Pylon Adept Immortal Stalker Stalker Pylon VoidRay Stalker Stalker Probe Probe Pylon Probe VoidRay Probe Zealot Gateway,50.5,126779
502,1180854,0,66992,14.6141,66992,Stargate Zealot Stalker Gateway RoboticsFacility Zealot Pylon Immortal Pylon VoidRay Zealot Adept Stalker VoidRay Immortal Stalker Immortal VoidRay Probe Pylon Stalker Pylon Adept Immortal Stalker Stalker Pylon VoidRay Stalker Stalker Probe Probe Pylon Probe Probe Immortal Stalker Probe Probe,50.5,126779
502,1182406,0,67274,14.6262,67274,Stargate Zealot Stalker Gateway RoboticsFacility Zealot Pylon Immortal Pylon VoidRay Zealot Adept Stalker VoidRay Immortal Stalker Immortal VoidRay Probe Pylon Stalker Pylon Adept Immortal Stalker Stalker Pylon VoidRay Stalker Stalker Probe Probe Pylon VoidRay Probe Probe Zealot Zealot,50.5,126779
502,1185348,0,67802,14.6492,67802,Stargate Zealot Stalker Gateway RoboticsFacility Zealot Pylon Immortal Pylon VoidRay Zealot Adept Stalker VoidRay Immortal Stalker Immortal VoidRay Probe Pylon Stalker Pylon Adept Immortal Stalker Stalker Pylon VoidRay Stalker Stalker Probe Probe Pylon Probe Stargate Probe Probe Zealot Adept Assimilator,50.5,126779
502,1187743,0,68243,14.6697,68243,Stargate Zealot Stalker Gateway RoboticsFacility Zealot Pylon Immortal Pylon VoidRay Zealot Adept Stalker VoidRay Immortal Stalker Immortal VoidRay Probe Pylon Stalker Pylon Adept Immortal Stalker Stalker Pylon VoidRay Stalker Stalker Probe Probe Pylon Probe RoboticsBay Probe Probe Stalker Adept Probe,50.5,126779
517,1188892,0,68458,14.6794,68458,Stargate Zealot Stalker Gateway RoboticsFacility Zealot Pylon Immortal Pylon VoidRay Zealot Adept Stalker VoidRay Immortal Stalker Immortal VoidRay Probe Pylon Stalker Pylon Adept Immortal Stalker Stalker Pylon VoidRay Stalker Stalker Probe Probe Pylon Probe Probe Probe Zealot Immortal Probe,50.5,126779
517,1194309,0,69469,14.7209,69469,Stargate Zealot Stalker Gateway RoboticsFacility Zealot Pylon Immortal Pylon VoidRay Zealot Adept Stalker VoidRay Immortal Stalker Immortal VoidRay Probe Pylon Stalker Pylon Adept Immortal Stalker Stalker Pylon VoidRay Stalker Stalker Probe Probe Pylon Probe Zealot Probe Probe VoidRay Assimilator,50.5,126779
568,1220969,8,75623,14.9272,75623,Stargate Zealot Stalker Gateway RoboticsFacility Zealot Pylon Immortal Pylon VoidRay Zealot Adept Stalker VoidRay Immortal Stalker Immortal VoidRay Probe Pylon Stalker Pylon Adept Immortal Stalker Stalker Pylon VoidRay Stalker Stalker Probe Probe Pylon Probe Zealot Probe Probe VoidRay Probe,50.5,126779
