0,0,0,0,0,0, ,0,0
0,34,0,1,0.000289,1,Zealot RoboticsFacility Stargate Stalker Immortal Probe Stargate Adept TwilightCouncil VoidRay Assimilator RoboticsBay Zealot Stargate VoidRay Probe RoboticsFacility Stargate Stargate Nexus VoidRay Gateway DarkShrine TemplarArchive Stalker Probe VoidRay Probe Pylon Probe Nexus Gateway Probe,16.75,62281
0,67,0,2,0.000541,2,Adept RoboticsFacility Stalker Stalker Zealot Stargate Gateway Pylon Gateway Immortal Immortal Zealot Assimilator Stalker Stalker Nexus Adept TwilightCouncil Adept Pylon RoboticsFacility DarkShrine Adept Stalker Assimilator Pylon Pylon FleetBeacon TemplarArchive Stalker RoboticsBay Probe,23.25,78989
11,14028,0,448,0.208968,448,RoboticsFacility Zealot Probe TwilightCouncil Immortal Pylon Stalker RoboticsFacility Probe DarkShrine Immortal Assimilator Probe Stalker Gateway Zealot Immortal Immortal RoboticsBay DarkTemplar TemplarArchive Assimilator Pylon DarkTemplar RoboticsFacility DarkTemplar Stargate Gateway Immortal Adept Stargate FleetBeacon Gateway Stargate,33,92461.2
24,68118,0,2198,0.969735,2198,RoboticsFacility Adept RoboticsFacility Adept Immortal Gateway Probe Immortal RoboticsBay Immortal Zealot Assimilator Gateway Adept Pylon Immortal Stargate Stalker VoidRay Nexus Nexus VoidRay Probe Probe Adept Stalker Assimilator FleetBeacon RoboticsFacility,28.5,93072.2
24,108395,0,3543,1.52487,3543,RoboticsFacility Stalker Probe Stargate Probe VoidRay Stalker Gateway Immortal Adept Immortal Pylon Pylon Pylon TwilightCouncil Adept RoboticsFacility Stalker Adept Stalker Stalker Probe Probe VoidRay RoboticsBay Zealot FleetBeacon Stalker Carrier Nexus Nexus Gateway Pylon Assimilator Nexus Gateway,30.75,94719.8
24,109625,0,3583,1.54664,3583,RoboticsFacility Stalker Pylon Zealot Gateway RoboticsFacility Adept Zealot Immortal RoboticsBay Assimilator Stalker Pylon Colossus Colossus Pylon Colossus Stalker TwilightCouncil Immortal Immortal Probe Adept Stalker DarkShrine Stargate Stargate Nexus,37.75,95421.8
37,131687,0,4331,1.87444,4331,RoboticsFacility Stalker Stalker RoboticsFacility Immortal Stalker Immortal Pylon Nexus Probe Assimilator Immortal Immortal RoboticsFacility Adept Probe Zealot Probe Pylon Pylon RoboticsBay Immortal Assimilator Nexus Immortal Immortal Stargate Stalker Pylon,30,95702.5
37,181084,0,6012,2.58715,6012,RoboticsFacility Stalker Stalker Immortal Probe Stalker Gateway Immortal Immortal RoboticsBay RoboticsFacility Immortal Pylon Colossus Zealot Pylon Stalker Probe Zealot Assimilator Adept Pylon Immortal Nexus Gateway Immortal RoboticsFacility Stargate RoboticsFacility Assimilator Pylon RoboticsFacility Stargate,37.75,96673.5
48,186018,0,6188,2.64812,6188,RoboticsFacility Stalker Stalker Immortal Assimilator Stalker Stargate Immortal Pylon Zealot VoidRay Immortal TwilightCouncil Assimilator Adept Adept Adept Stargate Gateway Pylon Probe Pylon FleetBeacon Nexus Immortal Zealot,25.25,97788.5
50,204637,0,6829,2.92604,6829,RoboticsFacility Stalker Stalker TwilightCouncil Gateway Probe Immortal Immortal Stalker Zealot Adept Pylon Pylon Immortal Probe Stalker Gateway RoboticsFacility DarkShrine Adept Immortal RoboticsFacility DarkTemplar Stargate Gateway Probe Nexus RoboticsBay Immortal Stargate Gateway Zealot Nexus Adept Zealot Adept,28,98420.8
50,212721,0,7117,3.03689,7117,RoboticsFacility Stalker Stalker TwilightCouncil Gateway Zealot Gateway Probe Immortal Probe Pylon RoboticsFacility Immortal Adept Stalker Nexus Immortal Immortal Adept Immortal Pylon TemplarArchive Probe Adept Immortal Stalker Pylon DarkShrine Assimilator Stalker Zealot Immortal RoboticsFacility Pylon RoboticsBay RoboticsFacility Probe,37,101058
205,754081,0,27468,11.1,27468,RoboticsFacility Stalker Stalker TwilightCouncil Gateway Zealot Gateway Probe Immortal Probe Pylon RoboticsFacility Immortal Stalker Probe Adept Pylon Adept Stalker Stalker Pylon Immortal Zealot Pylon DarkShrine Immortal Immortal Gateway Stalker Nexus Probe RoboticsBay RoboticsFacility Pylon DarkTemplar Stargate Zealot Nexus Adept,33.75,105478
219,780673,0,28579,11.5025,28579,RoboticsFacility Stalker Stalker TwilightCouncil Gateway Zealot Gateway Probe Immortal Probe Pylon RoboticsFacility Immortal Stalker Adept Immortal Pylon Immortal Stalker Zealot Immortal DarkShrine Stalker Pylon DarkTemplar Nexus TemplarArchive Nexus Immortal RoboticsFacility RoboticsFacility Adept Probe Gateway Pylon,33.25,105648
233,860551,0,32008,12.6726,32008,RoboticsFacility Stalker Stalker TwilightCouncil Gateway Zealot Gateway Probe Immortal Probe Pylon RoboticsFacility Immortal Stalker Adept Immortal Adept Immortal Pylon DarkShrine Adept Immortal Gateway Pylon Stalker Immortal RoboticsFacility Zealot Stargate Adept Gateway RoboticsBay Gateway Pylon Assimilator Gateway Stargate Assimilator Probe Probe,36.5,109490
271,977809,0,37747,14.3789,37747,RoboticsFacility Stalker Stalker TwilightCouncil Gateway Zealot Gateway Probe Immortal Probe Pylon RoboticsFacility Immortal Stalker Adept Immortal Adept Immortal Pylon Adept Pylon Immortal Stalker Immortal Gateway Stargate RoboticsFacility FleetBeacon Nexus Stargate Stargate Pylon Zealot Pylon Zealot Probe,34.25,109859
271,983150,0,38024,14.4565,38024,RoboticsFacility Stalker Stalker TwilightCouncil Gateway Zealot Gateway Probe Immortal Probe Pylon RoboticsFacility Immortal Stalker Adept Immortal Adept Immortal Pylon Stargate Stalker Pylon Zealot Pylon Zealot VoidRay Immortal VoidRay RoboticsFacility Gateway Zealot Stalker Stalker RoboticsFacility RoboticsFacility Probe Gateway Pylon Pylon,43.75,111182
285,987095,0,38231,14.5128,38231,RoboticsFacility Stalker Stalker TwilightCouncil Gateway Zealot Gateway Probe Immortal Probe Pylon RoboticsFacility Immortal Stalker Adept Immortal Adept Immortal Pylon Immortal Immortal Pylon DarkShrine Adept Gateway Immortal Nexus Adept Probe Pylon Adept Gateway Gateway RoboticsBay Stalker RoboticsFacility Assimilator,37.5,111233
285,994983,0,38648,14.6383,38648,RoboticsFacility Stalker Stalker TwilightCouncil Gateway Zealot Gateway Probe Immortal Probe Pylon RoboticsFacility Immortal Stalker Adept Immortal Adept Immortal Pylon Probe Immortal Stalker Zealot Pylon Adept Immortal Assimilator Adept DarkShrine TemplarArchive Pylon Nexus RoboticsBay Zealot Gateway Adept Probe Probe Stalker,37.5,113239
299,1057355,0,41900,15.5576,41900,RoboticsFacility Stalker Stalker TwilightCouncil Gateway Zealot Gateway Probe Immortal Probe Pylon RoboticsFacility Immortal Stalker Adept Immortal Adept Immortal Pylon Probe Stalker Stalker Immortal Pylon Immortal Probe Assimilator DarkShrine Zealot Probe Pylon Immortal DarkTemplar Assimilator Probe RoboticsBay Nexus Stargate TemplarArchive Probe,39.5,113652
313,1075767,0,42881,15.8239,42881,RoboticsFacility Stalker Stalker TwilightCouncil Gateway Zealot Gateway Probe Immortal Probe Pylon RoboticsFacility Immortal Stalker Adept Immortal Adept Immortal Pylon Probe Stalker Zealot Pylon Adept Immortal TemplarArchive Pylon Adept Stalker Adept Immortal Zealot Zealot RoboticsBay RoboticsFacility DarkShrine Nexus Gateway Pylon Assimilator,41.5,115772
355,1202838,0,50061,17.7257,50061,RoboticsFacility Stalker Stalker TwilightCouncil Gateway Zealot Gateway Probe Immortal Probe Pylon RoboticsFacility Immortal Stalker Adept Immortal Adept Immortal Pylon Probe Stalker Zealot Pylon Adept Immortal Stalker Immortal Assimilator Pylon Stalker Stalker Stargate Probe Adept Nexus Nexus Probe Assimilator,41.75,116992
369,1217856,0,51043,17.952,51043,RoboticsFacility Stalker Stalker TwilightCouncil Gateway Zealot Gateway Probe Immortal Probe Pylon RoboticsFacility Immortal Stalker Adept Immortal Adept Immortal Pylon Probe Stalker Zealot Pylon Adept Immortal Zealot Pylon Zealot Stalker Immortal Immortal Gateway Stargate Stargate Stargate Gateway Pylon Zealot Assimilator RoboticsBay Assimilator,42.75,117036
369,1227901,0,51695,18.103,51695,RoboticsFacility Stalker Stalker TwilightCouncil Gateway Zealot Gateway Probe Immortal Probe Pylon RoboticsFacility Immortal Stalker Adept Immortal Adept Immortal Pylon Probe Stalker Zealot Pylon Adept Immortal Immortal Stalker Assimilator Pylon Immortal Zealot Stalker Pylon Stargate Probe TemplarArchive Adept Assimilator Stargate Stargate,43.5,117627
379,1235862,0,52242,18.2045,52242,RoboticsFacility Stalker Stalker TwilightCouncil Gateway Zealot Gateway Probe Immortal Probe Pylon RoboticsFacility Immortal Stalker Adept Immortal Adept Immortal Pylon Probe Stalker Zealot Pylon Adept Immortal Immortal Stalker Pylon Stalker Immortal Adept Gateway Assimilator Pylon RoboticsFacility Stalker Probe Stalker Assimilator Stargate Gateway,43.75,118318
391,1285983,0,56124,18.9366,56124,RoboticsFacility Stalker Stalker TwilightCouncil Gateway Zealot Gateway Probe Immortal Probe Pylon RoboticsFacility Immortal Stalker Adept Immortal Adept Immortal Pylon Probe Stalker Zealot Pylon Adept Immortal Immortal Stalker Pylon Immortal Adept Stalker RoboticsBay Pylon Gateway TemplarArchive Stalker Assimilator Gateway Pylon Pylon Pylon,43.75,118407
405,1289337,0,56389,18.9882,56389,RoboticsFacility Stalker Stalker TwilightCouncil Gateway Zealot Gateway Probe Immortal Probe Pylon RoboticsFacility Immortal Stalker Adept Immortal Adept Immortal Pylon Probe Stalker Zealot Pylon Adept Immortal Immortal Stalker Pylon Immortal Stalker Pylon Adept Probe Stalker DarkShrine Stalker RoboticsFacility Stargate Probe Pylon Zealot Gateway,47.25,119034
419,1333195,0,60196,19.654,60196,RoboticsFacility Stalker Stalker TwilightCouncil Gateway Zealot Gateway Probe Immortal Probe Pylon RoboticsFacility Immortal Stalker Adept Immortal Adept Immortal Pylon Probe Stalker Zealot Pylon Adept Immortal Immortal Stalker Pylon Immortal Stalker Stalker Pylon DarkShrine Stalker Zealot Probe Pylon RoboticsBay Stargate Gateway Zealot,47,119289
432,1335735,0,60454,19.6861,60454,RoboticsFacility Stalker Stalker TwilightCouncil Gateway Zealot Gateway Probe Immortal Probe Pylon RoboticsFacility Immortal Stalker Adept Immortal Adept Immortal Pylon Probe Stalker Zealot Pylon Adept Immortal Immortal Stalker Pylon Immortal Stalker Pylon Stalker Stalker Adept RoboticsBay Assimilator Stargate Probe Stalker Pylon Gateway Probe,47.25,119330
432,1342566,0,61131,19.7876,61131,RoboticsFacility Stalker Stalker TwilightCouncil Gateway Zealot Gateway Probe Immortal Probe Pylon RoboticsFacility Immortal Stalker Adept Immortal Adept Immortal Pylon Probe Stalker Zealot Pylon Adept Immortal Immortal Stalker Pylon Immortal Stalker Pylon Stalker Stalker RoboticsFacility Stalker Stalker TemplarArchive Pylon Adept Assimilator Assimilator,47.75,119341
446,1355135,0,62389,19.9744,62389,RoboticsFacility Stalker Stalker TwilightCouncil Gateway Zealot Gateway Probe Immortal Probe Pylon RoboticsFacility Immortal Stalker Adept Immortal Adept Immortal Pylon Probe Stalker Zealot Pylon Adept Immortal Immortal Stalker Pylon Immortal Stalker Pylon Stalker Stalker Zealot Probe Zealot Probe RoboticsFacility Stargate Stargate Gateway Assimilator,47,119351
446,1357740,0,62658,20.0198,62658,RoboticsFacility Stalker Stalker TwilightCouncil Gateway Zealot Gateway Probe Immortal Probe Pylon RoboticsFacility Immortal Stalker Adept Immortal Adept Immortal Pylon Probe Stalker Zealot Pylon Adept Immortal Immortal Stalker Pylon Immortal Stalker Pylon Stalker Stalker Assimilator Stalker Gateway Assimilator RoboticsBay Stargate Pylon Probe,47.75,119414
446,1371104,0,64026,20.2199,64026,RoboticsFacility Stalker Stalker TwilightCouncil Gateway Zealot Gateway Probe Immortal Probe Pylon RoboticsFacility Immortal Stalker Adept Immortal Adept Immortal Pylon Probe Stalker Zealot Pylon Adept Immortal Immortal Stalker Pylon Immortal Stalker Pylon Stalker Stalker Probe Probe Stalker Gateway RoboticsBay Stargate Gateway RoboticsFacility Probe,47.75,119414
460,1389187,0,66061,20.4877,66061,RoboticsFacility Stalker Stalker TwilightCouncil Gateway Zealot Gateway Probe Immortal Probe Pylon RoboticsFacility Immortal Stalker Adept Immortal Adept Immortal Pylon Probe Stalker Zealot Pylon Adept Immortal Immortal Stalker Pylon Immortal Stalker Pylon Stalker Stalker Stalker Assimilator Adept Gateway Assimilator Probe Probe Pylon Pylon Pylon,47.75,119414
474,1392367,0,66454,20.5389,66454,RoboticsFacility Stalker Stalker TwilightCouncil Gateway Zealot Gateway Probe Immortal Probe Pylon RoboticsFacility Immortal Stalker Adept Immortal Adept Immortal Pylon Probe Stalker Zealot Pylon Adept Immortal Immortal Stalker Pylon Immortal Stalker Pylon Stalker Stalker Stalker Adept Probe Nexus Probe Assimilator Assimilator Pylon,47.75,119414
474,1394283,0,66689,20.5662,66689,RoboticsFacility Stalker Stalker TwilightCouncil Gateway Zealot Gateway Probe Immortal Probe Pylon RoboticsFacility Immortal Stalker Adept Immortal Adept Immortal Pylon Probe Stalker Zealot Pylon Adept Immortal Immortal Stalker Pylon Immortal Stalker Pylon Stalker Stalker Probe Stalker Gateway TemplarArchive Probe Stalker RoboticsBay Assimilator Pylon,47.75,119414
474,1395944,0,66886,20.5914,66886,RoboticsFacility Stalker Stalker TwilightCouncil Gateway Zealot Gateway Probe Immortal Probe Pylon RoboticsFacility Immortal Stalker Adept Immortal Adept Immortal Pylon Probe Stalker Zealot Pylon Adept Immortal Immortal Stalker Pylon Immortal Stalker Pylon Stalker Stalker Pylon Stalker Probe Probe TemplarArchive Stalker Probe Probe DarkShrine Assimilator Assimilator,47.75,119414
502,1434876,0,72201,21.1986,72201,RoboticsFacility Stalker Stalker TwilightCouncil Gateway Zealot Gateway Probe Immortal Probe Pylon RoboticsFacility Immortal Stalker Adept Immortal Adept Immortal Pylon Probe Stalker Zealot Pylon Adept Immortal Immortal Stalker Pylon Immortal Stalker Pylon Stalker Stalker Pylon Stalker Probe Probe Probe TemplarArchive Probe RoboticsFacility Immortal,47.75,119414
516,1441802,0,73279,21.3036,73279,RoboticsFacility Stalker Stalker TwilightCouncil Gateway Zealot Gateway Probe Immortal Probe Pylon RoboticsFacility Immortal Stalker Adept Immortal Adept Immortal Pylon Probe Stalker Zealot Pylon Adept Immortal Immortal Stalker Pylon Immortal Stalker Pylon Stalker Stalker Pylon Stalker Probe Probe Probe Stalker Probe Adept TemplarArchive Adept Probe Assimilator,47.75,119414
516,1442353,0,73363,21.3078,73363,RoboticsFacility Stalker Stalker TwilightCouncil Gateway Zealot Gateway Probe Immortal Probe Pylon RoboticsFacility Immortal Stalker Adept Immortal Adept Immortal Pylon Probe Stalker Zealot Pylon Adept Immortal Immortal Stalker Pylon Immortal Stalker Pylon Stalker Stalker Pylon Stalker Probe Probe Zealot Probe Assimilator Probe Immortal Adept,47.75,119414
530,1456816,0,75676,21.5357,75676,RoboticsFacility Stalker Stalker TwilightCouncil Gateway Zealot Gateway Probe Immortal Probe Pylon RoboticsFacility Immortal Stalker Adept Immortal Adept Immortal Pylon Probe Stalker Zealot Pylon Adept Immortal Immortal Stalker Pylon Immortal Stalker Pylon Stalker Stalker Pylon Stalker Probe Probe Stalker Probe Probe Adept Immortal Pylon,47.75,119414
544,1470694,0,78220,21.7457,78220,RoboticsFacility Stalker Stalker TwilightCouncil Gateway Zealot Gateway Probe Immortal Probe Pylon RoboticsFacility Immortal Stalker Adept Immortal Adept Immortal Pylon Probe Stalker Zealot Pylon Adept Immortal Immortal Stalker Pylon Immortal Stalker Pylon Stalker Stalker Pylon Stalker Probe Probe Stalker Probe Stalker Probe Immortal Assimilator,47.75,119414
589,1491433,3,82683,22.0575,82683,RoboticsFacility Stalker Stalker TwilightCouncil Gateway Zealot Gateway Probe Immortal Probe Pylon RoboticsFacility Immortal Stalker Adept Immortal Adept Immortal Pylon Probe Stalker Zealot Pylon Adept Immortal Immortal Stalker Pylon Immortal Stalker Pylon Stalker Stalker Pylon Stalker Probe Probe Stalker Probe Stalker Probe Immortal Assimilator,47.75,119414
